dataset,scaler,stratify,classifier,seed,uar_correct,uar_leakage
svd,QuantileTransformer,True,svm,0,0.8096519511023328,0.809896706347088
svd,QuantileTransformer,True,knn,0,0.7212160540295764,0.7196882361549755
svd,QuantileTransformer,True,gaussianNB,0,0.686791970297968,0.6870451249949614
svd,QuantileTransformer,True,lda,0,0.7918808236474539,0.7900970567055626
svd,QuantileTransformer,True,qda,0,0.7574444112775629,0.7559183037972569
svd,QuantileTransformer,True,dt,0,0.790590774184013,0.790590774184013
svd,QuantileTransformer,True,rf,0,0.8152128042804161,0.8205158345834462
svd,QuantileTransformer,True,adaboost,0,0.8061810472333919,0.8061810472333919
svd,QuantileTransformer,True,mlp,0,0.7689639041438386,0.7736979941178415
voiced,QuantileTransformer,True,svm,0,0.5382649071358749,0.542355816226784
voiced,QuantileTransformer,True,knn,0,0.5206451612903226,0.5140224828934506
voiced,QuantileTransformer,True,gaussianNB,0,0.5980840664711632,0.5946432062561094
voiced,QuantileTransformer,True,lda,0,0.5631036168132942,0.48524926686217007
voiced,QuantileTransformer,True,qda,0,0.532316715542522,0.4809139784946237
voiced,QuantileTransformer,True,dt,0,0.5761681329423265,0.6288954056695992
voiced,QuantileTransformer,True,rf,0,0.5795014662756599,0.5795014662756599
voiced,QuantileTransformer,True,adaboost,0,0.558069403714565,0.529130009775171
voiced,QuantileTransformer,True,mlp,0,0.5555816226783968,0.5480058651026394
svd,QuantileTransformer,False,svm,0,0.815115317606784,0.8137866879523212
svd,QuantileTransformer,False,knn,0,0.7105873306900465,0.708134865518923
svd,QuantileTransformer,False,gaussianNB,0,0.6845571074441577,0.6846421990244952
svd,QuantileTransformer,False,lda,0,0.7882916239574029,0.7940169581350763
svd,QuantileTransformer,False,qda,0,0.7544601954305274,0.756636538987468
svd,QuantileTransformer,False,dt,0,0.8041541677453017,0.8041541677453017
svd,QuantileTransformer,False,rf,0,0.8225623281763778,0.8248769200098645
svd,QuantileTransformer,False,adaboost,0,0.8205098009408051,0.8205098009408051
svd,QuantileTransformer,False,mlp,0,0.7769075927797191,0.7632973491927232
voiced,QuantileTransformer,False,svm,0,0.587223148097731,0.5825390083127848
voiced,QuantileTransformer,False,knn,0,0.558342643405908,0.5227799957735998
voiced,QuantileTransformer,False,gaussianNB,0,0.6205989755517008,0.6323282684593863
voiced,QuantileTransformer,False,lda,0,0.5336567307368197,0.5014290742627784
voiced,QuantileTransformer,False,qda,0,0.46777738182284895,0.550905784982537
voiced,QuantileTransformer,False,dt,0,0.5538916767789125,0.6111861064871353
voiced,QuantileTransformer,False,rf,0,0.5070280109212255,0.5046214017258233
voiced,QuantileTransformer,False,adaboost,0,0.5371305529842794,0.5630555804040231
voiced,QuantileTransformer,False,mlp,0,0.6070917585843894,0.5705747175053348
svd,QuantileTransformer,True,svm,1,0.827746967681537,0.8262234167141473
svd,QuantileTransformer,True,knn,1,0.718546716823707,0.7221228280988369
svd,QuantileTransformer,True,gaussianNB,1,0.6893533384100451,0.6903839744406811
svd,QuantileTransformer,True,lda,1,0.7929812717271822,0.7945197332656437
svd,QuantileTransformer,True,qda,1,0.7631095512993005,0.7673974063014412
svd,QuantileTransformer,True,dt,1,0.7779470474999373,0.7781944191758805
svd,QuantileTransformer,True,rf,1,0.8243054237656201,0.828627366817116
svd,QuantileTransformer,True,adaboost,1,0.8099562760031679,0.8099562760031679
svd,QuantileTransformer,True,mlp,1,0.7616055028214243,0.7774048979010811
voiced,QuantileTransformer,True,svm,1,0.6015786901270772,0.5842619745845552
voiced,QuantileTransformer,True,knn,1,0.5064907135874878,0.5222043010752688
voiced,QuantileTransformer,True,gaussianNB,1,0.6185581622678397,0.63297165200391
voiced,QuantileTransformer,True,lda,1,0.5308797653958945,0.5167888563049854
voiced,QuantileTransformer,True,qda,1,0.5682697947214076,0.5460948191593353
voiced,QuantileTransformer,True,dt,1,0.6136559139784946,0.5903225806451612
voiced,QuantileTransformer,True,rf,1,0.5800830889540567,0.5575073313782991
voiced,QuantileTransformer,True,adaboost,1,0.6044525904203324,0.5861192570869991
voiced,QuantileTransformer,True,mlp,1,0.5716862170087976,0.5396285434995113
svd,QuantileTransformer,False,svm,1,0.8135250589499947,0.8124192751463619
svd,QuantileTransformer,False,knn,1,0.7252973610090838,0.7191704034371572
svd,QuantileTransformer,False,gaussianNB,1,0.6838345441515429,0.6850716503257905
svd,QuantileTransformer,False,lda,1,0.7873591239538309,0.7920566490219801
svd,QuantileTransformer,False,qda,1,0.7531930959618135,0.7530593987722034
svd,QuantileTransformer,False,dt,1,0.7651348968584435,0.765639947363494
svd,QuantileTransformer,False,rf,1,0.8129012244675268,0.8126260306690772
svd,QuantileTransformer,False,adaboost,1,0.8134555903541724,0.8105933856297629
svd,QuantileTransformer,False,mlp,1,0.771667604326833,0.7709788180610482
voiced,QuantileTransformer,False,svm,1,0.5657471062699093,0.5822819124598879
voiced,QuantileTransformer,False,knn,1,0.5017696969532343,0.4954896105007339
voiced,QuantileTransformer,False,gaussianNB,1,0.6268607479119159,0.6303090237739848
voiced,QuantileTransformer,False,lda,1,0.5351518795957061,0.617301959154017
voiced,QuantileTransformer,False,qda,1,0.49613473660192237,0.4885022179237974
voiced,QuantileTransformer,False,dt,1,0.5915961846829478,0.587352152852709
voiced,QuantileTransformer,False,rf,1,0.6134416107107986,0.6077313248280991
voiced,QuantileTransformer,False,adaboost,1,0.5852816381904258,0.5818333623283568
voiced,QuantileTransformer,False,mlp,1,0.6055690397848351,0.6093854921496745
svd,QuantileTransformer,True,svm,2,0.814605823111821,0.8143668508881159
svd,QuantileTransformer,True,knn,2,0.7295729225336641,0.7292931132843892
svd,QuantileTransformer,True,gaussianNB,2,0.6916378096639819,0.6916875963004643
svd,QuantileTransformer,True,lda,2,0.7826056495304041,0.7821051231574678
svd,QuantileTransformer,True,qda,2,0.7542226639227729,0.752966450125665
svd,QuantileTransformer,True,dt,2,0.8036077717266377,0.8036077717266377
svd,QuantileTransformer,True,rf,2,0.8193465876181252,0.8193465876181252
svd,QuantileTransformer,True,adaboost,2,0.8180349821025938,0.8180349821025938
svd,QuantileTransformer,True,mlp,2,0.7680131736674813,0.771338806595077
voiced,QuantileTransformer,True,svm,2,0.5738709677419355,0.5563391984359726
voiced,QuantileTransformer,True,knn,2,0.5276295210166179,0.5573704789833822
voiced,QuantileTransformer,True,gaussianNB,2,0.6201808406647118,0.6268475073313784
voiced,QuantileTransformer,True,lda,2,0.4997067448680352,0.539169110459433
voiced,QuantileTransformer,True,qda,2,0.4410606060606061,0.48561583577712614
voiced,QuantileTransformer,True,dt,2,0.5504936461388074,0.5289784946236559
voiced,QuantileTransformer,True,rf,2,0.5496041055718476,0.5212707722385141
voiced,QuantileTransformer,True,adaboost,2,0.6122678396871946,0.5974193548387097
voiced,QuantileTransformer,True,mlp,2,0.6194134897360704,0.5770967741935483
svd,QuantileTransformer,False,svm,2,0.823827124817343,0.8236173691336998
svd,QuantileTransformer,False,knn,2,0.7128982294464329,0.7188745489437496
svd,QuantileTransformer,False,gaussianNB,2,0.691006194449557,0.6917120568845386
svd,QuantileTransformer,False,lda,2,0.7846006773131279,0.783890031804791
svd,QuantileTransformer,False,qda,2,0.761282968036728,0.766150602699696
svd,QuantileTransformer,False,dt,2,0.8012967699286175,0.7967299105475989
svd,QuantileTransformer,False,rf,2,0.8249179463435737,0.8254360810585997
svd,QuantileTransformer,False,adaboost,2,0.8176999980012762,0.8176999980012762
svd,QuantileTransformer,False,mlp,2,0.7655822030158845,0.7694292197421373
voiced,QuantileTransformer,False,svm,2,0.6143403596368493,0.6005958501843227
voiced,QuantileTransformer,False,knn,2,0.5288113280176847,0.5511928663612724
voiced,QuantileTransformer,False,gaussianNB,2,0.5751920477705582,0.6087136968994179
voiced,QuantileTransformer,False,lda,2,0.46360521486209344,0.5648116251062172
voiced,QuantileTransformer,False,qda,2,0.5469946348366652,0.5255997610513738
voiced,QuantileTransformer,False,dt,2,0.5463370118004842,0.6333039934448853
voiced,QuantileTransformer,False,rf,2,0.5626519032833075,0.557096347727752
voiced,QuantileTransformer,False,adaboost,2,0.599097577610386,0.5924309109437192
voiced,QuantileTransformer,False,mlp,2,0.6119557290169244,0.5643185292200947
svd,QuantileTransformer,True,svm,3,0.8176596141045434,0.8237524797993718
svd,QuantileTransformer,True,knn,3,0.7221313310462711,0.7241799367480938
svd,QuantileTransformer,True,gaussianNB,3,0.6944432630255968,0.6939278260815884
svd,QuantileTransformer,True,lda,3,0.7957934740650117,0.8003750829323348
svd,QuantileTransformer,True,qda,3,0.7621639937670472,0.760138638170263
svd,QuantileTransformer,True,dt,3,0.79389819558849,0.79389819558849
svd,QuantileTransformer,True,rf,3,0.8216064106740225,0.8249091057978737
svd,QuantileTransformer,True,adaboost,3,0.8157778335804509,0.8157778335804509
svd,QuantileTransformer,True,mlp,3,0.7639934275103304,0.7733857618208763
voiced,QuantileTransformer,True,svm,3,0.5629618768328447,0.5671603128054741
voiced,QuantileTransformer,True,knn,3,0.5112707722385142,0.47196480938416424
voiced,QuantileTransformer,True,gaussianNB,3,0.6005327468230695,0.5906402737047898
voiced,QuantileTransformer,True,lda,3,0.4960948191593353,0.537179863147605
voiced,QuantileTransformer,True,qda,3,0.5228787878787878,0.5323607038123167
voiced,QuantileTransformer,True,dt,3,0.5833919843597263,0.6294134897360705
voiced,QuantileTransformer,True,rf,3,0.511642228739003,0.511642228739003
voiced,QuantileTransformer,True,adaboost,3,0.5351270772238514,0.5292619745845553
voiced,QuantileTransformer,True,mlp,3,0.5583919843597263,0.5750146627565982
svd,QuantileTransformer,False,svm,3,0.8232973244637376,0.8257242338596363
svd,QuantileTransformer,False,knn,3,0.7115221086993871,0.7049075794768264
svd,QuantileTransformer,False,gaussianNB,3,0.6893938078475796,0.6882288581551619
svd,QuantileTransformer,False,lda,3,0.7941232168249439,0.7888359398046961
svd,QuantileTransformer,False,qda,3,0.7570727515983694,0.7582309023571406
svd,QuantileTransformer,False,dt,3,0.7908365473371113,0.7901323219849986
svd,QuantileTransformer,False,rf,3,0.8199009082957456,0.821005858790795
svd,QuantileTransformer,False,adaboost,3,0.8219933723169813,0.8219933723169813
svd,QuantileTransformer,False,mlp,3,0.7699137480408369,0.765205883550785
voiced,QuantileTransformer,False,svm,3,0.5652978630564837,0.5630084857671065
voiced,QuantileTransformer,False,knn,3,0.5075219033839724,0.4424026356784978
voiced,QuantileTransformer,False,gaussianNB,3,0.6144283111524491,0.6106660772178013
voiced,QuantileTransformer,False,lda,3,0.5311220771565599,0.4784281618764378
voiced,QuantileTransformer,False,qda,3,0.5183685854375509,0.5341000378931413
voiced,QuantileTransformer,False,dt,3,0.6169093550128033,0.6027404779128918
voiced,QuantileTransformer,False,rf,3,0.534125644470472,0.5487511339235477
voiced,QuantileTransformer,False,adaboost,3,0.5371249822973961,0.5371249822973961
voiced,QuantileTransformer,False,mlp,3,0.5814777368225644,0.5915414470586884
svd,QuantileTransformer,True,svm,4,0.8145598712447132,0.8170857532144338
svd,QuantileTransformer,True,knn,4,0.7223862542401255,0.7193596679583594
svd,QuantileTransformer,True,gaussianNB,4,0.6888480694151359,0.6901184656855321
svd,QuantileTransformer,True,lda,4,0.7949811166659585,0.795007593279131
svd,QuantileTransformer,True,qda,4,0.7597246319656353,0.7597607862875039
svd,QuantileTransformer,True,dt,4,0.7966425504702495,0.7877393108527242
svd,QuantileTransformer,True,rf,4,0.8329877683203746,0.8335005888331951
svd,QuantileTransformer,True,adaboost,4,0.8213508338262974,0.8213508338262974
svd,QuantileTransformer,True,mlp,4,0.7758964354438727,0.7778709640050971
voiced,QuantileTransformer,True,svm,4,0.5776344086021504,0.5750586510263929
voiced,QuantileTransformer,True,knn,4,0.49633431085043994,0.5005767350928642
voiced,QuantileTransformer,True,gaussianNB,4,0.5912414467253176,0.6054398826979471
voiced,QuantileTransformer,True,lda,4,0.48577223851417395,0.5013098729227762
voiced,QuantileTransformer,True,qda,4,0.4792424242424242,0.541969696969697
voiced,QuantileTransformer,True,dt,4,0.5863587487781035,0.5778983382209189
voiced,QuantileTransformer,True,rf,4,0.593049853372434,0.5872922776148582
voiced,QuantileTransformer,True,adaboost,4,0.5260361681329424,0.5460361681329424
voiced,QuantileTransformer,True,mlp,4,0.5682844574780059,0.5973313782991202
svd,QuantileTransformer,False,svm,4,0.8220881134111838,0.8212993484381613
svd,QuantileTransformer,False,knn,4,0.7228122026010042,0.7291456141655704
svd,QuantileTransformer,False,gaussianNB,4,0.6895303635561796,0.6886802739887827
svd,QuantileTransformer,False,lda,4,0.7880733254140768,0.7856852928200017
svd,QuantileTransformer,False,qda,4,0.7542222591228357,0.7613910132994064
svd,QuantileTransformer,False,dt,4,0.7990690642992178,0.7985455040897937
svd,QuantileTransformer,False,rf,4,0.8224582838164014,0.8231935779340483
svd,QuantileTransformer,False,adaboost,4,0.8212074216132539,0.8212074216132539
svd,QuantileTransformer,False,mlp,4,0.7712048560064206,0.7647359627865009
voiced,QuantileTransformer,False,svm,4,0.5602857978136064,0.5732005749163702
voiced,QuantileTransformer,False,knn,4,0.5379448749248528,0.5091586037247884
voiced,QuantileTransformer,False,gaussianNB,4,0.5846830533204281,0.6148700511575929
voiced,QuantileTransformer,False,lda,4,0.4720148187000245,0.4421211602635406
voiced,QuantileTransformer,False,qda,4,0.4735644805694861,0.518104315039799
voiced,QuantileTransformer,False,dt,4,0.5885423225273059,0.5479284054840228
voiced,QuantileTransformer,False,rf,4,0.5186739613741839,0.5266692993695219
voiced,QuantileTransformer,False,adaboost,4,0.5755412598154533,0.5755412598154533
voiced,QuantileTransformer,False,mlp,4,0.6090487589903608,0.5672786705322856
svd,QuantileTransformer,True,svm,5,0.8218939058033934,0.8173303740970045
svd,QuantileTransformer,True,knn,5,0.7274207290346876,0.7223471711857753
svd,QuantileTransformer,True,gaussianNB,5,0.6916111986886251,0.6913541493039858
svd,QuantileTransformer,True,lda,5,0.7955203538736798,0.7922395125775715
svd,QuantileTransformer,True,qda,5,0.7638404416376063,0.7646160945561162
svd,QuantileTransformer,True,dt,5,0.786865867683752,0.786865867683752
svd,QuantileTransformer,True,rf,5,0.8129237538179741,0.8096306183819815
svd,QuantileTransformer,True,adaboost,5,0.8162172614735319,0.8162172614735319
svd,QuantileTransformer,True,mlp,5,0.7709961122120337,0.7636593268599812
voiced,QuantileTransformer,True,svm,5,0.5765738025415446,0.5949511241446725
voiced,QuantileTransformer,True,knn,5,0.5800146627565982,0.5371798631476051
voiced,QuantileTransformer,True,gaussianNB,5,0.6033431085043988,0.5874340175953079
voiced,QuantileTransformer,True,lda,5,0.5227174975562072,0.498128054740958
voiced,QuantileTransformer,True,qda,5,0.5117106549364614,0.48636363636363633
voiced,QuantileTransformer,True,dt,5,0.5456451612903226,0.5373118279569893
voiced,QuantileTransformer,True,rf,5,0.5498680351906159,0.5438954056695993
voiced,QuantileTransformer,True,adaboost,5,0.574672531769306,0.574672531769306
voiced,QuantileTransformer,True,mlp,5,0.5588905180840664,0.5779814271749756
svd,QuantileTransformer,False,svm,5,0.826629606591705,0.8261133942232888
svd,QuantileTransformer,False,knn,5,0.7191775097219841,0.724937393890601
svd,QuantileTransformer,False,gaussianNB,5,0.6861559938308975,0.6857544872647543
svd,QuantileTransformer,False,lda,5,0.7935266613135739,0.7884249759799292
svd,QuantileTransformer,False,qda,5,0.7647505644734565,0.7647630790633064
svd,QuantileTransformer,False,dt,5,0.7720009095449086,0.760543477150098
svd,QuantileTransformer,False,rf,5,0.8126940070555729,0.8179437422616516
svd,QuantileTransformer,False,adaboost,5,0.8079437509624231,0.8079437509624231
svd,QuantileTransformer,False,mlp,5,0.764860156440372,0.7677556580183502
voiced,QuantileTransformer,False,svm,5,0.5701040687594374,0.5305744807004376
voiced,QuantileTransformer,False,knn,5,0.503139773103949,0.5104068231055733
voiced,QuantileTransformer,False,gaussianNB,5,0.6473317316067431,0.6019594314930636
voiced,QuantileTransformer,False,lda,5,0.5339150018229715,0.5130066886700074
voiced,QuantileTransformer,False,qda,5,0.5128610544072167,0.5271752103378747
voiced,QuantileTransformer,False,dt,5,0.5776684576846522,0.5622702174050076
voiced,QuantileTransformer,False,rf,5,0.4829541867541606,0.5332538954970742
voiced,QuantileTransformer,False,adaboost,5,0.6034524639682332,0.5956938432785779
voiced,QuantileTransformer,False,mlp,5,0.5432290683100407,0.5274423955507512
svd,QuantileTransformer,True,svm,6,0.8133013968946357,0.8143354373725149
svd,QuantileTransformer,True,knn,6,0.7320135317245459,0.7213401574797431
svd,QuantileTransformer,True,gaussianNB,6,0.6893041455091619,0.6911156673206836
svd,QuantileTransformer,True,lda,6,0.7908963755256012,0.792921180963711
svd,QuantileTransformer,True,qda,6,0.7615946213001829,0.7610844172185502
svd,QuantileTransformer,True,dt,6,0.7935132533769395,0.78907269393638
svd,QuantileTransformer,True,rf,6,0.8199839564288857,0.820450156895086
svd,QuantileTransformer,True,adaboost,6,0.8210050327716629,0.8210050327716629
svd,QuantileTransformer,True,mlp,6,0.7730286634485107,0.7641167120774536
voiced,QuantileTransformer,True,svm,6,0.5640860215053765,0.5895845552297165
voiced,QuantileTransformer,True,knn,6,0.5458602150537635,0.52272238514174
voiced,QuantileTransformer,True,gaussianNB,6,0.5960459433040078,0.6033626588465297
voiced,QuantileTransformer,True,lda,6,0.4472189638318671,0.5138416422287391
voiced,QuantileTransformer,True,qda,6,0.4850977517106549,0.5203030303030303
voiced,QuantileTransformer,True,dt,6,0.5799951124144672,0.5774193548387097
voiced,QuantileTransformer,True,rf,6,0.5722482893450634,0.5599755620723362
voiced,QuantileTransformer,True,adaboost,6,0.5873998044965787,0.6073998044965786
voiced,QuantileTransformer,True,mlp,6,0.5739784946236559,0.5425268817204302
svd,QuantileTransformer,False,svm,6,0.8072712466513527,0.809986762231501
svd,QuantileTransformer,False,knn,6,0.7289543291484878,0.7242501913236913
svd,QuantileTransformer,False,gaussianNB,6,0.6908674931916259,0.6921886730158711
svd,QuantileTransformer,False,lda,6,0.7854880254928471,0.7892123810218055
svd,QuantileTransformer,False,qda,6,0.7622220618166724,0.7677350963535992
svd,QuantileTransformer,False,dt,6,0.7828932848968139,0.7821686472156545
svd,QuantileTransformer,False,rf,6,0.8123378576607114,0.8159874639599242
svd,QuantileTransformer,False,adaboost,6,0.8153950656563671,0.8153950656563671
svd,QuantileTransformer,False,mlp,6,0.7738379603089707,0.7794191982806631
voiced,QuantileTransformer,False,svm,6,0.5263267717933032,0.5645516985456134
voiced,QuantileTransformer,False,knn,6,0.5371939435367428,0.5910695458849617
voiced,QuantileTransformer,False,gaussianNB,6,0.5620883075304981,0.5234183122114157
voiced,QuantileTransformer,False,lda,6,0.4645528427698813,0.45885758783324704
voiced,QuantileTransformer,False,qda,6,0.523392645593457,0.5127972444503885
voiced,QuantileTransformer,False,dt,6,0.5786870571393898,0.5457213202994137
voiced,QuantileTransformer,False,rf,6,0.5385439680145563,0.5385439680145563
voiced,QuantileTransformer,False,adaboost,6,0.6200587517058105,0.6284621130503483
voiced,QuantileTransformer,False,mlp,6,0.5818619038537902,0.5929616189535053
svd,QuantileTransformer,True,svm,7,0.816607258608349,0.8170993855290476
svd,QuantileTransformer,True,knn,7,0.7221361317708099,0.7268940819267973
svd,QuantileTransformer,True,gaussianNB,7,0.6887384462139097,0.69031884509529
svd,QuantileTransformer,True,lda,7,0.7825660907612926,0.7894049661715965
svd,QuantileTransformer,True,qda,7,0.7506262149337395,0.7536997335634195
svd,QuantileTransformer,True,dt,7,0.7795610460059751,0.7634963800285501
svd,QuantileTransformer,True,rf,7,0.817093275681062,0.8196404014015792
svd,QuantileTransformer,True,adaboost,7,0.8079485073269153,0.8079485073269153
svd,QuantileTransformer,True,mlp,7,0.7715814356490476,0.7677523476160335
voiced,QuantileTransformer,True,svm,7,0.5631133919843597,0.5324633431085044
voiced,QuantileTransformer,True,knn,7,0.5522043010752687,0.5829178885630498
voiced,QuantileTransformer,True,gaussianNB,7,0.5900097751710655,0.6041006842619746
voiced,QuantileTransformer,True,lda,7,0.48087487781036165,0.4735190615835777
voiced,QuantileTransformer,True,qda,7,0.5112658846529815,0.5045796676441838
voiced,QuantileTransformer,True,dt,7,0.523782991202346,0.550386119257087
voiced,QuantileTransformer,True,rf,7,0.5802150537634408,0.5643059628543499
voiced,QuantileTransformer,True,adaboost,7,0.6107575757575758,0.6050000000000001
voiced,QuantileTransformer,True,mlp,7,0.5703225806451613,0.566989247311828
svd,QuantileTransformer,False,svm,7,0.819407730326869,0.8235741192972352
svd,QuantileTransformer,False,knn,7,0.7197008089067625,0.7258372569100835
svd,QuantileTransformer,False,gaussianNB,7,0.6909844309548505,0.6913703546971414
svd,QuantileTransformer,False,lda,7,0.7932463843198444,0.7925023769957174
svd,QuantileTransformer,False,qda,7,0.7675837411835653,0.7669682871922919
svd,QuantileTransformer,False,dt,7,0.7865289730072355,0.7866738410590802
svd,QuantileTransformer,False,rf,7,0.811595000116567,0.8117954812713386
svd,QuantileTransformer,False,adaboost,7,0.8097615356091404,0.8097615356091404
svd,QuantileTransformer,False,mlp,7,0.7754410781720427,0.7801513919912024
voiced,QuantileTransformer,False,svm,7,0.5869119769119769,0.6085930735930736
voiced,QuantileTransformer,False,knn,7,0.4907314213564214,0.5131186868686869
voiced,QuantileTransformer,False,gaussianNB,7,0.6009018759018758,0.612717352092352
voiced,QuantileTransformer,False,lda,7,0.5522682178932179,0.5451055194805194
voiced,QuantileTransformer,False,qda,7,0.46561417748917755,0.49734577922077927
voiced,QuantileTransformer,False,dt,7,0.5806069624819625,0.569026875901876
voiced,QuantileTransformer,False,rf,7,0.5559577922077923,0.5649765512265513
voiced,QuantileTransformer,False,adaboost,7,0.5781673881673882,0.558524531024531
voiced,QuantileTransformer,False,mlp,7,0.548073593073593,0.5595373376623376
svd,QuantileTransformer,True,svm,8,0.8148384621558012,0.8145761799087863
svd,QuantileTransformer,True,knn,8,0.7174075869604768,0.7100525465083807
svd,QuantileTransformer,True,gaussianNB,8,0.6914538569391351,0.6868209453214906
svd,QuantileTransformer,True,lda,8,0.7894420428717049,0.7988015673893537
svd,QuantileTransformer,True,qda,8,0.755296025312383,0.7509869265594457
svd,QuantileTransformer,True,dt,8,0.7965276217784397,0.7777324111729782
svd,QuantileTransformer,True,rf,8,0.8144372112801775,0.8124351657067035
svd,QuantileTransformer,True,adaboost,8,0.8098983277718282,0.8093855072590077
svd,QuantileTransformer,True,mlp,8,0.7727946117858877,0.7753351664692995
voiced,QuantileTransformer,True,svm,8,0.5619892473118279,0.5709726295210166
voiced,QuantileTransformer,True,knn,8,0.5281573802541544,0.4383724340175953
voiced,QuantileTransformer,True,gaussianNB,8,0.5991642228739004,0.5915884652981427
voiced,QuantileTransformer,True,lda,8,0.48022971652003915,0.4732795698924731
voiced,QuantileTransformer,True,qda,8,0.5130156402737047,0.5609188660801564
voiced,QuantileTransformer,True,dt,8,0.572008797653959,0.5215542521994135
voiced,QuantileTransformer,True,rf,8,0.5330938416422287,0.5164271749755621
voiced,QuantileTransformer,True,adaboost,8,0.5429423264907136,0.5453665689149559
voiced,QuantileTransformer,True,mlp,8,0.5694574780058651,0.5562316715542522
svd,QuantileTransformer,False,svm,8,0.8161652584755833,0.8187611128071308
svd,QuantileTransformer,False,knn,8,0.7160986505822601,0.7159816532029136
svd,QuantileTransformer,False,gaussianNB,8,0.681376918617504,0.6909616458362684
svd,QuantileTransformer,False,lda,8,0.7903408469076246,0.7876478452151758
svd,QuantileTransformer,False,qda,8,0.7557527925087264,0.7576189330044095
svd,QuantileTransformer,False,dt,8,0.787353642701272,0.787353642701272
svd,QuantileTransformer,False,rf,8,0.8219748127645861,0.8219748127645861
svd,QuantileTransformer,False,adaboost,8,0.816142802377423,0.816142802377423
svd,QuantileTransformer,False,mlp,8,0.7706653278666764,0.7724078049103285
voiced,QuantileTransformer,False,svm,8,0.5734076496979723,0.5777037836715255
voiced,QuantileTransformer,False,knn,8,0.5029916678303776,0.48976004282455887
voiced,QuantileTransformer,False,gaussianNB,8,0.5840510922768987,0.594367442593249
voiced,QuantileTransformer,False,lda,8,0.4902616917133047,0.49512362189781545
voiced,QuantileTransformer,False,qda,8,0.48397077832561697,0.5143330683653263
voiced,QuantileTransformer,False,dt,8,0.6073557804202966,0.5855571489442457
voiced,QuantileTransformer,False,rf,8,0.4787237135624232,0.5449155862059089
voiced,QuantileTransformer,False,adaboost,8,0.5911954353889838,0.5974515448708997
voiced,QuantileTransformer,False,mlp,8,0.5791164033099518,0.5780111107530461
svd,QuantileTransformer,True,svm,9,0.823493676443513,0.8239714429518138
svd,QuantileTransformer,True,knn,9,0.7281386861048802,0.7271596651258593
svd,QuantileTransformer,True,gaussianNB,9,0.6869873111258062,0.6898247118203498
svd,QuantileTransformer,True,lda,9,0.7957733306315639,0.790417347102189
svd,QuantileTransformer,True,qda,9,0.7656878962549628,0.7646617050706472
svd,QuantileTransformer,True,dt,9,0.7916963207639325,0.7916963207639325
svd,QuantileTransformer,True,rf,9,0.8190277697584131,0.8197853455159889
svd,QuantileTransformer,True,adaboost,9,0.8159588739141629,0.8159588739141629
svd,QuantileTransformer,True,mlp,9,0.7662386686377962,0.7702935123763913
voiced,QuantileTransformer,True,svm,9,0.6211876832844575,0.6055376344086022
voiced,QuantileTransformer,True,knn,9,0.5453176930596285,0.5837145650048876
voiced,QuantileTransformer,True,gaussianNB,9,0.6264613880742913,0.6289931573802542
voiced,QuantileTransformer,True,lda,9,0.5906402737047899,0.5436901270772239
voiced,QuantileTransformer,True,qda,9,0.528377321603128,0.4982258064516129
voiced,QuantileTransformer,True,dt,9,0.5902785923753666,0.576080156402737
voiced,QuantileTransformer,True,rf,9,0.5234799608993157,0.5568132942326491
voiced,QuantileTransformer,True,adaboost,9,0.5813831867057674,0.5813831867057674
voiced,QuantileTransformer,True,mlp,9,0.5884799608993158,0.5815542521994135
svd,QuantileTransformer,False,svm,9,0.8159958660195479,0.8126469698102398
svd,QuantileTransformer,False,knn,9,0.7169115694512402,0.7233194489954184
svd,QuantileTransformer,False,gaussianNB,9,0.6909619400833631,0.6925470761836008
svd,QuantileTransformer,False,lda,9,0.8035169523842629,0.8001584260028499
svd,QuantileTransformer,False,qda,9,0.7613386512301819,0.7609217348570219
svd,QuantileTransformer,False,dt,9,0.7656917202766487,0.7833708339261569
svd,QuantileTransformer,False,rf,9,0.8207198816728078,0.8224596556078231
svd,QuantileTransformer,False,adaboost,9,0.8065960304309827,0.8065960304309827
svd,QuantileTransformer,False,mlp,9,0.7722505412147667,0.7722971666644398
voiced,QuantileTransformer,False,svm,9,0.582533297049426,0.6016521739908837
voiced,QuantileTransformer,False,knn,9,0.5019171822800855,0.5122343382424027
voiced,QuantileTransformer,False,gaussianNB,9,0.6046354019337891,0.598367267439848
voiced,QuantileTransformer,False,lda,9,0.5036679479421415,0.4562214264230393
voiced,QuantileTransformer,False,qda,9,0.46501491340201023,0.4621334624157205
voiced,QuantileTransformer,False,dt,9,0.6161611506772797,0.6161611506772797
voiced,QuantileTransformer,False,rf,9,0.5501663718599203,0.5766162779872457
voiced,QuantileTransformer,False,adaboost,9,0.6094851549287033,0.5730335420254774
voiced,QuantileTransformer,False,mlp,9,0.5979003195132228,0.5993154694767597
svd,QuantileTransformer,True,svm,10,0.820845461336192,0.822888343935236
svd,QuantileTransformer,True,knn,10,0.7226318556035023,0.7268456479906862
svd,QuantileTransformer,True,gaussianNB,10,0.6911781203166154,0.6906679162349827
svd,QuantileTransformer,True,lda,10,0.7884236410626815,0.7886424698529388
svd,QuantileTransformer,True,qda,10,0.7559772343251078,0.7585004998636405
svd,QuantileTransformer,True,dt,10,0.7957300551139156,0.7957300551139156
svd,QuantileTransformer,True,rf,10,0.8222880954015087,0.8222880954015087
svd,QuantileTransformer,True,adaboost,10,0.8154466634782883,0.8162100222569144
svd,QuantileTransformer,True,mlp,10,0.7720410051598711,0.7812160267939985
voiced,QuantileTransformer,True,svm,10,0.5732209188660801,0.5824193548387097
voiced,QuantileTransformer,True,knn,10,0.4989980449657869,0.5215738025415445
voiced,QuantileTransformer,True,gaussianNB,10,0.5880156402737047,0.5785581622678396
voiced,QuantileTransformer,True,lda,10,0.4642961876832844,0.5444916911045943
voiced,QuantileTransformer,True,qda,10,0.5509433040078202,0.5482600195503421
voiced,QuantileTransformer,True,dt,10,0.540752688172043,0.5490860215053764
voiced,QuantileTransformer,True,rf,10,0.5756891495601173,0.5763391984359727
voiced,QuantileTransformer,True,adaboost,10,0.6219452590420332,0.6252785923753665
voiced,QuantileTransformer,True,mlp,10,0.5875268817204302,0.5924193548387097
svd,QuantileTransformer,False,svm,10,0.8175243493395363,0.8159794823449003
svd,QuantileTransformer,False,knn,10,0.7276172836764478,0.7249476470884267
svd,QuantileTransformer,False,gaussianNB,10,0.6901092872377302,0.68968879668145
svd,QuantileTransformer,False,lda,10,0.7890785600339163,0.7989581376908665
svd,QuantileTransformer,False,qda,10,0.7532046775596506,0.7573734485154405
svd,QuantileTransformer,False,dt,10,0.7933243047731041,0.7933243047731041
svd,QuantileTransformer,False,rf,10,0.8239612930632141,0.8229294583223631
svd,QuantileTransformer,False,adaboost,10,0.8119414785727395,0.8119414785727395
svd,QuantileTransformer,False,mlp,10,0.7746077134708326,0.7686929297672963
voiced,QuantileTransformer,False,svm,10,0.6576148582600196,0.6260557184750734
voiced,QuantileTransformer,False,knn,10,0.5751075268817203,0.5684604105571849
voiced,QuantileTransformer,False,gaussianNB,10,0.6369550342130987,0.5972140762463344
voiced,QuantileTransformer,False,lda,10,0.46323558162267836,0.5005522971652004
voiced,QuantileTransformer,False,qda,10,0.49368035190615833,0.504535679374389
voiced,QuantileTransformer,False,dt,10,0.5728543499511242,0.6125317693059629
voiced,QuantileTransformer,False,rf,10,0.5539589442815249,0.5820332355816226
voiced,QuantileTransformer,False,adaboost,10,0.5912316715542522,0.596080156402737
voiced,QuantileTransformer,False,mlp,10,0.6486314760508309,0.6312072336265884
svd,QuantileTransformer,True,svm,11,0.8193728408995584,0.8188335437735657
svd,QuantileTransformer,True,knn,11,0.7220943723670006,0.7198391720965331
svd,QuantileTransformer,True,gaussianNB,11,0.686534118371632,0.6901417012649291
svd,QuantileTransformer,True,lda,11,0.7984939869291015,0.7954468849943223
svd,QuantileTransformer,True,qda,11,0.7591861664326224,0.7569076561388448
svd,QuantileTransformer,True,dt,11,0.7923959047132438,0.7929061087948766
svd,QuantileTransformer,True,rf,11,0.817463975501053,0.8094002235496237
svd,QuantileTransformer,True,adaboost,11,0.8117096553028942,0.8117096553028942
svd,QuantileTransformer,True,mlp,11,0.7596389869672313,0.7563141420556906
voiced,QuantileTransformer,True,svm,11,0.5921603128054741,0.6121603128054741
voiced,QuantileTransformer,True,knn,11,0.5574193548387096,0.5714027370478983
voiced,QuantileTransformer,True,gaussianNB,11,0.6299071358748779,0.5967253176930597
voiced,QuantileTransformer,True,lda,11,0.5163098729227762,0.4963098729227761
voiced,QuantileTransformer,True,qda,11,0.4980742913000977,0.45352883675464317
voiced,QuantileTransformer,True,dt,11,0.559672531769306,0.616485826001955
voiced,QuantileTransformer,True,rf,11,0.5521847507331378,0.5521847507331378
voiced,QuantileTransformer,True,adaboost,11,0.5896089931573802,0.5896089931573802
voiced,QuantileTransformer,True,mlp,11,0.6112952101661779,0.6149511241446726
svd,QuantileTransformer,False,svm,11,0.8283261723237203,0.8256513539472131
svd,QuantileTransformer,False,knn,11,0.712725053320144,0.7079555649877779
svd,QuantileTransformer,False,gaussianNB,11,0.6884948341072094,0.6905288059263077
svd,QuantileTransformer,False,lda,11,0.7834182643457663,0.7904717415021144
svd,QuantileTransformer,False,qda,11,0.761435567166995,0.7632910117832792
svd,QuantileTransformer,False,dt,11,0.7990008685780905,0.7999423909044848
svd,QuantileTransformer,False,rf,11,0.8147791129228829,0.8156210129583312
svd,QuantileTransformer,False,adaboost,11,0.8148585068367021,0.8148585068367021
svd,QuantileTransformer,False,mlp,11,0.7601557379280266,0.7593313780777631
voiced,QuantileTransformer,False,svm,11,0.6156690583983981,0.5805348802747873
voiced,QuantileTransformer,False,knn,11,0.5883571714660178,0.5731518528364697
voiced,QuantileTransformer,False,gaussianNB,11,0.6384876643055666,0.5971266402721287
voiced,QuantileTransformer,False,lda,11,0.4949115806789365,0.5379371111087725
voiced,QuantileTransformer,False,qda,11,0.5187895247181709,0.5330560561685014
voiced,QuantileTransformer,False,dt,11,0.5407056728801478,0.5153130237508305
voiced,QuantileTransformer,False,rf,11,0.5374742705451664,0.5167966499537526
voiced,QuantileTransformer,False,adaboost,11,0.5922692119242208,0.5890434054726078
voiced,QuantileTransformer,False,mlp,11,0.5944839914266729,0.5949475178334042
svd,QuantileTransformer,True,svm,12,0.8105433080187716,0.812305831209866
svd,QuantileTransformer,True,knn,12,0.7146629960370419,0.7184170990768591
svd,QuantileTransformer,True,gaussianNB,12,0.6932369393601674,0.6924586700104693
svd,QuantileTransformer,True,lda,12,0.7927340779903485,0.7879203802377195
svd,QuantileTransformer,True,qda,12,0.7591426403476567,0.7538099668415917
svd,QuantileTransformer,True,dt,12,0.7835332333969194,0.7835332333969194
svd,QuantileTransformer,True,rf,12,0.816032030492227,0.8195984640586603
svd,QuantileTransformer,True,adaboost,12,0.815074981361786,0.815074981361786
svd,QuantileTransformer,True,mlp,12,0.7652593353574815,0.7723965874183977
voiced,QuantileTransformer,True,svm,12,0.592375366568915,0.6152981427174975
voiced,QuantileTransformer,True,knn,12,0.5286363636363636,0.5294086021505376
voiced,QuantileTransformer,True,gaussianNB,12,0.6071749755620723,0.5998582600195503
voiced,QuantileTransformer,True,lda,12,0.5186461388074292,0.4365689149560117
voiced,QuantileTransformer,True,qda,12,0.4824926686217009,0.5100439882697947
voiced,QuantileTransformer,True,dt,12,0.5951270772238514,0.5367253176930596
voiced,QuantileTransformer,True,rf,12,0.5314711632453568,0.5168377321603128
voiced,QuantileTransformer,True,adaboost,12,0.5540664711632453,0.5717693059628544
voiced,QuantileTransformer,True,mlp,12,0.6104056695992179,0.5946480938416422
svd,QuantileTransformer,False,svm,12,0.7997955939913424,0.8037758266978949
svd,QuantileTransformer,False,knn,12,0.7244402427459808,0.723010090288237
svd,QuantileTransformer,False,gaussianNB,12,0.6868961653757595,0.6896062403207276
svd,QuantileTransformer,False,lda,12,0.7893451385414787,0.7848278187138872
svd,QuantileTransformer,False,qda,12,0.753526650377156,0.7595850541836697
svd,QuantileTransformer,False,dt,12,0.7790828187580368,0.7710814000005696
svd,QuantileTransformer,False,rf,12,0.8203790090834667,0.8158871921954212
svd,QuantileTransformer,False,adaboost,12,0.8240489341640117,0.8240489341640117
svd,QuantileTransformer,False,mlp,12,0.7668944701224089,0.7725371578734418
voiced,QuantileTransformer,False,svm,12,0.5512321013092704,0.5555754498406056
voiced,QuantileTransformer,False,knn,12,0.5051917773858821,0.5393212143344235
voiced,QuantileTransformer,False,gaussianNB,12,0.5855865784814617,0.5603888625433397
voiced,QuantileTransformer,False,lda,12,0.5005994935110618,0.4789780765211799
voiced,QuantileTransformer,False,qda,12,0.49305619559651814,0.5172786358061664
voiced,QuantileTransformer,False,dt,12,0.5551462621700386,0.5826626062881625
voiced,QuantileTransformer,False,rf,12,0.544900223756592,0.544900223756592
voiced,QuantileTransformer,False,adaboost,12,0.5593511066550556,0.5557796780836269
voiced,QuantileTransformer,False,mlp,12,0.5596838004721765,0.5512933304799267
svd,QuantileTransformer,True,svm,13,0.8130643729226064,0.8181258145707437
svd,QuantileTransformer,True,knn,13,0.7237059469066013,0.7272535152960453
svd,QuantileTransformer,True,gaussianNB,13,0.6881043638295548,0.68837242909762
svd,QuantileTransformer,True,lda,13,0.7981277918737024,0.8003887751652201
svd,QuantileTransformer,True,qda,13,0.7550583912634077,0.7566058024127816
svd,QuantileTransformer,True,dt,13,0.7895346874136405,0.7850798565302382
svd,QuantileTransformer,True,rf,13,0.8195850096831556,0.8236228765781656
svd,QuantileTransformer,True,adaboost,13,0.8101542169208473,0.8101542169208473
svd,QuantileTransformer,True,mlp,13,0.7546073828025845,0.7593935199660391
voiced,QuantileTransformer,True,svm,13,0.6039540566959922,0.6316422287390029
voiced,QuantileTransformer,True,knn,13,0.5435434995112415,0.5244086021505375
voiced,QuantileTransformer,True,gaussianNB,13,0.5859335288367548,0.5933382209188661
voiced,QuantileTransformer,True,lda,13,0.5107917888563049,0.4974535679374389
voiced,QuantileTransformer,True,qda,13,0.48842619745845556,0.5216471163245356
voiced,QuantileTransformer,True,dt,13,0.5801710654936462,0.5448631476050831
voiced,QuantileTransformer,True,rf,13,0.5259921798631476,0.5383088954056696
voiced,QuantileTransformer,True,adaboost,13,0.5494183773216033,0.5410850439882698
voiced,QuantileTransformer,True,mlp,13,0.5813587487781036,0.5996480938416423
svd,QuantileTransformer,False,svm,13,0.8126468062601386,0.8146749364976811
svd,QuantileTransformer,False,knn,13,0.7195250120445627,0.7223723110825523
svd,QuantileTransformer,False,gaussianNB,13,0.685720936448895,0.6929811823304177
svd,QuantileTransformer,False,lda,13,0.7954085041717883,0.7894847849649549
svd,QuantileTransformer,False,qda,13,0.762494982034454,0.7645278499959192
svd,QuantileTransformer,False,dt,13,0.7865413921712328,0.7865413921712328
svd,QuantileTransformer,False,rf,13,0.8169255349279076,0.8204353694614381
svd,QuantileTransformer,False,adaboost,13,0.8135832591296197,0.8135832591296197
svd,QuantileTransformer,False,mlp,13,0.7595944769842514,0.7759260283783823
voiced,QuantileTransformer,False,svm,13,0.6151596846639951,0.622685121392018
voiced,QuantileTransformer,False,knn,13,0.5089898965976551,0.49228372202510134
voiced,QuantileTransformer,False,gaussianNB,13,0.6493933867856282,0.6248599460883943
voiced,QuantileTransformer,False,lda,13,0.4918775309939103,0.4743367862979932
voiced,QuantileTransformer,False,qda,13,0.5435274495619323,0.49351889729044907
voiced,QuantileTransformer,False,dt,13,0.5600939051370086,0.5431272152177324
voiced,QuantileTransformer,False,rf,13,0.5826771049831394,0.5895133243193588
voiced,QuantileTransformer,False,adaboost,13,0.5958095065853686,0.5958095065853686
voiced,QuantileTransformer,False,mlp,13,0.6014688735593908,0.5876507352800456
svd,QuantileTransformer,True,svm,14,0.8120445149180154,0.8178810593259884
svd,QuantileTransformer,True,knn,14,0.7209211272188372,0.7318157687459759
svd,QuantileTransformer,True,gaussianNB,14,0.6870865720974771,0.6890886176709514
svd,QuantileTransformer,True,lda,14,0.7937487031325635,0.7899815179368069
svd,QuantileTransformer,True,qda,14,0.7561708502330096,0.7509054903656867
svd,QuantileTransformer,True,dt,14,0.7857084391435537,0.7857084391435537
svd,QuantileTransformer,True,rf,14,0.8210458697972329,0.8144210061113005
svd,QuantileTransformer,True,adaboost,14,0.8228339472232602,0.8228339472232602
svd,QuantileTransformer,True,mlp,14,0.7824242242671904,0.7842132240714574
voiced,QuantileTransformer,True,svm,14,0.6025953079178886,0.5743695014662757
voiced,QuantileTransformer,True,knn,14,0.5387878787878788,0.5319208211143696
voiced,QuantileTransformer,True,gaussianNB,14,0.6207917888563049,0.581524926686217
voiced,QuantileTransformer,True,lda,14,0.4823264907135874,0.5560068426197459
voiced,QuantileTransformer,True,qda,14,0.48558651026392957,0.5417986314760508
voiced,QuantileTransformer,True,dt,14,0.5544574780058651,0.5698435972629521
voiced,QuantileTransformer,True,rf,14,0.5487878787878788,0.5343939393939394
voiced,QuantileTransformer,True,adaboost,14,0.5430303030303031,0.5324242424242425
voiced,QuantileTransformer,True,mlp,14,0.6218377321603128,0.596622678396872
svd,QuantileTransformer,False,svm,14,0.8186019572492199,0.8161564217516188
svd,QuantileTransformer,False,knn,14,0.7174266353995441,0.7202035033721147
svd,QuantileTransformer,False,gaussianNB,14,0.691046124395684,0.6895587120440677
svd,QuantileTransformer,False,lda,14,0.8018473279860734,0.7979959191569412
svd,QuantileTransformer,False,qda,14,0.7595459870590281,0.7611779045222129
svd,QuantileTransformer,False,dt,14,0.8016656007317067,0.8016656007317067
svd,QuantileTransformer,False,rf,14,0.8266712013149775,0.8175695807532006
svd,QuantileTransformer,False,adaboost,14,0.8210753440314423,0.8210753440314423
svd,QuantileTransformer,False,mlp,14,0.7695727276045365,0.760106982315165
voiced,QuantileTransformer,False,svm,14,0.6000756189799571,0.6024010713054094
voiced,QuantileTransformer,False,knn,14,0.5115547065713917,0.5312770340523398
voiced,QuantileTransformer,False,gaussianNB,14,0.5652283197583532,0.5681085040901503
voiced,QuantileTransformer,False,lda,14,0.5074978117143022,0.5159232072309102
voiced,QuantileTransformer,False,qda,14,0.5369911665086861,0.5429777716721543
voiced,QuantileTransformer,False,dt,14,0.6084825905925739,0.5175238092305667
voiced,QuantileTransformer,False,rf,14,0.5814482300390253,0.5498510078168032
voiced,QuantileTransformer,False,adaboost,14,0.5668818540870821,0.5668818540870821
voiced,QuantileTransformer,False,mlp,14,0.592713515705034,0.5664209224220349
svd,QuantileTransformer,True,svm,15,0.8171715162336755,0.8151435442057033
svd,QuantileTransformer,True,knn,15,0.7218954654941568,0.7209092052985182
svd,QuantileTransformer,True,gaussianNB,15,0.6850526990276172,0.6901625292192357
svd,QuantileTransformer,True,lda,15,0.7911670735662011,0.7947340572913093
svd,QuantileTransformer,True,qda,15,0.758525876159464,0.7504341314810234
svd,QuantileTransformer,True,dt,15,0.7845538194992938,0.781651721597196
svd,QuantileTransformer,True,rf,15,0.8131300506109668,0.8149391938486813
svd,QuantileTransformer,True,adaboost,15,0.8090974165783326,0.8090974165783326
svd,QuantileTransformer,True,mlp,15,0.7797138394139485,0.7753681705426525
voiced,QuantileTransformer,True,svm,15,0.5895161290322581,0.5711827956989247
voiced,QuantileTransformer,True,knn,15,0.5524193548387096,0.5180938416422288
voiced,QuantileTransformer,True,gaussianNB,15,0.5817204301075269,0.6016764418377322
voiced,QuantileTransformer,True,lda,15,0.5043841642228738,0.5460508308895407
voiced,QuantileTransformer,True,qda,15,0.5403910068426198,0.5106940371456501
voiced,QuantileTransformer,True,dt,15,0.5931769305962853,0.5681769305962854
voiced,QuantileTransformer,True,rf,15,0.5512267839687194,0.5751661779081134
voiced,QuantileTransformer,True,adaboost,15,0.5342375366568914,0.5342375366568914
voiced,QuantileTransformer,True,mlp,15,0.5617253176930597,0.5717253176930597
svd,QuantileTransformer,False,svm,15,0.8159883972124368,0.8119775404669308
svd,QuantileTransformer,False,knn,15,0.7185497587534968,0.7036669404154123
svd,QuantileTransformer,False,gaussianNB,15,0.6842582481578783,0.6856417952776057
svd,QuantileTransformer,False,lda,15,0.7892684346177719,0.7910548526691993
svd,QuantileTransformer,False,qda,15,0.7508253610195951,0.7539083597089109
svd,QuantileTransformer,False,dt,15,0.7921359917943815,0.7921359917943815
svd,QuantileTransformer,False,rf,15,0.8250082958440705,0.8258703648095878
svd,QuantileTransformer,False,adaboost,15,0.8124379376082734,0.8124379376082734
svd,QuantileTransformer,False,mlp,15,0.7658383783492259,0.7667284165167825
voiced,QuantileTransformer,False,svm,15,0.6110438593252832,0.5836878558346857
voiced,QuantileTransformer,False,knn,15,0.5013461004450994,0.4735631675620553
voiced,QuantileTransformer,False,gaussianNB,15,0.5931811921856415,0.5928362468907519
voiced,QuantileTransformer,False,lda,15,0.4991293516766264,0.5280779509700533
voiced,QuantileTransformer,False,qda,15,0.4945233734666437,0.5328370735267287
voiced,QuantileTransformer,False,dt,15,0.55007072419197,0.5471077612290071
voiced,QuantileTransformer,False,rf,15,0.5833582741980962,0.5275471035370923
voiced,QuantileTransformer,False,adaboost,15,0.5784403144747972,0.5531365859452623
voiced,QuantileTransformer,False,mlp,15,0.5915669540363645,0.5846778179592418
svd,QuantileTransformer,True,svm,16,0.8212019496316113,0.8161405079834742
svd,QuantileTransformer,True,knn,16,0.7195951612909083,0.7216671369343125
svd,QuantileTransformer,True,gaussianNB,16,0.6909057445644141,0.6916659367531777
svd,QuantileTransformer,True,lda,16,0.7943094818667337,0.7897530114378533
svd,QuantileTransformer,True,qda,16,0.7641600184620905,0.7613718542453548
svd,QuantileTransformer,True,dt,16,0.7869997378121697,0.80585469238141
svd,QuantileTransformer,True,rf,16,0.8213344507183111,0.8236271434853769
svd,QuantileTransformer,True,adaboost,16,0.8147060645642978,0.8187567757578662
svd,QuantileTransformer,True,mlp,16,0.7708388303808151,0.773845823387808
voiced,QuantileTransformer,True,svm,16,0.5994134897360703,0.6022678396871946
voiced,QuantileTransformer,True,knn,16,0.5254740957966765,0.5376344086021506
voiced,QuantileTransformer,True,gaussianNB,16,0.604921798631476,0.6030840664711633
voiced,QuantileTransformer,True,lda,16,0.481158357771261,0.5613294232649072
voiced,QuantileTransformer,True,qda,16,0.50088954056696,0.5090713587487781
voiced,QuantileTransformer,True,dt,16,0.5356256109481916,0.6159481915933529
voiced,QuantileTransformer,True,rf,16,0.5811681329423265,0.5846089931573802
voiced,QuantileTransformer,True,adaboost,16,0.6021603128054741,0.6021603128054741
voiced,QuantileTransformer,True,mlp,16,0.6435679374389052,0.5896285434995112
svd,QuantileTransformer,False,svm,16,0.8183599988815773,0.8202212045208579
svd,QuantileTransformer,False,knn,16,0.7138614704255282,0.7188640517693783
svd,QuantileTransformer,False,gaussianNB,16,0.6905610172162925,0.6912459819436358
svd,QuantileTransformer,False,lda,16,0.7932480726480134,0.7960757246154241
svd,QuantileTransformer,False,qda,16,0.7567889620442922,0.7559668011112003
svd,QuantileTransformer,False,dt,16,0.777806573334694,0.777806573334694
svd,QuantileTransformer,False,rf,16,0.8140369579694632,0.8171367717586152
svd,QuantileTransformer,False,adaboost,16,0.81707412706282,0.81707412706282
svd,QuantileTransformer,False,mlp,16,0.7679718774418137,0.7673073811157469
voiced,QuantileTransformer,False,svm,16,0.5616594150477209,0.5646730014945907
voiced,QuantileTransformer,False,knn,16,0.5059439161538113,0.5454154682565477
voiced,QuantileTransformer,False,gaussianNB,16,0.5940278636905323,0.619811294818791
voiced,QuantileTransformer,False,lda,16,0.4781366659327679,0.5200817132226427
voiced,QuantileTransformer,False,qda,16,0.5297101449275362,0.5087731775138072
voiced,QuantileTransformer,False,dt,16,0.5707988022305863,0.6210243887380319
voiced,QuantileTransformer,False,rf,16,0.5764582452363562,0.5673673361454471
voiced,QuantileTransformer,False,adaboost,16,0.6216945606450854,0.6161390050895299
voiced,QuantileTransformer,False,mlp,16,0.592345453147552,0.5949733233616292
svd,QuantileTransformer,True,svm,17,0.8112803681233343,0.8066961428248234
svd,QuantileTransformer,True,knn,17,0.7213253649295088,0.7218437905242704
svd,QuantileTransformer,True,gaussianNB,17,0.68926920952548,0.690549833663247
svd,QuantileTransformer,True,lda,17,0.7868869334954395,0.7866118069498659
svd,QuantileTransformer,True,qda,17,0.7608864763008711,0.7588171170886546
svd,QuantileTransformer,True,dt,17,0.7784453732381758,0.7784453732381758
svd,QuantileTransformer,True,rf,17,0.8291382245526193,0.8286254040397989
svd,QuantileTransformer,True,adaboost,17,0.8166603298555316,0.8166603298555316
svd,QuantileTransformer,True,mlp,17,0.7604038182827714,0.7614292214510318
voiced,QuantileTransformer,True,svm,17,0.5792619745845553,0.5540860215053763
voiced,QuantileTransformer,True,knn,17,0.5774389051808406,0.5783479960899316
voiced,QuantileTransformer,True,gaussianNB,17,0.6242766373411535,0.6185190615835776
voiced,QuantileTransformer,True,lda,17,0.5035190615835777,0.5282404692082111
voiced,QuantileTransformer,True,qda,17,0.48416911045943306,0.5141691104594331
voiced,QuantileTransformer,True,dt,17,0.5664027370478983,0.5411827956989248
voiced,QuantileTransformer,True,rf,17,0.5593939393939394,0.5249755620723363
voiced,QuantileTransformer,True,adaboost,17,0.593958944281525,0.593958944281525
voiced,QuantileTransformer,True,mlp,17,0.6103421309872923,0.5879178885630498
svd,QuantileTransformer,False,svm,17,0.8168400627967104,0.8156781464265389
svd,QuantileTransformer,False,knn,17,0.7278764098407449,0.7239631122494858
svd,QuantileTransformer,False,gaussianNB,17,0.683262973847909,0.6850533701023341
svd,QuantileTransformer,False,lda,17,0.7882303561136043,0.7936175948315645
svd,QuantileTransformer,False,qda,17,0.7522492064122319,0.758914908443575
svd,QuantileTransformer,False,dt,17,0.789567435527402,0.787199280169109
svd,QuantileTransformer,False,rf,17,0.8120431941679989,0.8138499202157321
svd,QuantileTransformer,False,adaboost,17,0.815361701120392,0.815361701120392
svd,QuantileTransformer,False,mlp,17,0.7650558625078704,0.7646883607286818
voiced,QuantileTransformer,False,svm,17,0.5943172826159642,0.5994402402870962
voiced,QuantileTransformer,False,knn,17,0.5227031926829087,0.5439270668479593
voiced,QuantileTransformer,False,gaussianNB,17,0.6209262086797583,0.5884433813313124
voiced,QuantileTransformer,False,lda,17,0.5314065878340726,0.5270133981974753
voiced,QuantileTransformer,False,qda,17,0.472465942610466,0.5039800336580255
voiced,QuantileTransformer,False,dt,17,0.6179710544695332,0.6143996258981046
voiced,QuantileTransformer,False,rf,17,0.49760260868273043,0.5093842178781327
voiced,QuantileTransformer,False,adaboost,17,0.5716518437613772,0.5741728521647386
voiced,QuantileTransformer,False,mlp,17,0.5777314175006871,0.5459277875606475
svd,QuantileTransformer,True,svm,18,0.8173519301490948,0.815055342694383
svd,QuantileTransformer,True,knn,18,0.7292443670469841,0.7238594684123583
svd,QuantileTransformer,True,gaussianNB,18,0.6867505831137238,0.6862709881902902
svd,QuantileTransformer,True,lda,18,0.7904474805456266,0.7917102653798401
svd,QuantileTransformer,True,qda,18,0.7536034612425017,0.7523692192939739
svd,QuantileTransformer,True,dt,18,0.7715752368315073,0.7686148638711343
svd,QuantileTransformer,True,rf,18,0.8253702513408075,0.8253467633783883
svd,QuantileTransformer,True,adaboost,18,0.8066627084293387,0.8066627084293387
svd,QuantileTransformer,True,mlp,18,0.7760974993744896,0.7831998172674289
voiced,QuantileTransformer,True,svm,18,0.6283968719452591,0.6068377321603128
voiced,QuantileTransformer,True,knn,18,0.4918181818181818,0.5298435972629522
voiced,QuantileTransformer,True,gaussianNB,18,0.599902248289345,0.5959188660801564
voiced,QuantileTransformer,True,lda,18,0.518670576735093,0.5169599217986315
voiced,QuantileTransformer,True,qda,18,0.5460606060606061,0.5061045943304008
voiced,QuantileTransformer,True,dt,18,0.5364027370478983,0.5397360703812316
voiced,QuantileTransformer,True,rf,18,0.5163636363636364,0.5522727272727274
voiced,QuantileTransformer,True,adaboost,18,0.6009726295210167,0.6009726295210167
voiced,QuantileTransformer,True,mlp,18,0.5686559139784946,0.5513391984359727
svd,QuantileTransformer,False,svm,18,0.8100694574127776,0.811659821270152
svd,QuantileTransformer,False,knn,18,0.7171602870628611,0.7113020642862512
svd,QuantileTransformer,False,gaussianNB,18,0.6848205896327346,0.6872623298751337
svd,QuantileTransformer,False,lda,18,0.7968254277339243,0.7951774983854651
svd,QuantileTransformer,False,qda,18,0.7532790782219948,0.7538183773049003
svd,QuantileTransformer,False,dt,18,0.7849902564703732,0.7855193569994736
svd,QuantileTransformer,False,rf,18,0.8200165640061365,0.8187614758107499
svd,QuantileTransformer,False,adaboost,18,0.8166119626429916,0.8166119626429916
svd,QuantileTransformer,False,mlp,18,0.7744609374938181,0.7674189872137738
voiced,QuantileTransformer,False,svm,18,0.5589498573322103,0.5175330388565683
voiced,QuantileTransformer,False,knn,18,0.5201426922750453,0.521214226949521
voiced,QuantileTransformer,False,gaussianNB,18,0.6017788257494139,0.5987216541628306
voiced,QuantileTransformer,False,lda,18,0.5163159389629977,0.44901986901986896
voiced,QuantileTransformer,False,qda,18,0.4900009794127441,0.545416152474976
voiced,QuantileTransformer,False,dt,18,0.5432178768943474,0.5580302867067573
voiced,QuantileTransformer,False,rf,18,0.550561391223156,0.49492050433226903
voiced,QuantileTransformer,False,adaboost,18,0.5623592665504431,0.5805410847322612
voiced,QuantileTransformer,False,mlp,18,0.5545340525487584,0.5531072848719908
svd,QuantileTransformer,True,svm,19,0.8188406050510739,0.8183097073773192
svd,QuantileTransformer,True,knn,19,0.7216436489718934,0.7214544633846707
svd,QuantileTransformer,True,gaussianNB,19,0.689123255878981,0.6909012397998222
svd,QuantileTransformer,True,lda,19,0.8013162391951922,0.7955184655402758
svd,QuantileTransformer,True,qda,19,0.7676145246974037,0.7682004418700166
svd,QuantileTransformer,True,dt,19,0.8054539916644605,0.8054539916644605
svd,QuantileTransformer,True,rf,19,0.8154315586267604,0.8208278290230308
svd,QuantileTransformer,True,adaboost,19,0.8279693479911583,0.8279693479911583
svd,QuantileTransformer,True,mlp,19,0.7712025270258639,0.7780846779538164
voiced,QuantileTransformer,True,svm,19,0.5714027370478985,0.576295210166178
voiced,QuantileTransformer,True,knn,19,0.53772238514174,0.5275708699902248
voiced,QuantileTransformer,True,gaussianNB,19,0.5933431085043989,0.5642961876832844
voiced,QuantileTransformer,True,lda,19,0.5465884652981428,0.5084506353861192
voiced,QuantileTransformer,True,qda,19,0.44731671554252206,0.5460606060606061
voiced,QuantileTransformer,True,dt,19,0.5363196480938417,0.5684848484848484
voiced,QuantileTransformer,True,rf,19,0.5609481915933529,0.5377663734115348
voiced,QuantileTransformer,True,adaboost,19,0.5561241446725318,0.5561241446725318
voiced,QuantileTransformer,True,mlp,19,0.5836119257086999,0.5944134897360703
svd,QuantileTransformer,False,svm,19,0.8063487908170129,0.808392481485102
svd,QuantileTransformer,False,knn,19,0.7181475348081665,0.7211997703542403
svd,QuantileTransformer,False,gaussianNB,19,0.6889053395266984,0.6895101854946436
svd,QuantileTransformer,False,lda,19,0.7991887093489028,0.8024770931187108
svd,QuantileTransformer,False,qda,19,0.7588206331318048,0.7651820655563961
svd,QuantileTransformer,False,dt,19,0.7877568760156016,0.7868760707078917
svd,QuantileTransformer,False,rf,19,0.8260808483202376,0.8243020898364148
svd,QuantileTransformer,False,adaboost,19,0.8172468573451557,0.8172468573451557
svd,QuantileTransformer,False,mlp,19,0.762915115694281,0.7771921852009216
voiced,QuantileTransformer,False,svm,19,0.6008894476552985,0.5908591881638323
voiced,QuantileTransformer,False,knn,19,0.5523322604197187,0.5599345820876689
voiced,QuantileTransformer,False,gaussianNB,19,0.5794500499346161,0.5820893461222995
voiced,QuantileTransformer,False,lda,19,0.5124823570478465,0.5475594402353301
voiced,QuantileTransformer,False,qda,19,0.47840486018739636,0.5191108532272326
voiced,QuantileTransformer,False,dt,19,0.5501566328554648,0.5731417451662167
voiced,QuantileTransformer,False,rf,19,0.5739592457042402,0.5750488050912133
voiced,QuantileTransformer,False,adaboost,19,0.5705190720631488,0.5837247528765882
voiced,QuantileTransformer,False,mlp,19,0.5936690701617009,0.5753677881104189
svd,QuantileTransformer,True,svm,20,0.8185669347010677,0.8193386929319317
svd,QuantileTransformer,True,knn,20,0.7211321067155309,0.7213299296123724
svd,QuantileTransformer,True,gaussianNB,20,0.6928513416790406,0.6933848557839835
svd,QuantileTransformer,True,lda,20,0.788323145411477,0.7880733352434552
svd,QuantileTransformer,True,qda,20,0.7622425302796078,0.7616883225825429
svd,QuantileTransformer,True,dt,20,0.7821950477730193,0.7796362379895639
svd,QuantileTransformer,True,rf,20,0.8234650572982088,0.8227074815406331
svd,QuantileTransformer,True,adaboost,20,0.8245980609721068,0.8245980609721068
svd,QuantileTransformer,True,mlp,20,0.7699791829399245,0.7735151852872681
voiced,QuantileTransformer,True,svm,20,0.6237390029325514,0.6367497556207233
voiced,QuantileTransformer,True,knn,20,0.5231573802541545,0.5240224828934507
voiced,QuantileTransformer,True,gaussianNB,20,0.6508308895405669,0.6350733137829911
voiced,QuantileTransformer,True,lda,20,0.5383675464320625,0.5273704789833823
voiced,QuantileTransformer,True,qda,20,0.5614956011730204,0.48741446725317694
voiced,QuantileTransformer,True,dt,20,0.5776832844574781,0.5552590420332356
voiced,QuantileTransformer,True,rf,20,0.5379863147605083,0.5379863147605083
voiced,QuantileTransformer,True,adaboost,20,0.6004301075268816,0.6120967741935484
voiced,QuantileTransformer,True,mlp,20,0.6433724340175954,0.6135239491691106
svd,QuantileTransformer,False,svm,20,0.8181425292839638,0.8202598093610012
svd,QuantileTransformer,False,knn,20,0.7219780597048686,0.7246684238775629
svd,QuantileTransformer,False,gaussianNB,20,0.6926717416704613,0.6933729783002052
svd,QuantileTransformer,False,lda,20,0.7850724015388979,0.784211702044172
svd,QuantileTransformer,False,qda,20,0.7636580561497912,0.7650705687352997
svd,QuantileTransformer,False,dt,20,0.7899251447498227,0.7894226321870086
svd,QuantileTransformer,False,rf,20,0.8136373233756558,0.8146423485012839
svd,QuantileTransformer,False,adaboost,20,0.8111884467582874,0.810806502313843
svd,QuantileTransformer,False,mlp,20,0.7602488902474384,0.7521126996180854
voiced,QuantileTransformer,False,svm,20,0.5899460193506683,0.6106623381362469
voiced,QuantileTransformer,False,knn,20,0.537429846007882,0.5376760822194884
voiced,QuantileTransformer,False,gaussianNB,20,0.6326974555330818,0.6339515086431595
voiced,QuantileTransformer,False,lda,20,0.5480237243780887,0.5545197651020706
voiced,QuantileTransformer,False,qda,20,0.5090913865546218,0.5127937788018433
voiced,QuantileTransformer,False,dt,20,0.541833152615885,0.5613342030360531
voiced,QuantileTransformer,False,rf,20,0.5715667160164314,0.5776328924870195
voiced,QuantileTransformer,False,adaboost,20,0.5732294034239006,0.5580508319953292
voiced,QuantileTransformer,False,mlp,20,0.6098561341410014,0.5950415737014408
svd,QuantileTransformer,True,svm,21,0.8063857679942739,0.810194340374275
svd,QuantileTransformer,True,knn,21,0.70238097598512,0.708738190199477
svd,QuantileTransformer,True,gaussianNB,21,0.6921196487990381,0.6918515835309729
svd,QuantileTransformer,True,lda,21,0.7917274800808062,0.7896903805028124
svd,QuantileTransformer,True,qda,21,0.7538858869229644,0.7541353248714209
svd,QuantileTransformer,True,dt,21,0.789315264887784,0.789315264887784
svd,QuantileTransformer,True,rf,21,0.819246954426889,0.8250549559491762
svd,QuantileTransformer,True,adaboost,21,0.8047288534802167,0.8047288534802167
svd,QuantileTransformer,True,mlp,21,0.7733590473503232,0.7585607649348108
voiced,QuantileTransformer,True,svm,21,0.5758602150537634,0.5557966764418378
voiced,QuantileTransformer,True,knn,21,0.4823998044965787,0.5375268817204301
voiced,QuantileTransformer,True,gaussianNB,21,0.6207526881720431,0.6134995112414467
voiced,QuantileTransformer,True,lda,21,0.5590175953079178,0.5319794721407625
voiced,QuantileTransformer,True,qda,21,0.46804007820136845,0.4779374389051808
voiced,QuantileTransformer,True,dt,21,0.565752688172043,0.5987829912023461
voiced,QuantileTransformer,True,rf,21,0.5600830889540567,0.5567497556207234
voiced,QuantileTransformer,True,adaboost,21,0.5973118279569893,0.6006451612903226
voiced,QuantileTransformer,True,mlp,21,0.5998435972629521,0.5840860215053764
svd,QuantileTransformer,False,svm,21,0.8147680538404305,0.8141107180854164
svd,QuantileTransformer,False,knn,21,0.7216699724787817,0.7125174828475342
svd,QuantileTransformer,False,gaussianNB,21,0.6905956117368774,0.6885567388794561
svd,QuantileTransformer,False,lda,21,0.7836380069132497,0.7914300050561514
svd,QuantileTransformer,False,qda,21,0.7569350174592947,0.7598149758520899
svd,QuantileTransformer,False,dt,21,0.79513003735136,0.7958759580972806
svd,QuantileTransformer,False,rf,21,0.8236547138986097,0.8241127301775215
svd,QuantileTransformer,False,adaboost,21,0.8181418818856947,0.8181418818856947
svd,QuantileTransformer,False,mlp,21,0.7637936092089916,0.7739595072031131
voiced,QuantileTransformer,False,svm,21,0.604729258021478,0.61599881634986
voiced,QuantileTransformer,False,knn,21,0.546445240752641,0.5264021971422351
voiced,QuantileTransformer,False,gaussianNB,21,0.554870422289777,0.5889630381565866
voiced,QuantileTransformer,False,lda,21,0.5662618497533108,0.5573018467230991
voiced,QuantileTransformer,False,qda,21,0.47779950389058545,0.46029866717722506
voiced,QuantileTransformer,False,dt,21,0.5868109404826672,0.5801442738160005
voiced,QuantileTransformer,False,rf,21,0.5302600435617514,0.5557471616864407
voiced,QuantileTransformer,False,adaboost,21,0.5115311763224476,0.5346404200199266
voiced,QuantileTransformer,False,mlp,21,0.6144907348607539,0.6095859629161338
svd,QuantileTransformer,True,svm,22,0.8128007525008615,0.8130423411557544
svd,QuantileTransformer,True,knn,22,0.7200837058252543,0.7269367637088465
svd,QuantileTransformer,True,gaussianNB,22,0.6916283098943949,0.691651619917705
svd,QuantileTransformer,True,lda,22,0.7975489359785979,0.7952620262325825
svd,QuantileTransformer,True,qda,22,0.7610174757993733,0.7651135287831036
svd,QuantileTransformer,True,dt,22,0.7828680516139622,0.7828654351827743
svd,QuantileTransformer,True,rf,22,0.8226133063592169,0.8261653795132531
svd,QuantileTransformer,True,adaboost,22,0.8210826941143189,0.8210826941143189
svd,QuantileTransformer,True,mlp,22,0.7728741759875892,0.7750902332854351
voiced,QuantileTransformer,True,svm,22,0.5778543499511242,0.5509042033235583
voiced,QuantileTransformer,True,knn,22,0.5480058651026393,0.5759237536656892
voiced,QuantileTransformer,True,gaussianNB,22,0.631544477028348,0.6141202346041055
voiced,QuantileTransformer,True,lda,22,0.5039491691104594,0.4289931573802542
voiced,QuantileTransformer,True,qda,22,0.5236901270772238,0.5660948191593353
voiced,QuantileTransformer,True,dt,22,0.5979178885630498,0.5879178885630498
voiced,QuantileTransformer,True,rf,22,0.5390029325513197,0.5314271749755621
voiced,QuantileTransformer,True,adaboost,22,0.5595161290322581,0.5628494623655914
voiced,QuantileTransformer,True,mlp,22,0.567375366568915,0.5782844574780059
svd,QuantileTransformer,False,svm,22,0.8117404371538365,0.8124537178328957
svd,QuantileTransformer,False,knn,22,0.7201433351246033,0.7250943145386308
svd,QuantileTransformer,False,gaussianNB,22,0.689064457769659,0.6903371708022406
svd,QuantileTransformer,False,lda,22,0.7753954184126487,0.7763774016584487
svd,QuantileTransformer,False,qda,22,0.7628895647804759,0.7706316648995686
svd,QuantileTransformer,False,dt,22,0.7730902499734098,0.7786226573808172
svd,QuantileTransformer,False,rf,22,0.8281900214540844,0.8302092522233153
svd,QuantileTransformer,False,adaboost,22,0.8238072571458254,0.8238072571458254
svd,QuantileTransformer,False,mlp,22,0.7680357802158,0.7700810566178519
voiced,QuantileTransformer,False,svm,22,0.5953947590610877,0.5830097015898232
voiced,QuantileTransformer,False,knn,22,0.5159545846310551,0.5060571274567218
voiced,QuantileTransformer,False,gaussianNB,22,0.6102805646010514,0.6065436321622935
voiced,QuantileTransformer,False,lda,22,0.5137683749651295,0.5176057073420157
voiced,QuantileTransformer,False,qda,22,0.49824207908386403,0.48934136519329224
voiced,QuantileTransformer,False,dt,22,0.6031982790704901,0.5805059713781824
voiced,QuantileTransformer,False,rf,22,0.500292891692486,0.4917574987554703
voiced,QuantileTransformer,False,adaboost,22,0.508935418874567,0.5118765953451552
voiced,QuantileTransformer,False,mlp,22,0.5785347647619453,0.574393211588952
svd,QuantileTransformer,True,svm,23,0.8321243460283808,0.8278236467276816
svd,QuantileTransformer,True,knn,23,0.7383824463431878,0.7300627453244684
svd,QuantileTransformer,True,gaussianNB,23,0.6946928789131624,0.6946986619342127
svd,QuantileTransformer,True,lda,23,0.8004568169017461,0.8050119491558968
svd,QuantileTransformer,True,qda,23,0.756505203266381,0.7598027835486941
svd,QuantileTransformer,True,dt,23,0.794653231174496,0.794653231174496
svd,QuantileTransformer,True,rf,23,0.8218486094058614,0.822606185163437
svd,QuantileTransformer,True,adaboost,23,0.8186374603223022,0.8186374603223022
svd,QuantileTransformer,True,mlp,23,0.7823115397870032,0.781530103847443
voiced,QuantileTransformer,True,svm,23,0.5580058651026393,0.5530058651026393
voiced,QuantileTransformer,True,knn,23,0.5683333333333334,0.5147360703812316
voiced,QuantileTransformer,True,gaussianNB,23,0.6088416422287389,0.6213734115347018
voiced,QuantileTransformer,True,lda,23,0.6203616813294233,0.4646432062561095
voiced,QuantileTransformer,True,qda,23,0.5425757575757576,0.506119257086999
voiced,QuantileTransformer,True,dt,23,0.5856207233626588,0.541681329423265
voiced,QuantileTransformer,True,rf,23,0.5326148582600195,0.5795650048875856
voiced,QuantileTransformer,True,adaboost,23,0.5763391984359727,0.5763391984359727
voiced,QuantileTransformer,True,mlp,23,0.5879178885630499,0.5523118279569892
svd,QuantileTransformer,False,svm,23,0.8148971509822382,0.8163332596305863
svd,QuantileTransformer,False,knn,23,0.7214241141724719,0.7228391815062662
svd,QuantileTransformer,False,gaussianNB,23,0.6900790493333241,0.6893184906790844
svd,QuantileTransformer,False,lda,23,0.7868142595235419,0.7873116201490736
svd,QuantileTransformer,False,qda,23,0.7531815587361514,0.7593812798936704
svd,QuantileTransformer,False,dt,23,0.7751525714897138,0.77415479783654
svd,QuantileTransformer,False,rf,23,0.8225008362256153,0.8230216695589487
svd,QuantileTransformer,False,adaboost,23,0.809693438087615,0.809693438087615
svd,QuantileTransformer,False,mlp,23,0.7659561837121844,0.7734801748337385
voiced,QuantileTransformer,False,svm,23,0.5831408214514443,0.5982267966090269
voiced,QuantileTransformer,False,knn,23,0.5029971011561668,0.511107965079044
voiced,QuantileTransformer,False,gaussianNB,23,0.6271413944787138,0.620909027707554
voiced,QuantileTransformer,False,lda,23,0.4693488977651937,0.5560802196042741
voiced,QuantileTransformer,False,qda,23,0.5565935846226446,0.4861135057471264
voiced,QuantileTransformer,False,dt,23,0.5746353060639768,0.5519988118111032
voiced,QuantileTransformer,False,rf,23,0.5414356650487073,0.5485405501061786
voiced,QuantileTransformer,False,adaboost,23,0.5335845383759733,0.5369178717093066
voiced,QuantileTransformer,False,mlp,23,0.6223251213469512,0.6016683520409882
svd,QuantileTransformer,True,svm,24,0.8170627990693422,0.8193683361349665
svd,QuantileTransformer,True,knn,24,0.7238406032353687,0.7263813957761612
svd,QuantileTransformer,True,gaussianNB,24,0.6880974804911556,0.6888634557009694
svd,QuantileTransformer,True,lda,24,0.7997960926750458,0.806614824651902
svd,QuantileTransformer,True,qda,24,0.7587445705875367,0.7626081624663958
svd,QuantileTransformer,True,dt,24,0.7869883497091784,0.7862269972847944
svd,QuantileTransformer,True,rf,24,0.8169974028152872,0.8180139162909065
svd,QuantileTransformer,True,adaboost,24,0.8121027591093023,0.8100514770580203
svd,QuantileTransformer,True,mlp,24,0.7752827034833578,0.7613447966065197
voiced,QuantileTransformer,True,svm,24,0.5823118279569892,0.5633284457478006
voiced,QuantileTransformer,True,knn,24,0.47856793743890524,0.5186314760508309
voiced,QuantileTransformer,True,gaussianNB,24,0.5734066471163244,0.5958308895405668
voiced,QuantileTransformer,True,lda,24,0.4887781036168133,0.5539736070381233
voiced,QuantileTransformer,True,qda,24,0.4889931573802541,0.5154349951124144
voiced,QuantileTransformer,True,dt,24,0.5638709677419355,0.5977663734115346
voiced,QuantileTransformer,True,rf,24,0.5401466275659825,0.5648875855327469
voiced,QuantileTransformer,True,adaboost,24,0.5238954056695992,0.5487438905180841
voiced,QuantileTransformer,True,mlp,24,0.5790420332355817,0.591314760508309
svd,QuantileTransformer,False,svm,24,0.8188839683947176,0.8177511784729601
svd,QuantileTransformer,False,knn,24,0.7161477015534785,0.719769915480519
svd,QuantileTransformer,False,gaussianNB,24,0.6862498043801949,0.6797782754855282
svd,QuantileTransformer,False,lda,24,0.7770344928663334,0.7783540936271207
svd,QuantileTransformer,False,qda,24,0.7553286659159391,0.7507449853352333
svd,QuantileTransformer,False,dt,24,0.7678778996423951,0.7678778996423951
svd,QuantileTransformer,False,rf,24,0.8211705564888622,0.8167483605723589
svd,QuantileTransformer,False,adaboost,24,0.8088675986419955,0.8088675986419955
svd,QuantileTransformer,False,mlp,24,0.7666062967952496,0.7586713723745675
voiced,QuantileTransformer,False,svm,24,0.56747027166382,0.5501537642465062
voiced,QuantileTransformer,False,knn,24,0.48221197485310385,0.45070354376805993
voiced,QuantileTransformer,False,gaussianNB,24,0.5739603340208179,0.5715958235313074
voiced,QuantileTransformer,False,lda,24,0.5305250193355031,0.4832219057823896
voiced,QuantileTransformer,False,qda,24,0.5082204489059328,0.539290293040293
voiced,QuantileTransformer,False,dt,24,0.5849795030238578,0.579027122071477
voiced,QuantileTransformer,False,rf,24,0.5336710466952402,0.5420043800285737
voiced,QuantileTransformer,False,adaboost,24,0.597237688386882,0.5889043550535485
voiced,QuantileTransformer,False,mlp,24,0.5350759992695477,0.5319900663852277
svd,QuantileTransformer,True,svm,25,0.8159951008642394,0.8162430226988568
svd,QuantileTransformer,True,knn,25,0.727082731880987,0.7204649294725631
svd,QuantileTransformer,True,gaussianNB,25,0.6877271056823947,0.688219232603093
svd,QuantileTransformer,True,lda,25,0.799218870914618,0.7964268120102362
svd,QuantileTransformer,True,qda,25,0.7612433059488675,0.7594291077878864
svd,QuantileTransformer,True,dt,25,0.7923852283666897,0.7931485871453157
svd,QuantileTransformer,True,rf,25,0.8156195240600912,0.8158642793048465
svd,QuantileTransformer,True,adaboost,25,0.8206880269857368,0.8206880269857368
svd,QuantileTransformer,True,mlp,25,0.7721925039700395,0.7749591865785976
voiced,QuantileTransformer,True,svm,25,0.5840860215053764,0.6024193548387097
voiced,QuantileTransformer,True,knn,25,0.5286950146627565,0.501119257086999
voiced,QuantileTransformer,True,gaussianNB,25,0.5884506353861193,0.6124975562072337
voiced,QuantileTransformer,True,lda,25,0.4538905180840665,0.5618084066471163
voiced,QuantileTransformer,True,qda,25,0.51,0.5155522971652003
voiced,QuantileTransformer,True,dt,25,0.5807966764418377,0.5519648093841643
voiced,QuantileTransformer,True,rf,25,0.5359921798631476,0.5690224828934507
voiced,QuantileTransformer,True,adaboost,25,0.6028787878787878,0.6028787878787878
voiced,QuantileTransformer,True,mlp,25,0.6137194525904204,0.5888709677419355
svd,QuantileTransformer,False,svm,25,0.8156088314649008,0.8148730773199743
svd,QuantileTransformer,False,knn,25,0.7115415994144938,0.7120091409862803
svd,QuantileTransformer,False,gaussianNB,25,0.6911428124826002,0.6844696043697637
svd,QuantileTransformer,False,lda,25,0.7995200129749664,0.7964084050494156
svd,QuantileTransformer,False,qda,25,0.7614567288964349,0.7646259886482417
svd,QuantileTransformer,False,dt,25,0.7889032274169451,0.7890722631449513
svd,QuantileTransformer,False,rf,25,0.8281181360666764,0.8280935807900203
svd,QuantileTransformer,False,adaboost,25,0.8128540613779325,0.8128540613779325
svd,QuantileTransformer,False,mlp,25,0.7746973174545949,0.7733018345704217
voiced,QuantileTransformer,False,svm,25,0.6296096751832045,0.6185400326797386
voiced,QuantileTransformer,False,knn,25,0.5325520152505446,0.5421308179837591
voiced,QuantileTransformer,False,gaussianNB,25,0.6337386611210141,0.6271528025351555
voiced,QuantileTransformer,False,lda,25,0.4530819964349376,0.44162334125569414
voiced,QuantileTransformer,False,qda,25,0.5268547237076648,0.5317664388987918
voiced,QuantileTransformer,False,dt,25,0.6051796395325807,0.5839577639136463
voiced,QuantileTransformer,False,rf,25,0.5739718508615568,0.5673100861556744
voiced,QuantileTransformer,False,adaboost,25,0.6203176866706277,0.637678797781739
voiced,QuantileTransformer,False,mlp,25,0.5706199990097048,0.5814673202614379
svd,QuantileTransformer,True,svm,26,0.8175935188039876,0.8175644257596275
svd,QuantileTransformer,True,knn,26,0.7180328395704623,0.7213186758715657
svd,QuantileTransformer,True,gaussianNB,26,0.6906177573789352,0.6880486598098375
svd,QuantileTransformer,True,lda,26,0.7982340832558934,0.8015421292629581
svd,QuantileTransformer,True,qda,26,0.7541521237758969,0.7641449735288339
svd,QuantileTransformer,True,dt,26,0.7867826176005019,0.7857544200619445
svd,QuantileTransformer,True,rf,26,0.8223196105966007,0.8220515453285355
svd,QuantileTransformer,True,adaboost,26,0.8233513469445857,0.8231532117464507
svd,QuantileTransformer,True,mlp,26,0.7659426542196444,0.7705965717307046
voiced,QuantileTransformer,True,svm,26,0.5827468230694037,0.6078543499511241
voiced,QuantileTransformer,True,knn,26,0.5501221896383186,0.5626979472140763
voiced,QuantileTransformer,True,gaussianNB,26,0.5917839687194526,0.5910899315738025
voiced,QuantileTransformer,True,lda,26,0.49072336265884653,0.5082551319648093
voiced,QuantileTransformer,True,qda,26,0.5589491691104594,0.511524926686217
voiced,QuantileTransformer,True,dt,26,0.5930254154447703,0.5496920821114369
voiced,QuantileTransformer,True,rf,26,0.5107135874877811,0.524652981427175
voiced,QuantileTransformer,True,adaboost,26,0.5704740957966765,0.5580498533724341
voiced,QuantileTransformer,True,mlp,26,0.6166862170087977,0.5951710654936462
svd,QuantileTransformer,False,svm,26,0.8150702723773058,0.8174674318609846
svd,QuantileTransformer,False,knn,26,0.721506800217256,0.722576107297074
svd,QuantileTransformer,False,gaussianNB,26,0.6888919903016077,0.6886811822038998
svd,QuantileTransformer,False,lda,26,0.793106821937396,0.7950735417916648
svd,QuantileTransformer,False,qda,26,0.7603558817666511,0.7609763367146278
svd,QuantileTransformer,False,dt,26,0.7821130482729514,0.7821130482729514
svd,QuantileTransformer,False,rf,26,0.8210415020622241,0.8203220776017925
svd,QuantileTransformer,False,adaboost,26,0.80564472553737,0.80564472553737
svd,QuantileTransformer,False,mlp,26,0.7651924794356637,0.7550388884029776
voiced,QuantileTransformer,False,svm,26,0.5644434225904815,0.6062023989082812
voiced,QuantileTransformer,False,knn,26,0.5057268809621751,0.5331607999843293
voiced,QuantileTransformer,False,gaussianNB,26,0.5791005677329206,0.5886838733162263
voiced,QuantileTransformer,False,lda,26,0.5426471894118954,0.4764846003669533
voiced,QuantileTransformer,False,qda,26,0.5533099204716851,0.4948114973262032
voiced,QuantileTransformer,False,dt,26,0.5225661821838292,0.5175228594934478
voiced,QuantileTransformer,False,rf,26,0.5249019150783857,0.5348135312400017
voiced,QuantileTransformer,False,adaboost,26,0.6051705435087789,0.5627335687188629
voiced,QuantileTransformer,False,mlp,26,0.5615917840329605,0.5711710495386966
svd,QuantileTransformer,True,svm,27,0.8148239819068609,0.8158378789512923
svd,QuantileTransformer,True,knn,27,0.7276730357973543,0.7170054445736016
svd,QuantileTransformer,True,gaussianNB,27,0.6947159510790918,0.6916494937269202
svd,QuantileTransformer,True,lda,27,0.7970176061670065,0.7947196805375649
svd,QuantileTransformer,True,qda,27,0.7689526068261074,0.7676203676367254
svd,QuantileTransformer,True,dt,27,0.7850837675592311,0.7855965880720517
svd,QuantileTransformer,True,rf,27,0.8153061642101991,0.8153061642101991
svd,QuantileTransformer,True,adaboost,27,0.8168208835875139,0.8168208835875139
svd,QuantileTransformer,True,mlp,27,0.7776982795466983,0.7728676049504839
voiced,QuantileTransformer,True,svm,27,0.6137194525904203,0.6094330400782013
voiced,QuantileTransformer,True,knn,27,0.5188905180840664,0.547179863147605
voiced,QuantileTransformer,True,gaussianNB,27,0.6182991202346042,0.6450293255131966
voiced,QuantileTransformer,True,lda,27,0.5048142717497557,0.5229814271749756
voiced,QuantileTransformer,True,qda,27,0.5192228739002932,0.4946774193548388
voiced,QuantileTransformer,True,dt,27,0.5873118279569892,0.5820527859237536
voiced,QuantileTransformer,True,rf,27,0.5746725317693061,0.5589149560117302
voiced,QuantileTransformer,True,adaboost,27,0.5583088954056696,0.5557331378299121
voiced,QuantileTransformer,True,mlp,27,0.6203421309872923,0.6045845552297165
svd,QuantileTransformer,False,svm,27,0.8113811379592086,0.8097569147613383
svd,QuantileTransformer,False,knn,27,0.7088224398860246,0.7160031354512872
svd,QuantileTransformer,False,gaussianNB,27,0.6862793890515861,0.6866164117818154
svd,QuantileTransformer,False,lda,27,0.7866367292982759,0.7896654543294381
svd,QuantileTransformer,False,qda,27,0.7598067466968695,0.7558802272393702
svd,QuantileTransformer,False,dt,27,0.7901579881816471,0.7843042726496326
svd,QuantileTransformer,False,rf,27,0.8141782260474546,0.8121675540189959
svd,QuantileTransformer,False,adaboost,27,0.8134658702594461,0.8134658702594461
svd,QuantileTransformer,False,mlp,27,0.7664332305747438,0.7682092648279888
voiced,QuantileTransformer,False,svm,27,0.569802902641645,0.5915711428530901
voiced,QuantileTransformer,False,knn,27,0.5181416284864561,0.5290895851950619
voiced,QuantileTransformer,False,gaussianNB,27,0.5786382809212425,0.5738305886135502
voiced,QuantileTransformer,False,lda,27,0.556809072941933,0.42132430247237557
voiced,QuantileTransformer,False,qda,27,0.5271258954027717,0.5684202707367008
voiced,QuantileTransformer,False,dt,27,0.6148248651281105,0.5885649181785084
voiced,QuantileTransformer,False,rf,27,0.5207430578211512,0.5853319172375968
voiced,QuantileTransformer,False,adaboost,27,0.6120805188726082,0.6120805188726082
voiced,QuantileTransformer,False,mlp,27,0.602709731107297,0.6024144550513719
svd,QuantileTransformer,True,svm,28,0.8245347781989004,0.8247795334436555
svd,QuantileTransformer,True,knn,28,0.7281813515455827,0.7332925798302025
svd,QuantileTransformer,True,gaussianNB,28,0.6836614857334596,0.6905861822655716
svd,QuantileTransformer,True,lda,28,0.7975669532212608,0.7983355448622624
svd,QuantileTransformer,True,qda,28,0.7650983803546509,0.7603107869956289
svd,QuantileTransformer,True,dt,28,0.7920279102939954,0.7920279102939954
svd,QuantileTransformer,True,rf,28,0.8264298024766946,0.8294601055069976
svd,QuantileTransformer,True,adaboost,28,0.8141967828609049,0.8141967828609049
svd,QuantileTransformer,True,mlp,28,0.7680580996611532,0.7827450049042197
voiced,QuantileTransformer,True,svm,28,0.5716177908113392,0.5716177908113392
voiced,QuantileTransformer,True,knn,28,0.5036070381231672,0.5378054740957967
voiced,QuantileTransformer,True,gaussianNB,28,0.6048582600195503,0.598841642228739
voiced,QuantileTransformer,True,lda,28,0.4684310850439882,0.4840371456500489
voiced,QuantileTransformer,True,qda,28,0.5441348973607039,0.5491348973607038
voiced,QuantileTransformer,True,dt,28,0.5588905180840665,0.5297360703812316
voiced,QuantileTransformer,True,rf,28,0.5826392961876833,0.565366568914956
voiced,QuantileTransformer,True,adaboost,28,0.5588514173998045,0.5588514173998045
voiced,QuantileTransformer,True,mlp,28,0.5966177908113393,0.5858162267839686
svd,QuantileTransformer,False,svm,28,0.8168930037385831,0.8185040721667217
svd,QuantileTransformer,False,knn,28,0.7074978261726607,0.7160055873222438
svd,QuantileTransformer,False,gaussianNB,28,0.6897040143969096,0.6888305498193155
svd,QuantileTransformer,False,lda,28,0.7900784848609786,0.7965272119162866
svd,QuantileTransformer,False,qda,28,0.7523272240848293,0.7575721424288546
svd,QuantileTransformer,False,dt,28,0.79591771464703,0.7945621678369379
svd,QuantileTransformer,False,rf,28,0.822479383970699,0.8219502834415986
svd,QuantileTransformer,False,adaboost,28,0.8160395609781161,0.8160395609781161
svd,QuantileTransformer,False,mlp,28,0.7740079022020518,0.7736350457452721
voiced,QuantileTransformer,False,svm,28,0.547125717770879,0.58186472875989
voiced,QuantileTransformer,False,knn,28,0.5366670844090199,0.5316916849578139
voiced,QuantileTransformer,False,gaussianNB,28,0.5564122757469532,0.6315478577575352
voiced,QuantileTransformer,False,lda,28,0.5066880088251057,0.524152275442598
voiced,QuantileTransformer,False,qda,28,0.5073654936759776,0.47857017758227444
voiced,QuantileTransformer,False,dt,28,0.5532827007222169,0.5187095423990585
voiced,QuantileTransformer,False,rf,28,0.560331909727071,0.5728319097270711
voiced,QuantileTransformer,False,adaboost,28,0.5754258756476499,0.5869643371861114
voiced,QuantileTransformer,False,mlp,28,0.5504908204101753,0.552359669154024
svd,QuantileTransformer,True,svm,29,0.8129859235638953,0.8112027067806785
svd,QuantileTransformer,True,knn,29,0.724097652620008,0.7218508518017787
svd,QuantileTransformer,True,gaussianNB,29,0.6883063337970645,0.6867652558274151
svd,QuantileTransformer,True,lda,29,0.79243351523068,0.7931879243983934
svd,QuantileTransformer,True,qda,29,0.7515661238071271,0.7508482847577722
svd,QuantileTransformer,True,dt,29,0.767247138539396,0.7667369344577633
svd,QuantileTransformer,True,rf,29,0.8163845932330119,0.8178997447481635
svd,QuantileTransformer,True,adaboost,29,0.8125931919770524,0.8131060124898729
svd,QuantileTransformer,True,mlp,29,0.769538983372135,0.7755781677428352
voiced,QuantileTransformer,True,svm,29,0.6104301075268818,0.6011876832844575
voiced,QuantileTransformer,True,knn,29,0.5088954056695992,0.5220918866080156
voiced,QuantileTransformer,True,gaussianNB,29,0.6486265884652982,0.6106598240469208
voiced,QuantileTransformer,True,lda,29,0.6023704789833821,0.4939931573802542
voiced,QuantileTransformer,True,qda,29,0.49786412512218964,0.48262952101661777
voiced,QuantileTransformer,True,dt,29,0.5950586510263929,0.605058651026393
voiced,QuantileTransformer,True,rf,29,0.5615347018572825,0.5656256109481916
voiced,QuantileTransformer,True,adaboost,29,0.5647165200391007,0.5647165200391007
voiced,QuantileTransformer,True,mlp,29,0.5765982404692082,0.5911241446725317
svd,QuantileTransformer,False,svm,29,0.8202528142681679,0.8229978927906186
svd,QuantileTransformer,False,knn,29,0.7204482465608865,0.7156719275805469
svd,QuantileTransformer,False,gaussianNB,29,0.689493088001543,0.6890844155047028
svd,QuantileTransformer,False,lda,29,0.7925716748832246,0.7928629512581014
svd,QuantileTransformer,False,qda,29,0.755624786246635,0.7577275033085759
svd,QuantileTransformer,False,dt,29,0.7815890855073293,0.7927312766495205
svd,QuantileTransformer,False,rf,29,0.8198647812988055,0.8231279045474155
svd,QuantileTransformer,False,adaboost,29,0.811050348368109,0.811050348368109
svd,QuantileTransformer,False,mlp,29,0.7588369669192476,0.7583341976279421
voiced,QuantileTransformer,False,svm,29,0.5495982596362102,0.5487554386368428
voiced,QuantileTransformer,False,knn,29,0.5347210482433442,0.5258461392866042
voiced,QuantileTransformer,False,gaussianNB,29,0.5929893695014663,0.5924853372434017
voiced,QuantileTransformer,False,lda,29,0.48237712753723183,0.5100017729476933
voiced,QuantileTransformer,False,qda,29,0.4925963141854982,0.5238338795928928
voiced,QuantileTransformer,False,dt,29,0.5948661424491595,0.4848612548636268
voiced,QuantileTransformer,False,rf,29,0.5416492845916471,0.5606008974948729
voiced,QuantileTransformer,False,adaboost,29,0.5592484019512007,0.5349836960688478
voiced,QuantileTransformer,False,mlp,29,0.5326470947616583,0.5357630143944185
svd,QuantileTransformer,True,svm,30,0.8228812227394562,0.8226390839258887
svd,QuantileTransformer,True,knn,30,0.730650935759987,0.7314338878133863
svd,QuantileTransformer,True,gaussianNB,30,0.686794586729156,0.6845006157056321
svd,QuantileTransformer,True,lda,30,0.7997803940879186,0.8008054849548852
svd,QuantileTransformer,True,qda,30,0.7584552016504034,0.7595207137464499
svd,QuantileTransformer,True,dt,30,0.7735780105027652,0.7735780105027652
svd,QuantileTransformer,True,rf,30,0.8187485542447372,0.8177202967879087
svd,QuantileTransformer,True,adaboost,30,0.8159641067765386,0.8159641067765386
svd,QuantileTransformer,True,mlp,30,0.7854513007893597,0.778352209404554
voiced,QuantileTransformer,True,svm,30,0.5891055718475073,0.567741935483871
voiced,QuantileTransformer,True,knn,30,0.5594281524926685,0.5038514173998045
voiced,QuantileTransformer,True,gaussianNB,30,0.5944232649071359,0.6119550342130987
voiced,QuantileTransformer,True,lda,30,0.5312658846529814,0.4663294232649071
voiced,QuantileTransformer,True,qda,30,0.4832991202346041,0.526505376344086
voiced,QuantileTransformer,True,dt,30,0.5463391984359726,0.5384164222873901
voiced,QuantileTransformer,True,rf,30,0.5545454545454546,0.5487878787878788
voiced,QuantileTransformer,True,adaboost,30,0.606080156402737,0.5960801564027369
voiced,QuantileTransformer,True,mlp,30,0.5303616813294233,0.536119257086999
svd,QuantileTransformer,False,svm,30,0.8132266258194161,0.8127845157144236
svd,QuantileTransformer,False,knn,30,0.7338579013385269,0.7263684012107015
svd,QuantileTransformer,False,gaussianNB,30,0.6871362128460603,0.6899160015237363
svd,QuantileTransformer,False,lda,30,0.7861873137671691,0.782949024869491
svd,QuantileTransformer,False,qda,30,0.7574850076524459,0.7567476848047496
svd,QuantileTransformer,False,dt,30,0.8059280765029182,0.8057503956210119
svd,QuantileTransformer,False,rf,30,0.8201337024700323,0.8205347061048519
svd,QuantileTransformer,False,adaboost,30,0.8242972143739926,0.8242972143739926
svd,QuantileTransformer,False,mlp,30,0.7605826084932031,0.7716403278759947
voiced,QuantileTransformer,False,svm,30,0.5817475484285829,0.5576566393376737
voiced,QuantileTransformer,False,knn,30,0.532372548428583,0.488411602765051
voiced,QuantileTransformer,False,gaussianNB,30,0.6020605256812154,0.6376665862872759
voiced,QuantileTransformer,False,lda,30,0.5470723314042278,0.49899148983200714
voiced,QuantileTransformer,False,qda,30,0.5027123523028696,0.48634771119684916
voiced,QuantileTransformer,False,dt,30,0.6528747186721324,0.5783920605256812
voiced,QuantileTransformer,False,rf,30,0.5677157684269754,0.5619581926693996
voiced,QuantileTransformer,False,adaboost,30,0.5376765834739973,0.5691917349891489
voiced,QuantileTransformer,False,mlp,30,0.5801997427859498,0.6036878064464272
svd,QuantileTransformer,True,svm,31,0.8163768038577199,0.8148532528903303
svd,QuantileTransformer,True,knn,31,0.7156921286637753,0.7187501865637089
svd,QuantileTransformer,True,gaussianNB,31,0.6869019039847829,0.6882247033228495
svd,QuantileTransformer,True,lda,31,0.788575927888905,0.7880474087889573
svd,QuantileTransformer,True,qda,31,0.7569572793618595,0.7594799947417178
svd,QuantileTransformer,True,dt,31,0.7961686786495947,0.795411102892019
svd,QuantileTransformer,True,rf,31,0.8169157287641475,0.8222420690904879
svd,QuantileTransformer,True,adaboost,31,0.8172053936612279,0.8172053936612279
svd,QuantileTransformer,True,mlp,31,0.7637071216678631,0.7705758781385825
voiced,QuantileTransformer,True,svm,31,0.5725268817204301,0.5582209188660802
voiced,QuantileTransformer,True,knn,31,0.5440860215053763,0.4829814271749756
voiced,QuantileTransformer,True,gaussianNB,31,0.6084506353861192,0.5703128054740958
voiced,QuantileTransformer,True,lda,31,0.5738025415444771,0.569169110459433
voiced,QuantileTransformer,True,qda,31,0.5004838709677419,0.5100439882697947
voiced,QuantileTransformer,True,dt,31,0.5361681329423266,0.5522482893450635
voiced,QuantileTransformer,True,rf,31,0.5390029325513196,0.533958944281525
voiced,QuantileTransformer,True,adaboost,31,0.4775708699902248,0.4859042033235582
voiced,QuantileTransformer,True,mlp,31,0.6011876832844576,0.6120967741935484
svd,QuantileTransformer,False,svm,31,0.8170799792287828,0.8182113201537445
svd,QuantileTransformer,False,knn,31,0.7217003909639776,0.7195884365381161
svd,QuantileTransformer,False,gaussianNB,31,0.6894559131929123,0.6889299544141092
svd,QuantileTransformer,False,lda,31,0.7825483953194409,0.7807012080602503
svd,QuantileTransformer,False,qda,31,0.7620728897987759,0.7565553301528558
svd,QuantileTransformer,False,dt,31,0.8048219657442879,0.803836744069411
svd,QuantileTransformer,False,rf,31,0.8258457177366664,0.8253531068992279
svd,QuantileTransformer,False,adaboost,31,0.8145073891834148,0.8145073891834148
svd,QuantileTransformer,False,mlp,31,0.7633908201256658,0.7701119943140334
voiced,QuantileTransformer,False,svm,31,0.5463764693911752,0.5623139319830497
voiced,QuantileTransformer,False,knn,31,0.48112807943690294,0.4840350798439033
voiced,QuantileTransformer,False,gaussianNB,31,0.5618241099858746,0.557256802293567
voiced,QuantileTransformer,False,lda,31,0.4588775467451939,0.47652634130575305
voiced,QuantileTransformer,False,qda,31,0.515510935143288,0.49503299396681744
voiced,QuantileTransformer,False,dt,31,0.5413204020924608,0.5743831848978906
voiced,QuantileTransformer,False,rf,31,0.5468010366539778,0.5294807153630683
voiced,QuantileTransformer,False,adaboost,31,0.5351679325576384,0.5351679325576384
voiced,QuantileTransformer,False,mlp,31,0.5884120699561877,0.56448662584692
svd,QuantileTransformer,True,svm,32,0.8211082774005348,0.8190829218037505
svd,QuantileTransformer,True,knn,32,0.7119553147688371,0.7088281148150287
svd,QuantileTransformer,True,gaussianNB,32,0.6918657060859896,0.6923843096198604
svd,QuantileTransformer,True,lda,32,0.7944197278548424,0.7916272967308954
svd,QuantileTransformer,True,qda,32,0.7627622341308273,0.7652828832381722
svd,QuantileTransformer,True,dt,32,0.7958945925030985,0.7958945925030985
svd,QuantileTransformer,True,rf,32,0.8146447699882815,0.8158970890977434
svd,QuantileTransformer,True,adaboost,32,0.8174340345223661,0.8174340345223661
svd,QuantileTransformer,True,mlp,32,0.7725094498376942,0.7631039153503713
voiced,QuantileTransformer,True,svm,32,0.5757086999022484,0.5815542521994135
voiced,QuantileTransformer,True,knn,32,0.5334995112414468,0.5709237536656891
voiced,QuantileTransformer,True,gaussianNB,32,0.6358944281524928,0.6326686217008797
voiced,QuantileTransformer,True,lda,32,0.4937781036168133,0.464902248289345
voiced,QuantileTransformer,True,qda,32,0.5227712609970674,0.5576295210166178
voiced,QuantileTransformer,True,dt,32,0.5356451612903226,0.536119257086999
voiced,QuantileTransformer,True,rf,32,0.5460997067448681,0.5544330400782014
voiced,QuantileTransformer,True,adaboost,32,0.5555180840664711,0.5812756598240469
voiced,QuantileTransformer,True,mlp,32,0.6364222873900294,0.6064662756598239
svd,QuantileTransformer,False,svm,32,0.8120996303186561,0.8152334180372895
svd,QuantileTransformer,False,knn,32,0.7145633082461353,0.716886536764457
svd,QuantileTransformer,False,gaussianNB,32,0.6880822781685867,0.6901453237548062
svd,QuantileTransformer,False,lda,32,0.7844054179658853,0.7889484871162431
svd,QuantileTransformer,False,qda,32,0.7525390060719042,0.7535200204417295
svd,QuantileTransformer,False,dt,32,0.7942042340896837,0.7934290402912341
svd,QuantileTransformer,False,rf,32,0.8187784053690301,0.8148560605561596
svd,QuantileTransformer,False,adaboost,32,0.8179721567531116,0.8182412955090925
svd,QuantileTransformer,False,mlp,32,0.7711137902297652,0.7708550165583459
voiced,QuantileTransformer,False,svm,32,0.5831848438300051,0.5608815497525175
voiced,QuantileTransformer,False,knn,32,0.5097439836149513,0.48712493599590373
voiced,QuantileTransformer,False,gaussianNB,32,0.631279228537293,0.6240834613415259
voiced,QuantileTransformer,False,lda,32,0.5140186038573136,0.5367997951868919
voiced,QuantileTransformer,False,qda,32,0.4879791773340161,0.5039332650622972
voiced,QuantileTransformer,False,dt,32,0.5643983614951357,0.5539750810718552
voiced,QuantileTransformer,False,rf,32,0.5298199351425158,0.5157458610684417
voiced,QuantileTransformer,False,adaboost,32,0.566699948796723,0.5700332821300563
voiced,QuantileTransformer,False,mlp,32,0.5646134152585764,0.5892925413893156
svd,QuantileTransformer,True,svm,33,0.809617118613847,0.8109100968097696
svd,QuantileTransformer,True,knn,33,0.7236576164656863,0.7191384605942949
svd,QuantileTransformer,True,gaussianNB,33,0.6898903749830685,0.6898670649597586
svd,QuantileTransformer,True,lda,33,0.7954161414739387,0.797951150993681
svd,QuantileTransformer,True,qda,33,0.7574286382465226,0.75770120827918
svd,QuantileTransformer,True,dt,33,0.7842750506490963,0.7842750506490963
svd,QuantileTransformer,True,rf,33,0.8174432819089308,0.8187265224778857
svd,QuantileTransformer,True,adaboost,33,0.8184235212261385,0.8184235212261385
svd,QuantileTransformer,True,mlp,33,0.7618055699298883,0.755224709859388
voiced,QuantileTransformer,True,svm,33,0.6023558162267839,0.5981133919843598
voiced,QuantileTransformer,True,knn,33,0.572375366568915,0.5656011730205278
voiced,QuantileTransformer,True,gaussianNB,33,0.6237732160312806,0.6228641251221896
voiced,QuantileTransformer,True,lda,33,0.5513734115347019,0.5610508308895406
voiced,QuantileTransformer,True,qda,33,0.5238318670576735,0.5482111436950147
voiced,QuantileTransformer,True,dt,33,0.5531329423264908,0.5632844574780058
voiced,QuantileTransformer,True,rf,33,0.5761681329423265,0.5498680351906159
voiced,QuantileTransformer,True,adaboost,33,0.5793499511241447,0.5861241446725318
voiced,QuantileTransformer,True,mlp,33,0.6510361681329423,0.6085043988269794
svd,QuantileTransformer,False,svm,33,0.8120951670892864,0.8138407816007456
svd,QuantileTransformer,False,knn,33,0.7266085488283256,0.7300562346652548
svd,QuantileTransformer,False,gaussianNB,33,0.6861893915083612,0.6877967545734185
svd,QuantileTransformer,False,lda,33,0.7857824311879554,0.786111409859484
svd,QuantileTransformer,False,qda,33,0.7557968783771999,0.7497698850699652
svd,QuantileTransformer,False,dt,33,0.7712516039257673,0.772020834694998
svd,QuantileTransformer,False,rf,33,0.810771299885614,0.8157897087189259
svd,QuantileTransformer,False,adaboost,33,0.8039744081513188,0.8039744081513188
svd,QuantileTransformer,False,mlp,33,0.7756558265474425,0.7671124651520419
voiced,QuantileTransformer,False,svm,33,0.623998712998713,0.6072732228026346
voiced,QuantileTransformer,False,knn,33,0.5368480581421758,0.5002009993186464
voiced,QuantileTransformer,False,gaussianNB,33,0.5872648951472481,0.6290751760163525
voiced,QuantileTransformer,False,lda,33,0.49881020516314634,0.5638251192368839
voiced,QuantileTransformer,False,qda,33,0.5101146945264592,0.4963423423423424
voiced,QuantileTransformer,False,dt,33,0.5930687410099176,0.5928334468922705
voiced,QuantileTransformer,False,rf,33,0.5695889923536981,0.5821380119615414
voiced,QuantileTransformer,False,adaboost,33,0.6149626769626769,0.6208450299038535
voiced,QuantileTransformer,False,mlp,33,0.5905016276780983,0.5742975244151716
svd,QuantileTransformer,True,svm,34,0.8191881600769279,0.8197106582984446
svd,QuantileTransformer,True,knn,34,0.718099307090583,0.7194045794263897
svd,QuantileTransformer,True,gaussianNB,34,0.6888905859680123,0.6871286129355922
svd,QuantileTransformer,True,lda,34,0.8069337768737986,0.8000975178946825
svd,QuantileTransformer,True,qda,34,0.7560650926681461,0.7593589562019224
svd,QuantileTransformer,True,dt,34,0.7890522545429852,0.7804696612003046
svd,QuantileTransformer,True,rf,34,0.8145019684060033,0.8129666734574041
svd,QuantileTransformer,True,adaboost,34,0.8094424150912701,0.8094424150912701
svd,QuantileTransformer,True,mlp,34,0.7764043953138827,0.7654876039990544
voiced,QuantileTransformer,True,svm,34,0.6279178885630499,0.6288905180840665
voiced,QuantileTransformer,True,knn,34,0.5468132942326491,0.5027859237536657
voiced,QuantileTransformer,True,gaussianNB,34,0.6074340175953079,0.5991006842619745
voiced,QuantileTransformer,True,lda,34,0.5715298142717498,0.5649462365591398
voiced,QuantileTransformer,True,qda,34,0.49727272727272726,0.5421114369501466
voiced,QuantileTransformer,True,dt,34,0.560425219941349,0.5255767350928642
voiced,QuantileTransformer,True,rf,34,0.5642815249266863,0.5726148582600195
voiced,QuantileTransformer,True,adaboost,34,0.5874193548387097,0.5841935483870968
voiced,QuantileTransformer,True,mlp,34,0.6170527859237537,0.6065102639296188
svd,QuantileTransformer,False,svm,34,0.8236846480453984,0.8237070883345166
svd,QuantileTransformer,False,knn,34,0.7267647732914376,0.7261061713889303
svd,QuantileTransformer,False,gaussianNB,34,0.6899169687980511,0.6914458737148144
svd,QuantileTransformer,False,lda,34,0.7977015383916131,0.8022491150833476
svd,QuantileTransformer,False,qda,34,0.7639642784650704,0.765672927196835
svd,QuantileTransformer,False,dt,34,0.7860258078414398,0.7941140431355576
svd,QuantileTransformer,False,rf,34,0.8208354423521793,0.8233293764836208
svd,QuantileTransformer,False,adaboost,34,0.8148327245039944,0.8148327245039944
svd,QuantileTransformer,False,mlp,34,0.7645988012635596,0.7704182383010265
voiced,QuantileTransformer,False,svm,34,0.5945309687150295,0.5717104558945166
voiced,QuantileTransformer,False,knn,34,0.5539106213204885,0.4990498953924002
voiced,QuantileTransformer,False,gaussianNB,34,0.6018449861334111,0.628903809662823
voiced,QuantileTransformer,False,lda,34,0.4989958886780519,0.48539836033669054
voiced,QuantileTransformer,False,qda,34,0.47069649199630226,0.5135284386707536
voiced,QuantileTransformer,False,dt,34,0.5085486303702622,0.5081564735075172
voiced,QuantileTransformer,False,rf,34,0.550880893300248,0.5592142266335814
voiced,QuantileTransformer,False,adaboost,34,0.5959525373424804,0.5717858706758138
voiced,QuantileTransformer,False,mlp,34,0.5880567313774145,0.5872950420863134
svd,QuantileTransformer,True,svm,35,0.8167880447433337,0.8170561100113989
svd,QuantileTransformer,True,knn,35,0.7244588399604757,0.7252514697225712
svd,QuantileTransformer,True,gaussianNB,35,0.6913437580231474,0.6911223128017021
svd,QuantileTransformer,True,lda,35,0.792430824355579,0.801785116010852
svd,QuantileTransformer,True,qda,35,0.7582764218696607,0.7607016901673391
svd,QuantileTransformer,True,dt,35,0.794638126322968,0.794400550376559
svd,QuantileTransformer,True,rf,35,0.8231017746339446,0.8246227091701466
svd,QuantileTransformer,True,adaboost,35,0.8131231672725676,0.8131231672725676
svd,QuantileTransformer,True,mlp,35,0.7793349907090366,0.7707824127889558
voiced,QuantileTransformer,True,svm,35,0.5702346041055718,0.567702834799609
voiced,QuantileTransformer,True,knn,35,0.5028299120234605,0.4859921798631476
voiced,QuantileTransformer,True,gaussianNB,35,0.5776930596285434,0.5736021505376343
voiced,QuantileTransformer,True,lda,35,0.45167644183773215,0.5398631476050831
voiced,QuantileTransformer,True,qda,35,0.5209530791788856,0.5028396871945259
voiced,QuantileTransformer,True,dt,35,0.541813294232649,0.5528347996089931
voiced,QuantileTransformer,True,rf,35,0.5016862170087977,0.4983528836754643
voiced,QuantileTransformer,True,adaboost,35,0.5548533724340177,0.5490957966764418
voiced,QuantileTransformer,True,mlp,35,0.5759237536656892,0.5615102639296188
svd,QuantileTransformer,False,svm,35,0.8089635464830017,0.8062158836433759
svd,QuantileTransformer,False,knn,35,0.7153130626505293,0.7146710276072583
svd,QuantileTransformer,False,gaussianNB,35,0.6893268108831453,0.6887851240837038
svd,QuantileTransformer,False,lda,35,0.7817266948056811,0.7896478600849411
svd,QuantileTransformer,False,qda,35,0.7572980061029193,0.7523355587028073
svd,QuantileTransformer,False,dt,35,0.7905510286437021,0.7905510286437021
svd,QuantileTransformer,False,rf,35,0.8153733354359727,0.8153733354359727
svd,QuantileTransformer,False,adaboost,35,0.813285738559889,0.813285738559889
svd,QuantileTransformer,False,mlp,35,0.7649652295991842,0.7663554947721382
voiced,QuantileTransformer,False,svm,35,0.5500826297885122,0.5820921888568947
voiced,QuantileTransformer,False,knn,35,0.5014985667926845,0.5163054265995443
voiced,QuantileTransformer,False,gaussianNB,35,0.5765182693123869,0.5763039411568823
voiced,QuantileTransformer,False,lda,35,0.48483890292713816,0.44743398758104647
voiced,QuantileTransformer,False,qda,35,0.5648491214667686,0.5097634718222953
voiced,QuantileTransformer,False,dt,35,0.48796719620249035,0.5447911565558624
voiced,QuantileTransformer,False,rf,35,0.5308260856790268,0.5035717223952518
voiced,QuantileTransformer,False,adaboost,35,0.5546466768525592,0.5738774460833285
voiced,QuantileTransformer,False,mlp,35,0.5410480042832985,0.5574043276984453
svd,QuantileTransformer,True,svm,36,0.8170424776967853,0.8157953914496989
svd,QuantileTransformer,True,knn,36,0.7154984982302321,0.7269725458111499
svd,QuantileTransformer,True,gaussianNB,36,0.6895816506285426,0.6900944711413631
svd,QuantileTransformer,True,lda,36,0.788917462036328,0.7914433440060484
svd,QuantileTransformer,True,qda,36,0.7668832911908157,0.7663351043721819
svd,QuantileTransformer,True,dt,36,0.7818407310610146,0.7818407310610146
svd,QuantileTransformer,True,rf,36,0.8172131993778669,0.8144192521400809
svd,QuantileTransformer,True,adaboost,36,0.8078528868441627,0.8078528868441627
svd,QuantileTransformer,True,mlp,36,0.7735206124301,0.7717693429798119
voiced,QuantileTransformer,True,svm,36,0.635928641251222,0.5755816226783967
voiced,QuantileTransformer,True,knn,36,0.5123998044965787,0.5252541544477028
voiced,QuantileTransformer,True,gaussianNB,36,0.6245063538611926,0.6121260997067448
voiced,QuantileTransformer,True,lda,36,0.45152492668621697,0.5055522971652003
voiced,QuantileTransformer,True,qda,36,0.5536265884652982,0.5017546432062561
voiced,QuantileTransformer,True,dt,36,0.5368817204301075,0.5568817204301075
voiced,QuantileTransformer,True,rf,36,0.54772238514174,0.5584799608993156
voiced,QuantileTransformer,True,adaboost,36,0.5906011730205278,0.5906011730205278
voiced,QuantileTransformer,True,mlp,36,0.5770527859237536,0.5904936461388075
svd,QuantileTransformer,False,svm,36,0.8161670665984477,0.8159637664357623
svd,QuantileTransformer,False,knn,36,0.7145056659849907,0.7215443673174204
svd,QuantileTransformer,False,gaussianNB,36,0.6911145741957577,0.6903761126572963
svd,QuantileTransformer,False,lda,36,0.7903508142796258,0.7916949467268506
svd,QuantileTransformer,False,qda,36,0.7565135927762666,0.7564561478978499
svd,QuantileTransformer,False,dt,36,0.7874702392216388,0.7882221189208869
svd,QuantileTransformer,False,rf,36,0.8203352294921501,0.8208302789971006
svd,QuantileTransformer,False,adaboost,36,0.8121962534106769,0.8111653255756254
svd,QuantileTransformer,False,mlp,36,0.760093959047518,0.7634760224828924
voiced,QuantileTransformer,False,svm,36,0.5656599870717518,0.6364785067873303
voiced,QuantileTransformer,False,knn,36,0.5327093568196509,0.5467092760180996
voiced,QuantileTransformer,False,gaussianNB,36,0.5696688752424046,0.5779525694893343
voiced,QuantileTransformer,False,lda,36,0.4806245151906916,0.49389229153199743
voiced,QuantileTransformer,False,qda,36,0.5421675016160311,0.44792267291532006
voiced,QuantileTransformer,False,dt,36,0.5724152391725921,0.6008112475759535
voiced,QuantileTransformer,False,rf,36,0.5607912895927601,0.5343994828700711
voiced,QuantileTransformer,False,adaboost,36,0.5665529250161604,0.570124353587589
voiced,QuantileTransformer,False,mlp,36,0.5778122171945702,0.6115404815772463
svd,QuantileTransformer,True,svm,37,0.8157524881516158,0.8190482400187962
svd,QuantileTransformer,True,knn,37,0.7101719799647827,0.7109127568178822
svd,QuantileTransformer,True,gaussianNB,37,0.6931651954007461,0.6908717745358967
svd,QuantileTransformer,True,lda,37,0.7912118651976886,0.7952690875100907
svd,QuantileTransformer,True,qda,37,0.7566777678882367,0.760492123289288
svd,QuantileTransformer,True,dt,37,0.793735738997462,0.793735738997462
svd,QuantileTransformer,True,rf,37,0.8192089117716161,0.818949245955789
svd,QuantileTransformer,True,adaboost,37,0.81615573085584,0.81615573085584
svd,QuantileTransformer,True,mlp,37,0.7702145727772772,0.7715218514673259
voiced,QuantileTransformer,True,svm,37,0.5567693059628545,0.5924193548387098
voiced,QuantileTransformer,True,knn,37,0.5795650048875854,0.5595161290322579
voiced,QuantileTransformer,True,gaussianNB,37,0.6109188660801564,0.600811339198436
voiced,QuantileTransformer,True,lda,37,0.5152932551319649,0.4363489736070381
voiced,QuantileTransformer,True,qda,37,0.5080742913000977,0.49625610948191595
voiced,QuantileTransformer,True,dt,37,0.5809726295210166,0.6077908113391984
voiced,QuantileTransformer,True,rf,37,0.5332649071358749,0.5232649071358749
voiced,QuantileTransformer,True,adaboost,37,0.621275659824047,0.6146089931573803
voiced,QuantileTransformer,True,mlp,37,0.5697360703812316,0.5756451612903225
svd,QuantileTransformer,False,svm,37,0.8162700946310484,0.8162587724322938
svd,QuantileTransformer,False,knn,37,0.7261543594176156,0.7182418570117759
svd,QuantileTransformer,False,gaussianNB,37,0.690280615411818,0.6904102882272628
svd,QuantileTransformer,False,lda,37,0.7842480966080736,0.7874259953936147
svd,QuantileTransformer,False,qda,37,0.7603955897496141,0.7619329694712266
svd,QuantileTransformer,False,dt,37,0.795437231761419,0.7854508547085166
svd,QuantileTransformer,False,rf,37,0.8218020005591908,0.8155418505321241
svd,QuantileTransformer,False,adaboost,37,0.813556568288041,0.813556568288041
svd,QuantileTransformer,False,mlp,37,0.7743136274307778,0.7685427353707208
voiced,QuantileTransformer,False,svm,37,0.5810441574554478,0.5790388845025942
voiced,QuantileTransformer,False,knn,37,0.5408658075795173,0.5442032765621476
voiced,QuantileTransformer,False,gaussianNB,37,0.610628947665238,0.6045805605684638
voiced,QuantileTransformer,False,lda,37,0.510096294834198,0.4687891946762915
voiced,QuantileTransformer,False,qda,37,0.5483019399954884,0.5149526280171441
voiced,QuantileTransformer,False,dt,37,0.5496225750056396,0.5579163376945635
voiced,QuantileTransformer,False,rf,37,0.5409082449808257,0.5998983476201218
voiced,QuantileTransformer,False,adaboost,37,0.5862711482066321,0.5862711482066321
voiced,QuantileTransformer,False,mlp,37,0.570323003609294,0.5790636983983759
svd,QuantileTransformer,True,svm,38,0.8122790422953999,0.8089775074071694
svd,QuantileTransformer,True,knn,38,0.7137614711715039,0.7094277841387984
svd,QuantileTransformer,True,gaussianNB,38,0.6867674255951245,0.6883032707023983
svd,QuantileTransformer,True,lda,38,0.7914121102452618,0.7908849293200438
svd,QuantileTransformer,True,qda,38,0.7600528152327497,0.7590374619927509
svd,QuantileTransformer,True,dt,38,0.7888591579267696,0.7896167336843455
svd,QuantileTransformer,True,rf,38,0.8146448898248243,0.8131763583562929
svd,QuantileTransformer,True,adaboost,38,0.8070674218547719,0.8091004488060104
svd,QuantileTransformer,True,mlp,38,0.7647291657815105,0.7650464675273836
voiced,QuantileTransformer,True,svm,38,0.5781769305962855,0.5904936461388075
voiced,QuantileTransformer,True,knn,38,0.4989149560117302,0.49815738025415446
voiced,QuantileTransformer,True,gaussianNB,38,0.5967595307917888,0.5784701857282503
voiced,QuantileTransformer,True,lda,38,0.48076735092864126,0.514711632453568
voiced,QuantileTransformer,True,qda,38,0.5297849462365591,0.4785728250244379
voiced,QuantileTransformer,True,dt,38,0.5665982404692083,0.45750733137829913
voiced,QuantileTransformer,True,rf,38,0.5851515151515151,0.6077272727272727
voiced,QuantileTransformer,True,adaboost,38,0.585366568914956,0.5796089931573802
voiced,QuantileTransformer,True,mlp,38,0.5799951124144673,0.593069403714565
svd,QuantileTransformer,False,svm,38,0.811193242402074,0.8086357804243068
svd,QuantileTransformer,False,knn,38,0.7274242154983905,0.7270147767481412
svd,QuantileTransformer,False,gaussianNB,38,0.6869302460423701,0.6889701853964598
svd,QuantileTransformer,False,lda,38,0.7935248299505575,0.7864255078737294
svd,QuantileTransformer,False,qda,38,0.7598701580066948,0.7574512084469045
svd,QuantileTransformer,False,dt,38,0.7837880261255219,0.7837880261255219
svd,QuantileTransformer,False,rf,38,0.8227498719006491,0.8221772522703329
svd,QuantileTransformer,False,adaboost,38,0.815861975326874,0.815861975326874
svd,QuantileTransformer,False,mlp,38,0.7643065135457866,0.7669862711595901
voiced,QuantileTransformer,False,svm,38,0.5833114072616297,0.5808813567781866
voiced,QuantileTransformer,False,knn,38,0.48916311927783,0.5169629538518582
voiced,QuantileTransformer,False,gaussianNB,38,0.6486815478737058,0.63383627820085
voiced,QuantileTransformer,False,lda,38,0.4581711695330995,0.476142134422863
voiced,QuantileTransformer,False,qda,38,0.49750531217021765,0.5483372194175864
voiced,QuantileTransformer,False,dt,38,0.5833144911725279,0.5766478245058612
voiced,QuantileTransformer,False,rf,38,0.5435745379481476,0.5552412046148142
voiced,QuantileTransformer,False,adaboost,38,0.5993475478451842,0.5993475478451842
voiced,QuantileTransformer,False,mlp,38,0.6015740958614986,0.6253564680128918
svd,QuantileTransformer,True,svm,39,0.8119711204825707,0.8127169522589369
svd,QuantileTransformer,True,knn,39,0.7210391190053131,0.7127180798118639
svd,QuantileTransformer,True,gaussianNB,39,0.6913560521630313,0.6893165140929591
svd,QuantileTransformer,True,lda,39,0.7820556488222791,0.7860946160346378
svd,QuantileTransformer,True,qda,39,0.7590119822017314,0.7612820930432708
svd,QuantileTransformer,True,dt,39,0.7810289819232021,0.7802714061656265
svd,QuantileTransformer,True,rf,39,0.8226018746793011,0.8226018746793011
svd,QuantileTransformer,True,adaboost,39,0.8146998657467577,0.8146998657467577
svd,QuantileTransformer,True,mlp,39,0.7604113698006828,0.7611139260594004
voiced,QuantileTransformer,True,svm,39,0.5463978494623657,0.605601173020528
voiced,QuantileTransformer,True,knn,39,0.48317693059628547,0.5354936461388075
voiced,QuantileTransformer,True,gaussianNB,39,0.6268475073313784,0.6086656891495601
voiced,QuantileTransformer,True,lda,39,0.5392717497556208,0.5211583577712611
voiced,QuantileTransformer,True,qda,39,0.49416422287390027,0.5209579667644183
voiced,QuantileTransformer,True,dt,39,0.5412903225806451,0.5887145650048876
voiced,QuantileTransformer,True,rf,39,0.5326344086021506,0.5493010752688172
voiced,QuantileTransformer,True,adaboost,39,0.5223069403714565,0.5504887585532747
voiced,QuantileTransformer,True,mlp,39,0.591466275659824,0.6205131964809384
svd,QuantileTransformer,False,svm,39,0.819446864890029,0.8220574202377163
svd,QuantileTransformer,False,knn,39,0.712470608214877,0.7115635838925967
svd,QuantileTransformer,False,gaussianNB,39,0.6851761625366738,0.6874126821445168
svd,QuantileTransformer,False,lda,39,0.7948878079525208,0.7914023799422536
svd,QuantileTransformer,False,qda,39,0.7529398816760742,0.7502042070879608
svd,QuantileTransformer,False,dt,39,0.7872666197235668,0.7872666197235668
svd,QuantileTransformer,False,rf,39,0.8249175965191284,0.8262625195428267
svd,QuantileTransformer,False,adaboost,39,0.8180425084953139,0.8180425084953139
svd,QuantileTransformer,False,mlp,39,0.7744981727524077,0.7751754070372637
voiced,QuantileTransformer,False,svm,39,0.6275925925925925,0.6261805555555556
voiced,QuantileTransformer,False,knn,39,0.5713988095238095,0.5399503968253969
voiced,QuantileTransformer,False,gaussianNB,39,0.5944973544973544,0.5844609788359788
voiced,QuantileTransformer,False,lda,39,0.5449272486772486,0.5108730158730159
voiced,QuantileTransformer,False,qda,39,0.5023677248677249,0.46738425925925925
voiced,QuantileTransformer,False,dt,39,0.5822089947089947,0.60182208994709
voiced,QuantileTransformer,False,rf,39,0.5428042328042328,0.5335615079365079
voiced,QuantileTransformer,False,adaboost,39,0.5917526455026454,0.5917526455026454
voiced,QuantileTransformer,False,mlp,39,0.5796527777777778,0.5796527777777778
svd,QuantileTransformer,True,svm,40,0.8137390544751504,0.8150094507455468
svd,QuantileTransformer,True,knn,40,0.7163316690579504,0.7185837027385557
svd,QuantileTransformer,True,gaussianNB,40,0.6890688301157223,0.6883086379269586
svd,QuantileTransformer,True,lda,40,0.7987504861550663,0.7908566987356519
svd,QuantileTransformer,True,qda,40,0.7671560555039291,0.7662819296298031
svd,QuantileTransformer,True,dt,40,0.7776243803452091,0.7835101612309899
svd,QuantileTransformer,True,rf,40,0.8263380621559465,0.8184321585357572
svd,QuantileTransformer,True,adaboost,40,0.8334759842120804,0.8334759842120804
svd,QuantileTransformer,True,mlp,40,0.7768249416886277,0.7707636075302379
voiced,QuantileTransformer,True,svm,40,0.5612952101661779,0.5671603128054741
voiced,QuantileTransformer,True,knn,40,0.5452981427174975,0.543802541544477
voiced,QuantileTransformer,True,gaussianNB,40,0.5830645161290322,0.5954887585532747
voiced,QuantileTransformer,True,lda,40,0.5310312805474096,0.5290615835777126
voiced,QuantileTransformer,True,qda,40,0.5157282502443792,0.5106256109481915
voiced,QuantileTransformer,True,dt,40,0.6100635386119257,0.6180254154447703
voiced,QuantileTransformer,True,rf,40,0.5830058651026393,0.5683088954056696
voiced,QuantileTransformer,True,adaboost,40,0.5457966764418377,0.5490224828934507
voiced,QuantileTransformer,True,mlp,40,0.5597360703812317,0.5522678396871946
svd,QuantileTransformer,False,svm,40,0.8108044396487131,0.8079374720245495
svd,QuantileTransformer,False,knn,40,0.7238610935230435,0.7166821705810283
svd,QuantileTransformer,False,gaussianNB,40,0.6892581593148097,0.689489393080865
svd,QuantileTransformer,False,lda,40,0.7960999084879038,0.7980164932424555
svd,QuantileTransformer,False,qda,40,0.7572233005481902,0.759842224671024
svd,QuantileTransformer,False,dt,40,0.794541731844385,0.7937898521451369
svd,QuantileTransformer,False,rf,40,0.8162972621758107,0.8177465375381295
svd,QuantileTransformer,False,adaboost,40,0.8150868474092923,0.8150868474092923
svd,QuantileTransformer,False,mlp,40,0.7601208016647913,0.7717394186503465
voiced,QuantileTransformer,False,svm,40,0.5909619144296563,0.5877741904153194
voiced,QuantileTransformer,False,knn,40,0.5532449651602878,0.5050928797904604
voiced,QuantileTransformer,False,gaussianNB,40,0.6174548994911898,0.598604093039577
voiced,QuantileTransformer,False,lda,40,0.5636106881469785,0.5437505012908239
voiced,QuantileTransformer,False,qda,40,0.46333497819384917,0.45791325162292906
voiced,QuantileTransformer,False,dt,40,0.6099528629972177,0.5691515809459358
voiced,QuantileTransformer,False,rf,40,0.5733281167756974,0.5872704244680051
voiced,QuantileTransformer,False,adaboost,40,0.5716682958618442,0.5654182958618442
voiced,QuantileTransformer,False,mlp,40,0.5854554070481489,0.5928659736321027
svd,QuantileTransformer,True,svm,41,0.8239818487582937,0.8280441259939625
svd,QuantileTransformer,True,knn,41,0.71968762970944,0.7123075688397389
svd,QuantileTransformer,True,gaussianNB,41,0.6944727282895222,0.6944669452684721
svd,QuantileTransformer,True,lda,41,0.7955468468281991,0.8016419567346503
svd,QuantileTransformer,True,qda,41,0.7549594425930304,0.7613446495343987
svd,QuantileTransformer,True,dt,41,0.775350701642959,0.775350701642959
svd,QuantileTransformer,True,rf,41,0.8251402287280151,0.822086615674402
svd,QuantileTransformer,True,adaboost,41,0.8073897349469868,0.8073897349469868
svd,QuantileTransformer,True,mlp,41,0.7786562510553786,0.7785857708267742
voiced,QuantileTransformer,True,svm,41,0.5622922776148582,0.591989247311828
voiced,QuantileTransformer,True,knn,41,0.5604252199413489,0.5255767350928642
voiced,QuantileTransformer,True,gaussianNB,41,0.5893157380254155,0.600830889540567
voiced,QuantileTransformer,True,lda,41,0.5199462365591397,0.48570381231671556
voiced,QuantileTransformer,True,qda,41,0.5091642228739003,0.4965884652981427
voiced,QuantileTransformer,True,dt,41,0.56683284457478,0.5507722385141739
voiced,QuantileTransformer,True,rf,41,0.5371212121212121,0.5521212121212121
voiced,QuantileTransformer,True,adaboost,41,0.594692082111437,0.5856011730205278
voiced,QuantileTransformer,True,mlp,41,0.5735923753665689,0.5891984359726294
svd,QuantileTransformer,False,svm,41,0.8250269985912488,0.8266048803797255
svd,QuantileTransformer,False,knn,41,0.7188466977221057,0.7220687706648603
svd,QuantileTransformer,False,gaussianNB,41,0.6896052743891771,0.6903985436199462
svd,QuantileTransformer,False,lda,41,0.7845338649168976,0.7867804376064873
svd,QuantileTransformer,False,qda,41,0.7541119192469553,0.7541599356241198
svd,QuantileTransformer,False,dt,41,0.7789179832430722,0.7784051627302516
svd,QuantileTransformer,False,rf,41,0.826172926647087,0.826172926647087
svd,QuantileTransformer,False,adaboost,41,0.818556252399873,0.818556252399873
svd,QuantileTransformer,False,mlp,41,0.7664925613965103,0.7650457423309232
voiced,QuantileTransformer,False,svm,41,0.5517454440514785,0.5687887942198288
voiced,QuantileTransformer,False,knn,41,0.5514401140047692,0.5392460357331047
voiced,QuantileTransformer,False,gaussianNB,41,0.5601045322812565,0.5329643807661049
voiced,QuantileTransformer,False,lda,41,0.5439911660816834,0.4870859177540212
voiced,QuantileTransformer,False,qda,41,0.50599735752753,0.484210752529718
voiced,QuantileTransformer,False,dt,41,0.531458740812189,0.5432556723289481
voiced,QuantileTransformer,False,rf,41,0.5871647230483437,0.5871647230483437
voiced,QuantileTransformer,False,adaboost,41,0.5772194256892533,0.5709313459528976
voiced,QuantileTransformer,False,mlp,41,0.5896847732408078,0.5882511844796328
svd,QuantileTransformer,True,svm,42,0.8212269700492165,0.8207173161262584
svd,QuantileTransformer,True,knn,42,0.7076942940737925,0.7150282850555479
svd,QuantileTransformer,True,gaussianNB,42,0.6895305258173305,0.6858708521576571
svd,QuantileTransformer,True,lda,42,0.7969009834222485,0.797351173000028
svd,QuantileTransformer,True,qda,42,0.7546770604894923,0.7597301026853917
svd,QuantileTransformer,True,dt,42,0.7920454663475383,0.7912878905899625
svd,QuantileTransformer,True,rf,42,0.8172726056204791,0.8173009106487843
svd,QuantileTransformer,True,adaboost,42,0.8155458645316879,0.8155458645316879
svd,QuantileTransformer,True,mlp,42,0.7778894133855967,0.765193850133872
voiced,QuantileTransformer,True,svm,42,0.5365542521994134,0.5235239491691104
voiced,QuantileTransformer,True,knn,42,0.5281329423264907,0.5488905180840664
voiced,QuantileTransformer,True,gaussianNB,42,0.6242570869990225,0.6350146627565982
voiced,QuantileTransformer,True,lda,42,0.4675415444770284,0.58683284457478
voiced,QuantileTransformer,True,qda,42,0.5418768328445747,0.5586803519061583
voiced,QuantileTransformer,True,dt,42,0.566622678396872,0.5536119257086998
voiced,QuantileTransformer,True,rf,42,0.5506695992179862,0.5438954056695992
voiced,QuantileTransformer,True,adaboost,42,0.5817497556207234,0.57841642228739
voiced,QuantileTransformer,True,mlp,42,0.5593695014662756,0.5644770283479962
svd,QuantileTransformer,False,svm,42,0.8084623347391858,0.8130828258918859
svd,QuantileTransformer,False,knn,42,0.7195515433840738,0.7181078745214513
svd,QuantileTransformer,False,gaussianNB,42,0.6880944092550676,0.6861605321184285
svd,QuantileTransformer,False,lda,42,0.7872566089338328,0.7886528174255225
svd,QuantileTransformer,False,qda,42,0.7596508811260116,0.76350389328073
svd,QuantileTransformer,False,dt,42,0.7919868026606105,0.7919868026606105
svd,QuantileTransformer,False,rf,42,0.8204364429134031,0.8227499408464254
svd,QuantileTransformer,False,adaboost,42,0.8236590557298221,0.8236590557298221
svd,QuantileTransformer,False,mlp,42,0.763535035093043,0.7673725674585158
voiced,QuantileTransformer,False,svm,42,0.6185921717171717,0.6107196969696969
voiced,QuantileTransformer,False,knn,42,0.44593434343434346,0.5047537878787879
voiced,QuantileTransformer,False,gaussianNB,42,0.6162815656565657,0.6135479797979798
voiced,QuantileTransformer,False,lda,42,0.46788510101010095,0.5230871212121213
voiced,QuantileTransformer,False,qda,42,0.5401830808080808,0.5600252525252525
voiced,QuantileTransformer,False,dt,42,0.5615530303030303,0.5809974747474748
voiced,QuantileTransformer,False,rf,42,0.5254671717171717,0.5428282828282829
voiced,QuantileTransformer,False,adaboost,42,0.5610416666666667,0.5610416666666667
voiced,QuantileTransformer,False,mlp,42,0.5817739898989899,0.6115656565656565
svd,QuantileTransformer,True,svm,43,0.8133437663753913,0.8120623542215689
svd,QuantileTransformer,True,knn,43,0.718591864333413,0.7173416114964641
svd,QuantileTransformer,True,gaussianNB,43,0.6904308323446818,0.6901627670766166
svd,QuantileTransformer,True,lda,43,0.7955204137919514,0.7987779450647499
svd,QuantileTransformer,True,qda,43,0.7546610496010715,0.7564591769553602
svd,QuantileTransformer,True,dt,43,0.7781449902333218,0.7913908229175405
svd,QuantileTransformer,True,rf,43,0.8138600494380211,0.8143903969531013
svd,QuantileTransformer,True,adaboost,43,0.8210923718230152,0.8210923718230152
svd,QuantileTransformer,True,mlp,43,0.7685681693806012,0.7736070291032123
voiced,QuantileTransformer,True,svm,43,0.5699951124144673,0.593069403714565
voiced,QuantileTransformer,True,knn,43,0.4823558162267839,0.5001906158357772
voiced,QuantileTransformer,True,gaussianNB,43,0.6052737047898338,0.6228054740957967
voiced,QuantileTransformer,True,lda,43,0.5421358748778105,0.5162658846529814
voiced,QuantileTransformer,True,qda,43,0.5345454545454544,0.48697458455522974
voiced,QuantileTransformer,True,dt,43,0.5152981427174976,0.48772238514173993
voiced,QuantileTransformer,True,rf,43,0.5351270772238514,0.5317937438905181
voiced,QuantileTransformer,True,adaboost,43,0.5757771260997068,0.5757771260997068
voiced,QuantileTransformer,True,mlp,43,0.5710752688172043,0.5721994134897361
svd,QuantileTransformer,False,svm,43,0.8154265701071957,0.815501248093239
svd,QuantileTransformer,False,knn,43,0.7169487175288127,0.7151820196762413
svd,QuantileTransformer,False,gaussianNB,43,0.6901036405483838,0.6907367252829663
svd,QuantileTransformer,False,lda,43,0.7943106507739426,0.7915577661209585
svd,QuantileTransformer,False,qda,43,0.761965908586245,0.7621128761114939
svd,QuantileTransformer,False,dt,43,0.8018702225574714,0.8018702225574714
svd,QuantileTransformer,False,rf,43,0.8178188503203282,0.8165587619999384
svd,QuantileTransformer,False,adaboost,43,0.8153334237319347,0.8153334237319347
svd,QuantileTransformer,False,mlp,43,0.7643463997494782,0.7744758596452919
voiced,QuantileTransformer,False,svm,43,0.5827773352081407,0.583693132425384
voiced,QuantileTransformer,False,knn,43,0.5583507475969689,0.540514857124816
voiced,QuantileTransformer,False,gaussianNB,43,0.5919345001004361,0.5839152112691339
voiced,QuantileTransformer,False,lda,43,0.5402033450420547,0.5369920516570389
voiced,QuantileTransformer,False,qda,43,0.499727232461316,0.5029340923422583
voiced,QuantileTransformer,False,dt,43,0.591597977040953,0.6060168745734407
voiced,QuantileTransformer,False,rf,43,0.5913614504974185,0.5734558267094418
voiced,QuantileTransformer,False,adaboost,43,0.5611755368233154,0.564384092973048
voiced,QuantileTransformer,False,mlp,43,0.56871525876466,0.6053629417105173
svd,QuantileTransformer,True,svm,44,0.8173466972867189,0.8191150034988638
svd,QuantileTransformer,True,knn,44,0.7215765132722602,0.7203217556707197
svd,QuantileTransformer,True,gaussianNB,44,0.6900961216173866,0.6921007836220486
svd,QuantileTransformer,True,lda,44,0.7942557406243338,0.7983323782724001
svd,QuantileTransformer,True,qda,44,0.7579623466319212,0.7610424362987068
svd,QuantileTransformer,True,dt,44,0.7877643149289824,0.7946288789364034
svd,QuantileTransformer,True,rf,44,0.8279058110192242,0.8246074427208561
svd,QuantileTransformer,True,adaboost,44,0.8222869950841597,0.8222869950841597
svd,QuantileTransformer,True,mlp,44,0.7619920664577153,0.7734060396165086
voiced,QuantileTransformer,True,svm,44,0.5980254154447703,0.6012512218963832
voiced,QuantileTransformer,True,knn,44,0.5941251221896383,0.5751857282502444
voiced,QuantileTransformer,True,gaussianNB,44,0.6183186705767352,0.6400928641251221
voiced,QuantileTransformer,True,lda,44,0.5411583577712611,0.49862658846529817
voiced,QuantileTransformer,True,qda,44,0.49377321603128055,0.5190322580645161
voiced,QuantileTransformer,True,dt,44,0.6077663734115346,0.5822678396871945
voiced,QuantileTransformer,True,rf,44,0.532336265884653,0.5058211143695015
voiced,QuantileTransformer,True,adaboost,44,0.623782991202346,0.6340469208211145
voiced,QuantileTransformer,True,mlp,44,0.6376588465298142,0.6551906158357772
svd,QuantileTransformer,False,svm,44,0.8146314292695171,0.8170237220489065
svd,QuantileTransformer,False,knn,44,0.7095751055796817,0.7128991592056597
svd,QuantileTransformer,False,gaussianNB,44,0.6903190695373034,0.6874693688755862
svd,QuantileTransformer,False,lda,44,0.7921794232535243,0.7904398920215318
svd,QuantileTransformer,False,qda,44,0.7623871018404437,0.7652803910889713
svd,QuantileTransformer,False,dt,44,0.7819944301540712,0.7919394937952813
svd,QuantileTransformer,False,rf,44,0.8070375402856811,0.8070375402856811
svd,QuantileTransformer,False,adaboost,44,0.8034248347916142,0.8034248347916142
svd,QuantileTransformer,False,mlp,44,0.7705154732971202,0.7730491398206226
voiced,QuantileTransformer,False,svm,44,0.5668554736574759,0.5988328832210923
voiced,QuantileTransformer,False,knn,44,0.575330830336392,0.542304507999725
voiced,QuantileTransformer,False,gaussianNB,44,0.5921517816011697,0.5983348421446308
voiced,QuantileTransformer,False,lda,44,0.4510101244695238,0.5290111087775159
voiced,QuantileTransformer,False,qda,44,0.5120603497355444,0.4935658649841074
voiced,QuantileTransformer,False,dt,44,0.5436073739633251,0.5436073739633251
voiced,QuantileTransformer,False,rf,44,0.5394288291118102,0.5359805532497413
voiced,QuantileTransformer,False,adaboost,44,0.5335157383711333,0.5326289907101921
voiced,QuantileTransformer,False,mlp,44,0.5841667929154025,0.5661074187214343
svd,QuantileTransformer,True,svm,45,0.8077127743212802,0.8102761487875991
svd,QuantileTransformer,True,knn,45,0.7037526559227759,0.7186689155991228
svd,QuantileTransformer,True,gaussianNB,45,0.6895719729198464,0.6913248184022448
svd,QuantileTransformer,True,lda,45,0.7873830894659685,0.7790006975939364
svd,QuantileTransformer,True,qda,45,0.7648821679955813,0.7608405843520347
svd,QuantileTransformer,True,dt,45,0.7870496588108367,0.7860292506475712
svd,QuantileTransformer,True,rf,45,0.8210456918581237,0.8215585123709441
svd,QuantileTransformer,True,adaboost,45,0.8075947371421744,0.8075947371421744
svd,QuantileTransformer,True,mlp,45,0.7652663367167184,0.7596499592737324
voiced,QuantileTransformer,True,svm,45,0.5649951124144674,0.5690860215053763
voiced,QuantileTransformer,True,knn,45,0.545425219941349,0.5467057673509286
voiced,QuantileTransformer,True,gaussianNB,45,0.6059188660801563,0.5769794721407624
voiced,QuantileTransformer,True,lda,45,0.5253812316715543,0.47479472140762463
voiced,QuantileTransformer,True,qda,45,0.48364613880742907,0.5617839687194526
voiced,QuantileTransformer,True,dt,45,0.5442375366568915,0.5459042033235582
voiced,QuantileTransformer,True,rf,45,0.5539589442815249,0.5597165200391007
voiced,QuantileTransformer,True,adaboost,45,0.589672531769306,0.5980058651026393
voiced,QuantileTransformer,True,mlp,45,0.5582209188660802,0.6038269794721407
svd,QuantileTransformer,False,svm,45,0.8155407532352047,0.8156069246166535
svd,QuantileTransformer,False,knn,45,0.7231096251942684,0.7241382667406933
svd,QuantileTransformer,False,gaussianNB,45,0.6849856628595605,0.6809670773196985
svd,QuantileTransformer,False,lda,45,0.7947699726758531,0.7949344725996461
svd,QuantileTransformer,False,qda,45,0.7585650328109302,0.7602666828920265
svd,QuantileTransformer,False,dt,45,0.7891506738623532,0.7891506738623532
svd,QuantileTransformer,False,rf,45,0.8168640758778418,0.8185352132775329
svd,QuantileTransformer,False,adaboost,45,0.8166616259438216,0.8166616259438216
svd,QuantileTransformer,False,mlp,45,0.7614559355544556,0.7686826536454793
voiced,QuantileTransformer,False,svm,45,0.5581165587522323,0.5858330705769036
voiced,QuantileTransformer,False,knn,45,0.5784813719206509,0.5468431247226313
voiced,QuantileTransformer,False,gaussianNB,45,0.6255005406428557,0.6401920021085106
voiced,QuantileTransformer,False,lda,45,0.5188259172130139,0.43081703787111747
voiced,QuantileTransformer,False,qda,45,0.46209267593043685,0.5023954182018697
voiced,QuantileTransformer,False,dt,45,0.57820120160253,0.6038056625011083
voiced,QuantileTransformer,False,rf,45,0.5400298304899822,0.561865402325554
voiced,QuantileTransformer,False,adaboost,45,0.5677935972243373,0.5677935972243373
voiced,QuantileTransformer,False,mlp,45,0.6106181474018286,0.6244579550746533
svd,QuantileTransformer,True,svm,46,0.8163495991467637,0.8208924372610304
svd,QuantileTransformer,True,knn,46,0.7241248573309642,0.721336142955554
svd,QuantileTransformer,True,gaussianNB,46,0.6906496012166677,0.6896213437598389
svd,QuantileTransformer,True,lda,46,0.7875719627518973,0.791135779887143
svd,QuantileTransformer,True,qda,46,0.7547122488561966,0.7557591336326341
svd,QuantileTransformer,True,dt,46,0.767418559266978,0.767418559266978
svd,QuantileTransformer,True,rf,46,0.8212361557018045,0.8238002582659071
svd,QuantileTransformer,True,adaboost,46,0.8266275654552645,0.8273851412128401
svd,QuantileTransformer,True,mlp,46,0.7702687443418086,0.7725396431994033
voiced,QuantileTransformer,True,svm,46,0.5977468230694037,0.5879618768328447
voiced,QuantileTransformer,True,knn,46,0.5866617790811339,0.5709677419354839
voiced,QuantileTransformer,True,gaussianNB,46,0.6040371456500488,0.6057673509286412
voiced,QuantileTransformer,True,lda,46,0.5155522971652005,0.5509433040078202
voiced,QuantileTransformer,True,qda,46,0.46502443792766374,0.5086217008797653
voiced,QuantileTransformer,True,dt,46,0.5512316715542521,0.5686559139784946
voiced,QuantileTransformer,True,rf,46,0.5415347018572825,0.5465347018572825
voiced,QuantileTransformer,True,adaboost,46,0.5494525904203323,0.5652101661779081
voiced,QuantileTransformer,True,mlp,46,0.6169892473118279,0.6136119257086999
svd,QuantileTransformer,False,svm,46,0.8193901050138743,0.8161668197738642
svd,QuantileTransformer,False,knn,46,0.7223693200205853,0.7101288899882299
svd,QuantileTransformer,False,gaussianNB,46,0.690049769798522,0.6892292569780092
svd,QuantileTransformer,False,lda,46,0.7845330048582578,0.7823291282075032
svd,QuantileTransformer,False,qda,46,0.7527299581370581,0.7521323901825108
svd,QuantileTransformer,False,dt,46,0.7796109841279819,0.7767695260691325
svd,QuantileTransformer,False,rf,46,0.8178403637541807,0.8234639465206207
svd,QuantileTransformer,False,adaboost,46,0.8210973042306747,0.8210973042306747
svd,QuantileTransformer,False,mlp,46,0.7669568816591184,0.7721004436578088
voiced,QuantileTransformer,False,svm,46,0.5685209332185138,0.5603666755884498
voiced,QuantileTransformer,False,knn,46,0.5791310959052896,0.5095534938478486
voiced,QuantileTransformer,False,gaussianNB,46,0.5673221849834753,0.5907877934490837
voiced,QuantileTransformer,False,lda,46,0.5533600211019565,0.4793904870517774
voiced,QuantileTransformer,False,qda,46,0.5293692687241075,0.4939670223742804
voiced,QuantileTransformer,False,dt,46,0.5572704483389967,0.565590253533802
voiced,QuantileTransformer,False,rf,46,0.5909828507812378,0.5976495174479045
voiced,QuantileTransformer,False,adaboost,46,0.6248805644773386,0.6089083422551165
voiced,QuantileTransformer,False,mlp,46,0.6198285563003305,0.5689009235985043
svd,QuantileTransformer,True,svm,47,0.8107447877458782,0.8112279650556641
svd,QuantileTransformer,True,knn,47,0.7322923750186564,0.7336209573777731
svd,QuantileTransformer,True,gaussianNB,47,0.6916193602834824,0.6895662498170678
svd,QuantileTransformer,True,lda,47,0.7883198008825054,0.7863596926519498
svd,QuantileTransformer,True,qda,47,0.7546692111959288,0.7554676239790743
svd,QuantileTransformer,True,dt,47,0.7766408110246714,0.7877830021668626
svd,QuantileTransformer,True,rf,47,0.8170472057931164,0.8178047815506921
svd,QuantileTransformer,True,adaboost,47,0.8137178561169837,0.8137178561169837
svd,QuantileTransformer,True,mlp,47,0.7634242057469974,0.7601187162528492
voiced,QuantileTransformer,True,svm,47,0.538802541544477,0.5552541544477029
voiced,QuantileTransformer,True,knn,47,0.5726783968719452,0.5432600195503421
voiced,QuantileTransformer,True,gaussianNB,47,0.5853323558162268,0.5928641251221896
voiced,QuantileTransformer,True,lda,47,0.513646138807429,0.4903812316715543
voiced,QuantileTransformer,True,qda,47,0.5206353861192572,0.4563000977517107
voiced,QuantileTransformer,True,dt,47,0.5376783968719453,0.5883479960899316
voiced,QuantileTransformer,True,rf,47,0.4842619745845552,0.5066862170087976
voiced,QuantileTransformer,True,adaboost,47,0.6011241446725317,0.5927908113391984
voiced,QuantileTransformer,True,mlp,47,0.5346236559139784,0.5040615835777127
svd,QuantileTransformer,False,svm,47,0.8153856765916494,0.816394831167581
svd,QuantileTransformer,False,knn,47,0.7222333449720171,0.722362764904511
svd,QuantileTransformer,False,gaussianNB,47,0.6895195102360866,0.6861010137374802
svd,QuantileTransformer,False,lda,47,0.7957835004853993,0.7977166804679493
svd,QuantileTransformer,False,qda,47,0.7588484706248586,0.760654369960655
svd,QuantileTransformer,False,dt,47,0.78777953134936,0.7863235200339427
svd,QuantileTransformer,False,rf,47,0.8189807598757135,0.8194758093806639
svd,QuantileTransformer,False,adaboost,47,0.8198455562152528,0.8198455562152528
svd,QuantileTransformer,False,mlp,47,0.7590641434101812,0.774254406494775
voiced,QuantileTransformer,False,svm,47,0.5613062863320094,0.5688435832644676
voiced,QuantileTransformer,False,knn,47,0.5569691561682661,0.5353108973124268
voiced,QuantileTransformer,False,gaussianNB,47,0.6201926845864554,0.6416270715596355
voiced,QuantileTransformer,False,lda,47,0.5218737045614132,0.42657510299612633
voiced,QuantileTransformer,False,qda,47,0.5005985486519413,0.5305521807941163
voiced,QuantileTransformer,False,dt,47,0.5743756669729974,0.6285684208264853
voiced,QuantileTransformer,False,rf,47,0.5674811061358614,0.5695180364994046
voiced,QuantileTransformer,False,adaboost,47,0.5832319935656975,0.5673668909264015
voiced,QuantileTransformer,False,mlp,47,0.577815542509647,0.5809895302602477
svd,QuantileTransformer,True,svm,48,0.8117685404381152,0.8138198224893973
svd,QuantileTransformer,True,knn,48,0.7107775666717869,0.7069574282496857
svd,QuantileTransformer,True,gaussianNB,48,0.6871346646810115,0.6881603057066525
svd,QuantileTransformer,True,lda,48,0.790897492184297,0.7964956145272394
svd,QuantileTransformer,True,qda,48,0.7669731431781596,0.7672247817613138
svd,QuantileTransformer,True,dt,48,0.7707743111123702,0.7639756027324184
svd,QuantileTransformer,True,rf,48,0.8192356262421694,0.8200138955918671
svd,QuantileTransformer,True,adaboost,48,0.800994403633444,0.8022647999038404
svd,QuantileTransformer,True,mlp,48,0.7794289153231356,0.7746298158402848
voiced,QuantileTransformer,True,svm,48,0.588763440860215,0.5974633431085044
voiced,QuantileTransformer,True,knn,48,0.533088954056696,0.48735581622678403
voiced,QuantileTransformer,True,gaussianNB,48,0.5986901270772239,0.6140127077223851
voiced,QuantileTransformer,True,lda,48,0.5012023460410557,0.49587976539589446
voiced,QuantileTransformer,True,qda,48,0.5160508308895406,0.5213098729227761
voiced,QuantileTransformer,True,dt,48,0.5972043010752689,0.5365982404692082
voiced,QuantileTransformer,True,rf,48,0.5506256109481915,0.5415347018572825
voiced,QuantileTransformer,True,adaboost,48,0.5463196480938417,0.5463196480938417
voiced,QuantileTransformer,True,mlp,48,0.6055376344086021,0.6154301075268818
svd,QuantileTransformer,False,svm,48,0.8167698802928467,0.8159930957973124
svd,QuantileTransformer,False,knn,48,0.7294537657408362,0.725441783445573
svd,QuantileTransformer,False,gaussianNB,48,0.6913007463857463,0.6900424916004972
svd,QuantileTransformer,False,lda,48,0.7778784553987915,0.7801771003107432
svd,QuantileTransformer,False,qda,48,0.7553115025195106,0.7535953847477974
svd,QuantileTransformer,False,dt,48,0.7784318215038617,0.7791360468559743
svd,QuantileTransformer,False,rf,48,0.8228876863458963,0.8246064363458963
svd,QuantileTransformer,False,adaboost,48,0.8130069619946443,0.8130069619946443
svd,QuantileTransformer,False,mlp,48,0.7561717598419783,0.7612958200218415
voiced,QuantileTransformer,False,svm,48,0.583779792138426,0.5841247160317369
voiced,QuantileTransformer,False,knn,48,0.44750307356569213,0.5484090064830103
voiced,QuantileTransformer,False,gaussianNB,48,0.5892340683422277,0.5887591328483169
voiced,QuantileTransformer,False,lda,48,0.4832145709375311,0.4844767956058279
voiced,QuantileTransformer,False,qda,48,0.44776236203181174,0.5135851466686382
voiced,QuantileTransformer,False,dt,48,0.6157374367146664,0.596382598004989
voiced,QuantileTransformer,False,rf,48,0.55865298872889,0.5537637603102499
voiced,QuantileTransformer,False,adaboost,48,0.6163413661326376,0.6163413661326376
voiced,QuantileTransformer,False,mlp,48,0.5927251461027552,0.5726665589663692
svd,QuantileTransformer,True,svm,49,0.808982620433002,0.8102504002722105
svd,QuantileTransformer,True,knn,49,0.714194801926536,0.7205929875286474
svd,QuantileTransformer,True,gaussianNB,49,0.6911126786699306,0.6905765481338001
svd,QuantileTransformer,True,lda,49,0.7871012575211048,0.7926639536399624
svd,QuantileTransformer,True,qda,49,0.7564376953471827,0.7554256866361555
svd,QuantileTransformer,True,dt,49,0.7800067889217288,0.7800067889217288
svd,QuantileTransformer,True,rf,49,0.8182662829718446,0.8195398458321032
svd,QuantileTransformer,True,adaboost,49,0.8197381589693477,0.8197381589693477
svd,QuantileTransformer,True,mlp,49,0.766505989466731,0.7661579442004743
voiced,QuantileTransformer,True,svm,49,0.5360312805474094,0.5326979472140762
voiced,QuantileTransformer,True,knn,49,0.5201466275659824,0.48863147605083085
voiced,QuantileTransformer,True,gaussianNB,49,0.5612609970674487,0.5843157380254154
voiced,QuantileTransformer,True,lda,49,0.5006158357771261,0.5324975562072336
voiced,QuantileTransformer,True,qda,49,0.547761485826002,0.4877517106549365
voiced,QuantileTransformer,True,dt,49,0.5615982404692083,0.5396236559139784
voiced,QuantileTransformer,True,rf,49,0.5344330400782014,0.5409921798631476
voiced,QuantileTransformer,True,adaboost,49,0.5655376344086022,0.5655376344086022
voiced,QuantileTransformer,True,mlp,49,0.5316617790811339,0.5240224828934507
svd,QuantileTransformer,False,svm,49,0.8112633218167629,0.8137134244240016
svd,QuantileTransformer,False,knn,49,0.7206071374705878,0.7212023169660793
svd,QuantileTransformer,False,gaussianNB,49,0.6859741726307814,0.683486643950804
svd,QuantileTransformer,False,lda,49,0.7809265170722686,0.7764005675727107
svd,QuantileTransformer,False,qda,49,0.7588559876765466,0.7599555513888097
svd,QuantileTransformer,False,dt,49,0.7807314931345655,0.7807314931345655
svd,QuantileTransformer,False,rf,49,0.8180566508343488,0.817530335044875
svd,QuantileTransformer,False,adaboost,49,0.8145610303636946,0.8140937406440685
svd,QuantileTransformer,False,mlp,49,0.7644634069483256,0.7729440624408083
voiced,QuantileTransformer,False,svm,49,0.5787097098303995,0.5886323446668275
voiced,QuantileTransformer,False,knn,49,0.5664777750984648,0.6039072421831043
voiced,QuantileTransformer,False,gaussianNB,49,0.5845751949200225,0.6019262920987059
voiced,QuantileTransformer,False,lda,49,0.6229396752672616,0.5198685796961658
voiced,QuantileTransformer,False,qda,49,0.5248926935133831,0.47034221525600833
voiced,QuantileTransformer,False,dt,49,0.5451579455027731,0.599206655413552
voiced,QuantileTransformer,False,rf,49,0.553183023872679,0.5592086648983201
voiced,QuantileTransformer,False,adaboost,49,0.6033335342818101,0.5740895024515715
voiced,QuantileTransformer,False,mlp,49,0.5791234627441525,0.6019307129651957
svd,QuantileTransformer,True,svm,50,0.8236947839510546,0.8234733387296093
svd,QuantileTransformer,True,knn,50,0.711904309794168,0.7104562939786495
svd,QuantileTransformer,True,gaussianNB,50,0.6911783581739963,0.6893854636820831
svd,QuantileTransformer,True,lda,50,0.8003402068669245,0.8021181907877655
svd,QuantileTransformer,True,qda,50,0.7616535518280338,0.7642124215297607
svd,QuantileTransformer,True,dt,50,0.7933989474720119,0.7933989474720119
svd,QuantileTransformer,True,rf,50,0.8129060488766051,0.8121484731190293
svd,QuantileTransformer,True,adaboost,50,0.8051412836527341,0.8051412836527341
svd,QuantileTransformer,True,mlp,50,0.763177977965328,0.7679792036389637
voiced,QuantileTransformer,True,svm,50,0.56183284457478,0.5445454545454546
voiced,QuantileTransformer,True,knn,50,0.5257966764418378,0.527355816226784
voiced,QuantileTransformer,True,gaussianNB,50,0.5873264907135876,0.5922825024437928
voiced,QuantileTransformer,True,lda,50,0.5347751710654937,0.47581133919843593
voiced,QuantileTransformer,True,qda,50,0.5169550342130987,0.4905913978494624
voiced,QuantileTransformer,True,dt,50,0.5691935483870967,0.5891495601173021
voiced,QuantileTransformer,True,rf,50,0.5445454545454546,0.5645454545454547
voiced,QuantileTransformer,True,adaboost,50,0.5862316715542522,0.5762316715542521
voiced,QuantileTransformer,True,mlp,50,0.5633919843597263,0.585058651026393
svd,QuantileTransformer,False,svm,50,0.8167388357729071,0.8186144722906628
svd,QuantileTransformer,False,knn,50,0.7192301540413168,0.7155721307488913
svd,QuantileTransformer,False,gaussianNB,50,0.69216543101235,0.6931073407034855
svd,QuantileTransformer,False,lda,50,0.7954464050787088,0.7951957014535209
svd,QuantileTransformer,False,qda,50,0.7591421689955786,0.7582415025298974
svd,QuantileTransformer,False,dt,50,0.7951952586379011,0.7947875035986643
svd,QuantileTransformer,False,rf,50,0.8183659455941836,0.8189228811459799
svd,QuantileTransformer,False,adaboost,50,0.8207040094780623,0.8207040094780623
svd,QuantileTransformer,False,mlp,50,0.76618183417539,0.7650617320152392
voiced,QuantileTransformer,False,svm,50,0.5901087705398049,0.5555712247522593
voiced,QuantileTransformer,False,knn,50,0.5375255778704054,0.5023744789693065
voiced,QuantileTransformer,False,gaussianNB,50,0.6284520867063972,0.6210631107398348
voiced,QuantileTransformer,False,lda,50,0.4744728260245502,0.5012736975668011
voiced,QuantileTransformer,False,qda,50,0.5092020335985853,0.543808224821156
voiced,QuantileTransformer,False,dt,50,0.5717764778325123,0.513178050397878
voiced,QuantileTransformer,False,rf,50,0.5250856901718971,0.5502322103184172
voiced,QuantileTransformer,False,adaboost,50,0.5353083626143971,0.5353083626143971
voiced,QuantileTransformer,False,mlp,50,0.6014155887216232,0.6117702340762685
svd,QuantileTransformer,True,svm,51,0.8262161611561829,0.8246739828691846
svd,QuantileTransformer,True,knn,51,0.732023031494133,0.7277309095847808
svd,QuantileTransformer,True,gaussianNB,51,0.6841835518171396,0.6844387727866463
svd,QuantileTransformer,True,lda,51,0.7975082605507906,0.7936828892663135
svd,QuantileTransformer,True,qda,51,0.7539577053262985,0.7565055591445995
svd,QuantileTransformer,True,dt,51,0.78445735289792,0.78445735289792
svd,QuantileTransformer,True,rf,51,0.8103642740393013,0.8116346703096976
svd,QuantileTransformer,True,adaboost,51,0.8133964654030084,0.8133964654030084
svd,QuantileTransformer,True,mlp,51,0.7665322881407942,0.769810690944824
voiced,QuantileTransformer,True,svm,51,0.5689149560117303,0.5617057673509287
voiced,QuantileTransformer,True,knn,51,0.52341642228739,0.46609970674486806
voiced,QuantileTransformer,True,gaussianNB,51,0.5940566959921798,0.6240566959921799
voiced,QuantileTransformer,True,lda,51,0.5465884652981428,0.5087976539589443
voiced,QuantileTransformer,True,qda,51,0.5262561094819159,0.5124975562072336
voiced,QuantileTransformer,True,dt,51,0.5638269794721407,0.5974193548387097
voiced,QuantileTransformer,True,rf,51,0.5541544477028347,0.5541544477028347
voiced,QuantileTransformer,True,adaboost,51,0.6196089931573802,0.6361241446725316
voiced,QuantileTransformer,True,mlp,51,0.5493255131964809,0.5433724340175953
svd,QuantileTransformer,False,svm,51,0.8267669344293325,0.8222082661403418
svd,QuantileTransformer,False,knn,51,0.7209946983972457,0.7141701222753201
svd,QuantileTransformer,False,gaussianNB,51,0.6898193808203519,0.6923552599738781
svd,QuantileTransformer,False,lda,51,0.7912989629585127,0.7918289141349255
svd,QuantileTransformer,False,qda,51,0.7659315883641205,0.7649662645315601
svd,QuantileTransformer,False,dt,51,0.8019080289874623,0.7918781233053827
svd,QuantileTransformer,False,rf,51,0.8229073069013344,0.8229073069013344
svd,QuantileTransformer,False,adaboost,51,0.8047080201915773,0.8047080201915773
svd,QuantileTransformer,False,mlp,51,0.7723790846958778,0.7605135144750979
voiced,QuantileTransformer,False,svm,51,0.5695399786994615,0.5407801370085853
voiced,QuantileTransformer,False,knn,51,0.5212413903146662,0.5286638409483237
voiced,QuantileTransformer,False,gaussianNB,51,0.6231682230604644,0.5984641316537868
voiced,QuantileTransformer,False,lda,51,0.5194735460899255,0.48687839937839944
voiced,QuantileTransformer,False,qda,51,0.5398322582589824,0.5004429119730844
voiced,QuantileTransformer,False,dt,51,0.6095197546706167,0.5699496384841213
voiced,QuantileTransformer,False,rf,51,0.5906191390027598,0.5570742356302703
voiced,QuantileTransformer,False,adaboost,51,0.5393936523246868,0.5393936523246868
voiced,QuantileTransformer,False,mlp,51,0.5876257004489763,0.5753233954742576
svd,QuantileTransformer,True,svm,52,0.8189348274408254,0.8207089166740202
svd,QuantileTransformer,True,knn,52,0.7231121205221532,0.7251348596877496
svd,QuantileTransformer,True,gaussianNB,52,0.6878495586565381,0.6898813073513184
svd,QuantileTransformer,True,lda,52,0.7942127628823377,0.7873492392739939
svd,QuantileTransformer,True,qda,52,0.7642255036857,0.7652252182568431
svd,QuantileTransformer,True,dt,52,0.7836354684937018,0.7910597109179442
svd,QuantileTransformer,True,rf,52,0.8137012950698883,0.8126471111585616
svd,QuantileTransformer,True,adaboost,52,0.812198125393327,0.812198125393327
svd,QuantileTransformer,True,mlp,52,0.768304608877128,0.7639294747419065
voiced,QuantileTransformer,True,svm,52,0.6237194525904203,0.618069403714565
voiced,QuantileTransformer,True,knn,52,0.5333088954056697,0.5323069403714565
voiced,QuantileTransformer,True,gaussianNB,52,0.6186217008797653,0.6525610948191594
voiced,QuantileTransformer,True,lda,52,0.4881036168132942,0.5867008797653959
voiced,QuantileTransformer,True,qda,52,0.4952052785923754,0.570464320625611
voiced,QuantileTransformer,True,dt,52,0.5868377321603129,0.5620332355816225
voiced,QuantileTransformer,True,rf,52,0.5497605083088954,0.525019550342131
voiced,QuantileTransformer,True,adaboost,52,0.5676148582600196,0.5710557184750733
voiced,QuantileTransformer,True,mlp,52,0.6294770283479961,0.5870967741935484
svd,QuantileTransformer,False,svm,52,0.8140308299184834,0.8140239985202872
svd,QuantileTransformer,False,knn,52,0.7133965190688623,0.7125067889850518
svd,QuantileTransformer,False,gaussianNB,52,0.6884051276222346,0.6892160313379548
svd,QuantileTransformer,False,lda,52,0.7889540604820131,0.7885133509388764
svd,QuantileTransformer,False,qda,52,0.7480137811269898,0.7517888904835924
svd,QuantileTransformer,False,dt,52,0.7670180436967033,0.7822687994520712
svd,QuantileTransformer,False,rf,52,0.8216353265466296,0.8246746068192783
svd,QuantileTransformer,False,adaboost,52,0.8182475211771305,0.8177320572596045
svd,QuantileTransformer,False,mlp,52,0.7617513863021756,0.7696376511256997
voiced,QuantileTransformer,False,svm,52,0.566800637539653,0.5610277365797389
voiced,QuantileTransformer,False,knn,52,0.540129052857084,0.5443090573888683
voiced,QuantileTransformer,False,gaussianNB,52,0.6255825145223086,0.6002725765253574
voiced,QuantileTransformer,False,lda,52,0.44663847175874427,0.5230583621719607
voiced,QuantileTransformer,False,qda,52,0.5177906006674082,0.5069292269187986
voiced,QuantileTransformer,False,dt,52,0.5223947390104231,0.5727826700449058
voiced,QuantileTransformer,False,rf,52,0.5585076782845138,0.5585218143616364
voiced,QuantileTransformer,False,adaboost,52,0.5587351687059696,0.5587351687059696
voiced,QuantileTransformer,False,mlp,52,0.5679498310880402,0.5643536542660569
svd,QuantileTransformer,True,svm,53,0.8175502432863393,0.8170638993866911
svd,QuantileTransformer,True,knn,53,0.7180863429554813,0.7183381594777452
svd,QuantileTransformer,True,gaussianNB,53,0.6895174436613913,0.6930967215263835
svd,QuantileTransformer,True,lda,53,0.7937382809847369,0.792197753173762
svd,QuantileTransformer,True,qda,53,0.7574815914728674,0.7564675164893269
svd,QuantileTransformer,True,dt,53,0.7864555037837481,0.7859452997021155
svd,QuantileTransformer,True,rf,53,0.8172086946132747,0.8182110256156057
svd,QuantileTransformer,True,adaboost,53,0.8152124320608507,0.8152124320608507
svd,QuantileTransformer,True,mlp,53,0.758854340860884,0.760861797235843
voiced,QuantileTransformer,True,svm,53,0.5991495601173019,0.5965738025415444
voiced,QuantileTransformer,True,knn,53,0.5327859237536656,0.5154692082111436
voiced,QuantileTransformer,True,gaussianNB,53,0.6213098729227762,0.595811339198436
voiced,QuantileTransformer,True,lda,53,0.4521065493646138,0.45689149560117304
voiced,QuantileTransformer,True,qda,53,0.5227761485826001,0.5259530791788857
voiced,QuantileTransformer,True,dt,53,0.6220723362658845,0.5590860215053763
voiced,QuantileTransformer,True,rf,53,0.5469012707722386,0.5269012707722386
voiced,QuantileTransformer,True,adaboost,53,0.5965102639296187,0.5948435972629521
voiced,QuantileTransformer,True,mlp,53,0.5549951124144673,0.5805571847507331
svd,QuantileTransformer,False,svm,53,0.8103480488466269,0.806008826559939
svd,QuantileTransformer,False,knn,53,0.7276186350927325,0.7208874197326048
svd,QuantileTransformer,False,gaussianNB,53,0.6811877619234212,0.6857025931382641
svd,QuantileTransformer,False,lda,53,0.7745808563386472,0.7725531464855464
svd,QuantileTransformer,False,qda,53,0.7560801523209022,0.7579607308344677
svd,QuantileTransformer,False,dt,53,0.7856138739081667,0.7856138739081667
svd,QuantileTransformer,False,rf,53,0.824195954575457,0.8251145923611614
svd,QuantileTransformer,False,adaboost,53,0.8291598153762593,0.8291598153762593
svd,QuantileTransformer,False,mlp,53,0.7689310341017297,0.7683447903499969
voiced,QuantileTransformer,False,svm,53,0.5712900660961006,0.5497004631702908
voiced,QuantileTransformer,False,knn,53,0.48700606226468296,0.4773202157038364
voiced,QuantileTransformer,False,gaussianNB,53,0.5877945713290541,0.5886708940803769
voiced,QuantileTransformer,False,lda,53,0.5258029287124115,0.5253018796337762
voiced,QuantileTransformer,False,qda,53,0.5221416650080444,0.5405047602461396
voiced,QuantileTransformer,False,dt,53,0.6141335875172083,0.6417672724784793
voiced,QuantileTransformer,False,rf,53,0.5257813251563251,0.5093729889204027
voiced,QuantileTransformer,False,adaboost,53,0.5515071279295417,0.5400785565009703
voiced,QuantileTransformer,False,mlp,53,0.60153828929691,0.587369518253139
svd,QuantileTransformer,True,svm,54,0.8163490489880895,0.8160836001512118
svd,QuantileTransformer,True,knn,54,0.7313498805810693,0.7290176889631633
svd,QuantileTransformer,True,gaussianNB,54,0.693387978796921,0.694675114053522
svd,QuantileTransformer,True,lda,54,0.7959744381391055,0.8000393318059622
svd,QuantileTransformer,True,qda,54,0.7595406792407883,0.7610327585900105
svd,QuantileTransformer,True,dt,54,0.7923251412346287,0.7930827169922043
svd,QuantileTransformer,True,rf,54,0.8233282747786564,0.8194911595129696
svd,QuantileTransformer,True,adaboost,54,0.8164945723124568,0.8164945723124568
svd,QuantileTransformer,True,mlp,54,0.7776334044000347,0.7809375557194531
voiced,QuantileTransformer,True,svm,54,0.5493010752688172,0.5451026392961876
voiced,QuantileTransformer,True,knn,54,0.5567253176930597,0.5907282502443792
voiced,QuantileTransformer,True,gaussianNB,54,0.580117302052786,0.5502248289345063
voiced,QuantileTransformer,True,lda,54,0.47581133919843593,0.5352052785923753
voiced,QuantileTransformer,True,qda,54,0.4945894428152493,0.4820576735092864
voiced,QuantileTransformer,True,dt,54,0.5995796676441838,0.5300537634408602
voiced,QuantileTransformer,True,rf,54,0.5225513196480939,0.5483088954056695
voiced,QuantileTransformer,True,adaboost,54,0.5708651026392962,0.5641984359726295
voiced,QuantileTransformer,True,mlp,54,0.5940420332355816,0.5656011730205279
svd,QuantileTransformer,False,svm,54,0.8218912318394006,0.8228697888577654
svd,QuantileTransformer,False,knn,54,0.7212624031955258,0.7268259962565511
svd,QuantileTransformer,False,gaussianNB,54,0.6914291781314702,0.6900941511320245
svd,QuantileTransformer,False,lda,54,0.7886315364629721,0.7870842252046376
svd,QuantileTransformer,False,qda,54,0.7568587298319203,0.7608585175657957
svd,QuantileTransformer,False,dt,54,0.7945610458901788,0.7880211572074328
svd,QuantileTransformer,False,rf,54,0.8277550481841155,0.8277322765666595
svd,QuantileTransformer,False,adaboost,54,0.8165813306910298,0.8165813306910298
svd,QuantileTransformer,False,mlp,54,0.7678885457486422,0.7574083428323124
voiced,QuantileTransformer,False,svm,54,0.5682840722495895,0.5617159277504105
voiced,QuantileTransformer,False,knn,54,0.5717405582922824,0.5519786535303777
voiced,QuantileTransformer,False,gaussianNB,54,0.5887848932676519,0.6327339901477832
voiced,QuantileTransformer,False,lda,54,0.5360509031198687,0.5280952380952381
voiced,QuantileTransformer,False,qda,54,0.5272988505747127,0.5633661740558292
voiced,QuantileTransformer,False,dt,54,0.5679392446633826,0.5688752052545156
voiced,QuantileTransformer,False,rf,54,0.5458538587848933,0.5653776683087027
voiced,QuantileTransformer,False,adaboost,54,0.5232512315270936,0.5232512315270936
voiced,QuantileTransformer,False,mlp,54,0.5670853858784893,0.5486371100164203
svd,QuantileTransformer,True,svm,55,0.8193690642327501,0.8178332191254765
svd,QuantileTransformer,True,knn,55,0.7134009520105485,0.7088672414463035
svd,QuantileTransformer,True,gaussianNB,55,0.6918565785359678,0.6885142066221673
svd,QuantileTransformer,True,lda,55,0.8040269799266527,0.8019990078986808
svd,QuantileTransformer,True,qda,55,0.7531478445218903,0.7505988903862404
svd,QuantileTransformer,True,dt,55,0.772511576028479,0.772511576028479
svd,QuantileTransformer,True,rf,55,0.8187052188088175,0.8153966226430784
svd,QuantileTransformer,True,adaboost,55,0.8219698712773958,0.8219698712773958
svd,QuantileTransformer,True,mlp,55,0.7758232788658088,0.7723144812294211
voiced,QuantileTransformer,True,svm,55,0.5747360703812316,0.5854496578690126
voiced,QuantileTransformer,True,knn,55,0.49107526881720426,0.49456011730205274
voiced,QuantileTransformer,True,gaussianNB,55,0.5552248289345064,0.5702248289345063
voiced,QuantileTransformer,True,lda,55,0.48379765395894425,0.47921309872922774
voiced,QuantileTransformer,True,qda,55,0.5654349951124144,0.5008113391984359
voiced,QuantileTransformer,True,dt,55,0.6101710654936461,0.5570332355816228
voiced,QuantileTransformer,True,rf,55,0.5157331378299121,0.5033088954056696
voiced,QuantileTransformer,True,adaboost,55,0.5973998044965787,0.6189149560117302
voiced,QuantileTransformer,True,mlp,55,0.5439345063538612,0.511661779081134
svd,QuantileTransformer,False,svm,55,0.8110724431524666,0.8120693690429583
svd,QuantileTransformer,False,knn,55,0.7216367738709255,0.7275243800966311
svd,QuantileTransformer,False,gaussianNB,55,0.6934127735209031,0.689853588778412
svd,QuantileTransformer,False,lda,55,0.7692171231948058,0.7757839274748983
svd,QuantileTransformer,False,qda,55,0.7574088189608614,0.7576100598757011
svd,QuantileTransformer,False,dt,55,0.7858226883609637,0.7865421128213954
svd,QuantileTransformer,False,rf,55,0.8226633466941058,0.8229328984425477
svd,QuantileTransformer,False,adaboost,55,0.8184401795687741,0.8184401795687741
svd,QuantileTransformer,False,mlp,55,0.7652479910322132,0.759251704714098
voiced,QuantileTransformer,False,svm,55,0.579789748790763,0.5613865917719874
voiced,QuantileTransformer,False,knn,55,0.555287356321839,0.49223123732251517
voiced,QuantileTransformer,False,gaussianNB,55,0.6239674676236542,0.6211412336818016
voiced,QuantileTransformer,False,lda,55,0.4873126332761221,0.47889179279138705
voiced,QuantileTransformer,False,qda,55,0.534159255214022,0.45802712331616996
voiced,QuantileTransformer,False,dt,55,0.5354873355177615,0.5514427627815052
voiced,QuantileTransformer,False,rf,55,0.5415293597545119,0.5434660893535134
voiced,QuantileTransformer,False,adaboost,55,0.5824329068497425,0.5824329068497425
voiced,QuantileTransformer,False,mlp,55,0.5711681489571957,0.5494338690383315
svd,QuantileTransformer,True,svm,56,0.8234894839802145,0.8239939050407971
svd,QuantileTransformer,True,knn,56,0.7089752305128532,0.7219576806327079
svd,QuantileTransformer,True,gaussianNB,56,0.6906567224124476,0.6898758366315618
svd,QuantileTransformer,True,lda,56,0.7883906533306752,0.7881490646757824
svd,QuantileTransformer,True,qda,56,0.7644186003019154,0.7580419707518944
svd,QuantileTransformer,True,dt,56,0.7782023447290622,0.781711930381505
svd,QuantileTransformer,True,rf,56,0.8185531099217032,0.8129581541686232
svd,QuantileTransformer,True,adaboost,56,0.8083719225158703,0.8083719225158703
svd,QuantileTransformer,True,mlp,56,0.7685275847380536,0.7698255579389712
voiced,QuantileTransformer,True,svm,56,0.5923118279569892,0.5907526881720431
voiced,QuantileTransformer,True,knn,56,0.4889589442815249,0.4922922776148583
voiced,QuantileTransformer,True,gaussianNB,56,0.6284701857282503,0.641544477028348
voiced,QuantileTransformer,True,lda,56,0.5452737047898337,0.5240175953079179
voiced,QuantileTransformer,True,qda,56,0.49727272727272726,0.5583333333333333
voiced,QuantileTransformer,True,dt,56,0.5691055718475073,0.557375366568915
voiced,QuantileTransformer,True,rf,56,0.4845845552297166,0.5173802541544477
voiced,QuantileTransformer,True,adaboost,56,0.538049853372434,0.549672531769306
voiced,QuantileTransformer,True,mlp,56,0.5989345063538611,0.5965102639296187
svd,QuantileTransformer,False,svm,56,0.8214815075242857,0.8219375580434349
svd,QuantileTransformer,False,knn,56,0.7258371674353621,0.7205459408152496
svd,QuantileTransformer,False,gaussianNB,56,0.6913678045744451,0.6902746400870365
svd,QuantileTransformer,False,lda,56,0.7965832640945243,0.7976693115519033
svd,QuantileTransformer,False,qda,56,0.7590364390415314,0.753530878939336
svd,QuantileTransformer,False,dt,56,0.7858710765116376,0.7863206493571699
svd,QuantileTransformer,False,rf,56,0.8195586783563549,0.8231754347362866
svd,QuantileTransformer,False,adaboost,56,0.820714528287734,0.820714528287734
svd,QuantileTransformer,False,mlp,56,0.7705240961915794,0.7743507836643185
voiced,QuantileTransformer,False,svm,56,0.5449579790806154,0.5339113054477348
voiced,QuantileTransformer,False,knn,56,0.5536418362412523,0.49754807638289283
voiced,QuantileTransformer,False,gaussianNB,56,0.6183553944510564,0.5882906026120709
voiced,QuantileTransformer,False,lda,56,0.4796855723531196,0.46408802774903996
voiced,QuantileTransformer,False,qda,56,0.5003008263519944,0.5055126098410303
voiced,QuantileTransformer,False,dt,56,0.5473672594862806,0.5937545072959421
voiced,QuantileTransformer,False,rf,56,0.5729467614019895,0.5353442944245225
voiced,QuantileTransformer,False,adaboost,56,0.6224856013934156,0.6186394475472617
voiced,QuantileTransformer,False,mlp,56,0.5820860623432925,0.6301709120813681
svd,QuantileTransformer,True,svm,57,0.8153357620206038,0.8170930523493227
svd,QuantileTransformer,True,knn,57,0.7234938235156337,0.7227347316442192
svd,QuantileTransformer,True,gaussianNB,57,0.6883424735932915,0.6893628817565569
svd,QuantileTransformer,True,lda,57,0.7998910431625808,0.7945253819245096
svd,QuantileTransformer,True,qda,57,0.7598207862657154,0.7611221039956045
svd,QuantileTransformer,True,dt,57,0.7863276545337613,0.7863276545337613
svd,QuantileTransformer,True,rf,57,0.8271383632724962,0.8223300763213522
svd,QuantileTransformer,True,adaboost,57,0.8164175065211051,0.8164175065211051
svd,QuantileTransformer,True,mlp,57,0.7632363583345045,0.7741568663978697
voiced,QuantileTransformer,True,svm,57,0.544652981427175,0.5447165200391006
voiced,QuantileTransformer,True,knn,57,0.5405180840664712,0.551661779081134
voiced,QuantileTransformer,True,gaussianNB,57,0.6134066471163245,0.5952248289345063
voiced,QuantileTransformer,True,lda,57,0.4575464320625612,0.45695992179863143
voiced,QuantileTransformer,True,qda,57,0.5176686217008798,0.5070576735092864
voiced,QuantileTransformer,True,dt,57,0.5622678396871945,0.5704936461388075
voiced,QuantileTransformer,True,rf,57,0.5355620723362658,0.5588954056695993
voiced,QuantileTransformer,True,adaboost,57,0.6128983382209189,0.6128983382209189
voiced,QuantileTransformer,True,mlp,57,0.5531573802541544,0.6012316715542523
svd,QuantileTransformer,False,svm,57,0.8172262569037549,0.8162857530745258
svd,QuantileTransformer,False,knn,57,0.7006747517122316,0.7054108718785451
svd,QuantileTransformer,False,gaussianNB,57,0.6921640543279337,0.6960262756965939
svd,QuantileTransformer,False,lda,57,0.7851648414658902,0.7873410236556534
svd,QuantileTransformer,False,qda,57,0.7621359365437465,0.7602661942695429
svd,QuantileTransformer,False,dt,57,0.7906424671175852,0.7944127641472882
svd,QuantileTransformer,False,rf,57,0.8184652816478455,0.8160770812592514
svd,QuantileTransformer,False,adaboost,57,0.8132824622038068,0.8132824622038068
svd,QuantileTransformer,False,mlp,57,0.7764226779347247,0.765507870476517
voiced,QuantileTransformer,False,svm,57,0.5515271423669643,0.554561265579063
voiced,QuantileTransformer,False,knn,57,0.5170982311471743,0.508278753134148
voiced,QuantileTransformer,False,gaussianNB,57,0.5726828313202061,0.6094725648841333
voiced,QuantileTransformer,False,lda,57,0.5020919347615677,0.5535407547587747
voiced,QuantileTransformer,False,qda,57,0.49197281213410243,0.5116702448459958
voiced,QuantileTransformer,False,dt,57,0.5424839244305317,0.48892890881211243
voiced,QuantileTransformer,False,rf,57,0.5086107187831326,0.5093177894902032
voiced,QuantileTransformer,False,adaboost,57,0.5323197411907089,0.5451667792101608
voiced,QuantileTransformer,False,mlp,57,0.6206028478998445,0.6158259007091044
svd,QuantileTransformer,True,svm,58,0.8228635613750118,0.8246525611792788
svd,QuantileTransformer,True,knn,58,0.718553331437737,0.7213739332278045
svd,QuantileTransformer,True,gaussianNB,58,0.692912828719808,0.6911246169315962
svd,QuantileTransformer,True,lda,58,0.7929574115451977,0.8000410422002571
svd,QuantileTransformer,True,qda,58,0.762602439363617,0.7610809546687409
svd,QuantileTransformer,True,dt,58,0.7989211206822984,0.7989211206822984
svd,QuantileTransformer,True,rf,58,0.8167237488066277,0.817218492158514
svd,QuantileTransformer,True,adaboost,58,0.8085452751537812,0.8085452751537812
svd,QuantileTransformer,True,mlp,58,0.7767900656232172,0.7758259552152682
voiced,QuantileTransformer,True,svm,58,0.5540029325513196,0.5935483870967743
voiced,QuantileTransformer,True,knn,58,0.5477419354838708,0.557507331378299
voiced,QuantileTransformer,True,gaussianNB,58,0.6282991202346042,0.5971749755620723
voiced,QuantileTransformer,True,lda,58,0.5660117302052786,0.4929374389051809
voiced,QuantileTransformer,True,qda,58,0.5040713587487782,0.5256304985337243
voiced,QuantileTransformer,True,dt,58,0.557355816226784,0.5938709677419355
voiced,QuantileTransformer,True,rf,58,0.5517057673509287,0.5526148582600195
voiced,QuantileTransformer,True,adaboost,58,0.5761827956989247,0.5695161290322581
voiced,QuantileTransformer,True,mlp,58,0.617702834799609,0.6250635386119257
svd,QuantileTransformer,False,svm,58,0.8225547614903675,0.8228200189933906
svd,QuantileTransformer,False,knn,58,0.7104705317605344,0.7142223896450378
svd,QuantileTransformer,False,gaussianNB,58,0.6919981959619018,0.6951002096414857
svd,QuantileTransformer,False,lda,58,0.8050036763511261,0.8016655235007051
svd,QuantileTransformer,False,qda,58,0.7517726158595801,0.75358286911611
svd,QuantileTransformer,False,dt,58,0.7730852664131758,0.7730852664131758
svd,QuantileTransformer,False,rf,58,0.8163449614528124,0.8127111356405052
svd,QuantileTransformer,False,adaboost,58,0.8237975824876639,0.8237975824876639
svd,QuantileTransformer,False,mlp,58,0.7552803657620196,0.7524936636236793
voiced,QuantileTransformer,False,svm,58,0.6068176762058852,0.6032618734620959
voiced,QuantileTransformer,False,knn,58,0.5303534229952472,0.5154535342299524
voiced,QuantileTransformer,False,gaussianNB,58,0.6083710857181381,0.5749519668318335
voiced,QuantileTransformer,False,lda,58,0.49216132403006707,0.5193878720463815
voiced,QuantileTransformer,False,qda,58,0.5156256109481916,0.5080950214042539
voiced,QuantileTransformer,False,dt,58,0.5929003606701049,0.5879003606701048
voiced,QuantileTransformer,False,rf,58,0.5636798462938618,0.5570131796271951
voiced,QuantileTransformer,False,adaboost,58,0.5620841338861361,0.5535797350591565
voiced,QuantileTransformer,False,mlp,58,0.6001975258704959,0.6006738126537904
svd,QuantileTransformer,True,svm,59,0.818399975161153,0.8219404822730887
svd,QuantileTransformer,True,knn,59,0.7153095069234656,0.717085840368283
svd,QuantileTransformer,True,gaussianNB,59,0.6943596842997062,0.6951372255516204
svd,QuantileTransformer,True,lda,59,0.7917781890955282,0.7882222212538462
svd,QuantileTransformer,True,qda,59,0.7582796483777945,0.7616044932893351
svd,QuantileTransformer,True,dt,59,0.7830568214046949,0.7835696419175154
svd,QuantileTransformer,True,rf,59,0.8230738418252048,0.8251107634640894
svd,QuantileTransformer,True,adaboost,59,0.8202750339446085,0.8202750339446085
svd,QuantileTransformer,True,mlp,59,0.7599625183976328,0.7649568243461372
voiced,QuantileTransformer,True,svm,59,0.5893206256109481,0.5810312805474096
voiced,QuantileTransformer,True,knn,59,0.5740224828934506,0.5243010752688172
voiced,QuantileTransformer,True,gaussianNB,59,0.6133479960899315,0.6109237536656892
voiced,QuantileTransformer,True,lda,59,0.48282502443792763,0.517238514173998
voiced,QuantileTransformer,True,qda,59,0.5081818181818182,0.48121212121212115
voiced,QuantileTransformer,True,dt,59,0.5903421309872923,0.5570087976539589
voiced,QuantileTransformer,True,rf,59,0.5269012707722386,0.5508406647116325
voiced,QuantileTransformer,True,adaboost,59,0.5533284457478006,0.5566617790811339
voiced,QuantileTransformer,True,mlp,59,0.5867888563049853,0.6050782013685241
svd,QuantileTransformer,False,svm,59,0.823885650552907,0.8236685038845923
svd,QuantileTransformer,False,knn,59,0.7268353111781904,0.711322870114395
svd,QuantileTransformer,False,gaussianNB,59,0.6879327987771297,0.6892970230055655
svd,QuantileTransformer,False,lda,59,0.7927456504892596,0.7891098543600116
svd,QuantileTransformer,False,qda,59,0.7585146715269643,0.7573323714414133
svd,QuantileTransformer,False,dt,59,0.7943363787429278,0.7943363787429278
svd,QuantileTransformer,False,rf,59,0.8286887064319035,0.8286887064319035
svd,QuantileTransformer,False,adaboost,59,0.8108591272285697,0.8108591272285697
svd,QuantileTransformer,False,mlp,59,0.7725929703173469,0.759961102591914
voiced,QuantileTransformer,False,svm,59,0.5932422623015929,0.5897514976571772
voiced,QuantileTransformer,False,knn,59,0.5868169229350771,0.5378759657347386
voiced,QuantileTransformer,False,gaussianNB,59,0.6260890461803241,0.5926901356756834
voiced,QuantileTransformer,False,lda,59,0.4941923260140806,0.5143452950869281
voiced,QuantileTransformer,False,qda,59,0.4936335296718156,0.471451152380412
voiced,QuantileTransformer,False,dt,59,0.5420662586230538,0.5205876797306818
voiced,QuantileTransformer,False,rf,59,0.4954238653503359,0.5199518373783081
voiced,QuantileTransformer,False,adaboost,59,0.5903507230599014,0.5903507230599014
voiced,QuantileTransformer,False,mlp,59,0.5733345803959394,0.5672191892792806
svd,QuantileTransformer,True,svm,60,0.8157987359786704,0.8132463773957775
svd,QuantileTransformer,True,knn,60,0.7249124485111398,0.7137135873940672
svd,QuantileTransformer,True,gaussianNB,60,0.688278653371347,0.6940956045045468
svd,QuantileTransformer,True,lda,60,0.7942590851533053,0.790435052043558
svd,QuantileTransformer,True,qda,60,0.7696107273315562,0.7721604694832612
svd,QuantileTransformer,True,dt,60,0.7781610755656556,0.7776482550528352
svd,QuantileTransformer,True,rf,60,0.8255652199490804,0.8256034405434625
svd,QuantileTransformer,True,adaboost,60,0.8200360617209036,0.8238705605554024
svd,QuantileTransformer,True,mlp,60,0.7867714836962383,0.7852633934585952
voiced,QuantileTransformer,True,svm,60,0.5950635386119256,0.6069012707722384
voiced,QuantileTransformer,True,knn,60,0.5468768328445748,0.5438709677419356
voiced,QuantileTransformer,True,gaussianNB,60,0.5461339198435973,0.5551612903225807
voiced,QuantileTransformer,True,lda,60,0.46194037145650046,0.5051221896383187
voiced,QuantileTransformer,True,qda,60,0.49175464320625606,0.5078054740957967
voiced,QuantileTransformer,True,dt,60,0.5894134897360704,0.6241495601173022
voiced,QuantileTransformer,True,rf,60,0.5365786901270773,0.5547605083088955
voiced,QuantileTransformer,True,adaboost,60,0.5661241446725317,0.5794574780058651
voiced,QuantileTransformer,True,mlp,60,0.5672678396871945,0.5827663734115347
svd,QuantileTransformer,False,svm,60,0.8189573463825226,0.820308933407287
svd,QuantileTransformer,False,knn,60,0.7205811991708145,0.7203060660071369
svd,QuantileTransformer,False,gaussianNB,60,0.6890215227632813,0.6913028609726378
svd,QuantileTransformer,False,lda,60,0.7921769807801105,0.7958827856553972
svd,QuantileTransformer,False,qda,60,0.7578647309904714,0.7589657229955151
svd,QuantileTransformer,False,dt,60,0.7979700143082417,0.792328988667216
svd,QuantileTransformer,False,rf,60,0.8216811140996295,0.8188700888486597
svd,QuantileTransformer,False,adaboost,60,0.8171093831362647,0.8171093831362647
svd,QuantileTransformer,False,mlp,60,0.7786760912440241,0.7714083275370304
voiced,QuantileTransformer,False,svm,60,0.5836856314746781,0.5598805656817827
voiced,QuantileTransformer,False,knn,60,0.5009459354033391,0.5231069353229596
voiced,QuantileTransformer,False,gaussianNB,60,0.5986260088795585,0.5774178120729844
voiced,QuantileTransformer,False,lda,60,0.4716432384383703,0.4527945313645111
voiced,QuantileTransformer,False,qda,60,0.4940631663806106,0.4881184012066365
voiced,QuantileTransformer,False,dt,60,0.5379923710501805,0.5629923710501805
voiced,QuantileTransformer,False,rf,60,0.5166012638477142,0.5600138890858972
voiced,QuantileTransformer,False,adaboost,60,0.5343738563667569,0.5343738563667569
voiced,QuantileTransformer,False,mlp,60,0.5847785902400506,0.607124072681882
svd,QuantileTransformer,True,svm,61,0.8191235808902112,0.8236928956176502
svd,QuantileTransformer,True,knn,61,0.7331220070369471,0.7241885740577126
svd,QuantileTransformer,True,gaussianNB,61,0.6923811430299981,0.6905915930670565
svd,QuantileTransformer,True,lda,61,0.7881649412020186,0.7929905772163133
svd,QuantileTransformer,True,qda,61,0.7577372445802109,0.7585123473400465
svd,QuantileTransformer,True,dt,61,0.7868405494904949,0.7868405494904949
svd,QuantileTransformer,True,rf,61,0.8235525742886702,0.8273635851607498
svd,QuantileTransformer,True,adaboost,61,0.8237626913253958,0.8237626913253958
svd,QuantileTransformer,True,mlp,61,0.7550082759842848,0.7598219737369137
voiced,QuantileTransformer,True,svm,61,0.5931329423264907,0.587375366568915
voiced,QuantileTransformer,True,knn,61,0.524652981427175,0.5042326490713588
voiced,QuantileTransformer,True,gaussianNB,61,0.5919110459433039,0.5879716520039102
voiced,QuantileTransformer,True,lda,61,0.5403567937438906,0.47390518084066463
voiced,QuantileTransformer,True,qda,61,0.5713098729227761,0.5045454545454545
voiced,QuantileTransformer,True,dt,61,0.5268572825024438,0.5390224828934507
voiced,QuantileTransformer,True,rf,61,0.5356695992179863,0.542336265884653
voiced,QuantileTransformer,True,adaboost,61,0.5828347996089932,0.5663196480938417
voiced,QuantileTransformer,True,mlp,61,0.5422482893450635,0.5382209188660801
svd,QuantileTransformer,False,svm,61,0.8101903504958132,0.8095253638429621
svd,QuantileTransformer,False,knn,61,0.718579032634978,0.7192493085315501
svd,QuantileTransformer,False,gaussianNB,61,0.6946439205076779,0.6929819998801022
svd,QuantileTransformer,False,lda,61,0.7872570020291982,0.7871451045335788
svd,QuantileTransformer,False,qda,61,0.7543393434138164,0.7540686208485103
svd,QuantileTransformer,False,dt,61,0.7724804097722793,0.7721724258822059
svd,QuantileTransformer,False,rf,61,0.8219508826045516,0.8214074043436821
svd,QuantileTransformer,False,adaboost,61,0.8177480718676051,0.8177480718676051
svd,QuantileTransformer,False,mlp,61,0.7586289265574262,0.7690925041264699
voiced,QuantileTransformer,False,svm,61,0.5748167849947605,0.573849361613544
voiced,QuantileTransformer,False,knn,61,0.5256031164485002,0.49594041355999086
voiced,QuantileTransformer,False,gaussianNB,61,0.6066699053017184,0.6271040410584349
voiced,QuantileTransformer,False,lda,61,0.5332707960683489,0.5377909959278145
voiced,QuantileTransformer,False,qda,61,0.5438730401967332,0.5189939451229775
voiced,QuantileTransformer,False,dt,61,0.5368147579771607,0.5099447314519617
voiced,QuantileTransformer,False,rf,61,0.5613024714748853,0.5696358048082185
voiced,QuantileTransformer,False,adaboost,61,0.576337705058506,0.5680043717251726
voiced,QuantileTransformer,False,mlp,61,0.5703744457248351,0.5903574413474302
svd,QuantileTransformer,True,svm,62,0.8167952839599513,0.8178119753746798
svd,QuantileTransformer,True,knn,62,0.7241972858112444,0.7234462211725026
svd,QuantileTransformer,True,gaussianNB,62,0.6893300120453884,0.6880420887727322
svd,QuantileTransformer,True,lda,62,0.7807496320473419,0.7865511224507954
svd,QuantileTransformer,True,qda,62,0.7559730109948213,0.7528570048635479
svd,QuantileTransformer,True,dt,62,0.7814429427352001,0.7814429427352001
svd,QuantileTransformer,True,rf,62,0.826617515527003,0.8273750912845788
svd,QuantileTransformer,True,adaboost,62,0.81647004395096,0.81647004395096
svd,QuantileTransformer,True,mlp,62,0.7762488057199072,0.7699349850440363
voiced,QuantileTransformer,True,svm,62,0.586446725317693,0.5874193548387098
voiced,QuantileTransformer,True,knn,62,0.49605571847507335,0.49211632453567933
voiced,QuantileTransformer,True,gaussianNB,62,0.6086265884652982,0.6350782013685239
voiced,QuantileTransformer,True,lda,62,0.48775659824046913,0.5505718475073313
voiced,QuantileTransformer,True,qda,62,0.5487683284457479,0.5104398826979473
voiced,QuantileTransformer,True,dt,62,0.5764027370478984,0.5776344086021505
voiced,QuantileTransformer,True,rf,62,0.5770332355816227,0.5770332355816227
voiced,QuantileTransformer,True,adaboost,62,0.55930596285435,0.54430596285435
voiced,QuantileTransformer,True,mlp,62,0.5914467253176932,0.5679618768328446
svd,QuantileTransformer,False,svm,62,0.8145488037725975,0.8113171403444748
svd,QuantileTransformer,False,knn,62,0.7184337396111238,0.7172581367822677
svd,QuantileTransformer,False,gaussianNB,62,0.6880170960454404,0.6890103060532387
svd,QuantileTransformer,False,lda,62,0.7963633407032866,0.7984086123606275
svd,QuantileTransformer,False,qda,62,0.7536679915003242,0.7543925000338683
svd,QuantileTransformer,False,dt,62,0.786905425754058,0.7864054257540578
svd,QuantileTransformer,False,rf,62,0.8217495016058987,0.8217495016058987
svd,QuantileTransformer,False,adaboost,62,0.8204232301753365,0.8204232301753365
svd,QuantileTransformer,False,mlp,62,0.7624387354329392,0.763801265655389
voiced,QuantileTransformer,False,svm,62,0.5747024413213561,0.5988650028977107
voiced,QuantileTransformer,False,knn,62,0.5947306336327636,0.5451367960977496
voiced,QuantileTransformer,False,gaussianNB,62,0.5892516661837149,0.5823386940983291
voiced,QuantileTransformer,False,lda,62,0.3887169781705786,0.5136037863421231
voiced,QuantileTransformer,False,qda,62,0.48960476431952094,0.4893201246015647
voiced,QuantileTransformer,False,dt,62,0.5816190355452526,0.5811264247078141
voiced,QuantileTransformer,False,rf,62,0.5463265478605235,0.5421248671882546
voiced,QuantileTransformer,False,adaboost,62,0.5886600502269873,0.5886600502269873
voiced,QuantileTransformer,False,mlp,62,0.545688689268811,0.569909627644161
svd,QuantileTransformer,True,svm,63,0.8201121016388193,0.8178212972051575
svd,QuantileTransformer,True,knn,63,0.7240879749113118,0.7149642560275058
svd,QuantileTransformer,True,gaussianNB,63,0.6885533931717138,0.6910857862602682
svd,QuantileTransformer,True,lda,63,0.7970560210418444,0.7911793677060853
svd,QuantileTransformer,True,qda,63,0.7620662489092151,0.763086106913806
svd,QuantileTransformer,True,dt,63,0.7919041935890354,0.7888481420433437
svd,QuantileTransformer,True,rf,63,0.8144645939302428,0.8162245006901496
svd,QuantileTransformer,True,adaboost,63,0.8034536401439345,0.8034536401439345
svd,QuantileTransformer,True,mlp,63,0.7656706343456616,0.76905183693079
voiced,QuantileTransformer,True,svm,63,0.5920967741935484,0.5879618768328446
voiced,QuantileTransformer,True,knn,63,0.49772238514174,0.5060117302052786
voiced,QuantileTransformer,True,gaussianNB,63,0.6362463343108505,0.6109188660801563
voiced,QuantileTransformer,True,lda,63,0.4741446725317693,0.4533870967741936
voiced,QuantileTransformer,True,qda,63,0.5604789833822093,0.5171309872922776
voiced,QuantileTransformer,True,dt,63,0.6442179863147606,0.5892179863147605
voiced,QuantileTransformer,True,rf,63,0.5314271749755621,0.5456256109481916
voiced,QuantileTransformer,True,adaboost,63,0.6011241446725318,0.6011241446725318
voiced,QuantileTransformer,True,mlp,63,0.606989247311828,0.6145210166177908
svd,QuantileTransformer,False,svm,63,0.819171231378137,0.8190894166411498
svd,QuantileTransformer,False,knn,63,0.7264943178399252,0.7178400706038752
svd,QuantileTransformer,False,gaussianNB,63,0.6890473181421608,0.6901342184730128
svd,QuantileTransformer,False,lda,63,0.7991251891277281,0.7995649039285236
svd,QuantileTransformer,False,qda,63,0.755234210560222,0.7587479034471769
svd,QuantileTransformer,False,dt,63,0.7849166079137635,0.7852304486892283
svd,QuantileTransformer,False,rf,63,0.8150621130901907,0.8206285107625668
svd,QuantileTransformer,False,adaboost,63,0.8096823867237702,0.8096823867237702
svd,QuantileTransformer,False,mlp,63,0.7680370816291766,0.7813318743490403
voiced,QuantileTransformer,False,svm,63,0.5671142238884175,0.5794941915909658
voiced,QuantileTransformer,False,knn,63,0.5098615184099056,0.5065281850765723
voiced,QuantileTransformer,False,gaussianNB,63,0.6222799959896734,0.5879942817039592
voiced,QuantileTransformer,False,lda,63,0.49366831495863756,0.5527552375939473
voiced,QuantileTransformer,False,qda,63,0.5320085470085469,0.5327492877492876
voiced,QuantileTransformer,False,dt,63,0.5303667181086535,0.5345836958740185
voiced,QuantileTransformer,False,rf,63,0.5052459308910922,0.5218528604012475
voiced,QuantileTransformer,False,adaboost,63,0.5294316137864525,0.5237173280721669
voiced,QuantileTransformer,False,mlp,63,0.5748893102118908,0.588700540797315
svd,QuantileTransformer,True,svm,64,0.8153232300233391,0.8176198174780509
svd,QuantileTransformer,True,knn,64,0.723438566159395,0.720909517599812
svd,QuantileTransformer,True,gaussianNB,64,0.6871218639593776,0.6871192475281898
svd,QuantileTransformer,True,lda,64,0.7838381375077123,0.7901744202725663
svd,QuantileTransformer,True,qda,64,0.7676354561469065,0.7615072241462645
svd,QuantileTransformer,True,dt,64,0.7991994138177344,0.7926440644052422
svd,QuantileTransformer,True,rf,64,0.8233410010563773,0.82389782518463
svd,QuantileTransformer,True,adaboost,64,0.8185308856901006,0.8185308856901006
svd,QuantileTransformer,True,mlp,64,0.7619853773997722,0.7594104368913529
voiced,QuantileTransformer,True,svm,64,0.596466275659824,0.5954496578690127
voiced,QuantileTransformer,True,knn,64,0.4998435972629521,0.5106011730205279
voiced,QuantileTransformer,True,gaussianNB,64,0.6116080156402737,0.6182306940371457
voiced,QuantileTransformer,True,lda,64,0.5042521994134898,0.5243841642228739
voiced,QuantileTransformer,True,qda,64,0.5043304007820136,0.48569403714565007
voiced,QuantileTransformer,True,dt,64,0.5186510263929618,0.5467888563049852
voiced,QuantileTransformer,True,rf,64,0.5570332355816225,0.5727908113391984
voiced,QuantileTransformer,True,adaboost,64,0.5648240469208211,0.555733137829912
voiced,QuantileTransformer,True,mlp,64,0.5739784946236559,0.5888269794721408
svd,QuantileTransformer,False,svm,64,0.8135756508015618,0.8128942960901557
svd,QuantileTransformer,False,knn,64,0.7182490302082943,0.7222907259231255
svd,QuantileTransformer,False,gaussianNB,64,0.688071297941946,0.689450791117214
svd,QuantileTransformer,False,lda,64,0.8045438810816343,0.7995178001536507
svd,QuantileTransformer,False,qda,64,0.7652404572218825,0.7633486312256474
svd,QuantileTransformer,False,dt,64,0.7937933635270752,0.7838200098917496
svd,QuantileTransformer,False,rf,64,0.8287646332784628,0.8248134396776632
svd,QuantileTransformer,False,adaboost,64,0.8226664117053876,0.8226664117053876
svd,QuantileTransformer,False,mlp,64,0.7796564211724504,0.7903140476859438
voiced,QuantileTransformer,False,svm,64,0.5796817615935262,0.5791758092125739
voiced,QuantileTransformer,False,knn,64,0.48582633053221286,0.47532699190787425
voiced,QuantileTransformer,False,gaussianNB,64,0.603155929038282,0.5977941176470589
voiced,QuantileTransformer,False,lda,64,0.5344796529723,0.5334247587924058
voiced,QuantileTransformer,False,qda,64,0.5236751089324618,0.5070693277310925
voiced,QuantileTransformer,False,dt,64,0.5377867258014317,0.6025400715841892
voiced,QuantileTransformer,False,rf,64,0.5693464052287581,0.5350474634298165
voiced,QuantileTransformer,False,adaboost,64,0.5887544740118269,0.600659235916589
voiced,QuantileTransformer,False,mlp,64,0.5596909041394336,0.5715606520385932
svd,QuantileTransformer,True,svm,65,0.8186458307232571,0.8191353412127678
svd,QuantileTransformer,True,knn,65,0.7264852958746087,0.729743555245191
svd,QuantileTransformer,True,gaussianNB,65,0.6866133702720397,0.6901816322536061
svd,QuantileTransformer,True,lda,65,0.7873920390768809,0.7924917013194003
svd,QuantileTransformer,True,qda,65,0.758281298853818,0.7585176546463351
svd,QuantileTransformer,True,dt,65,0.7921164513421874,0.7913279541251188
svd,QuantileTransformer,True,rf,65,0.8156723592655981,0.8192432975966237
svd,QuantileTransformer,True,adaboost,65,0.8095826002423603,0.8090697797295399
svd,QuantileTransformer,True,mlp,65,0.7700531420596851,0.7659811871153203
voiced,QuantileTransformer,True,svm,65,0.5822678396871945,0.5655376344086023
voiced,QuantileTransformer,True,knn,65,0.5261876832844575,0.4960752688172043
voiced,QuantileTransformer,True,gaussianNB,65,0.6116324535679374,0.5891006842619746
voiced,QuantileTransformer,True,lda,65,0.5160703812316715,0.45044477028348
voiced,QuantileTransformer,True,qda,65,0.5472140762463343,0.4495454545454546
voiced,QuantileTransformer,True,dt,65,0.5489345063538613,0.5285483870967742
voiced,QuantileTransformer,True,rf,65,0.6027028347996091,0.5845210166177908
voiced,QuantileTransformer,True,adaboost,65,0.544824046920821,0.5164907135874878
voiced,QuantileTransformer,True,mlp,65,0.5714027370478985,0.5872678396871945
svd,QuantileTransformer,False,svm,65,0.8192185564085479,0.8226159718694923
svd,QuantileTransformer,False,knn,65,0.729788846500311,0.723539516044567
svd,QuantileTransformer,False,gaussianNB,65,0.6861870213281639,0.6869760158220022
svd,QuantileTransformer,False,lda,65,0.782870818198137,0.77952593031643
svd,QuantileTransformer,False,qda,65,0.7662179375327483,0.7680892520738902
svd,QuantileTransformer,False,dt,65,0.7921994035094753,0.7921994035094753
svd,QuantileTransformer,False,rf,65,0.8223005890015578,0.8256613187879163
svd,QuantileTransformer,False,adaboost,65,0.820706464650933,0.820706464650933
svd,QuantileTransformer,False,mlp,65,0.780575672091204,0.7740745420033331
voiced,QuantileTransformer,False,svm,65,0.6348754789272031,0.6026158635425877
voiced,QuantileTransformer,False,knn,65,0.5580533451223106,0.52804855585028
voiced,QuantileTransformer,False,gaussianNB,65,0.6215259357500736,0.6123968464485705
voiced,QuantileTransformer,False,lda,65,0.5195234674329503,0.4983591217211907
voiced,QuantileTransformer,False,qda,65,0.4708057029177718,0.5028855363984673
voiced,QuantileTransformer,False,dt,65,0.5893711317418214,0.492976164161509
voiced,QuantileTransformer,False,rf,65,0.5384904582964929,0.5350637341585618
voiced,QuantileTransformer,False,adaboost,65,0.6249907898614795,0.5985540082522841
voiced,QuantileTransformer,False,mlp,65,0.6182303639846743,0.6314487547892721
svd,QuantileTransformer,True,svm,66,0.8155538627130774,0.8170897078203513
svd,QuantileTransformer,True,knn,66,0.7227395922870296,0.7283094096016669
svd,QuantileTransformer,True,gaussianNB,66,0.6893778522459002,0.6893830851082761
svd,QuantileTransformer,True,lda,66,0.7888984788385006,0.7907134050972655
svd,QuantileTransformer,True,qda,66,0.7529624955197475,0.7529475849486753
svd,QuantileTransformer,True,dt,66,0.7894717895699357,0.7899819936515684
svd,QuantileTransformer,True,rf,66,0.8169994854291474,0.814718358704182
svd,QuantileTransformer,True,adaboost,66,0.8169692920674383,0.8169692920674383
svd,QuantileTransformer,True,mlp,66,0.7660658352915715,0.7686580649448697
voiced,QuantileTransformer,True,svm,66,0.5609481915933529,0.5633724340175952
voiced,QuantileTransformer,True,knn,66,0.5611241446725318,0.5762512218963831
voiced,QuantileTransformer,True,gaussianNB,66,0.6362023460410556,0.642761485826002
voiced,QuantileTransformer,True,lda,66,0.502238514173998,0.5198631476050831
voiced,QuantileTransformer,True,qda,66,0.5039833822091887,0.5100928641251221
voiced,QuantileTransformer,True,dt,66,0.5417253176930596,0.5552101661779082
voiced,QuantileTransformer,True,rf,66,0.5465347018572826,0.5251270772238514
voiced,QuantileTransformer,True,adaboost,66,0.5534799608993157,0.5101466275659824
voiced,QuantileTransformer,True,mlp,66,0.5633724340175953,0.5528299120234604
svd,QuantileTransformer,False,svm,66,0.8210052349505691,0.8190560661283353
svd,QuantileTransformer,False,knn,66,0.7302951669164004,0.7197449362781424
svd,QuantileTransformer,False,gaussianNB,66,0.6903825070231493,0.6912777750800949
svd,QuantileTransformer,False,lda,66,0.7958369670016996,0.7904238197209923
svd,QuantileTransformer,False,qda,66,0.7528413064650962,0.7557614774518597
svd,QuantileTransformer,False,dt,66,0.7896098982013546,0.7896098982013546
svd,QuantileTransformer,False,rf,66,0.8250130857630072,0.8235441740868901
svd,QuantileTransformer,False,adaboost,66,0.8112093638876405,0.8112093638876405
svd,QuantileTransformer,False,mlp,66,0.7588992801590605,0.7627468322819171
voiced,QuantileTransformer,False,svm,66,0.5460152714932127,0.5551347769877182
voiced,QuantileTransformer,False,knn,66,0.5332828054298642,0.5104382676147382
voiced,QuantileTransformer,False,gaussianNB,66,0.6088114899806076,0.5984353587588882
voiced,QuantileTransformer,False,lda,66,0.5920112314156432,0.5198985940530059
voiced,QuantileTransformer,False,qda,66,0.4552573529411765,0.4482557369101487
voiced,QuantileTransformer,False,dt,66,0.5477229314802845,0.5602229314802845
voiced,QuantileTransformer,False,rf,66,0.5052588073691016,0.510009938590821
voiced,QuantileTransformer,False,adaboost,66,0.5704452165481577,0.5707025694893343
voiced,QuantileTransformer,False,mlp,66,0.5732945216548158,0.5729057853910795
svd,QuantileTransformer,True,svm,67,0.8262635692188581,0.8259981203819807
svd,QuantileTransformer,True,knn,67,0.7246966519485604,0.7244058268158595
svd,QuantileTransformer,True,gaussianNB,67,0.6920946283814331,0.6892799875515252
svd,QuantileTransformer,True,lda,67,0.7939617489017706,0.7957444155263131
svd,QuantileTransformer,True,qda,67,0.7607260405897265,0.7703512518016334
svd,QuantileTransformer,True,dt,67,0.7964018678522496,0.7920545485049303
svd,QuantileTransformer,True,rf,67,0.8223295261626777,0.8180055168386684
svd,QuantileTransformer,True,adaboost,67,0.821651380244619,0.821651380244619
svd,QuantileTransformer,True,mlp,67,0.7722665829263431,0.7663893794319094
voiced,QuantileTransformer,True,svm,67,0.5824828934506354,0.5519843597262952
voiced,QuantileTransformer,True,knn,67,0.5692130987292278,0.5473118279569893
voiced,QuantileTransformer,True,gaussianNB,67,0.6039931573802542,0.6013098729227762
voiced,QuantileTransformer,True,lda,67,0.5486265884652981,0.5146627565982405
voiced,QuantileTransformer,True,qda,67,0.5156304985337243,0.5016715542521994
voiced,QuantileTransformer,True,dt,67,0.5630645161290322,0.5615493646138808
voiced,QuantileTransformer,True,rf,67,0.5105571847507332,0.5172238514173998
voiced,QuantileTransformer,True,adaboost,67,0.5571358748778104,0.5533479960899317
voiced,QuantileTransformer,True,mlp,67,0.5579130009775171,0.5364418377321604
svd,QuantileTransformer,False,svm,67,0.8160045593704531,0.8181027191305137
svd,QuantileTransformer,False,knn,67,0.719837382197912,0.7188111071682963
svd,QuantileTransformer,False,gaussianNB,67,0.6909940515169188,0.6893260654152914
svd,QuantileTransformer,False,lda,67,0.7845206776966721,0.784159648485599
svd,QuantileTransformer,False,qda,67,0.7566008792942422,0.7594717790812824
svd,QuantileTransformer,False,dt,67,0.7852691561669183,0.7860756077798214
svd,QuantileTransformer,False,rf,67,0.818896684004762,0.8221048972121807
svd,QuantileTransformer,False,adaboost,67,0.8144590953651484,0.8151257620318152
svd,QuantileTransformer,False,mlp,67,0.7653788503889427,0.7627679110785037
voiced,QuantileTransformer,False,svm,67,0.5746712940759431,0.5697583642638196
voiced,QuantileTransformer,False,knn,67,0.47822290020226443,0.5333962195299956
voiced,QuantileTransformer,False,gaussianNB,67,0.6036062384010676,0.618677135246158
voiced,QuantileTransformer,False,lda,67,0.4682287517984861,0.4798997278812269
voiced,QuantileTransformer,False,qda,67,0.5225194705673832,0.551174333256876
voiced,QuantileTransformer,False,dt,67,0.6107914251308464,0.6036485679879893
voiced,QuantileTransformer,False,rf,67,0.5427359144650415,0.5587243259586714
voiced,QuantileTransformer,False,adaboost,67,0.5615703651187521,0.5515703651187522
voiced,QuantileTransformer,False,mlp,67,0.5797359222845466,0.5636927872886128
svd,QuantileTransformer,True,svm,68,0.8122844095199604,0.8133074341144134
svd,QuantileTransformer,True,knn,68,0.7155533997082524,0.7158233533097219
svd,QuantileTransformer,True,gaussianNB,68,0.6875201407098899,0.6877648959546452
svd,QuantileTransformer,True,lda,68,0.7957528149785511,0.7992810279506026
svd,QuantileTransformer,True,qda,68,0.7608144799584277,0.7613344216670279
svd,QuantileTransformer,True,dt,68,0.7624353726970957,0.7624353726970957
svd,QuantileTransformer,True,rf,68,0.8154887787603163,0.8162521375389424
svd,QuantileTransformer,True,adaboost,68,0.8162717308137155,0.8162717308137155
svd,QuantileTransformer,True,mlp,68,0.7746247609170183,0.7809454050130169
voiced,QuantileTransformer,True,svm,68,0.555039100684262,0.5634799608993158
voiced,QuantileTransformer,True,knn,68,0.5054692082111437,0.5211827956989248
voiced,QuantileTransformer,True,gaussianNB,68,0.5857673509286412,0.6032355816226784
voiced,QuantileTransformer,True,lda,68,0.4981280547409579,0.4522189638318671
voiced,QuantileTransformer,True,qda,68,0.5049657869012709,0.5535581622678396
voiced,QuantileTransformer,True,dt,68,0.547375366568915,0.5788905180840664
voiced,QuantileTransformer,True,rf,68,0.5577272727272728,0.5369257086999022
voiced,QuantileTransformer,True,adaboost,68,0.5835923753665689,0.5919257086999024
voiced,QuantileTransformer,True,mlp,68,0.6178103616813294,0.6022678396871946
svd,QuantileTransformer,False,svm,68,0.8088606531872904,0.8116260355511628
svd,QuantileTransformer,False,knn,68,0.7221791594001508,0.730912303056847
svd,QuantileTransformer,False,gaussianNB,68,0.688857639612633,0.686452149489041
svd,QuantileTransformer,False,lda,68,0.7931742469815859,0.7949632161810447
svd,QuantileTransformer,False,qda,68,0.7572248772523809,0.762837138535849
svd,QuantileTransformer,False,dt,68,0.7737991279491093,0.7737991279491093
svd,QuantileTransformer,False,rf,68,0.822111907335667,0.8203640034982109
svd,QuantileTransformer,False,adaboost,68,0.8148408974390315,0.8148408974390315
svd,QuantileTransformer,False,mlp,68,0.7613087834566,0.7736522223328016
voiced,QuantileTransformer,False,svm,68,0.6043291014804297,0.599259525262846
voiced,QuantileTransformer,False,knn,68,0.509003153709036,0.5157147264500206
voiced,QuantileTransformer,False,gaussianNB,68,0.5712881054745381,0.5690408058102555
voiced,QuantileTransformer,False,lda,68,0.464247743085504,0.4875543771535232
voiced,QuantileTransformer,False,qda,68,0.53018230030564,0.5414970608139489
voiced,QuantileTransformer,False,dt,68,0.577125286952137,0.5354586202854703
voiced,QuantileTransformer,False,rf,68,0.5713750093992029,0.5681378299120234
voiced,QuantileTransformer,False,adaboost,68,0.5582932263814616,0.5323316879199232
voiced,QuantileTransformer,False,mlp,68,0.5861994488749707,0.5947364629361783
svd,QuantileTransformer,True,svm,69,0.817941623988516,0.8166537007158601
svd,QuantileTransformer,True,knn,69,0.7064333975729833,0.7173209179043422
svd,QuantileTransformer,True,gaussianNB,69,0.6861638779250556,0.6897976251302314
svd,QuantileTransformer,True,lda,69,0.7928049740154429,0.786695131477029
svd,QuantileTransformer,True,qda,69,0.7545008971399375,0.7542367864777897
svd,QuantileTransformer,True,dt,69,0.7741380611391516,0.7748956368967274
svd,QuantileTransformer,True,rf,69,0.8251407788866896,0.816763441937924
svd,QuantileTransformer,True,adaboost,69,0.8140071651358458,0.8140071651358458
svd,QuantileTransformer,True,mlp,69,0.7679820143506075,0.7652289041383916
voiced,QuantileTransformer,True,svm,69,0.5600586510263931,0.6111876832844574
voiced,QuantileTransformer,True,knn,69,0.551446725317693,0.5529423264907136
voiced,QuantileTransformer,True,gaussianNB,69,0.6324828934506355,0.6349071358748779
voiced,QuantileTransformer,True,lda,69,0.4879325513196481,0.49544477028347994
voiced,QuantileTransformer,True,qda,69,0.5017106549364614,0.4943304007820137
voiced,QuantileTransformer,True,dt,69,0.5125708699902249,0.5640664711632454
voiced,QuantileTransformer,True,rf,69,0.540039100684262,0.5465982404692082
voiced,QuantileTransformer,True,adaboost,69,0.5658846529814272,0.5658846529814272
voiced,QuantileTransformer,True,mlp,69,0.5974633431085044,0.5694086021505376
svd,QuantileTransformer,False,svm,69,0.8165636389619946,0.81553620543029
svd,QuantileTransformer,False,knn,69,0.7182286152747245,0.7164636220829255
svd,QuantileTransformer,False,gaussianNB,69,0.6897636078035012,0.6937949734188683
svd,QuantileTransformer,False,lda,69,0.7843449106227057,0.7907591409753106
svd,QuantileTransformer,False,qda,69,0.7604644774151678,0.7601914676575301
svd,QuantileTransformer,False,dt,69,0.7832862656330677,0.7804329424856269
svd,QuantileTransformer,False,rf,69,0.8237176596358629,0.8237176596358629
svd,QuantileTransformer,False,adaboost,69,0.8128364828771868,0.8128364828771868
svd,QuantileTransformer,False,mlp,69,0.7785894272674027,0.776045649579195
voiced,QuantileTransformer,False,svm,69,0.542837876494063,0.5530677615515344
voiced,QuantileTransformer,False,knn,69,0.4851918930164366,0.5103823636594935
voiced,QuantileTransformer,False,gaussianNB,69,0.6302248878618046,0.6383160926568635
voiced,QuantileTransformer,False,lda,69,0.5333400401884175,0.5010336920631039
voiced,QuantileTransformer,False,qda,69,0.49731834736905733,0.5457177336487681
voiced,QuantileTransformer,False,dt,69,0.5533475228036587,0.5484906413278624
voiced,QuantileTransformer,False,rf,69,0.5275183292006315,0.5507159299844391
voiced,QuantileTransformer,False,adaboost,69,0.4966772619865926,0.5406110855160045
voiced,QuantileTransformer,False,mlp,69,0.547058146166919,0.5596138550588348
svd,QuantileTransformer,True,svm,70,0.8107803319908008,0.8133263573939692
svd,QuantileTransformer,True,knn,70,0.7170477977130103,0.7175341416126585
svd,QuantileTransformer,True,gaussianNB,70,0.684698082724255,0.6862571779365673
svd,QuantileTransformer,True,lda,70,0.7871615843262518,0.7858854050348053
svd,QuantileTransformer,True,qda,70,0.7557097627926417,0.7572610686296619
svd,QuantileTransformer,True,dt,70,0.7888870907355094,0.7863229881714069
svd,QuantileTransformer,True,rf,70,0.818766393548291,0.8149177721587755
svd,QuantileTransformer,True,adaboost,70,0.8041046267436671,0.8041046267436671
svd,QuantileTransformer,True,mlp,70,0.771087910635348,0.7786855220388481
voiced,QuantileTransformer,True,svm,70,0.553763440860215,0.5756011730205278
voiced,QuantileTransformer,True,knn,70,0.5295161290322581,0.5411827956989248
voiced,QuantileTransformer,True,gaussianNB,70,0.6086901270772239,0.623841642228739
voiced,QuantileTransformer,True,lda,70,0.5637536656891495,0.5149657869012707
voiced,QuantileTransformer,True,qda,70,0.4743939393939394,0.5339393939393939
voiced,QuantileTransformer,True,dt,70,0.611080156402737,0.605
voiced,QuantileTransformer,True,rf,70,0.568743890518084,0.5596529814271749
voiced,QuantileTransformer,True,adaboost,70,0.5736999022482893,0.5579423264907136
voiced,QuantileTransformer,True,mlp,70,0.5697360703812316,0.5679618768328446
svd,QuantileTransformer,False,svm,70,0.8225282717302811,0.8255524612983139
svd,QuantileTransformer,False,knn,70,0.7291535859651554,0.7197837182972384
svd,QuantileTransformer,False,gaussianNB,70,0.6949948825506042,0.6937179923900081
svd,QuantileTransformer,False,lda,70,0.7937374611298423,0.7959342541473825
svd,QuantileTransformer,False,qda,70,0.7616964503186443,0.7631599320555091
svd,QuantileTransformer,False,dt,70,0.7866598724967278,0.7852620994571637
svd,QuantileTransformer,False,rf,70,0.8130884597862693,0.818178886378897
svd,QuantileTransformer,False,adaboost,70,0.8236874423837237,0.8236874423837237
svd,QuantileTransformer,False,mlp,70,0.7660167682037935,0.7733669127764627
voiced,QuantileTransformer,False,svm,70,0.5652115227115228,0.5566334341334341
voiced,QuantileTransformer,False,knn,70,0.48716291591291583,0.5047307534807535
voiced,QuantileTransformer,False,gaussianNB,70,0.6018242455742456,0.5878407515907516
voiced,QuantileTransformer,False,lda,70,0.5256046318546318,0.4514162976662977
voiced,QuantileTransformer,False,qda,70,0.5265896378396379,0.5267295429795429
voiced,QuantileTransformer,False,dt,70,0.5856228118728118,0.6584283396783397
voiced,QuantileTransformer,False,rf,70,0.5340422527922528,0.575905805905806
voiced,QuantileTransformer,False,adaboost,70,0.5546663246663247,0.5546663246663247
voiced,QuantileTransformer,False,mlp,70,0.5701965489465489,0.5829729617229618
svd,QuantileTransformer,True,svm,71,0.8132894749743169,0.8168357651073027
svd,QuantileTransformer,True,knn,71,0.7178249231684346,0.7262727403458047
svd,QuantileTransformer,True,gaussianNB,71,0.6924358502275625,0.6903871846074682
svd,QuantileTransformer,True,lda,71,0.7888939740739087,0.7891392794773383
svd,QuantileTransformer,True,qda,71,0.7574697294708199,0.7590050244194192
svd,QuantileTransformer,True,dt,71,0.7698285901666491,0.7684183337563926
svd,QuantileTransformer,True,rf,71,0.8223446310142057,0.8175164384869946
svd,QuantileTransformer,True,adaboost,71,0.8165125314525532,0.8165125314525532
svd,QuantileTransformer,True,mlp,71,0.759695613365188,0.7695773238030599
voiced,QuantileTransformer,True,svm,71,0.5225708699902248,0.5340860215053763
voiced,QuantileTransformer,True,knn,71,0.4871847507331378,0.5588269794721408
voiced,QuantileTransformer,True,gaussianNB,71,0.6124144672531769,0.6116568914956011
voiced,QuantileTransformer,True,lda,71,0.49022482893450636,0.4855083088954057
voiced,QuantileTransformer,True,qda,71,0.5694037145650048,0.5174095796676442
voiced,QuantileTransformer,True,dt,71,0.5449755620723363,0.5778347996089932
voiced,QuantileTransformer,True,rf,71,0.5372727272727273,0.5422727272727272
voiced,QuantileTransformer,True,adaboost,71,0.5920967741935483,0.5746725317693059
voiced,QuantileTransformer,True,mlp,71,0.5806451612903226,0.5732844574780058
svd,QuantileTransformer,False,svm,71,0.8200362873557016,0.8169750445394662
svd,QuantileTransformer,False,knn,71,0.7220446417178208,0.7286050813836704
svd,QuantileTransformer,False,gaussianNB,71,0.686637347927921,0.6888714201999748
svd,QuantileTransformer,False,lda,71,0.7957434184084319,0.7995568426102292
svd,QuantileTransformer,False,qda,71,0.7619945512743485,0.7600748308062488
svd,QuantileTransformer,False,dt,71,0.7802977111495182,0.782494628563827
svd,QuantileTransformer,False,rf,71,0.8178681516853745,0.8143118225430543
svd,QuantileTransformer,False,adaboost,71,0.8106938127158909,0.8106938127158909
svd,QuantileTransformer,False,mlp,71,0.7849797233455312,0.7765285696487132
voiced,QuantileTransformer,False,svm,71,0.5996838430332345,0.6013221641441723
voiced,QuantileTransformer,False,knn,71,0.5279956246424299,0.5103558472460602
voiced,QuantileTransformer,False,gaussianNB,71,0.5942309317626255,0.6035258035574973
voiced,QuantileTransformer,False,lda,71,0.4769510649087221,0.5597699524106725
voiced,QuantileTransformer,False,qda,71,0.48058287174286163,0.5443203242835596
voiced,QuantileTransformer,False,dt,71,0.48430179565194775,0.48882047381286736
voiced,QuantileTransformer,False,rf,71,0.5698577846257866,0.5510342552140219
voiced,QuantileTransformer,False,adaboost,71,0.5870853487283508,0.5933353487283508
voiced,QuantileTransformer,False,mlp,71,0.5855186716596453,0.5756120624642429
svd,QuantileTransformer,True,svm,72,0.8239716208909229,0.826777862268593
svd,QuantileTransformer,True,knn,72,0.722593161110064,0.7208571145321419
svd,QuantileTransformer,True,gaussianNB,72,0.6931754831863882,0.6938922219183942
svd,QuantileTransformer,True,lda,72,0.7904542894401129,0.7868671622815571
svd,QuantileTransformer,True,qda,72,0.761350016758959,0.763099695651495
svd,QuantileTransformer,True,dt,72,0.7715555091945495,0.7784381503629051
svd,QuantileTransformer,True,rf,72,0.8172384576528524,0.8185313759305035
svd,QuantileTransformer,True,adaboost,72,0.8152486463009909,0.8152486463009909
svd,QuantileTransformer,True,mlp,72,0.7645793900755733,0.7651332418944197
voiced,QuantileTransformer,True,svm,72,0.5684995112414468,0.5694086021505377
voiced,QuantileTransformer,True,knn,72,0.5717937438905181,0.5257331378299119
voiced,QuantileTransformer,True,gaussianNB,72,0.5907233626588464,0.5617399804496579
voiced,QuantileTransformer,True,lda,72,0.5618768328445748,0.5200342130987293
voiced,QuantileTransformer,True,qda,72,0.47137341153470186,0.5383431085043988
voiced,QuantileTransformer,True,dt,72,0.5618817204301075,0.5730694037145649
voiced,QuantileTransformer,True,rf,72,0.5734848484848485,0.5686559139784947
voiced,QuantileTransformer,True,adaboost,72,0.5502199413489737,0.5402199413489737
voiced,QuantileTransformer,True,mlp,72,0.5769403714565005,0.5996920821114369
svd,QuantileTransformer,False,svm,72,0.8128628100987789,0.8055258190299746
svd,QuantileTransformer,False,knn,72,0.7175541041400344,0.7194801260642603
svd,QuantileTransformer,False,gaussianNB,72,0.6883019924015807,0.6903918396436165
svd,QuantileTransformer,False,lda,72,0.7785559885995373,0.7836697078598513
svd,QuantileTransformer,False,qda,72,0.7555051426621181,0.7522820199622513
svd,QuantileTransformer,False,dt,72,0.7809028544910541,0.7809028544910541
svd,QuantileTransformer,False,rf,72,0.8210541612619174,0.81770925385451
svd,QuantileTransformer,False,adaboost,72,0.8205771118383666,0.8205771118383666
svd,QuantileTransformer,False,mlp,72,0.7535344704954053,0.7445613955994984
voiced,QuantileTransformer,False,svm,72,0.5650017875017875,0.5721092521092521
voiced,QuantileTransformer,False,knn,72,0.5173417167167168,0.5518182468182469
voiced,QuantileTransformer,False,gaussianNB,72,0.6297369691119691,0.6344714357214357
voiced,QuantileTransformer,False,lda,72,0.5277925246675247,0.4196049621049621
voiced,QuantileTransformer,False,qda,72,0.5083370870870871,0.49686650936650933
voiced,QuantileTransformer,False,dt,72,0.6307328757328756,0.6133717646217646
voiced,QuantileTransformer,False,rf,72,0.5361316673816674,0.5713995245245245
voiced,QuantileTransformer,False,adaboost,72,0.5974184899184899,0.5974184899184899
voiced,QuantileTransformer,False,mlp,72,0.5565834584584584,0.5968632024882023
svd,QuantileTransformer,True,svm,73,0.8150346491022609,0.8155396203215177
svd,QuantileTransformer,True,knn,73,0.7249282505934632,0.726002340080857
svd,QuantileTransformer,True,gaussianNB,73,0.6910962519850197,0.6910846859429192
svd,QuantileTransformer,True,lda,73,0.7863444697795843,0.7863748410804028
svd,QuantileTransformer,True,qda,73,0.7615702273008708,0.7625311711189573
svd,QuantileTransformer,True,dt,73,0.7977263612432642,0.7977263612432642
svd,QuantileTransformer,True,rf,73,0.8172231149439437,0.8172231149439437
svd,QuantileTransformer,True,adaboost,73,0.8187104516711932,0.8187104516711932
svd,QuantileTransformer,True,mlp,73,0.7408573814408056,0.7532703410729583
voiced,QuantileTransformer,True,svm,73,0.5886119257086999,0.6003421309872923
voiced,QuantileTransformer,True,knn,73,0.5472482893450635,0.5549755620723362
voiced,QuantileTransformer,True,gaussianNB,73,0.6075415444770285,0.6066324535679375
voiced,QuantileTransformer,True,lda,73,0.5117448680351906,0.45206744868035187
voiced,QuantileTransformer,True,qda,73,0.489960899315738,0.5742521994134897
voiced,QuantileTransformer,True,dt,73,0.5995014662756598,0.5751661779081134
voiced,QuantileTransformer,True,rf,73,0.540039100684262,0.5683724340175954
voiced,QuantileTransformer,True,adaboost,73,0.5647165200391007,0.568049853372434
voiced,QuantileTransformer,True,mlp,73,0.5465982404692082,0.5955376344086022
svd,QuantileTransformer,False,svm,73,0.8244921736114218,0.821988147195013
svd,QuantileTransformer,False,knn,73,0.7150766035132016,0.7159973522460131
svd,QuantileTransformer,False,gaussianNB,73,0.6896110632297164,0.6916757512931836
svd,QuantileTransformer,False,lda,73,0.7884559515042944,0.7906719130887965
svd,QuantileTransformer,False,qda,73,0.7619035166658967,0.7626914278783898
svd,QuantileTransformer,False,dt,73,0.7845889371815036,0.7845889371815036
svd,QuantileTransformer,False,rf,73,0.8135964183174617,0.8143656490866924
svd,QuantileTransformer,False,adaboost,73,0.7996009551902968,0.7996009551902968
svd,QuantileTransformer,False,mlp,73,0.7663511248134729,0.768292133727308
voiced,QuantileTransformer,False,svm,73,0.5444299180245575,0.5873253378412298
voiced,QuantileTransformer,False,knn,73,0.48576494307400375,0.5327531111010713
voiced,QuantileTransformer,False,gaussianNB,73,0.581539549511561,0.5884690596668773
voiced,QuantileTransformer,False,lda,73,0.5736834420147987,0.4293420316155136
voiced,QuantileTransformer,False,qda,73,0.5251019547603988,0.5241544807887312
voiced,QuantileTransformer,False,dt,73,0.5629619025029367,0.5510989817073783
voiced,QuantileTransformer,False,rf,73,0.5356995208477656,0.5137217691736192
voiced,QuantileTransformer,False,adaboost,73,0.5529038030983002,0.5492000993945965
voiced,QuantileTransformer,False,mlp,73,0.573077856590665,0.5739194037830186
svd,QuantileTransformer,True,svm,74,0.8165134084381631,0.819304739244761
svd,QuantileTransformer,True,knn,74,0.7180771554871882,0.7145070051722179
svd,QuantileTransformer,True,gaussianNB,74,0.6890499649387326,0.6905923211648404
svd,QuantileTransformer,True,lda,74,0.7977622777077521,0.8033740323653082
svd,QuantileTransformer,True,qda,74,0.7574983903773435,0.7541390416199576
svd,QuantileTransformer,True,dt,74,0.7881173552002342,0.7881173552002342
svd,QuantileTransformer,True,rf,74,0.8159496864458695,0.8126410902801308
svd,QuantileTransformer,True,adaboost,74,0.8134460741003817,0.8134460741003817
svd,QuantileTransformer,True,mlp,74,0.7728435504880434,0.7738300648824096
voiced,QuantileTransformer,True,svm,74,0.5987634408602152,0.548958944281525
voiced,QuantileTransformer,True,knn,74,0.5235434995112415,0.5158162267839688
voiced,QuantileTransformer,True,gaussianNB,74,0.6302492668621701,0.6386461388074292
voiced,QuantileTransformer,True,lda,74,0.42302052785923755,0.5267008797653959
voiced,QuantileTransformer,True,qda,74,0.5514320625610948,0.5238563049853373
voiced,QuantileTransformer,True,dt,74,0.5156256109481917,0.5167693059628544
voiced,QuantileTransformer,True,rf,74,0.5671407624633431,0.5489589442815249
voiced,QuantileTransformer,True,adaboost,74,0.601989247311828,0.5936559139784946
voiced,QuantileTransformer,True,mlp,74,0.597702834799609,0.6051270772238514
svd,QuantileTransformer,False,svm,74,0.8179873997427978,0.8178465153373551
svd,QuantileTransformer,False,knn,74,0.718896700776284,0.7101833542090978
svd,QuantileTransformer,False,gaussianNB,74,0.6895008906780371,0.6893647267370339
svd,QuantileTransformer,False,lda,74,0.7939298403060576,0.7924135823141479
svd,QuantileTransformer,False,qda,74,0.7623640948455794,0.7642976654832644
svd,QuantileTransformer,False,dt,74,0.7780912825674716,0.7780912825674716
svd,QuantileTransformer,False,rf,74,0.8253795394698473,0.8266069339028255
svd,QuantileTransformer,False,adaboost,74,0.8266592979826954,0.8266592979826954
svd,QuantileTransformer,False,mlp,74,0.7715795366307547,0.7673060122094079
voiced,QuantileTransformer,False,svm,74,0.5815137371588984,0.5810480737900092
voiced,QuantileTransformer,False,knn,74,0.5286224528160012,0.5612231854167338
voiced,QuantileTransformer,False,gaussianNB,74,0.5649831351444254,0.5883042584655488
voiced,QuantileTransformer,False,lda,74,0.5383110616981585,0.5016305379208605
voiced,QuantileTransformer,False,qda,74,0.49518778712327094,0.5173948811045586
voiced,QuantileTransformer,False,dt,74,0.49992695476566446,0.6069759093952642
voiced,QuantileTransformer,False,rf,74,0.539053419698581,0.5448531754983368
voiced,QuantileTransformer,False,adaboost,74,0.5461854453789938,0.5528802738480157
voiced,QuantileTransformer,False,mlp,74,0.5920685944879494,0.5717237959173443
svd,QuantileTransformer,True,svm,75,0.8143647846156025,0.8174131648068398
svd,QuantileTransformer,True,knn,75,0.7277082096384169,0.726464289981193
svd,QuantileTransformer,True,gaussianNB,75,0.6863213104598055,0.6855346416578696
svd,QuantileTransformer,True,lda,75,0.7929356176357267,0.7911471679901342
svd,QuantileTransformer,True,qda,75,0.7545263932723038,0.7565957524845202
svd,QuantileTransformer,True,dt,75,0.8034304063802427,0.8034304063802427
svd,QuantileTransformer,True,rf,75,0.8140121020382743,0.8134992815254538
svd,QuantileTransformer,True,adaboost,75,0.8167359848439455,0.8167359848439455
svd,QuantileTransformer,True,mlp,75,0.769244383388331,0.7733690972785847
voiced,QuantileTransformer,True,svm,75,0.5729618768328446,0.5845210166177909
voiced,QuantileTransformer,True,knn,75,0.5152541544477028,0.5615542521994135
voiced,QuantileTransformer,True,gaussianNB,75,0.5706158357771262,0.5849657869012708
voiced,QuantileTransformer,True,lda,75,0.5596236559139784,0.4949022482893451
voiced,QuantileTransformer,True,qda,75,0.5117839687194525,0.5140566959921798
voiced,QuantileTransformer,True,dt,75,0.5438660801564027,0.5561827956989248
voiced,QuantileTransformer,True,rf,75,0.5322287390029325,0.5403030303030303
voiced,QuantileTransformer,True,adaboost,75,0.5986559139784946,0.5870332355816228
voiced,QuantileTransformer,True,mlp,75,0.5845405669599218,0.5861436950146628
svd,QuantileTransformer,False,svm,75,0.8174506089596582,0.8153422438898197
svd,QuantileTransformer,False,knn,75,0.7263865896511003,0.7146039137014857
svd,QuantileTransformer,False,gaussianNB,75,0.6899965808070408,0.6911423279651743
svd,QuantileTransformer,False,lda,75,0.7836833287784508,0.7898593452938195
svd,QuantileTransformer,False,qda,75,0.7614378160798574,0.7617299775213026
svd,QuantileTransformer,False,dt,75,0.7801228070256181,0.7740470553661102
svd,QuantileTransformer,False,rf,75,0.8248505530593582,0.8248505530593582
svd,QuantileTransformer,False,adaboost,75,0.8179907541828341,0.8179907541828341
svd,QuantileTransformer,False,mlp,75,0.7596295073489967,0.7699835797803438
voiced,QuantileTransformer,False,svm,75,0.6025185398892294,0.6076799876368842
voiced,QuantileTransformer,False,knn,75,0.5220439665698287,0.5168347122226432
voiced,QuantileTransformer,False,gaussianNB,75,0.6393853010016803,0.6200201068089
voiced,QuantileTransformer,False,lda,75,0.5040364137777932,0.471241591263143
voiced,QuantileTransformer,False,qda,75,0.480812676308366,0.5238813892046651
voiced,QuantileTransformer,False,dt,75,0.5859283676094021,0.6154755445703721
voiced,QuantileTransformer,False,rf,75,0.5521152961023651,0.5360448722733206
voiced,QuantileTransformer,False,adaboost,75,0.6248822035244449,0.6367617033349792
voiced,QuantileTransformer,False,mlp,75,0.5913145355602252,0.5928515402222299
svd,QuantileTransformer,True,svm,76,0.8114966240593284,0.8122722769778387
svd,QuantileTransformer,True,knn,76,0.7165895500355697,0.7183198135924418
svd,QuantileTransformer,True,gaussianNB,76,0.6880327088396881,0.6864884642801764
svd,QuantileTransformer,True,lda,76,0.789958801649096,0.7899561852179081
svd,QuantileTransformer,True,qda,76,0.7444246484159244,0.7406749902224276
svd,QuantileTransformer,True,dt,76,0.7939128101996149,0.7939128101996149
svd,QuantileTransformer,True,rf,76,0.8190407175521679,0.8162397090368737
svd,QuantileTransformer,True,adaboost,76,0.8195935870745032,0.8195935870745032
svd,QuantileTransformer,True,mlp,76,0.7570588735147077,0.7573022905847334
voiced,QuantileTransformer,True,svm,76,0.6096725317693059,0.5681133919843597
voiced,QuantileTransformer,True,knn,76,0.5237878787878788,0.5525317693059628
voiced,QuantileTransformer,True,gaussianNB,76,0.590830889540567,0.5849217986314759
voiced,QuantileTransformer,True,lda,76,0.48293255131964796,0.5331036168132942
voiced,QuantileTransformer,True,qda,76,0.5257038123167156,0.46386119257087
voiced,QuantileTransformer,True,dt,76,0.5417057673509287,0.4926148582600195
voiced,QuantileTransformer,True,rf,76,0.5271212121212121,0.5271212121212121
voiced,QuantileTransformer,True,adaboost,76,0.5754105571847508,0.5754105571847508
voiced,QuantileTransformer,True,mlp,76,0.580581622678397,0.584824046920821
svd,QuantileTransformer,False,svm,76,0.8080268197381477,0.809334083613175
svd,QuantileTransformer,False,knn,76,0.7179276212722515,0.7233331265091248
svd,QuantileTransformer,False,gaussianNB,76,0.6921018317747683,0.6911170681348985
svd,QuantileTransformer,False,lda,76,0.7935764942969804,0.7922254145887263
svd,QuantileTransformer,False,qda,76,0.7436721051402482,0.7468255344562437
svd,QuantileTransformer,False,dt,76,0.7904772372149172,0.791153928077034
svd,QuantileTransformer,False,rf,76,0.8161271296474556,0.8180464432106046
svd,QuantileTransformer,False,adaboost,76,0.813219854187347,0.813219854187347
svd,QuantileTransformer,False,mlp,76,0.7675282647649283,0.7642626620501776
voiced,QuantileTransformer,False,svm,76,0.5833262463343108,0.573191348973607
voiced,QuantileTransformer,False,knn,76,0.4932627077223851,0.4799381720430108
voiced,QuantileTransformer,False,gaussianNB,76,0.6023201368523949,0.593039833822092
voiced,QuantileTransformer,False,lda,76,0.48289296187683284,0.4281038611925709
voiced,QuantileTransformer,False,qda,76,0.4761488269794721,0.48457966764418375
voiced,QuantileTransformer,False,dt,76,0.6472358260019551,0.5625339687194526
voiced,QuantileTransformer,False,rf,76,0.5225569403714565,0.5382827468230694
voiced,QuantileTransformer,False,adaboost,76,0.6009293743890518,0.5884538123167155
voiced,QuantileTransformer,False,mlp,76,0.5505112414467253,0.558311339198436
svd,QuantileTransformer,True,svm,77,0.8125113835637283,0.8155553189086449
svd,QuantileTransformer,True,knn,77,0.7154939934656401,0.7238771134354559
svd,QuantileTransformer,True,gaussianNB,77,0.689834805325536,0.6921573192347455
svd,QuantileTransformer,True,lda,77,0.7822470786211244,0.7817467301872971
svd,QuantileTransformer,True,qda,77,0.7648147944385675,0.765067949135561
svd,QuantileTransformer,True,dt,77,0.8002893798313646,0.8002893798313646
svd,QuantileTransformer,True,rf,77,0.8207017192186221,0.8242362653703985
svd,QuantileTransformer,True,adaboost,77,0.8204782077246635,0.818939746186202
svd,QuantileTransformer,True,mlp,77,0.760684549910286,0.7600723340636101
voiced,QuantileTransformer,True,svm,77,0.5836559139784946,0.5903861192570871
voiced,QuantileTransformer,True,knn,77,0.5186510263929619,0.5128054740957968
voiced,QuantileTransformer,True,gaussianNB,77,0.6168035190615836,0.6249217986314759
voiced,QuantileTransformer,True,lda,77,0.5141642228739004,0.5062658846529814
voiced,QuantileTransformer,True,qda,77,0.5492961876832845,0.5100244379276637
voiced,QuantileTransformer,True,dt,77,0.5715738025415444,0.49150537634408603
voiced,QuantileTransformer,True,rf,77,0.5772043010752688,0.5738709677419355
voiced,QuantileTransformer,True,adaboost,77,0.5689149560117301,0.5598240469208211
voiced,QuantileTransformer,True,mlp,77,0.6161436950146627,0.6012952101661779
svd,QuantileTransformer,False,svm,77,0.8225530244722886,0.8215331305380971
svd,QuantileTransformer,False,knn,77,0.7150152428664974,0.7113622177301916
svd,QuantileTransformer,False,gaussianNB,77,0.6891425395405338,0.6862935669507233
svd,QuantileTransformer,False,lda,77,0.7818183171908022,0.7855772627431101
svd,QuantileTransformer,False,qda,77,0.7546507533629627,0.7540538198713445
svd,QuantileTransformer,False,dt,77,0.7945124801613553,0.7953321522925028
svd,QuantileTransformer,False,rf,77,0.8104682497789358,0.8087282068053403
svd,QuantileTransformer,False,adaboost,77,0.8216284372264646,0.8216284372264646
svd,QuantileTransformer,False,mlp,77,0.7751323032745834,0.780068985594932
voiced,QuantileTransformer,False,svm,77,0.568380036928424,0.5822070164005648
voiced,QuantileTransformer,False,knn,77,0.5347499185402411,0.5554990767893994
voiced,QuantileTransformer,False,gaussianNB,77,0.5713668947539914,0.5682084283697187
voiced,QuantileTransformer,False,lda,77,0.5393092212447052,0.4880672314543283
voiced,QuantileTransformer,False,qda,77,0.5458854675790159,0.47482730531117634
voiced,QuantileTransformer,False,dt,77,0.5167589877267297,0.5648772672966221
voiced,QuantileTransformer,False,rf,77,0.5151748669490606,0.5151748669490606
voiced,QuantileTransformer,False,adaboost,77,0.5558716194200064,0.5397605083088954
voiced,QuantileTransformer,False,mlp,77,0.5692945584881068,0.5578505484957097
svd,QuantileTransformer,True,svm,78,0.8217158704617809,0.8186538579559299
svd,QuantileTransformer,True,knn,78,0.723223201734652,0.7257587614130689
svd,QuantileTransformer,True,gaussianNB,78,0.6847294199802378,0.687569749407263
svd,QuantileTransformer,True,lda,78,0.7960292796988544,0.793227483167505
svd,QuantileTransformer,True,qda,78,0.7568452648768897,0.755033743065368
svd,QuantileTransformer,True,dt,78,0.7836130354560015,0.7836130354560015
svd,QuantileTransformer,True,rf,78,0.814267618967728,0.8165636562637653
svd,QuantileTransformer,True,adaboost,78,0.8102187361892923,0.8102187361892923
svd,QuantileTransformer,True,mlp,78,0.7700169877378166,0.770012542891496
voiced,QuantileTransformer,True,svm,78,0.5418768328445747,0.5253176930596285
voiced,QuantileTransformer,True,knn,78,0.5109042033235581,0.5025708699902248
voiced,QuantileTransformer,True,gaussianNB,78,0.592238514173998,0.5921309872922776
voiced,QuantileTransformer,True,lda,78,0.551505376344086,0.4981036168132943
voiced,QuantileTransformer,True,qda,78,0.516871945259042,0.5413440860215053
voiced,QuantileTransformer,True,dt,78,0.5652297165200391,0.6209481915933528
voiced,QuantileTransformer,True,rf,78,0.5632013685239492,0.5756256109481916
voiced,QuantileTransformer,True,adaboost,78,0.5706451612903225,0.5739784946236559
voiced,QuantileTransformer,True,mlp,78,0.5891055718475073,0.6066373411534702
svd,QuantileTransformer,False,svm,78,0.8211251627200014,0.8202607319210923
svd,QuantileTransformer,False,knn,78,0.7238216418139155,0.7190304914848513
svd,QuantileTransformer,False,gaussianNB,78,0.6911279102456053,0.6910227772590218
svd,QuantileTransformer,False,lda,78,0.7975340783391559,0.7932115290607147
svd,QuantileTransformer,False,qda,78,0.7615569328527861,0.7579425579788971
svd,QuantileTransformer,False,dt,78,0.7985914117016444,0.7985914117016444
svd,QuantileTransformer,False,rf,78,0.8276098932576073,0.8253334704933796
svd,QuantileTransformer,False,adaboost,78,0.8135316777274992,0.8135316777274992
svd,QuantileTransformer,False,mlp,78,0.7672266596979554,0.7639548980341917
voiced,QuantileTransformer,False,svm,78,0.6162669610855095,0.5982347670250896
voiced,QuantileTransformer,False,knn,78,0.5066807475678444,0.4917930747567844
voiced,QuantileTransformer,False,gaussianNB,78,0.6024334357398873,0.5979195468509986
voiced,QuantileTransformer,False,lda,78,0.4948073476702509,0.48359703020993344
voiced,QuantileTransformer,False,qda,78,0.5101702508960574,0.5193468381976446
voiced,QuantileTransformer,False,dt,78,0.6111575140809011,0.5620602918586789
voiced,QuantileTransformer,False,rf,78,0.568247567844342,0.5611047107014849
voiced,QuantileTransformer,False,adaboost,78,0.60905273937532,0.6119098822324629
voiced,QuantileTransformer,False,mlp,78,0.5811875960061444,0.5759312596006143
svd,QuantileTransformer,True,svm,79,0.8158416392767538,0.8122895661227176
svd,QuantileTransformer,True,knn,79,0.7240239767502581,0.717098372365548
svd,QuantileTransformer,True,gaussianNB,79,0.6911016627865048,0.6911016627865048
svd,QuantileTransformer,True,lda,79,0.7883961240504316,0.7856047932438337
svd,QuantileTransformer,True,qda,79,0.7522186700976233,0.7542555917365077
svd,QuantileTransformer,True,dt,79,0.7619817187538016,0.7637649355370184
svd,QuantileTransformer,True,rf,79,0.8103042595354483,0.8072532629130229
svd,QuantileTransformer,True,adaboost,79,0.8180040007248295,0.8180040007248295
svd,QuantileTransformer,True,mlp,79,0.7725658674295535,0.7677635414385687
voiced,QuantileTransformer,True,svm,79,0.5879618768328445,0.5737194525904203
voiced,QuantileTransformer,True,knn,79,0.5067253176930595,0.5300586510263929
voiced,QuantileTransformer,True,gaussianNB,79,0.580982404692082,0.5834506353861193
voiced,QuantileTransformer,True,lda,79,0.5021309872922776,0.5572385141739982
voiced,QuantileTransformer,True,qda,79,0.49565493646138803,0.46475073313783
voiced,QuantileTransformer,True,dt,79,0.560366568914956,0.5532649071358748
voiced,QuantileTransformer,True,rf,79,0.5447605083088953,0.497336265884653
voiced,QuantileTransformer,True,adaboost,79,0.5652101661779081,0.5697165200391007
voiced,QuantileTransformer,True,mlp,79,0.5918817204301076,0.6086119257086999
svd,QuantileTransformer,False,svm,79,0.8147195714379682,0.8157184717595228
svd,QuantileTransformer,False,knn,79,0.7149606013512224,0.7222050649757433
svd,QuantileTransformer,False,gaussianNB,79,0.6838871853707819,0.6833690506557559
svd,QuantileTransformer,False,lda,79,0.7929686328918983,0.7923131986030221
svd,QuantileTransformer,False,qda,79,0.7626873014784329,0.7605479102836562
svd,QuantileTransformer,False,dt,79,0.7896865049600987,0.7988105322924095
svd,QuantileTransformer,False,rf,79,0.8190321788013778,0.8198983313215985
svd,QuantileTransformer,False,adaboost,79,0.8237995026020954,0.8237995026020954
svd,QuantileTransformer,False,mlp,79,0.7676695662405939,0.7768203398910256
voiced,QuantileTransformer,False,svm,79,0.5982369780756878,0.5959405111018015
voiced,QuantileTransformer,False,knn,79,0.5273020527859238,0.5182921379695573
voiced,QuantileTransformer,False,gaussianNB,79,0.5970646557743331,0.6207666527021367
voiced,QuantileTransformer,False,lda,79,0.4810110319787738,0.48925080296048035
voiced,QuantileTransformer,False,qda,79,0.5179639715123586,0.5130666108085462
voiced,QuantileTransformer,False,dt,79,0.6285602569473537,0.6409844993715963
voiced,QuantileTransformer,False,rf,79,0.5780882558301913,0.5973097332774754
voiced,QuantileTransformer,False,adaboost,79,0.5631140902108644,0.5573565144532886
voiced,QuantileTransformer,False,mlp,79,0.5712868314481219,0.58946864962994
svd,QuantileTransformer,True,svm,80,0.8099808188903062,0.8120003914660403
svd,QuantileTransformer,True,knn,80,0.7281823774190187,0.7307509248294417
svd,QuantileTransformer,True,gaussianNB,80,0.6908841285940523,0.6901058592443543
svd,QuantileTransformer,True,lda,80,0.7851162051325629,0.7917284024590459
svd,QuantileTransformer,True,qda,80,0.7556793914918233,0.7556877909440614
svd,QuantileTransformer,True,dt,80,0.7827677484275085,0.7825667589408047
svd,QuantileTransformer,True,rf,80,0.8134809501657921,0.8117061328348132
svd,QuantileTransformer,True,adaboost,80,0.8106715421982598,0.813214773231131
svd,QuantileTransformer,True,mlp,80,0.7571305884228458,0.7612015029681333
voiced,QuantileTransformer,True,svm,80,0.5630498533724341,0.5845650048875856
voiced,QuantileTransformer,True,knn,80,0.5023998044965787,0.5172482893450636
voiced,QuantileTransformer,True,gaussianNB,80,0.6194916911045943,0.6204007820136852
voiced,QuantileTransformer,True,lda,80,0.5276295210166178,0.5122873900293256
voiced,QuantileTransformer,True,qda,80,0.517991202346041,0.5406109481915933
voiced,QuantileTransformer,True,dt,80,0.5781769305962855,0.5395650048875856
voiced,QuantileTransformer,True,rf,80,0.5982209188660802,0.5941739980449658
voiced,QuantileTransformer,True,adaboost,80,0.5718475073313783,0.5718475073313783
voiced,QuantileTransformer,True,mlp,80,0.5975953079178886,0.5913391984359727
svd,QuantileTransformer,False,svm,80,0.8235720250552401,0.8226574222585592
svd,QuantileTransformer,False,knn,80,0.7124969686354528,0.7213144333535171
svd,QuantileTransformer,False,gaussianNB,80,0.6911914188031045,0.6918024957815364
svd,QuantileTransformer,False,lda,80,0.791425806579064,0.7862844559493801
svd,QuantileTransformer,False,qda,80,0.7617288763720055,0.7606890414744064
svd,QuantileTransformer,False,dt,80,0.7791418124612224,0.7807722472438312
svd,QuantileTransformer,False,rf,80,0.8108361840016348,0.808591802477362
svd,QuantileTransformer,False,adaboost,80,0.8029595733178094,0.8029595733178094
svd,QuantileTransformer,False,mlp,80,0.7587198603240125,0.7780250580268849
voiced,QuantileTransformer,False,svm,80,0.5720410839160839,0.5635406954156954
voiced,QuantileTransformer,False,knn,80,0.48745337995337995,0.5443497474747474
voiced,QuantileTransformer,False,gaussianNB,80,0.5939801864801865,0.5807575757575758
voiced,QuantileTransformer,False,lda,80,0.5183619852369853,0.5109081196581196
voiced,QuantileTransformer,False,qda,80,0.4424038461538462,0.47415064102564103
voiced,QuantileTransformer,False,dt,80,0.6127593240093241,0.6457896270396271
voiced,QuantileTransformer,False,rf,80,0.5672702991452991,0.5826869658119659
voiced,QuantileTransformer,False,adaboost,80,0.5818235236985236,0.5856696775446776
voiced,QuantileTransformer,False,mlp,80,0.5584887334887335,0.5806682206682207
svd,QuantileTransformer,True,svm,81,0.8077321896569444,0.8107805698481816
svd,QuantileTransformer,True,knn,81,0.7195839674683733,0.7134814240648483
svd,QuantileTransformer,True,gaussianNB,81,0.68477342359567,0.6852655505163685
svd,QuantileTransformer,True,lda,81,0.7973075252628142,0.7868655118055337
svd,QuantileTransformer,True,qda,81,0.7580026934170881,0.7557092725522387
svd,QuantileTransformer,True,dt,81,0.7755132036266169,0.77854350665692
svd,QuantileTransformer,True,rf,81,0.8243768699493892,0.8157329838463971
svd,QuantileTransformer,True,adaboost,81,0.8195318785177019,0.8195318785177019
svd,QuantileTransformer,True,mlp,81,0.7696214599649714,0.7712419677741378
voiced,QuantileTransformer,True,svm,81,0.5954301075268816,0.5615347018572825
voiced,QuantileTransformer,True,knn,81,0.539882697947214,0.5447311827956989
voiced,QuantileTransformer,True,gaussianNB,81,0.5911534701857283,0.6134701857282503
voiced,QuantileTransformer,True,lda,81,0.5149071358748778,0.4701612903225806
voiced,QuantileTransformer,True,qda,81,0.5033333333333333,0.501158357771261
voiced,QuantileTransformer,True,dt,81,0.5638954056695992,0.5443499511241446
voiced,QuantileTransformer,True,rf,81,0.5182013685239492,0.5589589442815249
voiced,QuantileTransformer,True,adaboost,81,0.6000635386119257,0.6000635386119257
voiced,QuantileTransformer,True,mlp,81,0.5729618768328445,0.5682649071358749
svd,QuantileTransformer,False,svm,81,0.8227644994537912,0.8243242457806182
svd,QuantileTransformer,False,knn,81,0.7196230496371643,0.7160192945691357
svd,QuantileTransformer,False,gaussianNB,81,0.677291342564383,0.6862543191372772
svd,QuantileTransformer,False,lda,81,0.7911162122782874,0.7923534537578194
svd,QuantileTransformer,False,qda,81,0.7581039364285289,0.7547345721356062
svd,QuantileTransformer,False,dt,81,0.7896594780087396,0.7896594780087396
svd,QuantileTransformer,False,rf,81,0.8186193704527838,0.8189696119986778
svd,QuantileTransformer,False,adaboost,81,0.8160522066726896,0.8160522066726896
svd,QuantileTransformer,False,mlp,81,0.773744907962252,0.7829418569056074
voiced,QuantileTransformer,False,svm,81,0.5929178885630499,0.5962512218963832
voiced,QuantileTransformer,False,knn,81,0.5665738025415445,0.5732404692082111
voiced,QuantileTransformer,False,gaussianNB,81,0.5809579667644182,0.5982746823069404
voiced,QuantileTransformer,False,lda,81,0.49250244379276625,0.4689051808406647
voiced,QuantileTransformer,False,qda,81,0.4753763440860214,0.5278494623655914
voiced,QuantileTransformer,False,dt,81,0.5828299120234604,0.5662072336265884
voiced,QuantileTransformer,False,rf,81,0.5541544477028348,0.5626392961876834
voiced,QuantileTransformer,False,adaboost,81,0.5665102639296187,0.5665102639296187
voiced,QuantileTransformer,False,mlp,81,0.6443695014662756,0.6343695014662757
svd,QuantileTransformer,True,svm,82,0.8249690749090967,0.827002829958119
svd,QuantileTransformer,True,knn,82,0.7274857385435357,0.7173262851289023
svd,QuantileTransformer,True,gaussianNB,82,0.6878344102280852,0.6870742180393217
svd,QuantileTransformer,True,lda,82,0.7838810408057955,0.7925320481045672
svd,QuantileTransformer,True,qda,82,0.7572472583759389,0.75621900091911
svd,QuantileTransformer,True,dt,82,0.7802691474283622,0.7802691474283622
svd,QuantileTransformer,True,rf,82,0.8284928884274578,0.821674706609276
svd,QuantileTransformer,True,adaboost,82,0.8145386728865465,0.8145386728865465
svd,QuantileTransformer,True,mlp,82,0.7650008279615695,0.7665456825980271
voiced,QuantileTransformer,True,svm,82,0.6060361681329424,0.5952785923753666
voiced,QuantileTransformer,True,knn,82,0.50911045943304,0.5064271749755621
voiced,QuantileTransformer,True,gaussianNB,82,0.6026490713587487,0.6260459433040078
voiced,QuantileTransformer,True,lda,82,0.568108504398827,0.5176099706744867
voiced,QuantileTransformer,True,qda,82,0.5350439882697947,0.5052101661779081
voiced,QuantileTransformer,True,dt,82,0.5886314760508309,0.5629618768328445
voiced,QuantileTransformer,True,rf,82,0.578958944281525,0.5506256109481915
voiced,QuantileTransformer,True,adaboost,82,0.6111681329423264,0.6111681329423264
voiced,QuantileTransformer,True,mlp,82,0.6187194525904204,0.5952785923753666
svd,QuantileTransformer,False,svm,82,0.812463567171838,0.8103360957681026
svd,QuantileTransformer,False,knn,82,0.7219874179820194,0.724396268752648
svd,QuantileTransformer,False,gaussianNB,82,0.6931465029277983,0.6917583727273072
svd,QuantileTransformer,False,lda,82,0.7987107074814535,0.788793524886763
svd,QuantileTransformer,False,qda,82,0.7557464314537696,0.7556274279691884
svd,QuantileTransformer,False,dt,82,0.7934208378518072,0.7934208378518072
svd,QuantileTransformer,False,rf,82,0.8221594562833046,0.821164050323808
svd,QuantileTransformer,False,adaboost,82,0.8125431148783798,0.8125431148783798
svd,QuantileTransformer,False,mlp,82,0.7742734470679993,0.7685665755614075
voiced,QuantileTransformer,False,svm,82,0.6143614303959131,0.5793387902008591
voiced,QuantileTransformer,False,knn,82,0.5274927435272263,0.5792464878671775
voiced,QuantileTransformer,False,gaussianNB,82,0.6313526065250203,0.5940438871473355
voiced,QuantileTransformer,False,lda,82,0.483052943225357,0.5266864042726113
voiced,QuantileTransformer,False,qda,82,0.4969482178102867,0.4991994659236039
voiced,QuantileTransformer,False,dt,82,0.5916562173458726,0.519723673516777
voiced,QuantileTransformer,False,rf,82,0.5165325670498084,0.5229467084639499
voiced,QuantileTransformer,False,adaboost,82,0.6058034366655056,0.569717868338558
voiced,QuantileTransformer,False,mlp,82,0.5629107163589923,0.6089573899918728
svd,QuantileTransformer,True,svm,83,0.815543024768761,0.8168134210391571
svd,QuantileTransformer,True,knn,83,0.7167839993521563,0.7200779228042042
svd,QuantileTransformer,True,gaussianNB,83,0.6875760825869877,0.6896207936011644
svd,QuantileTransformer,True,lda,83,0.7934695475371593,0.7949768497587473
svd,QuantileTransformer,True,qda,83,0.7526972246219793,0.7544763687784408
svd,QuantileTransformer,True,dt,83,0.7756272698584585,0.7763848456160343
svd,QuantileTransformer,True,rf,83,0.8238267348790795,0.8233068530887506
svd,QuantileTransformer,True,adaboost,83,0.8212510662728765,0.8212510662728765
svd,QuantileTransformer,True,mlp,83,0.768176923040609,0.7661825488215893
voiced,QuantileTransformer,True,svm,83,0.5681133919843597,0.5887634408602149
voiced,QuantileTransformer,True,knn,83,0.5104056695992181,0.49782991202346044
voiced,QuantileTransformer,True,gaussianNB,83,0.5925219941348974,0.5924780058651027
voiced,QuantileTransformer,True,lda,83,0.48529325513196475,0.4342521994134897
voiced,QuantileTransformer,True,qda,83,0.4885092864125122,0.4508748778103616
voiced,QuantileTransformer,True,dt,83,0.5185874877810361,0.5610117302052785
voiced,QuantileTransformer,True,rf,83,0.5091984359726296,0.5059726295210167
voiced,QuantileTransformer,True,adaboost,83,0.5408846529814271,0.5475513196480939
voiced,QuantileTransformer,True,mlp,83,0.5993059628543499,0.6051710654936461
svd,QuantileTransformer,False,svm,83,0.8128767545870563,0.8146211580389211
svd,QuantileTransformer,False,knn,83,0.7168950171230116,0.714418711918217
svd,QuantileTransformer,False,gaussianNB,83,0.6906097956217738,0.6874296074563728
svd,QuantileTransformer,False,lda,83,0.7907830256439081,0.7903469423760698
svd,QuantileTransformer,False,qda,83,0.75010115834431,0.749122193071502
svd,QuantileTransformer,False,dt,83,0.7961728746838471,0.7961728746838471
svd,QuantileTransformer,False,rf,83,0.8226974485737412,0.8259833374722998
svd,QuantileTransformer,False,adaboost,83,0.8066971490080315,0.8066971490080315
svd,QuantileTransformer,False,mlp,83,0.780745791120988,0.7766343546112379
voiced,QuantileTransformer,False,svm,83,0.5403332969712281,0.5606996762815728
voiced,QuantileTransformer,False,knn,83,0.47890663216094254,0.5104041504472538
voiced,QuantileTransformer,False,gaussianNB,83,0.5943041704464118,0.5975606481640965
voiced,QuantileTransformer,False,lda,83,0.4993014408962685,0.48844514202272826
voiced,QuantileTransformer,False,qda,83,0.5282293975181906,0.5070609825997757
voiced,QuantileTransformer,False,dt,83,0.577717184635288,0.538652800743318
voiced,QuantileTransformer,False,rf,83,0.5932874788047202,0.5815058696093178
voiced,QuantileTransformer,False,adaboost,83,0.5510268467165018,0.5655862336896819
voiced,QuantileTransformer,False,mlp,83,0.5947609167652271,0.5890062547605652
svd,QuantileTransformer,True,svm,84,0.8112163990135638,0.8081887124144485
svd,QuantileTransformer,True,knn,84,0.7223769324096478,0.7271922806383003
svd,QuantileTransformer,True,gaussianNB,84,0.6913379150838257,0.6921180727669277
svd,QuantileTransformer,True,lda,84,0.7950079491573494,0.7909281449194209
svd,QuantileTransformer,True,qda,84,0.7595692820447455,0.7588117062871699
svd,QuantileTransformer,True,dt,84,0.7947519710387758,0.7883976111129873
svd,QuantileTransformer,True,rf,84,0.823756254650475,0.8250266509208712
svd,QuantileTransformer,True,adaboost,84,0.8152325754942986,0.8152325754942986
svd,QuantileTransformer,True,mlp,84,0.7547560872424558,0.7576049940608283
voiced,QuantileTransformer,True,svm,84,0.6286754643206256,0.5774828934506354
voiced,QuantileTransformer,True,knn,84,0.5447800586510264,0.49594819159335285
voiced,QuantileTransformer,True,gaussianNB,84,0.6129765395894429,0.5966959921798631
voiced,QuantileTransformer,True,lda,84,0.4953128054740958,0.537565982404692
voiced,QuantileTransformer,True,qda,84,0.5393597262952102,0.5796236559139785
voiced,QuantileTransformer,True,dt,84,0.5390860215053763,0.5324193548387097
voiced,QuantileTransformer,True,rf,84,0.5358846529814272,0.530190615835777
voiced,QuantileTransformer,True,adaboost,84,0.5649315738025414,0.5840224828934506
voiced,QuantileTransformer,True,mlp,84,0.6278103616813294,0.600601173020528
svd,QuantileTransformer,False,svm,84,0.822120292758823,0.8208267202504409
svd,QuantileTransformer,False,knn,84,0.7139163252445885,0.7138943227353856
svd,QuantileTransformer,False,gaussianNB,84,0.6856727944335853,0.6854629522203055
svd,QuantileTransformer,False,lda,84,0.7870572466121242,0.7858870084115754
svd,QuantileTransformer,False,qda,84,0.7665530454872285,0.7637176699955924
svd,QuantileTransformer,False,dt,84,0.7869635652960525,0.784073534979089
svd,QuantileTransformer,False,rf,84,0.8190494436327433,0.8190494436327433
svd,QuantileTransformer,False,adaboost,84,0.8184608402438643,0.8184608402438643
svd,QuantileTransformer,False,mlp,84,0.7594292745759278,0.7663750508009237
voiced,QuantileTransformer,False,svm,84,0.611662929898224,0.5913248995601936
voiced,QuantileTransformer,False,knn,84,0.5055643879173292,0.486112141553318
voiced,QuantileTransformer,False,gaussianNB,84,0.6076994981406745,0.6343423627247157
voiced,QuantileTransformer,False,lda,84,0.5397399322399322,0.544040409187468
voiced,QuantileTransformer,False,qda,84,0.4900265763501057,0.5187193868076221
voiced,QuantileTransformer,False,dt,84,0.6330142699260346,0.6197462960698255
voiced,QuantileTransformer,False,rf,84,0.5507067361479127,0.6105648295354178
voiced,QuantileTransformer,False,adaboost,84,0.5930796860208625,0.6233293927411575
voiced,QuantileTransformer,False,mlp,84,0.6064123852359147,0.6290659664189076
svd,QuantileTransformer,True,svm,85,0.8158268630678664,0.8185652406481196
svd,QuantileTransformer,True,knn,85,0.7153027579472508,0.7117582962293976
svd,QuantileTransformer,True,gaussianNB,85,0.6924011085243365,0.6934448267109118
svd,QuantileTransformer,True,lda,85,0.7770078394887555,0.7780303139245343
svd,QuantileTransformer,True,qda,85,0.7654068668517959,0.7628427642876934
svd,QuantileTransformer,True,dt,85,0.7772020799992447,0.7794901499808806
svd,QuantileTransformer,True,rf,85,0.82182773787463,0.82182773787463
svd,QuantileTransformer,True,adaboost,85,0.8137708093433285,0.8137708093433285
svd,QuantileTransformer,True,mlp,85,0.7730117465231969,0.7755829103648078
voiced,QuantileTransformer,True,svm,85,0.5626783968719453,0.5930254154447703
voiced,QuantileTransformer,True,knn,85,0.5320478983382209,0.5618963831867058
voiced,QuantileTransformer,True,gaussianNB,85,0.5451564027370479,0.6114125122189639
voiced,QuantileTransformer,True,lda,85,0.5147751710654936,0.49613880742912997
voiced,QuantileTransformer,True,qda,85,0.4906060606060606,0.5135141739980449
voiced,QuantileTransformer,True,dt,85,0.6015102639296187,0.5872678396871944
voiced,QuantileTransformer,True,rf,85,0.5299120234604107,0.558245356793744
voiced,QuantileTransformer,True,adaboost,85,0.5589149560117302,0.5604740957966765
voiced,QuantileTransformer,True,mlp,85,0.5866617790811339,0.5941935483870967
svd,QuantileTransformer,False,svm,85,0.8281331194955499,0.8266385559805455
svd,QuantileTransformer,False,knn,85,0.7194780458443686,0.7252912599688827
svd,QuantileTransformer,False,gaussianNB,85,0.6912727807997463,0.6864109164332503
svd,QuantileTransformer,False,lda,85,0.7937051212028081,0.7915895553935064
svd,QuantileTransformer,False,qda,85,0.7484860513370697,0.7542643290422191
svd,QuantileTransformer,False,dt,85,0.7825386987835854,0.7820232348660596
svd,QuantileTransformer,False,rf,85,0.8246278003875339,0.8246278003875339
svd,QuantileTransformer,False,adaboost,85,0.8133220114688552,0.8133220114688552
svd,QuantileTransformer,False,mlp,85,0.761046940462822,0.7678256908972874
voiced,QuantileTransformer,False,svm,85,0.55148086109293,0.5539332578341198
voiced,QuantileTransformer,False,knn,85,0.49177141823693554,0.5206376669307705
voiced,QuantileTransformer,False,gaussianNB,85,0.5936124292374292,0.6030311355311355
voiced,QuantileTransformer,False,lda,85,0.4857472843248705,0.5115229095617027
voiced,QuantileTransformer,False,qda,85,0.5077956741534327,0.4968324778669606
voiced,QuantileTransformer,False,dt,85,0.5934809443430134,0.5213204898549726
voiced,QuantileTransformer,False,rf,85,0.566457665897321,0.5584420823429445
voiced,QuantileTransformer,False,adaboost,85,0.5666897255043807,0.5666897255043807
voiced,QuantileTransformer,False,mlp,85,0.5286987581384134,0.5348315262323883
svd,QuantileTransformer,True,svm,86,0.8153122141399131,0.8140334184172788
svd,QuantileTransformer,True,knn,86,0.7203523212519942,0.7269559411871299
svd,QuantileTransformer,True,gaussianNB,86,0.6867622689923671,0.6852730439317135
svd,QuantileTransformer,True,lda,86,0.7871256678617639,0.7916535954049585
svd,QuantileTransformer,True,qda,86,0.7571965657025636,0.7561651416558723
svd,QuantileTransformer,True,dt,86,0.7728714832967832,0.7728714832967832
svd,QuantileTransformer,True,rf,86,0.814716470370778,0.8200504221333011
svd,QuantileTransformer,True,adaboost,86,0.8177626063503926,0.8167602753480617
svd,QuantileTransformer,True,mlp,86,0.7631770719284351,0.7590998841216944
voiced,QuantileTransformer,True,svm,86,0.5873118279569892,0.5928054740957968
voiced,QuantileTransformer,True,knn,86,0.554345063538612,0.5824828934506353
voiced,QuantileTransformer,True,gaussianNB,86,0.5873900293255131,0.5732551319648094
voiced,QuantileTransformer,True,lda,86,0.4824340175953079,0.5177614858260019
voiced,QuantileTransformer,True,qda,86,0.49291300097751717,0.4591642228739003
voiced,QuantileTransformer,True,dt,86,0.5203616813294232,0.5385434995112415
voiced,QuantileTransformer,True,rf,86,0.5480498533724341,0.5563831867057674
voiced,QuantileTransformer,True,adaboost,86,0.59930596285435,0.6150635386119256
voiced,QuantileTransformer,True,mlp,86,0.5929178885630498,0.5923313782991202
svd,QuantileTransformer,False,svm,86,0.8109972260906344,0.8140784098402001
svd,QuantileTransformer,False,knn,86,0.712750425135339,0.7223732507737056
svd,QuantileTransformer,False,gaussianNB,86,0.6903765286749625,0.6913810299779712
svd,QuantileTransformer,False,lda,86,0.7983902192622873,0.7947395138543906
svd,QuantileTransformer,False,qda,86,0.7576738263296295,0.7587497928174195
svd,QuantileTransformer,False,dt,86,0.7878711663260661,0.7926234156962859
svd,QuantileTransformer,False,rf,86,0.8169694163673664,0.8169694163673664
svd,QuantileTransformer,False,adaboost,86,0.8085310926232943,0.8085310926232943
svd,QuantileTransformer,False,mlp,86,0.7639524209825577,0.758793723685155
voiced,QuantileTransformer,False,svm,86,0.6281349804879216,0.6094178697119873
voiced,QuantileTransformer,False,knn,86,0.5572435298905887,0.5388371160429986
voiced,QuantileTransformer,False,gaussianNB,86,0.5974129138835022,0.6021353156647274
voiced,QuantileTransformer,False,lda,86,0.4802442600972013,0.4993518518518519
voiced,QuantileTransformer,False,qda,86,0.5545962316550551,0.534027269027269
voiced,QuantileTransformer,False,dt,86,0.6128788096435155,0.5099077066724126
voiced,QuantileTransformer,False,rf,86,0.5979491369197251,0.5543698676051617
voiced,QuantileTransformer,False,adaboost,86,0.5772588522588523,0.5735551485551487
voiced,QuantileTransformer,False,mlp,86,0.5729036486389428,0.5782544470779765
svd,QuantileTransformer,True,svm,87,0.8170538657997763,0.820867671042153
svd,QuantileTransformer,True,knn,87,0.7213936608647622,0.718639272396088
svd,QuantileTransformer,True,gaussianNB,87,0.6826859872225194,0.6920931721858657
svd,QuantileTransformer,True,lda,87,0.7982781467895972,0.7934795375471493
svd,QuantileTransformer,True,qda,87,0.7572085911180786,0.7553866035818053
svd,QuantileTransformer,True,dt,87,0.7910536900395134,0.7963567203425437
svd,QuantileTransformer,True,rf,87,0.8238388510798543,0.8235914794039113
svd,QuantileTransformer,True,adaboost,87,0.8160410981239771,0.8160410981239771
svd,QuantileTransformer,True,mlp,87,0.7789496926192673,0.7733513923372157
voiced,QuantileTransformer,True,svm,87,0.5877908113391984,0.5720332355816227
voiced,QuantileTransformer,True,knn,87,0.523978494623656,0.5526783968719452
voiced,QuantileTransformer,True,gaussianNB,87,0.5843646138807429,0.6225464320625611
voiced,QuantileTransformer,True,lda,87,0.46343108504398833,0.46728250244379277
voiced,QuantileTransformer,True,qda,87,0.4924242424242424,0.5209090909090909
voiced,QuantileTransformer,True,dt,87,0.6178103616813295,0.6110361681329424
voiced,QuantileTransformer,True,rf,87,0.5097605083088954,0.5105180840664711
voiced,QuantileTransformer,True,adaboost,87,0.5496529814271749,0.5635923753665689
voiced,QuantileTransformer,True,mlp,87,0.5978983382209189,0.6095210166177909
svd,QuantileTransformer,False,svm,87,0.8209641877593346,0.8207312524784902
svd,QuantileTransformer,False,knn,87,0.7100207941321448,0.7035719533318684
svd,QuantileTransformer,False,gaussianNB,87,0.6943352158489153,0.6947532043273175
svd,QuantileTransformer,False,lda,87,0.7996542602168428,0.7989057087043708
svd,QuantileTransformer,False,qda,87,0.7518379428612351,0.7560122189823386
svd,QuantileTransformer,False,dt,87,0.7802994124096795,0.7797839484921537
svd,QuantileTransformer,False,rf,87,0.8241716961367734,0.8256066093953608
svd,QuantileTransformer,False,adaboost,87,0.8165118850760414,0.8165118850760414
svd,QuantileTransformer,False,mlp,87,0.7778001650876041,0.7668891096094779
voiced,QuantileTransformer,False,svm,87,0.5600937191593476,0.5642145982802267
voiced,QuantileTransformer,False,knn,87,0.5362107846423753,0.5374091740665712
voiced,QuantileTransformer,False,gaussianNB,87,0.5958570690216964,0.5779275754526033
voiced,QuantileTransformer,False,lda,87,0.5003647162379087,0.527684733385512
voiced,QuantileTransformer,False,qda,87,0.5346417357207123,0.49259778350434635
voiced,QuantileTransformer,False,dt,87,0.5606744133384846,0.5608871507926013
voiced,QuantileTransformer,False,rf,87,0.5214546484290644,0.49833174611817554
voiced,QuantileTransformer,False,adaboost,87,0.5661211400143548,0.5661211400143548
voiced,QuantileTransformer,False,mlp,87,0.5233901934180021,0.5383273635275861
svd,QuantileTransformer,True,svm,88,0.8214638760004082,0.8229848105366099
svd,QuantileTransformer,True,knn,88,0.7104949467108682,0.7183775403077475
svd,QuantileTransformer,True,gaussianNB,88,0.690640889463136,0.6896560854630648
svd,QuantileTransformer,True,lda,88,0.7932704463838597,0.7973444676007381
svd,QuantileTransformer,True,qda,88,0.764676243422154,0.763673912419823
svd,QuantileTransformer,True,dt,88,0.7932808540060449,0.7950742986566324
svd,QuantileTransformer,True,rf,88,0.8163112895828272,0.816829893116698
svd,QuantileTransformer,True,adaboost,88,0.820153577792618,0.820153577792618
svd,QuantileTransformer,True,mlp,88,0.7787199078638555,0.7766507265907484
voiced,QuantileTransformer,True,svm,88,0.5595210166177907,0.5570967741935483
voiced,QuantileTransformer,True,knn,88,0.5575464320625612,0.5836119257087
voiced,QuantileTransformer,True,gaussianNB,88,0.6372385141739981,0.6249853372434018
voiced,QuantileTransformer,True,lda,88,0.43044477028348,0.5251661779081134
voiced,QuantileTransformer,True,qda,88,0.5145894428152492,0.48333822091886613
voiced,QuantileTransformer,True,dt,88,0.6488465298142717,0.575058651026393
voiced,QuantileTransformer,True,rf,88,0.5724633431085044,0.5682209188660801
voiced,QuantileTransformer,True,adaboost,88,0.5752785923753667,0.5752785923753667
voiced,QuantileTransformer,True,mlp,88,0.6137194525904205,0.5960361681329422
svd,QuantileTransformer,False,svm,88,0.8098038994452926,0.8109163322324558
svd,QuantileTransformer,False,knn,88,0.7195482452098789,0.7203428120889307
svd,QuantileTransformer,False,gaussianNB,88,0.6931329965051661,0.6905341556127299
svd,QuantileTransformer,False,lda,88,0.7962619296010685,0.7887731081341204
svd,QuantileTransformer,False,qda,88,0.761292368024401,0.7623976715196358
svd,QuantileTransformer,False,dt,88,0.8012019509287629,0.8006643165201609
svd,QuantileTransformer,False,rf,88,0.8165861564949545,0.817096360576587
svd,QuantileTransformer,False,adaboost,88,0.8181515053954161,0.8181515053954161
svd,QuantileTransformer,False,mlp,88,0.7540577365110864,0.7581344884631963
voiced,QuantileTransformer,False,svm,88,0.5977564969400669,0.595094225134793
voiced,QuantileTransformer,False,knn,88,0.4894578623521322,0.5398376704056218
voiced,QuantileTransformer,False,gaussianNB,88,0.5852411683801136,0.6009715937657114
voiced,QuantileTransformer,False,lda,88,0.5240566470472656,0.5387329305432754
voiced,QuantileTransformer,False,qda,88,0.553070262882636,0.4846002510936588
voiced,QuantileTransformer,False,dt,88,0.5125676204758356,0.511968961472004
voiced,QuantileTransformer,False,rf,88,0.5236013158579083,0.5263790936356859
voiced,QuantileTransformer,False,adaboost,88,0.6171825355547466,0.62530889721052
voiced,QuantileTransformer,False,mlp,88,0.5941497055645129,0.5878092728396987
svd,QuantileTransformer,True,svm,89,0.8109966042681418,0.8109966042681419
svd,QuantileTransformer,True,knn,89,0.7238517970579039,0.7203416612467868
svd,QuantileTransformer,True,gaussianNB,89,0.6911223128017021,0.6916144397224004
svd,QuantileTransformer,True,lda,89,0.7799851892927138,0.780255870991967
svd,QuantileTransformer,True,qda,89,0.7579608305180824,0.7567456316856536
svd,QuantileTransformer,True,dt,89,0.7777136821738784,0.7879541559857808
svd,QuantileTransformer,True,rf,89,0.8197637295456269,0.8256174450776413
svd,QuantileTransformer,True,adaboost,89,0.8157008422330124,0.8157008422330124
svd,QuantileTransformer,True,mlp,89,0.7621945121399865,0.754309852270594
voiced,QuantileTransformer,True,svm,89,0.6245210166177908,0.6247360703812317
voiced,QuantileTransformer,True,knn,89,0.5765102639296187,0.602873900293255
voiced,QuantileTransformer,True,gaussianNB,89,0.6094281524926686,0.6433675464320625
voiced,QuantileTransformer,True,lda,89,0.45167644183773226,0.552394916911046
voiced,QuantileTransformer,True,qda,89,0.5736803519061583,0.4829227761485826
voiced,QuantileTransformer,True,dt,89,0.5754301075268817,0.5604301075268816
voiced,QuantileTransformer,True,rf,89,0.5619208211143695,0.5694965786901272
voiced,QuantileTransformer,True,adaboost,89,0.5577077223851419,0.5577077223851419
voiced,QuantileTransformer,True,mlp,89,0.6251710654936462,0.6159286412512218
svd,QuantileTransformer,False,svm,89,0.8206051882049366,0.8195090195255043
svd,QuantileTransformer,False,knn,89,0.7181310578577913,0.7210532762384666
svd,QuantileTransformer,False,gaussianNB,89,0.6912268008135085,0.689180853991021
svd,QuantileTransformer,False,lda,89,0.7905944175172099,0.7877418263634623
svd,QuantileTransformer,False,qda,89,0.7537632669026821,0.7560665172625234
svd,QuantileTransformer,False,dt,89,0.8015264379131972,0.8031028048219045
svd,QuantileTransformer,False,rf,89,0.8210075269170654,0.8283291156746608
svd,QuantileTransformer,False,adaboost,89,0.8075919880967586,0.8075919880967586
svd,QuantileTransformer,False,mlp,89,0.7768583561145171,0.775761645792441
voiced,QuantileTransformer,False,svm,89,0.5523798328108673,0.5518495297805643
voiced,QuantileTransformer,False,knn,89,0.5612886825817861,0.5023454706213327
voiced,QuantileTransformer,False,gaussianNB,89,0.6167329796640141,0.6086644964231172
voiced,QuantileTransformer,False,lda,89,0.49703279479141554,0.4626625673177397
voiced,QuantileTransformer,False,qda,89,0.4985614098545133,0.4592426251909011
voiced,QuantileTransformer,False,dt,89,0.5843173780242746,0.5209840446909413
voiced,QuantileTransformer,False,rf,89,0.5669353347801624,0.5279593682179888
voiced,QuantileTransformer,False,adaboost,89,0.5518929346515554,0.5518929346515554
voiced,QuantileTransformer,False,mlp,89,0.6084543043163733,0.6080363314846073
svd,QuantileTransformer,True,svm,90,0.8295275680335659,0.8297866836907186
svd,QuantileTransformer,True,knn,90,0.7269686674648506,0.7204019299493674
svd,QuantileTransformer,True,gaussianNB,90,0.6890981174405384,0.6931818163661131
svd,QuantileTransformer,True,lda,90,0.8000838256617973,0.7973189714683716
svd,QuantileTransformer,True,qda,90,0.7666528527815333,0.7611050672337477
svd,QuantileTransformer,True,dt,90,0.7730561804607606,0.7730561804607606
svd,QuantileTransformer,True,rf,90,0.823282204890711,0.8235476537275883
svd,QuantileTransformer,True,adaboost,90,0.8112887657598673,0.8112887657598673
svd,QuantileTransformer,True,mlp,90,0.7644658576610595,0.7703030121459783
voiced,QuantileTransformer,True,svm,90,0.5840664711632454,0.570733137829912
voiced,QuantileTransformer,True,knn,90,0.4991300097751711,0.5372043010752687
voiced,QuantileTransformer,True,gaussianNB,90,0.6031915933528837,0.5974340175953079
voiced,QuantileTransformer,True,lda,90,0.43356304985337246,0.507047898338221
voiced,QuantileTransformer,True,qda,90,0.5048484848484849,0.5385288367546431
voiced,QuantileTransformer,True,dt,90,0.5371554252199413,0.5533919843597263
voiced,QuantileTransformer,True,rf,90,0.5267497556207233,0.5250830889540568
voiced,QuantileTransformer,True,adaboost,90,0.5722922776148582,0.5539589442815249
voiced,QuantileTransformer,True,mlp,90,0.5499315738025417,0.6029618768328445
svd,QuantileTransformer,False,svm,90,0.8170774888558272,0.816375766647884
svd,QuantileTransformer,False,knn,90,0.7192095361185521,0.7213940800064194
svd,QuantileTransformer,False,gaussianNB,90,0.6855869692495513,0.6879933113350291
svd,QuantileTransformer,False,lda,90,0.7938851137215354,0.7972948780103816
svd,QuantileTransformer,False,qda,90,0.7616124086291776,0.7621117806619422
svd,QuantileTransformer,False,dt,90,0.7814802910244255,0.782121316665451
svd,QuantileTransformer,False,rf,90,0.8211629551212644,0.8211629551212644
svd,QuantileTransformer,False,adaboost,90,0.8203325482532774,0.8203325482532774
svd,QuantileTransformer,False,mlp,90,0.7706075923290093,0.76632412041866
voiced,QuantileTransformer,False,svm,90,0.5664781746031746,0.5786243386243386
voiced,QuantileTransformer,False,knn,90,0.5060945767195767,0.5269708994708995
voiced,QuantileTransformer,False,gaussianNB,90,0.5803604497354498,0.5881580687830688
voiced,QuantileTransformer,False,lda,90,0.5103835978835978,0.55067791005291
voiced,QuantileTransformer,False,qda,90,0.49101851851851847,0.5024603174603175
voiced,QuantileTransformer,False,dt,90,0.5533068783068783,0.5496197089947089
voiced,QuantileTransformer,False,rf,90,0.5195568783068782,0.520135582010582
voiced,QuantileTransformer,False,adaboost,90,0.6032275132275132,0.6032275132275132
voiced,QuantileTransformer,False,mlp,90,0.5797321428571428,0.5759358465608465
svd,QuantileTransformer,True,svm,91,0.8084004200089259,0.8046086465334013
svd,QuantileTransformer,True,knn,91,0.7101158002303041,0.712433081277138
svd,QuantileTransformer,True,gaussianNB,91,0.6913743671813465,0.6903694197478276
svd,QuantileTransformer,True,lda,91,0.7853128078755123,0.7810050472973046
svd,QuantileTransformer,True,qda,91,0.7473730250120655,0.7491049989632325
svd,QuantileTransformer,True,dt,91,0.7867808491036408,0.7867808491036408
svd,QuantileTransformer,True,rf,91,0.8151981315667248,0.8124036341702645
svd,QuantileTransformer,True,adaboost,91,0.8088467602916893,0.8088467602916893
svd,QuantileTransformer,True,mlp,91,0.7603428378237539,0.7565396762452379
voiced,QuantileTransformer,True,svm,91,0.618069403714565,0.6049511241446726
voiced,QuantileTransformer,True,knn,91,0.5326783968719453,0.509843597262952
voiced,QuantileTransformer,True,gaussianNB,91,0.5707038123167155,0.5928690127077225
voiced,QuantileTransformer,True,lda,91,0.5442766373411534,0.5060263929618769
voiced,QuantileTransformer,True,qda,91,0.49888074291300094,0.531524926686217
voiced,QuantileTransformer,True,dt,91,0.6629814271749754,0.6199071358748778
voiced,QuantileTransformer,True,rf,91,0.5356256109481916,0.5265347018572826
voiced,QuantileTransformer,True,adaboost,91,0.5814565004887585,0.5640469208211144
voiced,QuantileTransformer,True,mlp,91,0.5657526881720429,0.5732844574780058
svd,QuantileTransformer,False,svm,91,0.8183456083063799,0.8173274260799464
svd,QuantileTransformer,False,knn,91,0.7103055491986119,0.7077005842622133
svd,QuantileTransformer,False,gaussianNB,91,0.6834151282957365,0.6863233143226993
svd,QuantileTransformer,False,lda,91,0.7853656573111992,0.7848139786250783
svd,QuantileTransformer,False,qda,91,0.7667935791103841,0.7640562764035007
svd,QuantileTransformer,False,dt,91,0.7914465071131604,0.7889475733604365
svd,QuantileTransformer,False,rf,91,0.814765301618485,0.8197006265337915
svd,QuantileTransformer,False,adaboost,91,0.8101894480827367,0.8101894480827367
svd,QuantileTransformer,False,mlp,91,0.7612131231115453,0.7707017094941628
voiced,QuantileTransformer,False,svm,91,0.5625366463601758,0.5539233642174818
voiced,QuantileTransformer,False,knn,91,0.5077771819683584,0.4880579714403244
voiced,QuantileTransformer,False,gaussianNB,91,0.6265521896404249,0.6029895594601477
voiced,QuantileTransformer,False,lda,91,0.5561876930259283,0.5264585414585413
voiced,QuantileTransformer,False,qda,91,0.5035669804052156,0.5226550002285296
voiced,QuantileTransformer,False,dt,91,0.5890315403550698,0.5554084967320261
voiced,QuantileTransformer,False,rf,91,0.5097451649657533,0.5312603164809048
voiced,QuantileTransformer,False,adaboost,91,0.5421143725555491,0.5492572296984062
voiced,QuantileTransformer,False,mlp,91,0.5845262335703513,0.5796164211605388
svd,QuantileTransformer,True,svm,92,0.818699571965657,0.8230479916303255
svd,QuantileTransformer,True,knn,92,0.7229584809955585,0.7234623518974664
svd,QuantileTransformer,True,gaussianNB,92,0.6877935732025154,0.6872723532374567
svd,QuantileTransformer,True,lda,92,0.7853667433983682,0.7813023998901862
svd,QuantileTransformer,True,qda,92,0.7595375725691975,0.7602919817369107
svd,QuantileTransformer,True,dt,92,0.7801893453692799,0.7728816530615876
svd,QuantileTransformer,True,rf,92,0.822569480682894,0.8195027854733417
svd,QuantileTransformer,True,adaboost,92,0.8215565060167023,0.8215565060167023
svd,QuantileTransformer,True,mlp,92,0.7606827814134249,0.7705296902297991
voiced,QuantileTransformer,True,svm,92,0.6485239491691106,0.6094770283479961
voiced,QuantileTransformer,True,knn,92,0.5189296187683284,0.5227614858260019
voiced,QuantileTransformer,True,gaussianNB,92,0.6469159335288367,0.6372825024437928
voiced,QuantileTransformer,True,lda,92,0.5410312805474096,0.5371309872922776
voiced,QuantileTransformer,True,qda,92,0.502218963831867,0.5517155425219942
voiced,QuantileTransformer,True,dt,92,0.5207966764418378,0.5850782013685238
voiced,QuantileTransformer,True,rf,92,0.5810166177908114,0.5810166177908114
voiced,QuantileTransformer,True,adaboost,92,0.5753665689149561,0.5835483870967743
voiced,QuantileTransformer,True,mlp,92,0.6652541544477029,0.6118572825024439
svd,QuantileTransformer,False,svm,92,0.8193565879735001,0.8177998662510799
svd,QuantileTransformer,False,knn,92,0.7060575966057161,0.7060509698962282
svd,QuantileTransformer,False,gaussianNB,92,0.6919380276869307,0.6914144674775066
svd,QuantileTransformer,False,lda,92,0.7905133122668226,0.7959806816575242
svd,QuantileTransformer,False,qda,92,0.7610136093062904,0.7662077254957789
svd,QuantileTransformer,False,dt,92,0.7846703821353253,0.7865243441971715
svd,QuantileTransformer,False,rf,92,0.8213471956419894,0.8231189537419968
svd,QuantileTransformer,False,adaboost,92,0.8115036648681855,0.8115036648681855
svd,QuantileTransformer,False,mlp,92,0.7662175693686581,0.7561574019027537
voiced,QuantileTransformer,False,svm,92,0.6275234547926427,0.5870244808954487
voiced,QuantileTransformer,False,knn,92,0.48959409395449444,0.4963913289775359
voiced,QuantileTransformer,False,gaussianNB,92,0.6175716947741419,0.6264461536486008
voiced,QuantileTransformer,False,lda,92,0.49682074012997257,0.4675765576655454
voiced,QuantileTransformer,False,qda,92,0.5453916198743785,0.5466336154267188
voiced,QuantileTransformer,False,dt,92,0.5891417036800797,0.581449395987772
voiced,QuantileTransformer,False,rf,92,0.5696006965473039,0.5594076995801134
voiced,QuantileTransformer,False,adaboost,92,0.5674601742343677,0.5816767640961189
voiced,QuantileTransformer,False,mlp,92,0.5993315891869841,0.6236089784643732
svd,QuantileTransformer,True,svm,93,0.8155543529534806,0.819875745846302
svd,QuantileTransformer,True,knn,93,0.7244071649905892,0.7139757352788978
svd,QuantileTransformer,True,gaussianNB,93,0.6893372676033527,0.688072104195332
svd,QuantileTransformer,True,lda,93,0.7804639962000922,0.7835338579995068
svd,QuantileTransformer,True,qda,93,0.7498991448391668,0.7489025968578858
svd,QuantileTransformer,True,dt,93,0.7925458874095733,0.7956110065870152
svd,QuantileTransformer,True,rf,93,0.8286490263644026,0.8286490263644026
svd,QuantileTransformer,True,adaboost,93,0.8237804870520247,0.8228247760963138
svd,QuantileTransformer,True,mlp,93,0.7507955839144497,0.7604401505437492
voiced,QuantileTransformer,True,svm,93,0.5761192570869991,0.5395650048875854
voiced,QuantileTransformer,True,knn,93,0.5218768328445748,0.5071358748778103
voiced,QuantileTransformer,True,gaussianNB,93,0.5883235581622678,0.5775219941348972
voiced,QuantileTransformer,True,lda,93,0.5209433040078202,0.46219452590420324
voiced,QuantileTransformer,True,qda,93,0.5264418377321604,0.5250439882697948
voiced,QuantileTransformer,True,dt,93,0.5531769305962854,0.5909872922776149
voiced,QuantileTransformer,True,rf,93,0.5233724340175954,0.5483724340175953
voiced,QuantileTransformer,True,adaboost,93,0.48758064516129035,0.48758064516129035
voiced,QuantileTransformer,True,mlp,93,0.5693010752688171,0.6133479960899315
svd,QuantileTransformer,False,svm,93,0.8144703722645744,0.8134476078358845
svd,QuantileTransformer,False,knn,93,0.7214697503830154,0.7246557113608887
svd,QuantileTransformer,False,gaussianNB,93,0.6901419263070085,0.6902196787432515
svd,QuantileTransformer,False,lda,93,0.7780377863915667,0.78206047456712
svd,QuantileTransformer,False,qda,93,0.7512625318447623,0.7501176801059881
svd,QuantileTransformer,False,dt,93,0.7980099142563135,0.7830944946076472
svd,QuantileTransformer,False,rf,93,0.8222570477062117,0.8147356499992504
svd,QuantileTransformer,False,adaboost,93,0.8185883420085516,0.8185883420085516
svd,QuantileTransformer,False,mlp,93,0.7616358385414166,0.762453301387375
voiced,QuantileTransformer,False,svm,93,0.5306923857075987,0.5564276798252458
voiced,QuantileTransformer,False,knn,93,0.5307945640678906,0.5212957689707183
voiced,QuantileTransformer,False,gaussianNB,93,0.5755052573637766,0.5602228853521957
voiced,QuantileTransformer,False,lda,93,0.5220623125465924,0.4641665149702675
voiced,QuantileTransformer,False,qda,93,0.5060118366533174,0.5352440578353357
voiced,QuantileTransformer,False,dt,93,0.5643757043047103,0.6028686655917894
voiced,QuantileTransformer,False,rf,93,0.5265328704426068,0.5241290242887606
voiced,QuantileTransformer,False,adaboost,93,0.6039927142386574,0.6260439962899395
voiced,QuantileTransformer,False,mlp,93,0.5680062975676566,0.5314678360291951
svd,QuantileTransformer,True,svm,94,0.8077682259579753,0.8062297644195138
svd,QuantileTransformer,True,knn,94,0.7087475120299548,0.7125665501347072
svd,QuantileTransformer,True,gaussianNB,94,0.6903896230995467,0.6906343783443021
svd,QuantileTransformer,True,lda,94,0.7760275402532764,0.7760385561367023
svd,QuantileTransformer,True,qda,94,0.7605686243963233,0.7601320671331576
svd,QuantileTransformer,True,dt,94,0.7813483354159472,0.7787376128052246
svd,QuantileTransformer,True,rf,94,0.8119744359602592,0.8069174990767138
svd,QuantileTransformer,True,adaboost,94,0.8172865938133114,0.8172865938133114
svd,QuantileTransformer,True,mlp,94,0.7550573345229833,0.768502446299611
voiced,QuantileTransformer,True,svm,94,0.5965102639296187,0.6171603128054741
voiced,QuantileTransformer,True,knn,94,0.5012707722385142,0.5401026392961877
voiced,QuantileTransformer,True,gaussianNB,94,0.6236705767350929,0.6202297165200391
voiced,QuantileTransformer,True,lda,94,0.4785630498533724,0.49652492668621695
voiced,QuantileTransformer,True,qda,94,0.5465591397849463,0.49610459433040077
voiced,QuantileTransformer,True,dt,94,0.5529178885630499,0.5662512218963831
voiced,QuantileTransformer,True,rf,94,0.559652981427175,0.5996089931573803
voiced,QuantileTransformer,True,adaboost,94,0.5877908113391983,0.5811241446725317
voiced,QuantileTransformer,True,mlp,94,0.5683284457478005,0.550039100684262
svd,QuantileTransformer,False,svm,94,0.819818909088404,0.8220685348554339
svd,QuantileTransformer,False,knn,94,0.7139030283124079,0.7111684739126425
svd,QuantileTransformer,False,gaussianNB,94,0.6900290158275977,0.6902906323836305
svd,QuantileTransformer,False,lda,94,0.7928752206201365,0.7984992723648485
svd,QuantileTransformer,False,qda,94,0.7560870528247974,0.7555110285590632
svd,QuantileTransformer,False,dt,94,0.7628930354614988,0.7628930354614988
svd,QuantileTransformer,False,rf,94,0.8203878042639303,0.8173198023370982
svd,QuantileTransformer,False,adaboost,94,0.8127266200126035,0.8127266200126035
svd,QuantileTransformer,False,mlp,94,0.7686706494164249,0.770701482211928
voiced,QuantileTransformer,False,svm,94,0.6061162584691996,0.5934111571979219
voiced,QuantileTransformer,False,knn,94,0.5643428739016975,0.5847868485000839
voiced,QuantileTransformer,False,gaussianNB,94,0.604279010749599,0.5926883274677393
voiced,QuantileTransformer,False,lda,94,0.5692570596614714,0.5218071715865833
voiced,QuantileTransformer,False,qda,94,0.542178140486964,0.508964124111183
voiced,QuantileTransformer,False,dt,94,0.4990397633412339,0.5312904755919462
voiced,QuantileTransformer,False,rf,94,0.5441774850966027,0.5447269356460532
voiced,QuantileTransformer,False,adaboost,94,0.558481918408389,0.5618152517417223
voiced,QuantileTransformer,False,mlp,94,0.607566107639637,0.6094005721946898
svd,QuantileTransformer,True,svm,95,0.8180958735920567,0.8168074001607263
svd,QuantileTransformer,True,knn,95,0.7264246712938097,0.7274501343803416
svd,QuantileTransformer,True,gaussianNB,95,0.6916101292382646,0.6906258753968679
svd,QuantileTransformer,True,lda,95,0.7903798546055907,0.7860649728316031
svd,QuantileTransformer,True,qda,95,0.7693615871587517,0.7660632188603835
svd,QuantileTransformer,True,dt,95,0.8010527967125569,0.8015656172253773
svd,QuantileTransformer,True,rf,95,0.8294043415690089,0.8235696854944401
svd,QuantileTransformer,True,adaboost,95,0.8170087310000069,0.8170087310000069
svd,QuantileTransformer,True,mlp,95,0.7760707104600234,0.7719843351849895
voiced,QuantileTransformer,True,svm,95,0.6091055718475074,0.6106207233626588
voiced,QuantileTransformer,True,knn,95,0.5575268817204301,0.5740420332355816
voiced,QuantileTransformer,True,gaussianNB,95,0.6403323558162268,0.6060459433040079
voiced,QuantileTransformer,True,lda,95,0.5567595307917889,0.5478250244379277
voiced,QuantileTransformer,True,qda,95,0.5275024437927665,0.4857673509286412
voiced,QuantileTransformer,True,dt,95,0.5955571847507332,0.5922238514173997
voiced,QuantileTransformer,True,rf,95,0.540562072336266,0.5425073313782992
voiced,QuantileTransformer,True,adaboost,95,0.5776783968719453,0.5776783968719453
voiced,QuantileTransformer,True,mlp,95,0.5872238514173997,0.5656011730205279
svd,QuantileTransformer,False,svm,95,0.8196604241361449,0.8250218276817701
svd,QuantileTransformer,False,knn,95,0.7108622411605797,0.712732554863881
svd,QuantileTransformer,False,gaussianNB,95,0.6890397541873124,0.6882468493667927
svd,QuantileTransformer,False,lda,95,0.7901146348135866,0.7869942169265374
svd,QuantileTransformer,False,qda,95,0.7551055823732967,0.7627753250904904
svd,QuantileTransformer,False,dt,95,0.7905749117212224,0.7897997179227728
svd,QuantileTransformer,False,rf,95,0.8205107749276055,0.8220158196279425
svd,QuantileTransformer,False,adaboost,95,0.8022957468222597,0.8022957468222597
svd,QuantileTransformer,False,mlp,95,0.7655021739278992,0.7641743724333294
voiced,QuantileTransformer,False,svm,95,0.6590221029760878,0.6288854970140548
voiced,QuantileTransformer,False,knn,95,0.5265585493728283,0.5662661824260496
voiced,QuantileTransformer,False,gaussianNB,95,0.5941738337563764,0.597980112866261
voiced,QuantileTransformer,False,lda,95,0.4654003045499725,0.583313557094392
voiced,QuantileTransformer,False,qda,95,0.5286645134593427,0.465828266057156
voiced,QuantileTransformer,False,dt,95,0.5452013664703418,0.5700577577071885
voiced,QuantileTransformer,False,rf,95,0.5340261331805449,0.5554844665138783
voiced,QuantileTransformer,False,adaboost,95,0.5493327367603933,0.5493327367603933
voiced,QuantileTransformer,False,mlp,95,0.5695842728587036,0.6062936904967265
svd,QuantileTransformer,True,svm,96,0.8153573180726943,0.8133261794548599
svd,QuantileTransformer,True,knn,96,0.7297563995437496,0.7272098239819069
svd,QuantileTransformer,True,gaussianNB,96,0.6831906461404825,0.6926499963141184
svd,QuantileTransformer,True,lda,96,0.7926738256291146,0.7870885475847307
svd,QuantileTransformer,True,qda,96,0.7648399927952817,0.7620358176901252
svd,QuantileTransformer,True,dt,96,0.7665288836935511,0.7665288836935511
svd,QuantileTransformer,True,rf,96,0.8177216349626383,0.8276411501984022
svd,QuantileTransformer,True,adaboost,96,0.8139277952146001,0.8139277952146001
svd,QuantileTransformer,True,mlp,96,0.7631073197976141,0.7590768863996782
voiced,QuantileTransformer,True,svm,96,0.5490664711632454,0.5557331378299122
voiced,QuantileTransformer,True,knn,96,0.5128494623655915,0.536119257086999
voiced,QuantileTransformer,True,gaussianNB,96,0.6095307917888563,0.6061339198435972
voiced,QuantileTransformer,True,lda,96,0.5721945259042034,0.6036950146627567
voiced,QuantileTransformer,True,qda,96,0.510615835777126,0.5236265884652982
voiced,QuantileTransformer,True,dt,96,0.5741935483870968,0.5801026392961877
voiced,QuantileTransformer,True,rf,96,0.5749755620723362,0.5666422287390029
voiced,QuantileTransformer,True,adaboost,96,0.551793743890518,0.5184604105571847
voiced,QuantileTransformer,True,mlp,96,0.6046285434995113,0.585752688172043
svd,QuantileTransformer,False,svm,96,0.8188157452119789,0.820752193453161
svd,QuantileTransformer,False,knn,96,0.7224783019838538,0.7161594589888605
svd,QuantileTransformer,False,gaussianNB,96,0.6859356745829972,0.6873092632549452
svd,QuantileTransformer,False,lda,96,0.7907380344895023,0.7916855621529981
svd,QuantileTransformer,False,qda,96,0.7615960964792726,0.7581694985986996
svd,QuantileTransformer,False,dt,96,0.7817914870321058,0.7826111591632534
svd,QuantileTransformer,False,rf,96,0.8205753503176156,0.8219318367085664
svd,QuantileTransformer,False,adaboost,96,0.8157281151350556,0.8185019075788624
svd,QuantileTransformer,False,mlp,96,0.7655378347464079,0.7607609196451979
voiced,QuantileTransformer,False,svm,96,0.5911725192370354,0.5792182369601725
voiced,QuantileTransformer,False,knn,96,0.5252775897937189,0.5332639045542271
voiced,QuantileTransformer,False,gaussianNB,96,0.6430277965761837,0.6237413840639647
voiced,QuantileTransformer,False,lda,96,0.4914126375416698,0.49662230242875405
voiced,QuantileTransformer,False,qda,96,0.5278870591773817,0.47306414016091436
voiced,QuantileTransformer,False,dt,96,0.6091340201017621,0.5605611950773242
voiced,QuantileTransformer,False,rf,96,0.5778827982053788,0.575062285384866
voiced,QuantileTransformer,False,adaboost,96,0.5766100208035692,0.580456174649723
voiced,QuantileTransformer,False,mlp,96,0.5703514048675339,0.5489372634533924
svd,QuantileTransformer,True,svm,97,0.807019895771259,0.8110790064170652
svd,QuantileTransformer,True,knn,97,0.714717672367618,0.7193236915755999
svd,QuantileTransformer,True,gaussianNB,97,0.6884880259689419,0.6877330666425541
svd,QuantileTransformer,True,lda,97,0.7957921794672067,0.7960485007540623
svd,QuantileTransformer,True,qda,97,0.7556957582584628,0.7556938699250586
svd,QuantileTransformer,True,dt,97,0.78168071114636,0.7844636425007201
svd,QuantileTransformer,True,rf,97,0.8215689181774242,0.8217903633988695
svd,QuantileTransformer,True,adaboost,97,0.8203007661186505,0.8203007661186505
svd,QuantileTransformer,True,mlp,97,0.7761634003945891,0.7797335507095594
voiced,QuantileTransformer,True,svm,97,0.6208846529814271,0.5844770283479962
voiced,QuantileTransformer,True,knn,97,0.5359042033235581,0.5491935483870967
voiced,QuantileTransformer,True,gaussianNB,97,0.6098142717497556,0.646373411534702
voiced,QuantileTransformer,True,lda,97,0.5457917888563051,0.492605083088954
voiced,QuantileTransformer,True,qda,97,0.5166666666666666,0.5370869990224829
voiced,QuantileTransformer,True,dt,97,0.5452101661779081,0.5980254154447703
voiced,QuantileTransformer,True,rf,97,0.5507771260997067,0.5267302052785924
voiced,QuantileTransformer,True,adaboost,97,0.5364125122189639,0.5405034213098728
voiced,QuantileTransformer,True,mlp,97,0.6136754643206256,0.5864027370478982
svd,QuantileTransformer,False,svm,97,0.8231022976821238,0.8208174727433273
svd,QuantileTransformer,False,knn,97,0.7210069304016767,0.7253602666031873
svd,QuantileTransformer,False,gaussianNB,97,0.6843815449123115,0.6811243405473043
svd,QuantileTransformer,False,lda,97,0.7917050135564935,0.7898782151732009
svd,QuantileTransformer,False,qda,97,0.7608644296639376,0.7603829679105699
svd,QuantileTransformer,False,dt,97,0.7935224034144104,0.7942523304217096
svd,QuantileTransformer,False,rf,97,0.8242578890588442,0.8230408431939111
svd,QuantileTransformer,False,adaboost,97,0.8160158840525511,0.8160158840525511
svd,QuantileTransformer,False,mlp,97,0.7692128380620948,0.7628198791741028
voiced,QuantileTransformer,False,svm,97,0.5980879455073004,0.6064381138574686
voiced,QuantileTransformer,False,knn,97,0.5368462660398143,0.5409203401138886
voiced,QuantileTransformer,False,gaussianNB,97,0.6090254309609149,0.616843395553073
voiced,QuantileTransformer,False,lda,97,0.4722516253161415,0.5398190817545656
voiced,QuantileTransformer,False,qda,97,0.4546176821983273,0.5446464646464646
voiced,QuantileTransformer,False,dt,97,0.5590128628838307,0.5392963428447299
voiced,QuantileTransformer,False,rf,97,0.5544262129746,0.5718504553988424
voiced,QuantileTransformer,False,adaboost,97,0.5260489689521947,0.5260489689521947
voiced,QuantileTransformer,False,mlp,97,0.631246411891573,0.6216353240546789
svd,QuantileTransformer,True,svm,98,0.8120968580674143,0.8164077852354843
svd,QuantileTransformer,True,knn,98,0.7205358890473395,0.7161652596767102
svd,QuantileTransformer,True,gaussianNB,98,0.694206282630492,0.6914044860991426
svd,QuantileTransformer,True,lda,98,0.7915131560551407,0.7950212255937446
svd,QuantileTransformer,True,qda,98,0.7502098174453682,0.7527629041260449
svd,QuantileTransformer,True,dt,98,0.7782636974076451,0.7782636974076451
svd,QuantileTransformer,True,rf,98,0.826170374518248,0.826170374518248
svd,QuantileTransformer,True,adaboost,98,0.8178217583942775,0.8178217583942775
svd,QuantileTransformer,True,mlp,98,0.7706253524737712,0.7746982134550292
voiced,QuantileTransformer,True,svm,98,0.5847360703812317,0.5888709677419355
voiced,QuantileTransformer,True,knn,98,0.5433333333333332,0.5520527859237536
voiced,QuantileTransformer,True,gaussianNB,98,0.5572825024437927,0.5589491691104594
voiced,QuantileTransformer,True,lda,98,0.5474389051808406,0.5291006842619745
voiced,QuantileTransformer,True,qda,98,0.51386119257087,0.514574780058651
voiced,QuantileTransformer,True,dt,98,0.6218377321603128,0.6235483870967742
voiced,QuantileTransformer,True,rf,98,0.5764907135874877,0.5495014662756599
voiced,QuantileTransformer,True,adaboost,98,0.5456695992179863,0.5333528836754644
voiced,QuantileTransformer,True,mlp,98,0.539130009775171,0.5548875855327469
svd,QuantileTransformer,False,svm,98,0.8162501941045891,0.8182791958034701
svd,QuantileTransformer,False,knn,98,0.7287502109280896,0.7186412684966113
svd,QuantileTransformer,False,gaussianNB,98,0.6876662699230034,0.687720894935382
svd,QuantileTransformer,False,lda,98,0.7900142902278381,0.7873400586760118
svd,QuantileTransformer,False,qda,98,0.7551658272716846,0.7524366720730048
svd,QuantileTransformer,False,dt,98,0.7800080702479825,0.7800080702479825
svd,QuantileTransformer,False,rf,98,0.830880802641149,0.8300070908791387
svd,QuantileTransformer,False,adaboost,98,0.8123304499438884,0.8123304499438884
svd,QuantileTransformer,False,mlp,98,0.7597511346138275,0.7535314222297853
voiced,QuantileTransformer,False,svm,98,0.5585943502069263,0.5666256900638239
voiced,QuantileTransformer,False,knn,98,0.4867470038413243,0.5420833426208679
voiced,QuantileTransformer,False,gaussianNB,98,0.6157908893000171,0.6153348341989314
voiced,QuantileTransformer,False,lda,98,0.5384900697679602,0.5335758122877798
voiced,QuantileTransformer,False,qda,98,0.5562846146416127,0.5166845358833188
voiced,QuantileTransformer,False,dt,98,0.5401357837564734,0.5930774431788631
voiced,QuantileTransformer,False,rf,98,0.5925784239425214,0.572480384726835
voiced,QuantileTransformer,False,adaboost,98,0.5995962337189518,0.5919039260266441
voiced,QuantileTransformer,False,mlp,98,0.6194763130716477,0.5971884775130211
svd,QuantileTransformer,True,svm,99,0.8190874265683427,0.8213659368621201
svd,QuantileTransformer,True,knn,99,0.7137614711715039,0.7325567834564563
svd,QuantileTransformer,True,gaussianNB,99,0.6880588876772082,0.6851916658405207
svd,QuantileTransformer,True,lda,99,0.7990500829595705,0.8000667743742989
svd,QuantileTransformer,True,qda,99,0.7514016899131404,0.7519294209970327
svd,QuantileTransformer,True,dt,99,0.7880013988192832,0.7933044291223135
svd,QuantileTransformer,True,rf,99,0.819743019612158,0.822275962859387
svd,QuantileTransformer,True,adaboost,99,0.8045331404328131,0.8045331404328131
svd,QuantileTransformer,True,mlp,99,0.7610433713868827,0.7649022805620407
voiced,QuantileTransformer,True,svm,99,0.5795210166177908,0.5809090909090908
voiced,QuantileTransformer,True,knn,99,0.5152150537634409,0.530171065493646
voiced,QuantileTransformer,True,gaussianNB,99,0.6080205278592374,0.6045796676441838
voiced,QuantileTransformer,True,lda,99,0.5717644183773217,0.5109872922776149
voiced,QuantileTransformer,True,qda,99,0.45259042033235575,0.49621212121212127
voiced,QuantileTransformer,True,dt,99,0.6150635386119256,0.6163147605083089
voiced,QuantileTransformer,True,rf,99,0.5487438905180841,0.5471212121212121
voiced,QuantileTransformer,True,adaboost,99,0.6249315738025416,0.6158406647116325
voiced,QuantileTransformer,True,mlp,99,0.5753225806451613,0.5718817204301075
svd,QuantileTransformer,False,svm,99,0.8118284542333004,0.8122985318092875
svd,QuantileTransformer,False,knn,99,0.7124676234402592,0.7161706645827083
svd,QuantileTransformer,False,gaussianNB,99,0.6886475430061963,0.6897839066425601
svd,QuantileTransformer,False,lda,99,0.7746368356845139,0.7683943609752539
svd,QuantileTransformer,False,qda,99,0.7599099683250292,0.7602123011548626
svd,QuantileTransformer,False,dt,99,0.7868751110320213,0.7860204101773205
svd,QuantileTransformer,False,rf,99,0.8176884688372118,0.8177431696919125
svd,QuantileTransformer,False,adaboost,99,0.8197286080614751,0.8197286080614751
svd,QuantileTransformer,False,mlp,99,0.759259657108056,0.7641282590817539
voiced,QuantileTransformer,False,svm,99,0.545192227153434,0.5549906128354405
voiced,QuantileTransformer,False,knn,99,0.553584681601923,0.5317670898705382
voiced,QuantileTransformer,False,gaussianNB,99,0.544170685636203,0.5745460741365913
voiced,QuantileTransformer,False,lda,99,0.5245050599145427,0.484405784190267
voiced,QuantileTransformer,False,qda,99,0.5425402997385756,0.509583361242844
voiced,QuantileTransformer,False,dt,99,0.5511564281822903,0.5942790231798852
voiced,QuantileTransformer,False,rf,99,0.4775026147224423,0.47241914455276535
voiced,QuantileTransformer,False,adaboost,99,0.5275834015920223,0.5241351257299532
voiced,QuantileTransformer,False,mlp,99,0.5718857539331678,0.5666666905891043
