dataset,scaler,stratify,classifier,seed,uar_correct,uar_leakage
svd,MaxAbsScaler,True,svm,0,0.8295603324338329,0.8336563254992917
svd,MaxAbsScaler,True,knn,0,0.7261807621676759,0.7222855207315404
svd,MaxAbsScaler,True,gaussianNB,0,0.6617318232476357,0.6617318232476357
svd,MaxAbsScaler,True,lda,0,0.8218468409090001,0.8218468409090001
svd,MaxAbsScaler,True,qda,0,0.7416904796403161,0.7443458740459831
svd,MaxAbsScaler,True,dt,0,0.7800061951861297,0.7800061951861297
svd,MaxAbsScaler,True,rf,0,0.8149939754901588,0.8149939754901588
svd,MaxAbsScaler,True,adaboost,0,0.8061810472333919,0.8061810472333919
svd,MaxAbsScaler,True,mlp,0,0.7715371342579631,0.7760494231323021
voiced,MaxAbsScaler,True,svm,0,0.5778543499511241,0.5886119257086999
voiced,MaxAbsScaler,True,knn,0,0.5547360703812316,0.5695650048875855
voiced,MaxAbsScaler,True,gaussianNB,0,0.5383186705767351,0.5466520039100684
voiced,MaxAbsScaler,True,lda,0,0.5478250244379277,0.5478250244379277
voiced,MaxAbsScaler,True,qda,0,0.515,0.4756647116324536
voiced,MaxAbsScaler,True,dt,0,0.6126392961876832,0.6126392961876832
voiced,MaxAbsScaler,True,rf,0,0.6002590420332357,0.6002590420332357
voiced,MaxAbsScaler,True,adaboost,0,0.558069403714565,0.558069403714565
voiced,MaxAbsScaler,True,mlp,0,0.5332649071358749,0.5879618768328446
svd,MaxAbsScaler,False,svm,0,0.8271073014111361,0.8249344686956569
svd,MaxAbsScaler,False,knn,0,0.7232636190253271,0.7298407341326509
svd,MaxAbsScaler,False,gaussianNB,0,0.6589522186570076,0.6589522186570076
svd,MaxAbsScaler,False,lda,0,0.8153597918066664,0.8153597918066664
svd,MaxAbsScaler,False,qda,0,0.7360940028608003,0.7382753271244675
svd,MaxAbsScaler,False,dt,0,0.7958587565661147,0.7958587565661147
svd,MaxAbsScaler,False,rf,0,0.8252948568508585,0.8252948568508585
svd,MaxAbsScaler,False,adaboost,0,0.8205098009408051,0.8205098009408051
svd,MaxAbsScaler,False,mlp,0,0.7673230818252994,0.7758718634247502
voiced,MaxAbsScaler,False,svm,0,0.5666137523951763,0.5677925161601468
voiced,MaxAbsScaler,False,knn,0,0.5546401644795693,0.5128662529072707
voiced,MaxAbsScaler,False,gaussianNB,0,0.5512054153669836,0.5512054153669836
voiced,MaxAbsScaler,False,lda,0,0.507931685944756,0.507931685944756
voiced,MaxAbsScaler,False,qda,0,0.5315964286918125,0.4790965129605286
voiced,MaxAbsScaler,False,dt,0,0.5621586971148984,0.5621586971148984
voiced,MaxAbsScaler,False,rf,0,0.5071355378029461,0.5071355378029461
voiced,MaxAbsScaler,False,adaboost,0,0.5371305529842794,0.5371305529842794
voiced,MaxAbsScaler,False,mlp,0,0.5629318123478301,0.5568031657811969
svd,MaxAbsScaler,True,svm,1,0.8361595075226482,0.8458233115485024
svd,MaxAbsScaler,True,knn,1,0.7302563757580116,0.7186202292799894
svd,MaxAbsScaler,True,gaussianNB,1,0.6657789520548517,0.6657789520548517
svd,MaxAbsScaler,True,lda,1,0.8336219414899894,0.8336219414899894
svd,MaxAbsScaler,True,qda,1,0.7416909117781527,0.7395564686131753
svd,MaxAbsScaler,True,dt,1,0.7841617851432464,0.7841617851432464
svd,MaxAbsScaler,True,rf,1,0.8260742801364394,0.8260742801364394
svd,MaxAbsScaler,True,adaboost,1,0.8099562760031679,0.8099562760031679
svd,MaxAbsScaler,True,mlp,1,0.7816235509310754,0.7817435799387817
voiced,MaxAbsScaler,True,svm,1,0.5797360703812316,0.5985043988269794
voiced,MaxAbsScaler,True,knn,1,0.5488074291300098,0.5397165200391006
voiced,MaxAbsScaler,True,gaussianNB,1,0.5517986314760508,0.5517986314760508
voiced,MaxAbsScaler,True,lda,1,0.5340175953079179,0.5340175953079179
voiced,MaxAbsScaler,True,qda,1,0.48984848484848487,0.5039393939393939
voiced,MaxAbsScaler,True,dt,1,0.5895650048875855,0.5895650048875855
voiced,MaxAbsScaler,True,rf,1,0.5558406647116325,0.5558406647116325
voiced,MaxAbsScaler,True,adaboost,1,0.6044525904203324,0.6044525904203324
voiced,MaxAbsScaler,True,mlp,1,0.5852785923753665,0.5877028347996089
svd,MaxAbsScaler,False,svm,1,0.8312808081840781,0.8339174932636432
svd,MaxAbsScaler,False,knn,1,0.7201289806172732,0.7285762251002624
svd,MaxAbsScaler,False,gaussianNB,1,0.6625928364507297,0.6625928364507297
svd,MaxAbsScaler,False,lda,1,0.827980686288971,0.827980686288971
svd,MaxAbsScaler,False,qda,1,0.7367930876535207,0.7385612303919951
svd,MaxAbsScaler,False,dt,1,0.7832095851055437,0.7832095851055437
svd,MaxAbsScaler,False,rf,1,0.8139794061841739,0.8139794061841739
svd,MaxAbsScaler,False,adaboost,1,0.8105933856297629,0.8105933856297629
svd,MaxAbsScaler,False,mlp,1,0.7646382406613749,0.7933976625477366
voiced,MaxAbsScaler,False,svm,1,0.5813737152724917,0.5549512488500253
voiced,MaxAbsScaler,False,knn,1,0.5113425411979361,0.5094469869108356
voiced,MaxAbsScaler,False,gaussianNB,1,0.5775769463922968,0.5775769463922968
voiced,MaxAbsScaler,False,lda,1,0.4788566319767654,0.4788566319767654
voiced,MaxAbsScaler,False,qda,1,0.4931722574381084,0.5134615384615385
voiced,MaxAbsScaler,False,dt,1,0.6268555421836847,0.6268555421836847
voiced,MaxAbsScaler,False,rf,1,0.6257787754617565,0.6257787754617565
voiced,MaxAbsScaler,False,adaboost,1,0.5852816381904258,0.5852816381904258
voiced,MaxAbsScaler,False,mlp,1,0.5976941735395572,0.5869873324878887
svd,MaxAbsScaler,True,svm,2,0.8301096649624459,0.8316279830674596
svd,MaxAbsScaler,True,knn,2,0.7203425091811132,0.7258549138974439
svd,MaxAbsScaler,True,gaussianNB,2,0.6609802084502193,0.6609802084502193
svd,MaxAbsScaler,True,lda,2,0.816594623115888,0.816594623115888
svd,MaxAbsScaler,True,qda,2,0.7439700158075295,0.7415887511252832
svd,MaxAbsScaler,True,dt,2,0.7881230038591,0.7881230038591
svd,MaxAbsScaler,True,rf,2,0.8195939592940682,0.8195939592940682
svd,MaxAbsScaler,True,adaboost,2,0.8185478026154144,0.8185478026154144
svd,MaxAbsScaler,True,mlp,2,0.7833208721485713,0.7789722146265221
voiced,MaxAbsScaler,True,svm,2,0.5510117302052786,0.558435972629521
voiced,MaxAbsScaler,True,knn,2,0.46425708699902246,0.5067008797653959
voiced,MaxAbsScaler,True,gaussianNB,2,0.5564760508308895,0.5564760508308895
voiced,MaxAbsScaler,True,lda,2,0.5659872922776149,0.5659872922776149
voiced,MaxAbsScaler,True,qda,2,0.526119257086999,0.5278494623655915
voiced,MaxAbsScaler,True,dt,2,0.5620087976539588,0.5620087976539588
voiced,MaxAbsScaler,True,rf,2,0.5594965786901271,0.5594965786901271
voiced,MaxAbsScaler,True,adaboost,2,0.6122678396871946,0.6122678396871946
voiced,MaxAbsScaler,True,mlp,2,0.5311632453567937,0.5361632453567937
svd,MaxAbsScaler,False,svm,2,0.8237944938063453,0.8360425855668859
svd,MaxAbsScaler,False,knn,2,0.7206453524857505,0.7161676026301255
svd,MaxAbsScaler,False,gaussianNB,2,0.6604011353775526,0.6604011353775526
svd,MaxAbsScaler,False,lda,2,0.8227698104952923,0.8227698104952923
svd,MaxAbsScaler,False,qda,2,0.7314625700038662,0.7346598894475386
svd,MaxAbsScaler,False,dt,2,0.7938197043829119,0.7938197043829119
svd,MaxAbsScaler,False,rf,2,0.8261981809482896,0.8261981809482896
svd,MaxAbsScaler,False,adaboost,2,0.8176999980012762,0.8176999980012762
svd,MaxAbsScaler,False,mlp,2,0.7865282457557207,0.7787211590360641
voiced,MaxAbsScaler,False,svm,2,0.6308570485052932,0.6504662532983216
voiced,MaxAbsScaler,False,knn,2,0.5300212011001859,0.5282673884640203
voiced,MaxAbsScaler,False,gaussianNB,2,0.5183106499849858,0.5183106499849858
voiced,MaxAbsScaler,False,lda,2,0.4882760655255912,0.4882760655255912
voiced,MaxAbsScaler,False,qda,2,0.45337962962962963,0.4453866199950166
voiced,MaxAbsScaler,False,dt,2,0.6175383883106843,0.6175383883106843
voiced,MaxAbsScaler,False,rf,2,0.5483149857205835,0.5483149857205835
voiced,MaxAbsScaler,False,adaboost,2,0.599097577610386,0.599097577610386
voiced,MaxAbsScaler,False,mlp,2,0.6023361756400181,0.6532663183064038
svd,MaxAbsScaler,True,svm,3,0.8327069331976638,0.8329367778713472
svd,MaxAbsScaler,True,knn,3,0.7218290578923077,0.7238808901022642
svd,MaxAbsScaler,True,gaussianNB,3,0.6627347044086411,0.6627347044086411
svd,MaxAbsScaler,True,lda,3,0.8242754991282798,0.8242754991282798
svd,MaxAbsScaler,True,qda,3,0.7386438534202984,0.7410719015626323
svd,MaxAbsScaler,True,dt,3,0.7873596614218206,0.7873596614218206
svd,MaxAbsScaler,True,rf,3,0.8249091057978737,0.8249091057978737
svd,MaxAbsScaler,True,adaboost,3,0.8157778335804509,0.8157778335804509
svd,MaxAbsScaler,True,mlp,3,0.7899168806475241,0.7863364425469115
voiced,MaxAbsScaler,True,svm,3,0.5891935483870968,0.5578299120234604
voiced,MaxAbsScaler,True,knn,3,0.47460899315738025,0.4707966764418378
voiced,MaxAbsScaler,True,gaussianNB,3,0.543299120234604,0.543299120234604
voiced,MaxAbsScaler,True,lda,3,0.4582991202346041,0.4582991202346041
voiced,MaxAbsScaler,True,qda,3,0.4967741935483871,0.5073802541544478
voiced,MaxAbsScaler,True,dt,3,0.6046285434995113,0.6046285434995113
voiced,MaxAbsScaler,True,rf,3,0.5298875855327468,0.5298875855327468
voiced,MaxAbsScaler,True,adaboost,3,0.5351270772238514,0.5351270772238514
voiced,MaxAbsScaler,True,mlp,3,0.5789540566959921,0.562546432062561
svd,MaxAbsScaler,False,svm,3,0.8301497163833625,0.8322663829453875
svd,MaxAbsScaler,False,knn,3,0.7222022693532301,0.7273678631244834
svd,MaxAbsScaler,False,gaussianNB,3,0.6618177126310981,0.6618177126310981
svd,MaxAbsScaler,False,lda,3,0.8283680372398525,0.8283680372398525
svd,MaxAbsScaler,False,qda,3,0.7388322197460122,0.7431058169810403
svd,MaxAbsScaler,False,dt,3,0.7768439326800011,0.7768439326800011
svd,MaxAbsScaler,False,rf,3,0.8183526421939165,0.8183526421939165
svd,MaxAbsScaler,False,adaboost,3,0.8219933723169813,0.8219933723169813
svd,MaxAbsScaler,False,mlp,3,0.770994197765224,0.7785061356029758
voiced,MaxAbsScaler,False,svm,3,0.5846090499538775,0.568547831478866
voiced,MaxAbsScaler,False,knn,3,0.5290383371417854,0.5139456520491004
voiced,MaxAbsScaler,False,gaussianNB,3,0.5607363326328845,0.5607363326328845
voiced,MaxAbsScaler,False,lda,3,0.571557924833787,0.571557924833787
voiced,MaxAbsScaler,False,qda,3,0.46269841269841266,0.5546849702022116
voiced,MaxAbsScaler,False,dt,3,0.5396584450032725,0.5396584450032725
voiced,MaxAbsScaler,False,rf,3,0.54597335614577,0.54597335614577
voiced,MaxAbsScaler,False,adaboost,3,0.5371249822973961,0.5371249822973961
voiced,MaxAbsScaler,False,mlp,3,0.5835642518401138,0.5284914893535583
svd,MaxAbsScaler,True,svm,4,0.8338634702266109,0.8305638236717845
svd,MaxAbsScaler,True,knn,4,0.7194244250841851,0.7181573733427604
svd,MaxAbsScaler,True,gaussianNB,4,0.6594030506026144,0.6594030506026144
svd,MaxAbsScaler,True,lda,4,0.8317962372051794,0.8317962372051794
svd,MaxAbsScaler,True,qda,4,0.7370775770939348,0.7463442028709204
svd,MaxAbsScaler,True,dt,4,0.7965153857411219,0.7965153857411219
svd,MaxAbsScaler,True,rf,4,0.8319673601571094,0.8319673601571094
svd,MaxAbsScaler,True,adaboost,4,0.8213508338262974,0.8213508338262974
svd,MaxAbsScaler,True,mlp,4,0.7670029933715867,0.7754310393350742
voiced,MaxAbsScaler,True,svm,4,0.5401466275659824,0.541813294232649
voiced,MaxAbsScaler,True,knn,4,0.5080449657869013,0.5022873900293255
voiced,MaxAbsScaler,True,gaussianNB,4,0.5697653958944281,0.5697653958944281
voiced,MaxAbsScaler,True,lda,4,0.476891495601173,0.476891495601173
voiced,MaxAbsScaler,True,qda,4,0.4676588465298142,0.4857575757575757
voiced,MaxAbsScaler,True,dt,4,0.5847800586510263,0.5847800586510263
voiced,MaxAbsScaler,True,rf,4,0.5963831867057674,0.5963831867057674
voiced,MaxAbsScaler,True,adaboost,4,0.5260361681329424,0.5260361681329424
voiced,MaxAbsScaler,True,mlp,4,0.5932404692082113,0.6054496578690126
svd,MaxAbsScaler,False,svm,4,0.8253685624422274,0.8236400388117534
svd,MaxAbsScaler,False,knn,4,0.7045401951565304,0.7160854519460931
svd,MaxAbsScaler,False,gaussianNB,4,0.6620390680582086,0.6620390680582086
svd,MaxAbsScaler,False,lda,4,0.818585906279653,0.818585906279653
svd,MaxAbsScaler,False,qda,4,0.7449071735473991,0.7424892476858642
svd,MaxAbsScaler,False,dt,4,0.7828552376161011,0.7828552376161011
svd,MaxAbsScaler,False,rf,4,0.8219347236069773,0.8219347236069773
svd,MaxAbsScaler,False,adaboost,4,0.8212074216132539,0.8212074216132539
svd,MaxAbsScaler,False,mlp,4,0.7765416491698393,0.7968950971284094
voiced,MaxAbsScaler,False,svm,4,0.5893605171246995,0.5832842852364544
voiced,MaxAbsScaler,False,knn,4,0.5077747836146057,0.5353440654636428
voiced,MaxAbsScaler,False,gaussianNB,4,0.5487245689053253,0.5487245689053253
voiced,MaxAbsScaler,False,lda,4,0.5035903019857414,0.5035903019857414
voiced,MaxAbsScaler,False,qda,4,0.4513566540985896,0.4818786413808661
voiced,MaxAbsScaler,False,dt,4,0.610179706278149,0.610179706278149
voiced,MaxAbsScaler,False,rf,4,0.5634592335732492,0.5634592335732492
voiced,MaxAbsScaler,False,adaboost,4,0.5755412598154533,0.5755412598154533
voiced,MaxAbsScaler,False,mlp,4,0.5997625576129468,0.6174630754858785
svd,MaxAbsScaler,True,svm,5,0.8240896417286822,0.8261362410762629
svd,MaxAbsScaler,True,knn,5,0.7277788678061305,0.7227297202978773
svd,MaxAbsScaler,True,gaussianNB,5,0.6604704800833481,0.6604704800833481
svd,MaxAbsScaler,True,lda,5,0.8280027533353597,0.8280027533353597
svd,MaxAbsScaler,True,qda,5,0.7382277373662325,0.7413983907767986
svd,MaxAbsScaler,True,dt,5,0.7732609012216428,0.7732609012216428
svd,MaxAbsScaler,True,rf,5,0.8093858631372262,0.8093858631372262
svd,MaxAbsScaler,True,adaboost,5,0.8162172614735319,0.8162172614735319
svd,MaxAbsScaler,True,mlp,5,0.7875147426183414,0.7814768964223708
voiced,MaxAbsScaler,True,svm,5,0.5416177908113392,0.5516617790811339
voiced,MaxAbsScaler,True,knn,5,0.5649951124144673,0.5401026392961876
voiced,MaxAbsScaler,True,gaussianNB,5,0.5576686217008798,0.5576686217008798
voiced,MaxAbsScaler,True,lda,5,0.5195992179863149,0.5195992179863149
voiced,MaxAbsScaler,True,qda,5,0.5331329423264907,0.4716666666666667
voiced,MaxAbsScaler,True,dt,5,0.5115542521994134,0.5115542521994134
voiced,MaxAbsScaler,True,rf,5,0.551427174975562,0.551427174975562
voiced,MaxAbsScaler,True,adaboost,5,0.5631573802541545,0.5631573802541545
voiced,MaxAbsScaler,True,mlp,5,0.5218328445747801,0.5518768328445747
svd,MaxAbsScaler,False,svm,5,0.8369431931394695,0.836426043089771
svd,MaxAbsScaler,False,knn,5,0.7257635402990126,0.7186889059042743
svd,MaxAbsScaler,False,gaussianNB,5,0.6588993171858977,0.6588993171858977
svd,MaxAbsScaler,False,lda,5,0.83651403576735,0.83651403576735
svd,MaxAbsScaler,False,qda,5,0.7406295576313469,0.7372558026724179
svd,MaxAbsScaler,False,dt,5,0.7757716438214893,0.7757716438214893
svd,MaxAbsScaler,False,rf,5,0.8175085592084628,0.8175085592084628
svd,MaxAbsScaler,False,adaboost,5,0.8079437509624231,0.8079437509624231
svd,MaxAbsScaler,False,mlp,5,0.7864706671356896,0.7814384108401589
voiced,MaxAbsScaler,False,svm,5,0.5796472747954786,0.5671472747954787
voiced,MaxAbsScaler,False,knn,5,0.49581659234786885,0.5017305229068298
voiced,MaxAbsScaler,False,gaussianNB,5,0.5818152991417403,0.5818152991417403
voiced,MaxAbsScaler,False,lda,5,0.5244758962492718,0.5244758962492718
voiced,MaxAbsScaler,False,qda,5,0.49298029556650247,0.5245289414178049
voiced,MaxAbsScaler,False,dt,5,0.5851328786918986,0.5851328786918986
voiced,MaxAbsScaler,False,rf,5,0.5449074295897564,0.5449074295897564
voiced,MaxAbsScaler,False,adaboost,5,0.6034524639682332,0.6034524639682332
voiced,MaxAbsScaler,False,mlp,5,0.5733927534547505,0.5620168812408556
svd,MaxAbsScaler,True,svm,6,0.8291326503376668,0.8316527492863373
svd,MaxAbsScaler,True,knn,6,0.7276788623953291,0.7076981288431671
svd,MaxAbsScaler,True,gaussianNB,6,0.6614796345058068,0.6614796345058068
svd,MaxAbsScaler,True,lda,6,0.8247234281530901,0.8247234281530901
svd,MaxAbsScaler,True,qda,6,0.7391463861474767,0.740300871429552
svd,MaxAbsScaler,True,dt,6,0.7833136165906067,0.7833136165906067
svd,MaxAbsScaler,True,rf,6,0.821499107944037,0.821499107944037
svd,MaxAbsScaler,True,adaboost,6,0.8210050327716629,0.8210050327716629
svd,MaxAbsScaler,True,mlp,6,0.7933268331087306,0.785171179238791
voiced,MaxAbsScaler,True,svm,6,0.5849511241446725,0.5847996089931573
voiced,MaxAbsScaler,True,knn,6,0.49454056695992177,0.5244965786901271
voiced,MaxAbsScaler,True,gaussianNB,6,0.5624486803519062,0.5624486803519062
voiced,MaxAbsScaler,True,lda,6,0.4670185728250244,0.4670185728250244
voiced,MaxAbsScaler,True,qda,6,0.4898631476050831,0.46971163245356795
voiced,MaxAbsScaler,True,dt,6,0.5913147605083088,0.5913147605083088
voiced,MaxAbsScaler,True,rf,6,0.550733137829912,0.550733137829912
voiced,MaxAbsScaler,True,adaboost,6,0.5873998044965787,0.5873998044965787
voiced,MaxAbsScaler,True,mlp,6,0.5693010752688172,0.5839345063538612
svd,MaxAbsScaler,False,svm,6,0.831813916956958,0.8366794713293153
svd,MaxAbsScaler,False,knn,6,0.713563911415113,0.7198817417236695
svd,MaxAbsScaler,False,gaussianNB,6,0.6587380885833456,0.6587380885833456
svd,MaxAbsScaler,False,lda,6,0.82387491541805,0.82387491541805
svd,MaxAbsScaler,False,qda,6,0.7433886783851001,0.7430018238464086
svd,MaxAbsScaler,False,dt,6,0.7904512905486912,0.7904512905486912
svd,MaxAbsScaler,False,rf,6,0.8128027477938671,0.8128027477938671
svd,MaxAbsScaler,False,adaboost,6,0.8153950656563671,0.8153950656563671
svd,MaxAbsScaler,False,mlp,6,0.7908569942814676,0.7951313003134499
voiced,MaxAbsScaler,False,svm,6,0.5841620315677111,0.5223301706182031
voiced,MaxAbsScaler,False,knn,6,0.5195672586747637,0.5651293501780318
voiced,MaxAbsScaler,False,gaussianNB,6,0.5214874742116121,0.5214874742116121
voiced,MaxAbsScaler,False,lda,6,0.529065945623755,0.529065945623755
voiced,MaxAbsScaler,False,qda,6,0.46137037037037043,0.49981917211328974
voiced,MaxAbsScaler,False,dt,6,0.5475959410584157,0.5475959410584157
voiced,MaxAbsScaler,False,rf,6,0.5185875409993057,0.5185875409993057
voiced,MaxAbsScaler,False,adaboost,6,0.6200587517058105,0.6200587517058105
voiced,MaxAbsScaler,False,mlp,6,0.5634048671634878,0.5567435864413552
svd,MaxAbsScaler,True,svm,7,0.8230422231349166,0.8214894011840578
svd,MaxAbsScaler,True,knn,7,0.7155336720712947,0.7104099117894102
svd,MaxAbsScaler,True,gaussianNB,7,0.6642647065765932,0.6642647065765932
svd,MaxAbsScaler,True,lda,7,0.8274853100371093,0.8274853100371093
svd,MaxAbsScaler,True,qda,7,0.7391596625838719,0.740088688120313
svd,MaxAbsScaler,True,dt,7,0.7898096814127348,0.7898096814127348
svd,MaxAbsScaler,True,rf,7,0.8224259491871269,0.8224259491871269
svd,MaxAbsScaler,True,adaboost,7,0.8079485073269153,0.8079485073269153
svd,MaxAbsScaler,True,mlp,7,0.77108200959346,0.7743870669497716
voiced,MaxAbsScaler,True,svm,7,0.5570967741935483,0.5314907135874878
voiced,MaxAbsScaler,True,knn,7,0.5174437927663734,0.5506256109481915
voiced,MaxAbsScaler,True,gaussianNB,7,0.5419110459433041,0.5419110459433041
voiced,MaxAbsScaler,True,lda,7,0.574169110459433,0.574169110459433
voiced,MaxAbsScaler,True,qda,7,0.49601173020527856,0.4889345063538612
voiced,MaxAbsScaler,True,dt,7,0.6281769305962854,0.6281769305962854
voiced,MaxAbsScaler,True,rf,7,0.5720332355816227,0.5720332355816227
voiced,MaxAbsScaler,True,adaboost,7,0.6107575757575758,0.6107575757575758
voiced,MaxAbsScaler,True,mlp,7,0.5770527859237538,0.5755376344086022
svd,MaxAbsScaler,False,svm,7,0.8376224123390494,0.8326391848019281
svd,MaxAbsScaler,False,knn,7,0.7313739268817973,0.7253600569160751
svd,MaxAbsScaler,False,gaussianNB,7,0.6628410938805825,0.6628410938805825
svd,MaxAbsScaler,False,lda,7,0.8298304362367588,0.8298304362367588
svd,MaxAbsScaler,False,qda,7,0.7389558031707966,0.7443231901811027
svd,MaxAbsScaler,False,dt,7,0.7864146616098441,0.7864146616098441
svd,MaxAbsScaler,False,rf,7,0.8123701939150166,0.8123701939150166
svd,MaxAbsScaler,False,adaboost,7,0.8097615356091404,0.8097615356091404
svd,MaxAbsScaler,False,mlp,7,0.7772790266339802,0.7904968446457497
voiced,MaxAbsScaler,False,svm,7,0.5825225468975469,0.5810885642135641
voiced,MaxAbsScaler,False,knn,7,0.5552444083694084,0.5527164502164503
voiced,MaxAbsScaler,False,gaussianNB,7,0.5556430375180376,0.5556430375180376
voiced,MaxAbsScaler,False,lda,7,0.464367784992785,0.464367784992785
voiced,MaxAbsScaler,False,qda,7,0.5057792207792208,0.4861580086580086
voiced,MaxAbsScaler,False,dt,7,0.6446545815295817,0.6446545815295817
voiced,MaxAbsScaler,False,rf,7,0.5853228715728716,0.5853228715728716
voiced,MaxAbsScaler,False,adaboost,7,0.5781673881673882,0.5781673881673882
voiced,MaxAbsScaler,False,mlp,7,0.594200036075036,0.5774386724386724
svd,MaxAbsScaler,True,svm,8,0.8131702503240126,0.8211052469885622
svd,MaxAbsScaler,True,knn,8,0.721692291714102,0.7057167187592487
svd,MaxAbsScaler,True,gaussianNB,8,0.6614546304295487,0.6614546304295487
svd,MaxAbsScaler,True,lda,8,0.8268097805502386,0.8268097805502386
svd,MaxAbsScaler,True,qda,8,0.7417799448824531,0.748004523647926
svd,MaxAbsScaler,True,dt,8,0.7942686448411639,0.7942686448411639
svd,MaxAbsScaler,True,rf,8,0.8167539421683369,0.8167539421683369
svd,MaxAbsScaler,True,adaboost,8,0.8098983277718282,0.8098983277718282
svd,MaxAbsScaler,True,mlp,8,0.7765953512136718,0.790908195766429
voiced,MaxAbsScaler,True,svm,8,0.5769452590420332,0.5435483870967742
voiced,MaxAbsScaler,True,knn,8,0.5608211143695014,0.5509286412512219
voiced,MaxAbsScaler,True,gaussianNB,8,0.5403519061583577,0.5403519061583577
voiced,MaxAbsScaler,True,lda,8,0.5164613880742912,0.5164613880742912
voiced,MaxAbsScaler,True,qda,8,0.47532258064516125,0.4824242424242424
voiced,MaxAbsScaler,True,dt,8,0.5082013685239491,0.5082013685239491
voiced,MaxAbsScaler,True,rf,8,0.5421847507331379,0.5421847507331379
voiced,MaxAbsScaler,True,adaboost,8,0.5429423264907136,0.5429423264907136
voiced,MaxAbsScaler,True,mlp,8,0.5778543499511242,0.5861436950146628
svd,MaxAbsScaler,False,svm,8,0.8301878665527476,0.8317548647770184
svd,MaxAbsScaler,False,knn,8,0.7092351245293498,0.7154252877160937
svd,MaxAbsScaler,False,gaussianNB,8,0.6633744845994173,0.6633744845994173
svd,MaxAbsScaler,False,lda,8,0.8224895119001367,0.8224895119001367
svd,MaxAbsScaler,False,qda,8,0.7342715171356291,0.7401288074742338
svd,MaxAbsScaler,False,dt,8,0.7917157507224991,0.7917157507224991
svd,MaxAbsScaler,False,rf,8,0.8187482292558539,0.8187482292558539
svd,MaxAbsScaler,False,adaboost,8,0.816142802377423,0.816142802377423
svd,MaxAbsScaler,False,mlp,8,0.7891876899917047,0.7805081659342351
voiced,MaxAbsScaler,False,svm,8,0.5499794112697339,0.5882672524608008
voiced,MaxAbsScaler,False,knn,8,0.5323441433118853,0.5327612172773464
voiced,MaxAbsScaler,False,gaussianNB,8,0.5589947149624568,0.5589947149624568
voiced,MaxAbsScaler,False,lda,8,0.5044056123088382,0.5044056123088382
voiced,MaxAbsScaler,False,qda,8,0.4735860913280268,0.4766788408723892
voiced,MaxAbsScaler,False,dt,8,0.6119423229100648,0.6119423229100648
voiced,MaxAbsScaler,False,rf,8,0.5292229455132682,0.5292229455132682
voiced,MaxAbsScaler,False,adaboost,8,0.5911954353889838,0.5911954353889838
voiced,MaxAbsScaler,False,mlp,8,0.5975741999935548,0.5568501928179348
svd,MaxAbsScaler,True,svm,9,0.8385332061613415,0.8360020913292452
svd,MaxAbsScaler,True,knn,9,0.7248755497501408,0.72129341759658
svd,MaxAbsScaler,True,gaussianNB,9,0.6594374364276219,0.6594374364276219
svd,MaxAbsScaler,True,lda,9,0.8260063128438265,0.8260063128438265
svd,MaxAbsScaler,True,qda,9,0.7412418660946469,0.7367995072902379
svd,MaxAbsScaler,True,dt,9,0.7943523252465455,0.7943523252465455
svd,MaxAbsScaler,True,rf,9,0.8193133620287382,0.8193133620287382
svd,MaxAbsScaler,True,adaboost,9,0.8159588739141629,0.8159588739141629
svd,MaxAbsScaler,True,mlp,9,0.7851035387731135,0.7791777687960895
voiced,MaxAbsScaler,True,svm,9,0.6447996089931574,0.6265102639296187
voiced,MaxAbsScaler,True,knn,9,0.5178103616813294,0.5098191593352883
voiced,MaxAbsScaler,True,gaussianNB,9,0.5521700879765397,0.5521700879765397
voiced,MaxAbsScaler,True,lda,9,0.5137145650048875,0.5137145650048875
voiced,MaxAbsScaler,True,qda,9,0.5328934506353862,0.4690909090909091
voiced,MaxAbsScaler,True,dt,9,0.5065982404692082,0.5065982404692082
voiced,MaxAbsScaler,True,rf,9,0.5052981427174975,0.5052981427174975
voiced,MaxAbsScaler,True,adaboost,9,0.5813831867057674,0.5813831867057674
voiced,MaxAbsScaler,True,mlp,9,0.5652101661779081,0.5849511241446725
svd,MaxAbsScaler,False,svm,9,0.8415753919007987,0.8415459224037758
svd,MaxAbsScaler,False,knn,9,0.7158228495110702,0.7145177023529482
svd,MaxAbsScaler,False,gaussianNB,9,0.6635262111642743,0.6635262111642743
svd,MaxAbsScaler,False,lda,9,0.8294962062698439,0.8294962062698439
svd,MaxAbsScaler,False,qda,9,0.7390063623749076,0.7454338565303689
svd,MaxAbsScaler,False,dt,9,0.7913658916240841,0.7913658916240841
svd,MaxAbsScaler,False,rf,9,0.8280511658963379,0.8280511658963379
svd,MaxAbsScaler,False,adaboost,9,0.8065960304309827,0.8065960304309827
svd,MaxAbsScaler,False,mlp,9,0.786880908375067,0.791269693651152
voiced,MaxAbsScaler,False,svm,9,0.6120402357499131,0.6032043583656487
voiced,MaxAbsScaler,False,knn,9,0.5943493185428669,0.5659002496905723
voiced,MaxAbsScaler,False,gaussianNB,9,0.58115626159981,0.58115626159981
voiced,MaxAbsScaler,False,lda,9,0.5219726107226108,0.5219726107226108
voiced,MaxAbsScaler,False,qda,9,0.4847359928005089,0.4236916384093804
voiced,MaxAbsScaler,False,dt,9,0.6497095377740537,0.6497095377740537
voiced,MaxAbsScaler,False,rf,9,0.5611219530171143,0.5611219530171143
voiced,MaxAbsScaler,False,adaboost,9,0.6094851549287033,0.6094851549287033
voiced,MaxAbsScaler,False,mlp,9,0.6352199398570366,0.609027822535887
svd,MaxAbsScaler,True,svm,10,0.8257753079345228,0.8252651038528901
svd,MaxAbsScaler,True,knn,10,0.7215981873451882,0.7233745207900061
svd,MaxAbsScaler,True,gaussianNB,10,0.6624719319212231,0.6624719319212231
svd,MaxAbsScaler,True,lda,10,0.8211440467929018,0.8211440467929018
svd,MaxAbsScaler,True,qda,10,0.738370689652042,0.7411044734981485
svd,MaxAbsScaler,True,dt,10,0.7871263959595475,0.7871263959595475
svd,MaxAbsScaler,True,rf,10,0.8210176991311124,0.8210176991311124
svd,MaxAbsScaler,True,adaboost,10,0.8162100222569144,0.8162100222569144
svd,MaxAbsScaler,True,mlp,10,0.7874578511274258,0.7880166816099206
voiced,MaxAbsScaler,True,svm,10,0.5541739980449657,0.580752688172043
voiced,MaxAbsScaler,True,knn,10,0.5119403714565005,0.5014858260019551
voiced,MaxAbsScaler,True,gaussianNB,10,0.5530351906158358,0.5530351906158358
voiced,MaxAbsScaler,True,lda,10,0.5264369501466275,0.5264369501466275
voiced,MaxAbsScaler,True,qda,10,0.5026539589442816,0.5012267839687194
voiced,MaxAbsScaler,True,dt,10,0.6033284457478005,0.6033284457478005
voiced,MaxAbsScaler,True,rf,10,0.5498240469208212,0.5498240469208212
voiced,MaxAbsScaler,True,adaboost,10,0.6219452590420332,0.6219452590420332
voiced,MaxAbsScaler,True,mlp,10,0.5366177908113392,0.5797996089931574
svd,MaxAbsScaler,False,svm,10,0.8224490321062226,0.8346319047401336
svd,MaxAbsScaler,False,knn,10,0.7354193053780104,0.7241341589604752
svd,MaxAbsScaler,False,gaussianNB,10,0.6616269211569178,0.6611218706518673
svd,MaxAbsScaler,False,lda,10,0.8243108873095618,0.8243108873095618
svd,MaxAbsScaler,False,qda,10,0.7317017182965738,0.7329612898693141
svd,MaxAbsScaler,False,dt,10,0.7873356642685854,0.7873356642685854
svd,MaxAbsScaler,False,rf,10,0.8253945505493885,0.8260889949938329
svd,MaxAbsScaler,False,adaboost,10,0.8119414785727395,0.8119414785727395
svd,MaxAbsScaler,False,mlp,10,0.7858791713070311,0.7836799792566141
voiced,MaxAbsScaler,False,svm,10,0.6327663734115347,0.667355816226784
voiced,MaxAbsScaler,False,knn,10,0.5291691104594329,0.5777908113391985
voiced,MaxAbsScaler,False,gaussianNB,10,0.5436217008797655,0.5436217008797655
voiced,MaxAbsScaler,False,lda,10,0.5616373411534702,0.5616373411534702
voiced,MaxAbsScaler,False,qda,10,0.4916666666666667,0.520058651026393
voiced,MaxAbsScaler,False,dt,10,0.6226832844574781,0.6226832844574781
voiced,MaxAbsScaler,False,rf,10,0.5762756598240469,0.5762756598240469
voiced,MaxAbsScaler,False,adaboost,10,0.5912316715542522,0.5912316715542522
voiced,MaxAbsScaler,False,mlp,10,0.6175708699902248,0.6152101661779081
svd,MaxAbsScaler,True,svm,11,0.8334424771883878,0.8313885787059178
svd,MaxAbsScaler,True,knn,11,0.7252692182408648,0.7140141937306604
svd,MaxAbsScaler,True,gaussianNB,11,0.6594259738807176,0.6594259738807176
svd,MaxAbsScaler,True,lda,11,0.8229102122886202,0.8229102122886202
svd,MaxAbsScaler,True,qda,11,0.7436870236270454,0.7502511737626241
svd,MaxAbsScaler,True,dt,11,0.788383964272732,0.788383964272732
svd,MaxAbsScaler,True,rf,11,0.8149246990740993,0.8149246990740993
svd,MaxAbsScaler,True,adaboost,11,0.8117096553028942,0.8117096553028942
svd,MaxAbsScaler,True,mlp,11,0.7645039438932568,0.7679803039563128
voiced,MaxAbsScaler,True,svm,11,0.5855571847507333,0.6058162267839687
voiced,MaxAbsScaler,True,knn,11,0.5338074291300099,0.5415542521994134
voiced,MaxAbsScaler,True,gaussianNB,11,0.5462463343108503,0.5462463343108503
voiced,MaxAbsScaler,True,lda,11,0.5168572825024438,0.5168572825024438
voiced,MaxAbsScaler,True,qda,11,0.4890469208211144,0.5316666666666666
voiced,MaxAbsScaler,True,dt,11,0.6492619745845553,0.6492619745845553
voiced,MaxAbsScaler,True,rf,11,0.5554105571847507,0.5554105571847507
voiced,MaxAbsScaler,True,adaboost,11,0.5896089931573802,0.5896089931573802
voiced,MaxAbsScaler,True,mlp,11,0.5509872922776149,0.5954496578690127
svd,MaxAbsScaler,False,svm,11,0.8334923659094218,0.8318913353056242
svd,MaxAbsScaler,False,knn,11,0.7138084814661962,0.7211025319431504
svd,MaxAbsScaler,False,gaussianNB,11,0.6635992810577385,0.6635992810577385
svd,MaxAbsScaler,False,lda,11,0.8107160951558559,0.8107160951558559
svd,MaxAbsScaler,False,qda,11,0.7340610625026845,0.7360668782735903
svd,MaxAbsScaler,False,dt,11,0.8012713534823345,0.8012713534823345
svd,MaxAbsScaler,False,rf,11,0.8192447788846555,0.8192447788846555
svd,MaxAbsScaler,False,adaboost,11,0.8148585068367021,0.8148585068367021
svd,MaxAbsScaler,False,mlp,11,0.7764494194168364,0.787897378343842
voiced,MaxAbsScaler,False,svm,11,0.5847961251236132,0.5692477149111973
voiced,MaxAbsScaler,False,knn,11,0.5838977787088433,0.50484807990108
voiced,MaxAbsScaler,False,gaussianNB,11,0.5373441332950264,0.5373441332950264
voiced,MaxAbsScaler,False,lda,11,0.4804981219557874,0.4804981219557874
voiced,MaxAbsScaler,False,qda,11,0.5643788932972994,0.5141053911082701
voiced,MaxAbsScaler,False,dt,11,0.5385681625791552,0.5385681625791552
voiced,MaxAbsScaler,False,rf,11,0.5065645544630365,0.5065645544630365
voiced,MaxAbsScaler,False,adaboost,11,0.5890434054726078,0.5890434054726078
voiced,MaxAbsScaler,False,mlp,11,0.5302991336057488,0.5610805415645762
svd,MaxAbsScaler,True,svm,12,0.8285982301958311,0.8301832518626411
svd,MaxAbsScaler,True,knn,12,0.7062724589114993,0.7276334643183061
svd,MaxAbsScaler,True,gaussianNB,12,0.6612726096150305,0.6612726096150305
svd,MaxAbsScaler,True,lda,12,0.8211574267244931,0.8211574267244931
svd,MaxAbsScaler,True,qda,12,0.7335587458706325,0.7349581044183007
svd,MaxAbsScaler,True,dt,12,0.7939641129499362,0.7939641129499362
svd,MaxAbsScaler,True,rf,12,0.8193510923827173,0.8193510923827173
svd,MaxAbsScaler,True,adaboost,12,0.815074981361786,0.815074981361786
svd,MaxAbsScaler,True,mlp,12,0.7848539228855478,0.7775217603189251
voiced,MaxAbsScaler,True,svm,12,0.5501661779081134,0.5710752688172043
voiced,MaxAbsScaler,True,knn,12,0.5248484848484849,0.484692082111437
voiced,MaxAbsScaler,True,gaussianNB,12,0.5443352883675465,0.5443352883675465
voiced,MaxAbsScaler,True,lda,12,0.4995796676441838,0.4995796676441838
voiced,MaxAbsScaler,True,qda,12,0.5034799608993158,0.4420039100684262
voiced,MaxAbsScaler,True,dt,12,0.576446725317693,0.576446725317693
voiced,MaxAbsScaler,True,rf,12,0.5264711632453568,0.5264711632453568
voiced,MaxAbsScaler,True,adaboost,12,0.5540664711632453,0.5540664711632453
voiced,MaxAbsScaler,True,mlp,12,0.5558162267839688,0.5616373411534702
svd,MaxAbsScaler,False,svm,12,0.8243359816384366,0.8258671684155485
svd,MaxAbsScaler,False,knn,12,0.7220086137965949,0.7218858988868251
svd,MaxAbsScaler,False,gaussianNB,12,0.6610020496278989,0.6610020496278989
svd,MaxAbsScaler,False,lda,12,0.8236029285484786,0.8236029285484786
svd,MaxAbsScaler,False,qda,12,0.738371722335972,0.7426942295491281
svd,MaxAbsScaler,False,dt,12,0.7993722751636978,0.7993722751636978
svd,MaxAbsScaler,False,rf,12,0.8224999448233541,0.8224999448233541
svd,MaxAbsScaler,False,adaboost,12,0.8240489341640117,0.8240489341640117
svd,MaxAbsScaler,False,mlp,12,0.790038745542069,0.7909722258371049
voiced,MaxAbsScaler,False,svm,12,0.5897171698805458,0.5559928297045927
voiced,MaxAbsScaler,False,knn,12,0.508417418927013,0.5121528098801458
voiced,MaxAbsScaler,False,gaussianNB,12,0.5328005012383489,0.5328005012383489
voiced,MaxAbsScaler,False,lda,12,0.4788098440615126,0.4788098440615126
voiced,MaxAbsScaler,False,qda,12,0.5178663438897031,0.49030465949820795
voiced,MaxAbsScaler,False,dt,12,0.6332455150676786,0.6332455150676786
voiced,MaxAbsScaler,False,rf,12,0.5299767959299383,0.5299767959299383
voiced,MaxAbsScaler,False,adaboost,12,0.5593511066550556,0.5593511066550556
voiced,MaxAbsScaler,False,mlp,12,0.5691711582201016,0.5493289939883377
svd,MaxAbsScaler,True,svm,13,0.8243613057244465,0.8309900640980248
svd,MaxAbsScaler,True,knn,13,0.714902830720715,0.7248000018883335
svd,MaxAbsScaler,True,gaussianNB,13,0.6599814598342407,0.6599814598342407
svd,MaxAbsScaler,True,lda,13,0.8209050001252838,0.8209050001252838
svd,MaxAbsScaler,True,qda,13,0.7374307372017295,0.7345850260245026
svd,MaxAbsScaler,True,dt,13,0.7987223754072172,0.7987223754072172
svd,MaxAbsScaler,True,rf,13,0.8236254930093535,0.8236254930093535
svd,MaxAbsScaler,True,adaboost,13,0.8101542169208473,0.8101542169208473
svd,MaxAbsScaler,True,mlp,13,0.7715225214625434,0.7863008983019888
voiced,MaxAbsScaler,True,svm,13,0.5845405669599218,0.5946920821114369
voiced,MaxAbsScaler,True,knn,13,0.49023460410557185,0.4842179863147605
voiced,MaxAbsScaler,True,gaussianNB,13,0.5524486803519061,0.5524486803519061
voiced,MaxAbsScaler,True,lda,13,0.4791202346041056,0.4791202346041056
voiced,MaxAbsScaler,True,qda,13,0.5009481915933529,0.47378299120234607
voiced,MaxAbsScaler,True,dt,13,0.5697311827956989,0.5697311827956989
voiced,MaxAbsScaler,True,rf,13,0.5409921798631476,0.5409921798631476
voiced,MaxAbsScaler,True,adaboost,13,0.5494183773216033,0.5494183773216033
voiced,MaxAbsScaler,True,mlp,13,0.5633479960899316,0.5731329423264907
svd,MaxAbsScaler,False,svm,13,0.82595990948544,0.8208465001147746
svd,MaxAbsScaler,False,knn,13,0.7233565189089746,0.7258606515119645
svd,MaxAbsScaler,False,gaussianNB,13,0.6587106821176855,0.6587106821176855
svd,MaxAbsScaler,False,lda,13,0.8183201628406638,0.8183201628406638
svd,MaxAbsScaler,False,qda,13,0.7393809597375098,0.7384774298573843
svd,MaxAbsScaler,False,dt,13,0.7867131420574578,0.7867131420574578
svd,MaxAbsScaler,False,rf,13,0.8207658998290979,0.8207658998290979
svd,MaxAbsScaler,False,adaboost,13,0.8135832591296197,0.8135832591296197
svd,MaxAbsScaler,False,mlp,13,0.7828252188640752,0.7860724675454528
voiced,MaxAbsScaler,False,svm,13,0.6118411282204386,0.5913595264888369
voiced,MaxAbsScaler,False,knn,13,0.5355487304840754,0.5255836955190404
voiced,MaxAbsScaler,False,gaussianNB,13,0.5537280726935899,0.5537280726935899
voiced,MaxAbsScaler,False,lda,13,0.47633446534308604,0.47633446534308604
voiced,MaxAbsScaler,False,qda,13,0.45899356869184454,0.4916161424782114
voiced,MaxAbsScaler,False,dt,13,0.5815460521279487,0.5815460521279487
voiced,MaxAbsScaler,False,rf,13,0.5876329130639475,0.5876329130639475
voiced,MaxAbsScaler,False,adaboost,13,0.5958095065853686,0.5958095065853686
voiced,MaxAbsScaler,False,mlp,13,0.566572866788384,0.5888069066948377
svd,MaxAbsScaler,True,svm,14,0.8324516523098856,0.830128648160273
svd,MaxAbsScaler,True,knn,14,0.7171062216591115,0.7234647141299267
svd,MaxAbsScaler,True,gaussianNB,14,0.660706360161104,0.660706360161104
svd,MaxAbsScaler,True,lda,14,0.8189172550459356,0.8189172550459356
svd,MaxAbsScaler,True,qda,14,0.7376070784903936,0.7439004870084477
svd,MaxAbsScaler,True,dt,14,0.7925958229338818,0.7925958229338818
svd,MaxAbsScaler,True,rf,14,0.8167323261979751,0.8167323261979751
svd,MaxAbsScaler,True,adaboost,14,0.8228339472232602,0.8228339472232602
svd,MaxAbsScaler,True,mlp,14,0.7928858309992443,0.7764230226334916
voiced,MaxAbsScaler,True,svm,14,0.5852785923753666,0.5653225806451613
voiced,MaxAbsScaler,True,knn,14,0.4917937438905181,0.5376832844574779
voiced,MaxAbsScaler,True,gaussianNB,14,0.55227761485826,0.55227761485826
voiced,MaxAbsScaler,True,lda,14,0.48713587487781035,0.48713587487781035
voiced,MaxAbsScaler,True,qda,14,0.5039393939393939,0.4871212121212121
voiced,MaxAbsScaler,True,dt,14,0.590752688172043,0.590752688172043
voiced,MaxAbsScaler,True,rf,14,0.5187878787878788,0.5187878787878788
voiced,MaxAbsScaler,True,adaboost,14,0.5430303030303031,0.5430303030303031
voiced,MaxAbsScaler,True,mlp,14,0.5476344086021505,0.5631769305962854
svd,MaxAbsScaler,False,svm,14,0.8308575732218817,0.833669089170815
svd,MaxAbsScaler,False,knn,14,0.7223770546265694,0.7204881284665343
svd,MaxAbsScaler,False,gaussianNB,14,0.6655947335260718,0.6647538066957701
svd,MaxAbsScaler,False,lda,14,0.8240262712272738,0.8240262712272738
svd,MaxAbsScaler,False,qda,14,0.7359539614833225,0.7405873219795713
svd,MaxAbsScaler,False,dt,14,0.7971631604515907,0.7971631604515907
svd,MaxAbsScaler,False,rf,14,0.8206204113542259,0.8206204113542259
svd,MaxAbsScaler,False,adaboost,14,0.8210753440314423,0.8210753440314423
svd,MaxAbsScaler,False,mlp,14,0.7886151654187467,0.7811462205473847
voiced,MaxAbsScaler,False,svm,14,0.5679853726794771,0.5795947310630292
voiced,MaxAbsScaler,False,knn,14,0.5330485891873545,0.5230592296561428
voiced,MaxAbsScaler,False,gaussianNB,14,0.5466913915864138,0.5466913915864138
voiced,MaxAbsScaler,False,lda,14,0.6123624079387427,0.6123624079387427
voiced,MaxAbsScaler,False,qda,14,0.5071428571428571,0.4992421371731717
voiced,MaxAbsScaler,False,dt,14,0.608126560746138,0.608126560746138
voiced,MaxAbsScaler,False,rf,14,0.5931784353176177,0.5931784353176177
voiced,MaxAbsScaler,False,adaboost,14,0.5668818540870821,0.5668818540870821
voiced,MaxAbsScaler,False,mlp,14,0.5525534749053936,0.5537941696944755
svd,MaxAbsScaler,True,svm,15,0.8311109700913409,0.8311473622705903
svd,MaxAbsScaler,True,knn,15,0.7122861907267577,0.7122573355397783
svd,MaxAbsScaler,True,gaussianNB,15,0.6622137967448763,0.6622137967448763
svd,MaxAbsScaler,True,lda,15,0.8214692577506101,0.8214692577506101
svd,MaxAbsScaler,True,qda,15,0.7381662811924536,0.7373026500943622
svd,MaxAbsScaler,True,dt,15,0.7904003539172569,0.7904003539172569
svd,MaxAbsScaler,True,rf,15,0.8151960652942115,0.8151960652942115
svd,MaxAbsScaler,True,adaboost,15,0.8090974165783326,0.8090974165783326
svd,MaxAbsScaler,True,mlp,15,0.7736315738060559,0.7880199081180542
voiced,MaxAbsScaler,True,svm,15,0.5817253176930596,0.566813294232649
voiced,MaxAbsScaler,True,knn,15,0.5353030303030304,0.49889540566959917
voiced,MaxAbsScaler,True,gaussianNB,15,0.5405034213098728,0.5405034213098728
voiced,MaxAbsScaler,True,lda,15,0.5340566959921799,0.5340566959921799
voiced,MaxAbsScaler,True,qda,15,0.4994525904203323,0.4686901270772239
voiced,MaxAbsScaler,True,dt,15,0.6243695014662756,0.6243695014662756
voiced,MaxAbsScaler,True,rf,15,0.5609677419354838,0.5609677419354838
voiced,MaxAbsScaler,True,adaboost,15,0.5342375366568914,0.5342375366568914
voiced,MaxAbsScaler,True,mlp,15,0.5147311827956988,0.57683284457478
svd,MaxAbsScaler,False,svm,15,0.8185213839157772,0.8243240541873235
svd,MaxAbsScaler,False,knn,15,0.7191303092672586,0.7149005025783126
svd,MaxAbsScaler,False,gaussianNB,15,0.662698833124136,0.662698833124136
svd,MaxAbsScaler,False,lda,15,0.8137359058967573,0.8137359058967573
svd,MaxAbsScaler,False,qda,15,0.735561257805338,0.7391383700467336
svd,MaxAbsScaler,False,dt,15,0.79524394415704,0.79524394415704
svd,MaxAbsScaler,False,rf,15,0.8244819800545968,0.8244819800545968
svd,MaxAbsScaler,False,adaboost,15,0.8124379376082734,0.8124379376082734
svd,MaxAbsScaler,False,mlp,15,0.7636557271582011,0.7658319956090105
voiced,MaxAbsScaler,False,svm,15,0.6238001017645067,0.5886161123925306
voiced,MaxAbsScaler,False,knn,15,0.5553061950614786,0.5181531293655877
voiced,MaxAbsScaler,False,gaussianNB,15,0.5600105616790823,0.5600105616790823
voiced,MaxAbsScaler,False,lda,15,0.5294789116869205,0.5294789116869205
voiced,MaxAbsScaler,False,qda,15,0.5148279232817609,0.4742857142857143
voiced,MaxAbsScaler,False,dt,15,0.5535363326575785,0.5535363326575785
voiced,MaxAbsScaler,False,rf,15,0.5845285018199368,0.5845285018199368
voiced,MaxAbsScaler,False,adaboost,15,0.5784403144747972,0.5784403144747972
voiced,MaxAbsScaler,False,mlp,15,0.5982308839761565,0.5638367573184035
svd,MaxAbsScaler,True,svm,16,0.8342916589045268,0.835530345699375
svd,MaxAbsScaler,True,knn,16,0.7140255219153802,0.7134912797126538
svd,MaxAbsScaler,True,gaussianNB,16,0.6558958289983371,0.6558958289983371
svd,MaxAbsScaler,True,lda,16,0.8216788246286612,0.8216788246286612
svd,MaxAbsScaler,True,qda,16,0.7406905871300637,0.7408757291418142
svd,MaxAbsScaler,True,dt,16,0.7849156314423491,0.7849156314423491
svd,MaxAbsScaler,True,rf,16,0.8238925923222542,0.8238925923222542
svd,MaxAbsScaler,True,adaboost,16,0.8192695962706867,0.8192695962706867
svd,MaxAbsScaler,True,mlp,16,0.7920807727350803,0.7941850080127072
voiced,MaxAbsScaler,True,svm,16,0.6095210166177909,0.6002785923753666
voiced,MaxAbsScaler,True,knn,16,0.5019208211143694,0.5204545454545454
voiced,MaxAbsScaler,True,gaussianNB,16,0.5736412512218964,0.570307917888563
voiced,MaxAbsScaler,True,lda,16,0.5285826001955034,0.5285826001955034
voiced,MaxAbsScaler,True,qda,16,0.5133235581622678,0.4874242424242424
voiced,MaxAbsScaler,True,dt,16,0.629325513196481,0.629325513196481
voiced,MaxAbsScaler,True,rf,16,0.5696089931573802,0.5696089931573802
voiced,MaxAbsScaler,True,adaboost,16,0.6021603128054741,0.6021603128054741
voiced,MaxAbsScaler,True,mlp,16,0.5656451612903226,0.5574193548387096
svd,MaxAbsScaler,False,svm,16,0.8297444826105325,0.8289639461398177
svd,MaxAbsScaler,False,knn,16,0.7187519447964845,0.7141903810360911
svd,MaxAbsScaler,False,gaussianNB,16,0.6601894900520315,0.6601894900520315
svd,MaxAbsScaler,False,lda,16,0.8148568885837619,0.8148568885837619
svd,MaxAbsScaler,False,qda,16,0.7352355857561139,0.7401173372692511
svd,MaxAbsScaler,False,dt,16,0.7808198236412223,0.7808198236412223
svd,MaxAbsScaler,False,rf,16,0.8140778127505941,0.8140778127505941
svd,MaxAbsScaler,False,adaboost,16,0.81707412706282,0.81707412706282
svd,MaxAbsScaler,False,mlp,16,0.7789354051868127,0.7760831089790312
voiced,MaxAbsScaler,False,svm,16,0.579937851587027,0.5493273992374441
voiced,MaxAbsScaler,False,knn,16,0.522267083241596,0.4748448677759023
voiced,MaxAbsScaler,False,gaussianNB,16,0.5593045726553972,0.5593045726553972
voiced,MaxAbsScaler,False,lda,16,0.41678290807975965,0.41678290807975965
voiced,MaxAbsScaler,False,qda,16,0.4992317069903277,0.5209607084569603
voiced,MaxAbsScaler,False,dt,16,0.6503749232609802,0.6503749232609802
voiced,MaxAbsScaler,False,rf,16,0.5639373844546258,0.5639373844546258
voiced,MaxAbsScaler,False,adaboost,16,0.6216945606450854,0.6216945606450854
voiced,MaxAbsScaler,False,mlp,16,0.5579948429048879,0.5826063425163875
svd,MaxAbsScaler,True,svm,17,0.8248345674681552,0.8274152310793532
svd,MaxAbsScaler,True,knn,17,0.7201258211072824,0.715300973109043
svd,MaxAbsScaler,True,gaussianNB,17,0.6599109196873647,0.6599109196873647
svd,MaxAbsScaler,True,lda,17,0.8160746814072878,0.8160746814072878
svd,MaxAbsScaler,True,qda,17,0.7356245662734213,0.7377652518328637
svd,MaxAbsScaler,True,dt,17,0.7811531416602299,0.7811531416602299
svd,MaxAbsScaler,True,rf,17,0.8296536614966277,0.8296536614966277
svd,MaxAbsScaler,True,adaboost,17,0.8166603298555316,0.8166603298555316
svd,MaxAbsScaler,True,mlp,17,0.778150551738338,0.7794356207224256
voiced,MaxAbsScaler,True,svm,17,0.5688905180840665,0.5690420332355817
voiced,MaxAbsScaler,True,knn,17,0.5283284457478006,0.5333724340175954
voiced,MaxAbsScaler,True,gaussianNB,17,0.556911045943304,0.556911045943304
voiced,MaxAbsScaler,True,lda,17,0.5060459433040079,0.5060459433040079
voiced,MaxAbsScaler,True,qda,17,0.5142815249266862,0.48271749755620724
voiced,MaxAbsScaler,True,dt,17,0.5724389051808407,0.5724389051808407
voiced,MaxAbsScaler,True,rf,17,0.5560606060606061,0.5560606060606061
voiced,MaxAbsScaler,True,adaboost,17,0.593958944281525,0.593958944281525
voiced,MaxAbsScaler,True,mlp,17,0.6079374389051808,0.6143890518084067
svd,MaxAbsScaler,False,svm,17,0.8263916572304385,0.8266121146572039
svd,MaxAbsScaler,False,knn,17,0.7182898475345149,0.7154913202898178
svd,MaxAbsScaler,False,gaussianNB,17,0.659980760237497,0.6597862967280026
svd,MaxAbsScaler,False,lda,17,0.8264398494867635,0.8264398494867635
svd,MaxAbsScaler,False,qda,17,0.7441279616156038,0.7426523143624708
svd,MaxAbsScaler,False,dt,17,0.7796149563390795,0.7796149563390795
svd,MaxAbsScaler,False,rf,17,0.8120796838596609,0.8120796838596609
svd,MaxAbsScaler,False,adaboost,17,0.815361701120392,0.815361701120392
svd,MaxAbsScaler,False,mlp,17,0.7839285910341112,0.7803578898497284
voiced,MaxAbsScaler,False,svm,17,0.5359089988780658,0.5851350686163059
voiced,MaxAbsScaler,False,knn,17,0.5181709686527131,0.5752631158564221
voiced,MaxAbsScaler,False,gaussianNB,17,0.5469884704544947,0.5469884704544947
voiced,MaxAbsScaler,False,lda,17,0.4934205711462304,0.4934205711462304
voiced,MaxAbsScaler,False,qda,17,0.45428118196880873,0.4671218487394958
voiced,MaxAbsScaler,False,dt,17,0.6319380205663168,0.6319380205663168
voiced,MaxAbsScaler,False,rf,17,0.49760260868273043,0.49760260868273043
voiced,MaxAbsScaler,False,adaboost,17,0.5716518437613772,0.5716518437613772
voiced,MaxAbsScaler,False,mlp,17,0.5567518983720809,0.5913827002949721
svd,MaxAbsScaler,True,svm,18,0.8352185891171715,0.8385460504598999
svd,MaxAbsScaler,True,knn,18,0.7257889384334313,0.7369167691632249
svd,MaxAbsScaler,True,gaussianNB,18,0.6617364460330654,0.6617364460330654
svd,MaxAbsScaler,True,lda,18,0.8267411287367669,0.8267411287367669
svd,MaxAbsScaler,True,qda,18,0.7398830903738209,0.7431360279124728
svd,MaxAbsScaler,True,dt,18,0.7790861483118844,0.7790861483118844
svd,MaxAbsScaler,True,rf,18,0.8258830718536281,0.8258830718536281
svd,MaxAbsScaler,True,adaboost,18,0.8066627084293387,0.8066627084293387
svd,MaxAbsScaler,True,mlp,18,0.792933179143648,0.7863149609387342
voiced,MaxAbsScaler,True,svm,18,0.5859726295210166,0.5577908113391984
voiced,MaxAbsScaler,True,knn,18,0.5021407624633432,0.5130938416422287
voiced,MaxAbsScaler,True,gaussianNB,18,0.5532942326490714,0.5532942326490714
voiced,MaxAbsScaler,True,lda,18,0.5657282502443792,0.5657282502443792
voiced,MaxAbsScaler,True,qda,18,0.5092375366568914,0.515
voiced,MaxAbsScaler,True,dt,18,0.5597360703812316,0.5597360703812316
voiced,MaxAbsScaler,True,rf,18,0.5372727272727273,0.5372727272727273
voiced,MaxAbsScaler,True,adaboost,18,0.6009726295210167,0.6009726295210167
voiced,MaxAbsScaler,True,mlp,18,0.5505816226783968,0.5255816226783969
svd,MaxAbsScaler,False,svm,18,0.8274066142110954,0.8307211186668961
svd,MaxAbsScaler,False,knn,18,0.7167037278682292,0.7121741620206499
svd,MaxAbsScaler,False,gaussianNB,18,0.6625130673799824,0.6625130673799824
svd,MaxAbsScaler,False,lda,18,0.8256017916959474,0.8256017916959474
svd,MaxAbsScaler,False,qda,18,0.7396323421726183,0.7432194254159137
svd,MaxAbsScaler,False,dt,18,0.7932877217979676,0.7932877217979676
svd,MaxAbsScaler,False,rf,18,0.8157459765898321,0.8157459765898321
svd,MaxAbsScaler,False,adaboost,18,0.8166119626429916,0.8166119626429916
svd,MaxAbsScaler,False,mlp,18,0.7801450325215699,0.79229435792864
voiced,MaxAbsScaler,False,svm,18,0.559248545572075,0.5733151733887027
voiced,MaxAbsScaler,False,knn,18,0.5055749071190248,0.5224186271245095
voiced,MaxAbsScaler,False,gaussianNB,18,0.5490364455805633,0.5490364455805633
voiced,MaxAbsScaler,False,lda,18,0.4987248780631134,0.4987248780631134
voiced,MaxAbsScaler,False,qda,18,0.49902918976448396,0.49571678321678314
voiced,MaxAbsScaler,False,dt,18,0.5954855112208054,0.5954855112208054
voiced,MaxAbsScaler,False,rf,18,0.5076660512689923,0.5076660512689923
voiced,MaxAbsScaler,False,adaboost,18,0.5623592665504431,0.5623592665504431
voiced,MaxAbsScaler,False,mlp,18,0.5621089776236834,0.5783293748734926
svd,MaxAbsScaler,True,svm,19,0.8247789378923512,0.8219960065379913
svd,MaxAbsScaler,True,knn,19,0.730018369489471,0.719374816386812
svd,MaxAbsScaler,True,gaussianNB,19,0.6604606389611842,0.6604606389611842
svd,MaxAbsScaler,True,lda,19,0.8203481160787595,0.8203481160787595
svd,MaxAbsScaler,True,qda,19,0.7434559914821638,0.744108612216573
svd,MaxAbsScaler,True,dt,19,0.7959632443165704,0.7959632443165704
svd,MaxAbsScaler,True,rf,19,0.8177302123539855,0.8177302123539855
svd,MaxAbsScaler,True,adaboost,19,0.8279693479911583,0.8279693479911583
svd,MaxAbsScaler,True,mlp,19,0.7751115950570695,0.7725622251249297
voiced,MaxAbsScaler,True,svm,19,0.539345063538612,0.5699511241446725
voiced,MaxAbsScaler,True,knn,19,0.5931133919843596,0.5442375366568916
voiced,MaxAbsScaler,True,gaussianNB,19,0.5559384164222875,0.5559384164222875
voiced,MaxAbsScaler,True,lda,19,0.45964320625610944,0.45964320625610944
voiced,MaxAbsScaler,True,qda,19,0.4955620723362658,0.5131133919843597
voiced,MaxAbsScaler,True,dt,19,0.6215786901270772,0.6215786901270772
voiced,MaxAbsScaler,True,rf,19,0.541642228739003,0.541642228739003
voiced,MaxAbsScaler,True,adaboost,19,0.5561241446725318,0.5561241446725318
voiced,MaxAbsScaler,True,mlp,19,0.5282649071358748,0.5572043010752689
svd,MaxAbsScaler,False,svm,19,0.8245467956815548,0.8316311421800583
svd,MaxAbsScaler,False,knn,19,0.7338567339702996,0.7334446449030155
svd,MaxAbsScaler,False,gaussianNB,19,0.6633293084531576,0.6633293084531576
svd,MaxAbsScaler,False,lda,19,0.8250765933654505,0.8250765933654505
svd,MaxAbsScaler,False,qda,19,0.7382034212092885,0.7399576958960731
svd,MaxAbsScaler,False,dt,19,0.7853515624893463,0.7853515624893463
svd,MaxAbsScaler,False,rf,19,0.8232739331621767,0.8232739331621767
svd,MaxAbsScaler,False,adaboost,19,0.8172468573451557,0.8172468573451557
svd,MaxAbsScaler,False,mlp,19,0.784691980897576,0.784299135312145
voiced,MaxAbsScaler,False,svm,19,0.6142354407426709,0.6099361983184285
voiced,MaxAbsScaler,False,knn,19,0.5100854943937536,0.5107504663949325
voiced,MaxAbsScaler,False,gaussianNB,19,0.5419105630187387,0.5419105630187387
voiced,MaxAbsScaler,False,lda,19,0.4965150218709729,0.4965150218709729
voiced,MaxAbsScaler,False,qda,19,0.49729166666666663,0.47493809058325187
voiced,MaxAbsScaler,False,dt,19,0.5756931377391611,0.5756931377391611
voiced,MaxAbsScaler,False,rf,19,0.564868336613331,0.564868336613331
voiced,MaxAbsScaler,False,adaboost,19,0.5705190720631488,0.5705190720631488
voiced,MaxAbsScaler,False,mlp,19,0.5784414819669269,0.6140683715308297
svd,MaxAbsScaler,True,svm,20,0.8296014073167836,0.8339233503682795
svd,MaxAbsScaler,True,knn,20,0.72487457108504,0.7227024720099965
svd,MaxAbsScaler,True,gaussianNB,20,0.6609685080459343,0.6609685080459343
svd,MaxAbsScaler,True,lda,20,0.8239152777429768,0.8239152777429768
svd,MaxAbsScaler,True,qda,20,0.7386448193754628,0.7314345741499503
svd,MaxAbsScaler,True,dt,20,0.7682966397470213,0.7682966397470213
svd,MaxAbsScaler,True,rf,20,0.820432137836718,0.820432137836718
svd,MaxAbsScaler,True,adaboost,20,0.8245980609721068,0.8245980609721068
svd,MaxAbsScaler,True,mlp,20,0.7727563312732342,0.7687395737668365
voiced,MaxAbsScaler,True,svm,20,0.5920527859237537,0.5886754643206256
voiced,MaxAbsScaler,True,knn,20,0.5382013685239492,0.5305620723362658
voiced,MaxAbsScaler,True,gaussianNB,20,0.5552003910068426,0.5552003910068426
voiced,MaxAbsScaler,True,lda,20,0.5987976539589442,0.5987976539589442
voiced,MaxAbsScaler,True,qda,20,0.4989393939393939,0.530039100684262
voiced,MaxAbsScaler,True,dt,20,0.6131378299120235,0.6131378299120235
voiced,MaxAbsScaler,True,rf,20,0.5479863147605084,0.5479863147605084
voiced,MaxAbsScaler,True,adaboost,20,0.6004301075268816,0.6004301075268816
voiced,MaxAbsScaler,True,mlp,20,0.5647996089931573,0.5704496578690128
svd,MaxAbsScaler,False,svm,20,0.8240540956897316,0.8309283325639685
svd,MaxAbsScaler,False,knn,20,0.7232532430166694,0.7212506327368905
svd,MaxAbsScaler,False,gaussianNB,20,0.6612072380535765,0.6612072380535765
svd,MaxAbsScaler,False,lda,20,0.8252067768245006,0.8252067768245006
svd,MaxAbsScaler,False,qda,20,0.7413947423708457,0.7406856160286387
svd,MaxAbsScaler,False,dt,20,0.7907933815165902,0.7907933815165902
svd,MaxAbsScaler,False,rf,20,0.8147714894317335,0.8147714894317335
svd,MaxAbsScaler,False,adaboost,20,0.810806502313843,0.810806502313843
svd,MaxAbsScaler,False,mlp,20,0.7847380358571449,0.7876457200400231
voiced,MaxAbsScaler,False,svm,20,0.6388053099651771,0.6223924948391267
voiced,MaxAbsScaler,False,knn,20,0.5108740121358717,0.5152437600350313
voiced,MaxAbsScaler,False,gaussianNB,20,0.5546633181808703,0.5546633181808703
voiced,MaxAbsScaler,False,lda,20,0.5878677513188899,0.5878677513188899
voiced,MaxAbsScaler,False,qda,20,0.5264903846153846,0.48382352941176465
voiced,MaxAbsScaler,False,dt,20,0.5876734887503389,0.5876734887503389
voiced,MaxAbsScaler,False,rf,20,0.5933455621702776,0.5933455621702776
voiced,MaxAbsScaler,False,adaboost,20,0.5732294034239006,0.5732294034239006
voiced,MaxAbsScaler,False,mlp,20,0.5854754649998958,0.6146981671080343
svd,MaxAbsScaler,True,svm,21,0.8333762638669946,0.8344524196269016
svd,MaxAbsScaler,True,knn,21,0.7096952393299177,0.7191386385334041
svd,MaxAbsScaler,True,gaussianNB,21,0.6599501225782578,0.6591459267740619
svd,MaxAbsScaler,True,lda,21,0.823722197468108,0.823722197468108
svd,MaxAbsScaler,True,qda,21,0.7386628529594723,0.7390791179013644
svd,MaxAbsScaler,True,dt,21,0.7808305180824264,0.7808305180824264
svd,MaxAbsScaler,True,rf,21,0.8280852589794792,0.8280852589794792
svd,MaxAbsScaler,True,adaboost,21,0.8047288534802167,0.8047288534802167
svd,MaxAbsScaler,True,mlp,21,0.7790155337210953,0.7865838142228546
voiced,MaxAbsScaler,True,svm,21,0.5883919843597263,0.6021603128054741
voiced,MaxAbsScaler,True,knn,21,0.490405669599218,0.5085679374389052
voiced,MaxAbsScaler,True,gaussianNB,21,0.5655718475073315,0.5655718475073315
voiced,MaxAbsScaler,True,lda,21,0.5062023460410556,0.5062023460410556
voiced,MaxAbsScaler,True,qda,21,0.48665689149560115,0.45651515151515154
voiced,MaxAbsScaler,True,dt,21,0.579692082111437,0.579692082111437
voiced,MaxAbsScaler,True,rf,21,0.5567497556207234,0.5567497556207234
voiced,MaxAbsScaler,True,adaboost,21,0.5973118279569893,0.5973118279569893
voiced,MaxAbsScaler,True,mlp,21,0.5722678396871945,0.5949071358748779
svd,MaxAbsScaler,False,svm,21,0.8246381919334198,0.8288832783078556
svd,MaxAbsScaler,False,knn,21,0.7197273217729622,0.7127749310389634
svd,MaxAbsScaler,False,gaussianNB,21,0.6595317870918087,0.6595317870918087
svd,MaxAbsScaler,False,lda,21,0.814309574588434,0.814309574588434
svd,MaxAbsScaler,False,qda,21,0.7405669689521567,0.7391147995287695
svd,MaxAbsScaler,False,dt,21,0.7790763449064086,0.7790763449064086
svd,MaxAbsScaler,False,rf,21,0.8233190793838705,0.8233190793838705
svd,MaxAbsScaler,False,adaboost,21,0.8181418818856947,0.8181418818856947
svd,MaxAbsScaler,False,mlp,21,0.792875286740751,0.7807158232196696
voiced,MaxAbsScaler,False,svm,21,0.5874405901920133,0.5806816937367222
voiced,MaxAbsScaler,False,knn,21,0.5202170571715163,0.524735925400062
voiced,MaxAbsScaler,False,gaussianNB,21,0.542272495934735,0.542272495934735
voiced,MaxAbsScaler,False,lda,21,0.4790967294003347,0.4790967294003347
voiced,MaxAbsScaler,False,qda,21,0.48478153724833045,0.48034328100741763
voiced,MaxAbsScaler,False,dt,21,0.5809196095913363,0.5809196095913363
voiced,MaxAbsScaler,False,rf,21,0.536640373471493,0.536640373471493
voiced,MaxAbsScaler,False,adaboost,21,0.5115311763224476,0.5115311763224476
voiced,MaxAbsScaler,False,mlp,21,0.6212440328664238,0.6522004855780946
svd,MaxAbsScaler,True,svm,22,0.8328918083007505,0.8344561962937099
svd,MaxAbsScaler,True,knn,22,0.7036740885432271,0.7036479841496199
svd,MaxAbsScaler,True,gaussianNB,22,0.6599346019302399,0.6599346019302399
svd,MaxAbsScaler,True,lda,22,0.8165315763843571,0.8165315763843571
svd,MaxAbsScaler,True,qda,22,0.741434218271732,0.73857597509724
svd,MaxAbsScaler,True,dt,22,0.7847052620226012,0.7847052620226012
svd,MaxAbsScaler,True,rf,22,0.8259153914061221,0.8259153914061221
svd,MaxAbsScaler,True,adaboost,22,0.8210826941143189,0.8210826941143189
svd,MaxAbsScaler,True,mlp,22,0.7786283618235635,0.7857906942203562
voiced,MaxAbsScaler,True,svm,22,0.5982404692082112,0.565386119257087
voiced,MaxAbsScaler,True,knn,22,0.5426588465298143,0.5406451612903226
voiced,MaxAbsScaler,True,gaussianNB,22,0.536217008797654,0.536217008797654
voiced,MaxAbsScaler,True,lda,22,0.505464320625611,0.505464320625611
voiced,MaxAbsScaler,True,qda,22,0.4325317693059628,0.4657575757575757
voiced,MaxAbsScaler,True,dt,22,0.5968377321603129,0.5968377321603129
voiced,MaxAbsScaler,True,rf,22,0.5555180840664712,0.5555180840664712
voiced,MaxAbsScaler,True,adaboost,22,0.5595161290322581,0.5595161290322581
voiced,MaxAbsScaler,True,mlp,22,0.5561388074291299,0.5932600195503421
svd,MaxAbsScaler,False,svm,22,0.8212958438194538,0.8304629654325669
svd,MaxAbsScaler,False,knn,22,0.7233224127526348,0.7101206702020437
svd,MaxAbsScaler,False,gaussianNB,22,0.6588615102282156,0.6588615102282156
svd,MaxAbsScaler,False,lda,22,0.8266340080480656,0.8266340080480656
svd,MaxAbsScaler,False,qda,22,0.73795800825135,0.7432625370544363
svd,MaxAbsScaler,False,dt,22,0.7876964298270315,0.7876964298270315
svd,MaxAbsScaler,False,rf,22,0.8285488177503806,0.8285488177503806
svd,MaxAbsScaler,False,adaboost,22,0.8238072571458254,0.8238072571458254
svd,MaxAbsScaler,False,mlp,22,0.7639192899538252,0.7637456393273867
voiced,MaxAbsScaler,False,svm,22,0.5672352630466222,0.6213861780545351
voiced,MaxAbsScaler,False,knn,22,0.5439362260457595,0.5304305160694612
voiced,MaxAbsScaler,False,gaussianNB,22,0.5365558478033122,0.5365558478033122
voiced,MaxAbsScaler,False,lda,22,0.5416450587951602,0.5416450587951602
voiced,MaxAbsScaler,False,qda,22,0.5155906990237619,0.47557146200655326
voiced,MaxAbsScaler,False,dt,22,0.6125922184644295,0.6125922184644295
voiced,MaxAbsScaler,False,rf,22,0.49565831058731663,0.49565831058731663
voiced,MaxAbsScaler,False,adaboost,22,0.508935418874567,0.508935418874567
voiced,MaxAbsScaler,False,mlp,22,0.580338907205033,0.5861257842900844
svd,MaxAbsScaler,True,svm,23,0.8327201497157877,0.8416129236085614
svd,MaxAbsScaler,True,knn,23,0.7260206115222472,0.7186778652100353
svd,MaxAbsScaler,True,gaussianNB,23,0.6593825948678729,0.6588762854738863
svd,MaxAbsScaler,True,lda,23,0.8265295990813983,0.8265295990813983
svd,MaxAbsScaler,True,qda,23,0.7482975040226949,0.7489146985330191
svd,MaxAbsScaler,True,dt,23,0.8049502405990955,0.8049502405990955
svd,MaxAbsScaler,True,rf,23,0.8233637609210127,0.8233637609210127
svd,MaxAbsScaler,True,adaboost,23,0.8186374603223022,0.8186374603223022
svd,MaxAbsScaler,True,mlp,23,0.7858475421343469,0.79012815791987
voiced,MaxAbsScaler,True,svm,23,0.6120967741935484,0.588763440860215
voiced,MaxAbsScaler,True,knn,23,0.5075513196480939,0.5493939393939394
voiced,MaxAbsScaler,True,gaussianNB,23,0.5427761485826001,0.5427761485826001
voiced,MaxAbsScaler,True,lda,23,0.5202932551319648,0.5202932551319648
voiced,MaxAbsScaler,True,qda,23,0.5156060606060606,0.4890615835777126
voiced,MaxAbsScaler,True,dt,23,0.5866813294232649,0.5866813294232649
voiced,MaxAbsScaler,True,rf,23,0.5513391984359727,0.5513391984359727
voiced,MaxAbsScaler,True,adaboost,23,0.5763391984359727,0.5763391984359727
voiced,MaxAbsScaler,True,mlp,23,0.600772238514174,0.6005131964809384
svd,MaxAbsScaler,False,svm,23,0.8248793460480691,0.8293142021759019
svd,MaxAbsScaler,False,knn,23,0.7177460639103066,0.7137673487184398
svd,MaxAbsScaler,False,gaussianNB,23,0.6583339680134016,0.6583339680134016
svd,MaxAbsScaler,False,lda,23,0.8297796650062873,0.8297796650062873
svd,MaxAbsScaler,False,qda,23,0.7320861545098961,0.7330350905319151
svd,MaxAbsScaler,False,dt,23,0.7775947686099306,0.7775947686099306
svd,MaxAbsScaler,False,rf,23,0.8242526063781208,0.8242526063781208
svd,MaxAbsScaler,False,adaboost,23,0.809693438087615,0.809693438087615
svd,MaxAbsScaler,False,mlp,23,0.7738836590541643,0.7876167645741832
voiced,MaxAbsScaler,False,svm,23,0.5875341498971922,0.5754873891866383
voiced,MaxAbsScaler,False,knn,23,0.518346352849968,0.5281417062729632
voiced,MaxAbsScaler,False,gaussianNB,23,0.5364397099470792,0.5364397099470792
voiced,MaxAbsScaler,False,lda,23,0.5149166582397952,0.5149166582397952
voiced,MaxAbsScaler,False,qda,23,0.47161713772878955,0.5238332785586679
voiced,MaxAbsScaler,False,dt,23,0.6074015741396164,0.6074015741396164
voiced,MaxAbsScaler,False,rf,23,0.5920103776923854,0.5920103776923854
voiced,MaxAbsScaler,False,adaboost,23,0.5335845383759733,0.5335845383759733
voiced,MaxAbsScaler,False,mlp,23,0.5727202362894799,0.5667758789227088
svd,MaxAbsScaler,True,svm,24,0.8298268071441463,0.8354767823960845
svd,MaxAbsScaler,True,knn,24,0.7197593428018727,0.722900590866785
svd,MaxAbsScaler,True,gaussianNB,24,0.6604427996576306,0.6604427996576306
svd,MaxAbsScaler,True,lda,24,0.8242266185286905,0.8242266185286905
svd,MaxAbsScaler,True,qda,24,0.7364128111074677,0.7325244820610143
svd,MaxAbsScaler,True,dt,24,0.7934698144458231,0.7934698144458231
svd,MaxAbsScaler,True,rf,24,0.8180346098830287,0.8180346098830287
svd,MaxAbsScaler,True,adaboost,24,0.8100514770580203,0.8100514770580203
svd,MaxAbsScaler,True,mlp,24,0.7722424104430647,0.7862035093223751
voiced,MaxAbsScaler,True,svm,24,0.5855376344086022,0.5623118279569892
voiced,MaxAbsScaler,True,knn,24,0.556119257086999,0.5103616813294234
voiced,MaxAbsScaler,True,gaussianNB,24,0.5420821114369502,0.5420821114369502
voiced,MaxAbsScaler,True,lda,24,0.4917448680351907,0.4917448680351907
voiced,MaxAbsScaler,True,qda,24,0.4906060606060606,0.4425904203323558
voiced,MaxAbsScaler,True,dt,24,0.6071603128054741,0.6071603128054741
voiced,MaxAbsScaler,True,rf,24,0.540039100684262,0.540039100684262
voiced,MaxAbsScaler,True,adaboost,24,0.5238954056695992,0.5238954056695992
voiced,MaxAbsScaler,True,mlp,24,0.5583919843597263,0.5782404692082113
svd,MaxAbsScaler,False,svm,24,0.8267039780164842,0.8255699764956642
svd,MaxAbsScaler,False,knn,24,0.7158578194084507,0.7247311255047932
svd,MaxAbsScaler,False,gaussianNB,24,0.6611447599944607,0.6619081187730866
svd,MaxAbsScaler,False,lda,24,0.8157482085196136,0.8157482085196136
svd,MaxAbsScaler,False,qda,24,0.735317252266805,0.7359790759269156
svd,MaxAbsScaler,False,dt,24,0.7881051791695439,0.7881051791695439
svd,MaxAbsScaler,False,rf,24,0.8150974359355757,0.8150974359355757
svd,MaxAbsScaler,False,adaboost,24,0.8088675986419955,0.8088675986419955
svd,MaxAbsScaler,False,mlp,24,0.778012935008349,0.7757982675121913
voiced,MaxAbsScaler,False,svm,24,0.5858586239029788,0.5707280555466039
voiced,MaxAbsScaler,False,knn,24,0.47522772254627094,0.502911007003749
voiced,MaxAbsScaler,False,gaussianNB,24,0.571489531973403,0.571489531973403
voiced,MaxAbsScaler,False,lda,24,0.577024024362734,0.577024024362734
voiced,MaxAbsScaler,False,qda,24,0.49926370000966785,0.4857092907092907
voiced,MaxAbsScaler,False,dt,24,0.5782087468982631,0.5782087468982631
voiced,MaxAbsScaler,False,rf,24,0.514795191367772,0.514795191367772
voiced,MaxAbsScaler,False,adaboost,24,0.597237688386882,0.597237688386882
voiced,MaxAbsScaler,False,mlp,24,0.5666896544315899,0.5341878551555971
svd,MaxAbsScaler,True,svm,25,0.8300699100971729,0.8264822327799426
svd,MaxAbsScaler,True,knn,25,0.7240544951231973,0.7306454486988837
svd,MaxAbsScaler,True,gaussianNB,25,0.6599155588141412,0.6591579830565654
svd,MaxAbsScaler,True,lda,25,0.8200984838498468,0.8200984838498468
svd,MaxAbsScaler,True,qda,25,0.7308835021757596,0.7412014430498618
svd,MaxAbsScaler,True,dt,25,0.780706906688368,0.780706906688368
svd,MaxAbsScaler,True,rf,25,0.8163770998176669,0.8163770998176669
svd,MaxAbsScaler,True,adaboost,25,0.8206880269857368,0.8206880269857368
svd,MaxAbsScaler,True,mlp,25,0.7872679955449857,0.7834132788331261
voiced,MaxAbsScaler,True,svm,25,0.5864467253176932,0.5932209188660802
voiced,MaxAbsScaler,True,knn,25,0.5139589442815249,0.5036950146627566
voiced,MaxAbsScaler,True,gaussianNB,25,0.5513685239491691,0.5513685239491691
voiced,MaxAbsScaler,True,lda,25,0.5234750733137831,0.5234750733137831
voiced,MaxAbsScaler,True,qda,25,0.51,0.49560117302052786
voiced,MaxAbsScaler,True,dt,25,0.5943939393939395,0.5943939393939395
voiced,MaxAbsScaler,True,rf,25,0.5549315738025415,0.5549315738025415
voiced,MaxAbsScaler,True,adaboost,25,0.6028787878787878,0.6028787878787878
voiced,MaxAbsScaler,True,mlp,25,0.5683284457478006,0.5698875855327468
svd,MaxAbsScaler,False,svm,25,0.831625265815965,0.832296748509839
svd,MaxAbsScaler,False,knn,25,0.7240633335091298,0.7260825111017082
svd,MaxAbsScaler,False,gaussianNB,25,0.6570817514305267,0.6570817514305267
svd,MaxAbsScaler,False,lda,25,0.8289180789381696,0.8289180789381696
svd,MaxAbsScaler,False,qda,25,0.7339216315420053,0.732729265132918
svd,MaxAbsScaler,False,dt,25,0.7763231922462179,0.7763231922462179
svd,MaxAbsScaler,False,rf,25,0.8275677354153741,0.8275677354153741
svd,MaxAbsScaler,False,adaboost,25,0.8128540613779325,0.8128540613779325
svd,MaxAbsScaler,False,mlp,25,0.7859429225206465,0.7888611513051513
voiced,MaxAbsScaler,False,svm,25,0.55396353238265,0.582320954644484
voiced,MaxAbsScaler,False,knn,25,0.5491449049316697,0.5531842444048326
voiced,MaxAbsScaler,False,gaussianNB,25,0.5584290453555159,0.5584290453555159
voiced,MaxAbsScaler,False,lda,25,0.5578513071895425,0.5578513071895425
voiced,MaxAbsScaler,False,qda,25,0.4980755842741137,0.5473227124183007
voiced,MaxAbsScaler,False,dt,25,0.638399138443256,0.638399138443256
voiced,MaxAbsScaler,False,rf,25,0.5253681669637552,0.5253681669637552
voiced,MaxAbsScaler,False,adaboost,25,0.5916412160823926,0.5916412160823926
voiced,MaxAbsScaler,False,mlp,25,0.5913560110913052,0.6427148197662904
svd,MaxAbsScaler,True,svm,26,0.8311262964589028,0.8313438469927019
svd,MaxAbsScaler,True,knn,26,0.7249494507673352,0.7191334655892998
svd,MaxAbsScaler,True,gaussianNB,26,0.662695011277345,0.662695011277345
svd,MaxAbsScaler,True,lda,26,0.836884883564273,0.836884883564273
svd,MaxAbsScaler,True,qda,26,0.7442579122077487,0.7426443767065358
svd,MaxAbsScaler,True,dt,26,0.7592760765225324,0.7592760765225324
svd,MaxAbsScaler,True,rf,26,0.8182403565173468,0.8182403565173468
svd,MaxAbsScaler,True,adaboost,26,0.8233513469445857,0.8233513469445857
svd,MaxAbsScaler,True,mlp,26,0.7814503762322736,0.7796196170241971
voiced,MaxAbsScaler,True,svm,26,0.5777468230694037,0.5651710654936462
voiced,MaxAbsScaler,True,knn,26,0.5499071358748778,0.5292375366568914
voiced,MaxAbsScaler,True,gaussianNB,26,0.5346383186705768,0.5346383186705768
voiced,MaxAbsScaler,True,lda,26,0.59133431085044,0.59133431085044
voiced,MaxAbsScaler,True,qda,26,0.4966666666666667,0.5183333333333333
voiced,MaxAbsScaler,True,dt,26,0.5624193548387096,0.5624193548387096
voiced,MaxAbsScaler,True,rf,26,0.5230303030303031,0.5230303030303031
voiced,MaxAbsScaler,True,adaboost,26,0.5704740957966765,0.5704740957966765
voiced,MaxAbsScaler,True,mlp,26,0.6065347018572825,0.5957771260997068
svd,MaxAbsScaler,False,svm,26,0.8350992229516041,0.8324287984058415
svd,MaxAbsScaler,False,knn,26,0.7146186433066706,0.7180516440474484
svd,MaxAbsScaler,False,gaussianNB,26,0.6621630709179281,0.6621630709179281
svd,MaxAbsScaler,False,lda,26,0.8194980920189959,0.8194980920189959
svd,MaxAbsScaler,False,qda,26,0.7365939335936538,0.7409768857208864
svd,MaxAbsScaler,False,dt,26,0.7841878514225575,0.7841878514225575
svd,MaxAbsScaler,False,rf,26,0.8192472744521861,0.8192472744521861
svd,MaxAbsScaler,False,adaboost,26,0.80564472553737,0.80564472553737
svd,MaxAbsScaler,False,mlp,26,0.7769490568121663,0.7830536610391755
voiced,MaxAbsScaler,False,svm,26,0.5195861279243633,0.5579666983343454
voiced,MaxAbsScaler,False,knn,26,0.550474868268986,0.5550012928248222
voiced,MaxAbsScaler,False,gaussianNB,26,0.5474317594170535,0.5474317594170535
voiced,MaxAbsScaler,False,lda,26,0.5064492713169184,0.5064492713169184
voiced,MaxAbsScaler,False,qda,26,0.48342097608274076,0.5075757575757576
voiced,MaxAbsScaler,False,dt,26,0.5051628616481557,0.5051628616481557
voiced,MaxAbsScaler,False,rf,26,0.48430848073495136,0.48430848073495136
voiced,MaxAbsScaler,False,adaboost,26,0.6051705435087789,0.6051705435087789
voiced,MaxAbsScaler,False,mlp,26,0.6128059734383264,0.6271585326438268
svd,MaxAbsScaler,True,svm,27,0.8301228215622981,0.8405139480657475
svd,MaxAbsScaler,True,knn,27,0.7165588373821743,0.7168220420074292
svd,MaxAbsScaler,True,gaussianNB,27,0.6634331716992568,0.6624075306736157
svd,MaxAbsScaler,True,lda,27,0.8255031700397023,0.8255031700397023
svd,MaxAbsScaler,True,qda,27,0.7355984019615427,0.7372190277915469
svd,MaxAbsScaler,True,dt,27,0.7981346752121017,0.7981346752121017
svd,MaxAbsScaler,True,rf,27,0.8165532504572853,0.8165532504572853
svd,MaxAbsScaler,True,adaboost,27,0.8168208835875139,0.8168208835875139
svd,MaxAbsScaler,True,mlp,27,0.7837736781575386,0.788076265791642
voiced,MaxAbsScaler,True,svm,27,0.598284457478006,0.5567693059628545
voiced,MaxAbsScaler,True,knn,27,0.5317253176930596,0.4663636363636364
voiced,MaxAbsScaler,True,gaussianNB,27,0.5439442815249267,0.5439442815249267
voiced,MaxAbsScaler,True,lda,27,0.5086901270772237,0.5086901270772237
voiced,MaxAbsScaler,True,qda,27,0.4937878787878788,0.49833333333333335
voiced,MaxAbsScaler,True,dt,27,0.5389784946236559,0.5389784946236559
voiced,MaxAbsScaler,True,rf,27,0.5648240469208211,0.5648240469208211
voiced,MaxAbsScaler,True,adaboost,27,0.5583088954056696,0.5583088954056696
voiced,MaxAbsScaler,True,mlp,27,0.5821603128054741,0.5938269794721407
svd,MaxAbsScaler,False,svm,27,0.8266818325298922,0.8276143572853037
svd,MaxAbsScaler,False,knn,27,0.7173109439772529,0.7142100542246897
svd,MaxAbsScaler,False,gaussianNB,27,0.6590107275869326,0.6590107275869326
svd,MaxAbsScaler,False,lda,27,0.8303118897062542,0.8303118897062542
svd,MaxAbsScaler,False,qda,27,0.7352087398987861,0.7409571524584129
svd,MaxAbsScaler,False,dt,27,0.7885870176840369,0.7885870176840369
svd,MaxAbsScaler,False,rf,27,0.812480973790851,0.812480973790851
svd,MaxAbsScaler,False,adaboost,27,0.8134658702594461,0.8134658702594461
svd,MaxAbsScaler,False,mlp,27,0.7860617734215092,0.7885900622183583
voiced,MaxAbsScaler,False,svm,27,0.5751793051438082,0.5757337338118271
voiced,MaxAbsScaler,False,knn,27,0.507842581691466,0.5263845941077179
voiced,MaxAbsScaler,False,gaussianNB,27,0.5386821066019849,0.5386821066019849
voiced,MaxAbsScaler,False,lda,27,0.5368026591393731,0.5368026591393731
voiced,MaxAbsScaler,False,qda,27,0.4716899412284808,0.5105980392156864
voiced,MaxAbsScaler,False,dt,27,0.6023112124521861,0.6023112124521861
voiced,MaxAbsScaler,False,rf,27,0.5360894929951725,0.5360894929951725
voiced,MaxAbsScaler,False,adaboost,27,0.6120805188726082,0.6120805188726082
voiced,MaxAbsScaler,False,mlp,27,0.5728039995839185,0.5959608315957199
svd,MaxAbsScaler,True,svm,28,0.828862103000598,0.833421740019341
svd,MaxAbsScaler,True,knn,28,0.726439149727045,0.7304988704497974
svd,MaxAbsScaler,True,gaussianNB,28,0.6665601937139559,0.6670665031079426
svd,MaxAbsScaler,True,lda,28,0.8356740115573267,0.8356740115573267
svd,MaxAbsScaler,True,qda,28,0.7392267982835049,0.7420776515378478
svd,MaxAbsScaler,True,dt,28,0.7942312867067501,0.7942312867067501
svd,MaxAbsScaler,True,rf,28,0.8302176812645733,0.8302176812645733
svd,MaxAbsScaler,True,adaboost,28,0.8141967828609049,0.8141967828609049
svd,MaxAbsScaler,True,mlp,28,0.782745182843329,0.7834543101391521
voiced,MaxAbsScaler,True,svm,28,0.5583919843597263,0.5963587487781037
voiced,MaxAbsScaler,True,knn,28,0.5505816226783968,0.5112121212121213
voiced,MaxAbsScaler,True,gaussianNB,28,0.5535777126099707,0.5535777126099707
voiced,MaxAbsScaler,True,lda,28,0.545791788856305,0.545791788856305
voiced,MaxAbsScaler,True,qda,28,0.5211632453567938,0.516119257086999
voiced,MaxAbsScaler,True,dt,28,0.5879814271749757,0.5879814271749757
voiced,MaxAbsScaler,True,rf,28,0.5826392961876834,0.5826392961876834
voiced,MaxAbsScaler,True,adaboost,28,0.5588514173998045,0.5588514173998045
voiced,MaxAbsScaler,True,mlp,28,0.6023313782991202,0.5992570869990225
svd,MaxAbsScaler,False,svm,28,0.8350911114568543,0.8297265407528898
svd,MaxAbsScaler,False,knn,28,0.7160134650870873,0.7099380454163307
svd,MaxAbsScaler,False,gaussianNB,28,0.652313335521056,0.652313335521056
svd,MaxAbsScaler,False,lda,28,0.8221196781986377,0.8221196781986377
svd,MaxAbsScaler,False,qda,28,0.7330473869901818,0.737792673484905
svd,MaxAbsScaler,False,dt,28,0.7832437075833614,0.7832437075833614
svd,MaxAbsScaler,False,rf,28,0.8204149893239515,0.8204149893239515
svd,MaxAbsScaler,False,adaboost,28,0.8160395609781161,0.8160395609781161
svd,MaxAbsScaler,False,mlp,28,0.7809267137026273,0.7823457350584345
voiced,MaxAbsScaler,False,svm,28,0.6075044273229757,0.5713231086416571
voiced,MaxAbsScaler,False,knn,28,0.4972249375475181,0.5109706512125867
voiced,MaxAbsScaler,False,gaussianNB,28,0.5409342360148812,0.5409342360148812
voiced,MaxAbsScaler,False,lda,28,0.5293789513950803,0.5293789513950803
voiced,MaxAbsScaler,False,qda,28,0.48946759259259254,0.5051818783068783
voiced,MaxAbsScaler,False,dt,28,0.5439150776045938,0.5439150776045938
voiced,MaxAbsScaler,False,rf,28,0.5460894854846468,0.5460894854846468
voiced,MaxAbsScaler,False,adaboost,28,0.5754258756476499,0.5754258756476499
voiced,MaxAbsScaler,False,mlp,28,0.5789014286191705,0.5563926597595953
svd,MaxAbsScaler,True,svm,29,0.8214842264242483,0.8244862244262462
svd,MaxAbsScaler,True,knn,29,0.7200327589531517,0.7151892237170319
svd,MaxAbsScaler,True,gaussianNB,29,0.6640074792528445,0.6640074792528445
svd,MaxAbsScaler,True,lda,29,0.823642351832101,0.823642351832101
svd,MaxAbsScaler,True,qda,29,0.7335138943208737,0.7369378803675424
svd,MaxAbsScaler,True,dt,29,0.7828197356986889,0.7828197356986889
svd,MaxAbsScaler,True,rf,29,0.8169000301770204,0.8169000301770204
svd,MaxAbsScaler,True,adaboost,29,0.8131060124898729,0.8131060124898729
svd,MaxAbsScaler,True,mlp,29,0.767758798816596,0.7827138891642708
voiced,MaxAbsScaler,True,svm,29,0.6039784946236559,0.5815542521994135
voiced,MaxAbsScaler,True,knn,29,0.5418328445747801,0.552741935483871
voiced,MaxAbsScaler,True,gaussianNB,29,0.5619550342130987,0.5619550342130987
voiced,MaxAbsScaler,True,lda,29,0.5171749755620724,0.5171749755620724
voiced,MaxAbsScaler,True,qda,29,0.4781818181818182,0.4906060606060606
voiced,MaxAbsScaler,True,dt,29,0.6049071358748779,0.6049071358748779
voiced,MaxAbsScaler,True,rf,29,0.5722922776148582,0.5722922776148582
voiced,MaxAbsScaler,True,adaboost,29,0.5647165200391007,0.5647165200391007
voiced,MaxAbsScaler,True,mlp,29,0.6037194525904204,0.5938709677419355
svd,MaxAbsScaler,False,svm,29,0.835633122715255,0.8362580060209931
svd,MaxAbsScaler,False,knn,29,0.7178715523537135,0.706749810435423
svd,MaxAbsScaler,False,gaussianNB,29,0.6595981596174882,0.6595981596174882
svd,MaxAbsScaler,False,lda,29,0.826614718418495,0.826614718418495
svd,MaxAbsScaler,False,qda,29,0.7436190048858144,0.7436437885265914
svd,MaxAbsScaler,False,dt,29,0.7748685301670991,0.7748685301670991
svd,MaxAbsScaler,False,rf,29,0.8207141274205959,0.8207141274205959
svd,MaxAbsScaler,False,adaboost,29,0.811050348368109,0.811050348368109
svd,MaxAbsScaler,False,mlp,29,0.777762170515102,0.7748533954502459
voiced,MaxAbsScaler,False,svm,29,0.5791692062944435,0.5831731451133728
voiced,MaxAbsScaler,False,knn,29,0.48812740785463743,0.5073264787342111
voiced,MaxAbsScaler,False,gaussianNB,29,0.5533503081095585,0.5533503081095585
voiced,MaxAbsScaler,False,lda,29,0.5162721977842946,0.5162721977842946
voiced,MaxAbsScaler,False,qda,29,0.4992647058823529,0.4451470588235294
voiced,MaxAbsScaler,False,dt,29,0.6157700343089337,0.6157700343089337
voiced,MaxAbsScaler,False,rf,29,0.5757924836601307,0.5757924836601307
voiced,MaxAbsScaler,False,adaboost,29,0.5592484019512007,0.5592484019512007
voiced,MaxAbsScaler,False,mlp,29,0.5220774394801908,0.5186126085331493
svd,MaxAbsScaler,True,svm,30,0.8333639697271105,0.834678369612939
svd,MaxAbsScaler,True,knn,30,0.7195857359652343,0.722612262328729
svd,MaxAbsScaler,True,gaussianNB,30,0.6596610659424182,0.6596610659424182
svd,MaxAbsScaler,True,lda,30,0.8236837989346167,0.8236837989346167
svd,MaxAbsScaler,True,qda,30,0.7459580132699,0.7473584122166456
svd,MaxAbsScaler,True,dt,30,0.7867350915169891,0.7867350915169891
svd,MaxAbsScaler,True,rf,30,0.8195119130233633,0.8195119130233633
svd,MaxAbsScaler,True,adaboost,30,0.8159641067765386,0.8159641067765386
svd,MaxAbsScaler,True,mlp,30,0.7930231636774712,0.7898191357896919
voiced,MaxAbsScaler,True,svm,30,0.5543010752688172,0.5833919843597263
voiced,MaxAbsScaler,True,knn,30,0.48454056695992176,0.5478494623655913
voiced,MaxAbsScaler,True,gaussianNB,30,0.5647653958944281,0.5647653958944281
voiced,MaxAbsScaler,True,lda,30,0.43516129032258066,0.43516129032258066
voiced,MaxAbsScaler,True,qda,30,0.5109042033235582,0.48607526881720425
voiced,MaxAbsScaler,True,dt,30,0.583763440860215,0.583763440860215
voiced,MaxAbsScaler,True,rf,30,0.5421212121212122,0.5421212121212122
voiced,MaxAbsScaler,True,adaboost,30,0.606080156402737,0.606080156402737
voiced,MaxAbsScaler,True,mlp,30,0.585058651026393,0.5443010752688171
svd,MaxAbsScaler,False,svm,30,0.8268983937747834,0.8312557011792354
svd,MaxAbsScaler,False,knn,30,0.7196739783666116,0.7211540197528439
svd,MaxAbsScaler,False,gaussianNB,30,0.6534358664625811,0.6534358664625811
svd,MaxAbsScaler,False,lda,30,0.8211469409878209,0.8211469409878209
svd,MaxAbsScaler,False,qda,30,0.7447982796181355,0.7395886452946956
svd,MaxAbsScaler,False,dt,30,0.7866814776119273,0.7866814776119273
svd,MaxAbsScaler,False,rf,30,0.8229098803642174,0.8229098803642174
svd,MaxAbsScaler,False,adaboost,30,0.8242972143739926,0.8242972143739926
svd,MaxAbsScaler,False,mlp,30,0.780572734775507,0.7698913706612458
voiced,MaxAbsScaler,False,svm,30,0.5840055562253837,0.5925703822040029
voiced,MaxAbsScaler,False,knn,30,0.5275798770195321,0.5157584800257214
voiced,MaxAbsScaler,False,gaussianNB,30,0.5576982356723736,0.5576982356723736
voiced,MaxAbsScaler,False,lda,30,0.47454696165903065,0.47454696165903065
voiced,MaxAbsScaler,False,qda,30,0.47041757093481235,0.4963636363636364
voiced,MaxAbsScaler,False,dt,30,0.6601853247327385,0.6601853247327385
voiced,MaxAbsScaler,False,rf,30,0.5586248593360662,0.5586248593360662
voiced,MaxAbsScaler,False,adaboost,30,0.5376765834739973,0.5376765834739973
voiced,MaxAbsScaler,False,mlp,30,0.5934534000482277,0.5776040410738686
svd,MaxAbsScaler,True,svm,31,0.8347495180210556,0.8334558117273494
svd,MaxAbsScaler,True,knn,31,0.7193879729866645,0.7177941197297796
svd,MaxAbsScaler,True,gaussianNB,31,0.6580669003842395,0.6580669003842395
svd,MaxAbsScaler,True,lda,31,0.8317958649856141,0.8317958649856141
svd,MaxAbsScaler,True,qda,31,0.733284777744974,0.7339801238383572
svd,MaxAbsScaler,True,dt,31,0.7942339467148627,0.7942339467148627
svd,MaxAbsScaler,True,rf,31,0.8171604840089028,0.8171604840089028
svd,MaxAbsScaler,True,adaboost,31,0.8172053936612279,0.8172053936612279
svd,MaxAbsScaler,True,mlp,31,0.7807224273363859,0.7931010610618026
voiced,MaxAbsScaler,True,svm,31,0.592375366568915,0.5949071358748779
voiced,MaxAbsScaler,True,knn,31,0.4968572825024438,0.47841642228739
voiced,MaxAbsScaler,True,gaussianNB,31,0.5373216031280548,0.5373216031280548
voiced,MaxAbsScaler,True,lda,31,0.5399071358748777,0.5399071358748777
voiced,MaxAbsScaler,True,qda,31,0.5291935483870966,0.48818181818181816
voiced,MaxAbsScaler,True,dt,31,0.6124242424242424,0.6124242424242424
voiced,MaxAbsScaler,True,rf,31,0.606080156402737,0.606080156402737
voiced,MaxAbsScaler,True,adaboost,31,0.4775708699902248,0.4775708699902248
voiced,MaxAbsScaler,True,mlp,31,0.6276588465298143,0.6154936461388074
svd,MaxAbsScaler,False,svm,31,0.8280290312084345,0.833758695063785
svd,MaxAbsScaler,False,knn,31,0.7142722115803007,0.7220271469168001
svd,MaxAbsScaler,False,gaussianNB,31,0.6574838467737508,0.6574838467737508
svd,MaxAbsScaler,False,lda,31,0.8202474098775007,0.8202474098775007
svd,MaxAbsScaler,False,qda,31,0.7377149616528357,0.7428299512509502
svd,MaxAbsScaler,False,dt,31,0.8016096882149302,0.8016096882149302
svd,MaxAbsScaler,False,rf,31,0.8253531068992279,0.8253531068992279
svd,MaxAbsScaler,False,adaboost,31,0.8145073891834148,0.8145073891834148
svd,MaxAbsScaler,False,mlp,31,0.784484340184342,0.7713760139045367
voiced,MaxAbsScaler,False,svm,31,0.5788941110632286,0.5628279345926405
voiced,MaxAbsScaler,False,knn,31,0.5048379928894635,0.4915735802868156
voiced,MaxAbsScaler,False,gaussianNB,31,0.5616176171323229,0.5616176171323229
voiced,MaxAbsScaler,False,lda,31,0.5273820596614713,0.5273820596614713
voiced,MaxAbsScaler,False,qda,31,0.4807638888888889,0.49213057231439583
voiced,MaxAbsScaler,False,dt,31,0.5773875212478153,0.5773875212478153
voiced,MaxAbsScaler,False,rf,31,0.4967527951351481,0.4967527951351481
voiced,MaxAbsScaler,False,adaboost,31,0.5351679325576384,0.5351679325576384
voiced,MaxAbsScaler,False,mlp,31,0.5728742308889367,0.5823173136776079
svd,MaxAbsScaler,True,svm,32,0.8402870757014705,0.8400423204567152
svd,MaxAbsScaler,True,knn,32,0.7289020448835062,0.7227780797900755
svd,MaxAbsScaler,True,gaussianNB,32,0.6590892713248221,0.6583316955672464
svd,MaxAbsScaler,True,lda,32,0.8256854123702542,0.8256854123702542
svd,MaxAbsScaler,True,qda,32,0.7368357505816612,0.73774658093633
svd,MaxAbsScaler,True,dt,32,0.7872698838783898,0.7872698838783898
svd,MaxAbsScaler,True,rf,32,0.8156348068507283,0.8156348068507283
svd,MaxAbsScaler,True,adaboost,32,0.8174340345223661,0.8174340345223661
svd,MaxAbsScaler,True,mlp,32,0.7887416854319799,0.7843242871269044
voiced,MaxAbsScaler,True,svm,32,0.58613880742913,0.5799511241446725
voiced,MaxAbsScaler,True,knn,32,0.5476344086021505,0.5599511241446725
voiced,MaxAbsScaler,True,gaussianNB,32,0.5560654936461388,0.5560654936461388
voiced,MaxAbsScaler,True,lda,32,0.5246920821114369,0.5246920821114369
voiced,MaxAbsScaler,True,qda,32,0.5301221896383186,0.5401466275659824
voiced,MaxAbsScaler,True,dt,32,0.5684359726295211,0.5684359726295211
voiced,MaxAbsScaler,True,rf,32,0.595752688172043,0.595752688172043
voiced,MaxAbsScaler,True,adaboost,32,0.5555180840664711,0.5555180840664711
voiced,MaxAbsScaler,True,mlp,32,0.5628054740957967,0.54613880742913
svd,MaxAbsScaler,False,svm,32,0.8327768907778837,0.8323273463426156
svd,MaxAbsScaler,False,knn,32,0.711980304074084,0.721032282511295
svd,MaxAbsScaler,False,gaussianNB,32,0.6625101997512906,0.6625101997512906
svd,MaxAbsScaler,False,lda,32,0.8042134134300072,0.8042134134300072
svd,MaxAbsScaler,False,qda,32,0.7336457001442869,0.7469863781624085
svd,MaxAbsScaler,False,dt,32,0.7924238716365343,0.7924238716365343
svd,MaxAbsScaler,False,rf,32,0.8139632034133026,0.8139632034133026
svd,MaxAbsScaler,False,adaboost,32,0.8179721567531116,0.8179721567531116
svd,MaxAbsScaler,False,mlp,32,0.7823573982421727,0.7804686264574849
voiced,MaxAbsScaler,False,svm,32,0.6008781362007168,0.5618868407578085
voiced,MaxAbsScaler,False,knn,32,0.5467827274278887,0.5104019457245264
voiced,MaxAbsScaler,False,gaussianNB,32,0.576973886328725,0.576973886328725
voiced,MaxAbsScaler,False,lda,32,0.4348864994026284,0.4348864994026284
voiced,MaxAbsScaler,False,qda,32,0.505463389656938,0.49608465608465613
voiced,MaxAbsScaler,False,dt,32,0.5460752688172044,0.5460752688172044
voiced,MaxAbsScaler,False,rf,32,0.5438410991636797,0.5438410991636797
voiced,MaxAbsScaler,False,adaboost,32,0.566699948796723,0.566699948796723
voiced,MaxAbsScaler,False,mlp,32,0.6104352278545827,0.5542694999146611
svd,MaxAbsScaler,True,svm,33,0.8208670754908486,0.8246698648497995
svd,MaxAbsScaler,True,knn,33,0.7180915758178573,0.7145749434135474
svd,MaxAbsScaler,True,gaussianNB,33,0.6580862721429788,0.6580862721429788
svd,MaxAbsScaler,True,lda,33,0.8175404021641753,0.8175404021641753
svd,MaxAbsScaler,True,qda,33,0.740693069199067,0.7370169979057657
svd,MaxAbsScaler,True,dt,33,0.7830454314859985,0.7830454314859985
svd,MaxAbsScaler,True,rf,33,0.8176775714289345,0.8176775714289345
svd,MaxAbsScaler,True,adaboost,33,0.8184235212261385,0.8184235212261385
svd,MaxAbsScaler,True,mlp,33,0.7727887089282945,0.773202194025531
voiced,MaxAbsScaler,True,svm,33,0.6041544477028348,0.6233968719452591
voiced,MaxAbsScaler,True,knn,33,0.5413196480938417,0.4987878787878787
voiced,MaxAbsScaler,True,gaussianNB,33,0.5690078201368525,0.5690078201368525
voiced,MaxAbsScaler,True,lda,33,0.4988856304985337,0.4988856304985337
voiced,MaxAbsScaler,True,qda,33,0.4966666666666667,0.4773118279569893
voiced,MaxAbsScaler,True,dt,33,0.5226783968719453,0.5226783968719453
voiced,MaxAbsScaler,True,rf,33,0.5604105571847506,0.5604105571847506
voiced,MaxAbsScaler,True,adaboost,33,0.607683284457478,0.607683284457478
voiced,MaxAbsScaler,True,mlp,33,0.631793743890518,0.6025953079178885
svd,MaxAbsScaler,False,svm,33,0.8224532338143467,0.8238045759098791
svd,MaxAbsScaler,False,knn,33,0.7179452146688826,0.719239917475151
svd,MaxAbsScaler,False,gaussianNB,33,0.6606789784336016,0.6606789784336016
svd,MaxAbsScaler,False,lda,33,0.8218060018601754,0.8218060018601754
svd,MaxAbsScaler,False,qda,33,0.7390343292775137,0.7364634788491689
svd,MaxAbsScaler,False,dt,33,0.7898748434174659,0.7898748434174659
svd,MaxAbsScaler,False,rf,33,0.8159891930753954,0.8159891930753954
svd,MaxAbsScaler,False,adaboost,33,0.8039744081513188,0.8039744081513188
svd,MaxAbsScaler,False,mlp,33,0.7818495830578219,0.7696187499744048
voiced,MaxAbsScaler,False,svm,33,0.5843923839806193,0.5777257173139526
voiced,MaxAbsScaler,False,knn,33,0.6100909985615869,0.5876308577485049
voiced,MaxAbsScaler,False,gaussianNB,33,0.5679766068589597,0.5679766068589597
voiced,MaxAbsScaler,False,lda,33,0.4933117571352866,0.4933117571352866
voiced,MaxAbsScaler,False,qda,33,0.4709735029146794,0.5468947687182981
voiced,MaxAbsScaler,False,dt,33,0.5929122567946097,0.5929122567946097
voiced,MaxAbsScaler,False,rf,33,0.5945889923536981,0.5945889923536981
voiced,MaxAbsScaler,False,adaboost,33,0.6149626769626769,0.6149626769626769
voiced,MaxAbsScaler,False,mlp,33,0.5941746536452419,0.579965326671209
svd,MaxAbsScaler,True,svm,34,0.8270586683400205,0.8339782518462997
svd,MaxAbsScaler,True,knn,34,0.7096654345291205,0.7135482038862628
svd,MaxAbsScaler,True,gaussianNB,34,0.6617546866074674,0.6617546866074674
svd,MaxAbsScaler,True,lda,34,0.832879336221757,0.832879336221757
svd,MaxAbsScaler,True,qda,34,0.7360035184735294,0.7442686012642392
svd,MaxAbsScaler,True,dt,34,0.7792002908033442,0.7792002908033442
svd,MaxAbsScaler,True,rf,34,0.815711384217382,0.815711384217382
svd,MaxAbsScaler,True,adaboost,34,0.8094424150912701,0.8094424150912701
svd,MaxAbsScaler,True,mlp,34,0.7974792437660485,0.7931143974164694
voiced,MaxAbsScaler,True,svm,34,0.6625513196480938,0.5989345063538613
voiced,MaxAbsScaler,True,knn,34,0.5110117302052786,0.5385874877810362
voiced,MaxAbsScaler,True,gaussianNB,34,0.553900293255132,0.553900293255132
voiced,MaxAbsScaler,True,lda,34,0.5526099706744867,0.5526099706744867
voiced,MaxAbsScaler,True,qda,34,0.49752688172043,0.5110752688172043
voiced,MaxAbsScaler,True,dt,34,0.6146236559139785,0.6146236559139785
voiced,MaxAbsScaler,True,rf,34,0.5747605083088955,0.5747605083088955
voiced,MaxAbsScaler,True,adaboost,34,0.5874193548387097,0.5874193548387097
voiced,MaxAbsScaler,True,mlp,34,0.6087194525904204,0.6121163245356794
svd,MaxAbsScaler,False,svm,34,0.828433820376621,0.8278184015901313
svd,MaxAbsScaler,False,knn,34,0.7223002979050511,0.7128652571899107
svd,MaxAbsScaler,False,gaussianNB,34,0.6632785221250639,0.6632785221250639
svd,MaxAbsScaler,False,lda,34,0.8226850915369901,0.8226850915369901
svd,MaxAbsScaler,False,qda,34,0.7435154722572085,0.741938859252776
svd,MaxAbsScaler,False,dt,34,0.7958498175144264,0.7958498175144264
svd,MaxAbsScaler,False,rf,34,0.8217851972541401,0.8217851972541401
svd,MaxAbsScaler,False,adaboost,34,0.8148327245039944,0.8148327245039944
svd,MaxAbsScaler,False,mlp,34,0.7905529662448381,0.7765119986174728
voiced,MaxAbsScaler,False,svm,34,0.6049231255777745,0.5970894759889067
voiced,MaxAbsScaler,False,knn,34,0.5437803483676349,0.5046646474967158
voiced,MaxAbsScaler,False,gaussianNB,34,0.5489361650367343,0.5489361650367343
voiced,MaxAbsScaler,False,lda,34,0.559177005789909,0.559177005789909
voiced,MaxAbsScaler,False,qda,34,0.5296268184693231,0.5089895635673625
voiced,MaxAbsScaler,False,dt,34,0.5869932613243808,0.5869932613243808
voiced,MaxAbsScaler,False,rf,34,0.5391935483870967,0.5391935483870967
voiced,MaxAbsScaler,False,adaboost,34,0.5959525373424804,0.5959525373424804
voiced,MaxAbsScaler,False,mlp,34,0.6228891159441444,0.639568919379166
svd,MaxAbsScaler,True,svm,35,0.8336482238227058,0.8321362388974167
svd,MaxAbsScaler,True,knn,35,0.7184460722846764,0.7152882631726688
svd,MaxAbsScaler,True,gaussianNB,35,0.6630142013566223,0.6630142013566223
svd,MaxAbsScaler,True,lda,35,0.8246805248550068,0.8246805248550068
svd,MaxAbsScaler,True,qda,35,0.7351264783925634,0.7421659565443643
svd,MaxAbsScaler,True,dt,35,0.7877966344814762,0.7877966344814762
svd,MaxAbsScaler,True,rf,35,0.8220755834496293,0.8220755834496293
svd,MaxAbsScaler,True,adaboost,35,0.8131231672725676,0.8131231672725676
svd,MaxAbsScaler,True,mlp,35,0.7888054166843699,0.775631714704779
voiced,MaxAbsScaler,True,svm,35,0.5762512218963832,0.5872238514173999
voiced,MaxAbsScaler,True,knn,35,0.4565786901270773,0.47501955034213106
voiced,MaxAbsScaler,True,gaussianNB,35,0.536911045943304,0.536911045943304
voiced,MaxAbsScaler,True,lda,35,0.5268963831867057,0.5268963831867057
voiced,MaxAbsScaler,True,qda,35,0.4877419354838709,0.5201075268817205
voiced,MaxAbsScaler,True,dt,35,0.5967693059628543,0.5967693059628543
voiced,MaxAbsScaler,True,rf,35,0.505019550342131,0.505019550342131
voiced,MaxAbsScaler,True,adaboost,35,0.5548533724340177,0.5548533724340177
voiced,MaxAbsScaler,True,mlp,35,0.5865738025415446,0.5963587487781037
svd,MaxAbsScaler,False,svm,35,0.8207240445458235,0.825858357617518
svd,MaxAbsScaler,False,knn,35,0.7126092718120365,0.7093985223366207
svd,MaxAbsScaler,False,gaussianNB,35,0.6592657052876965,0.6592657052876965
svd,MaxAbsScaler,False,lda,35,0.8222340507315297,0.8222340507315297
svd,MaxAbsScaler,False,qda,35,0.7380951300402165,0.740288301999754
svd,MaxAbsScaler,False,dt,35,0.7798012613259713,0.7798012613259713
svd,MaxAbsScaler,False,rf,35,0.8145661064527097,0.8145661064527097
svd,MaxAbsScaler,False,adaboost,35,0.813285738559889,0.813285738559889
svd,MaxAbsScaler,False,mlp,35,0.7667849913608065,0.7832254127984299
voiced,MaxAbsScaler,False,svm,35,0.5790541647894589,0.5792273249626191
voiced,MaxAbsScaler,False,knn,35,0.5328815465580171,0.4981503463856405
voiced,MaxAbsScaler,False,gaussianNB,35,0.5293400880165586,0.5293400880165586
voiced,MaxAbsScaler,False,lda,35,0.5200710237474944,0.5200710237474944
voiced,MaxAbsScaler,False,qda,35,0.4621496150907916,0.4958974358974359
voiced,MaxAbsScaler,False,dt,35,0.59512531586061,0.59512531586061
voiced,MaxAbsScaler,False,rf,35,0.5343975142504555,0.5343975142504555
voiced,MaxAbsScaler,False,adaboost,35,0.5546466768525592,0.5546466768525592
voiced,MaxAbsScaler,False,mlp,35,0.5696083818142641,0.5983138430197255
svd,MaxAbsScaler,True,svm,36,0.8260725261652198,0.827868587246995
svd,MaxAbsScaler,True,knn,36,0.7307889674847146,0.720349332601241
svd,MaxAbsScaler,True,gaussianNB,36,0.660673134571717,0.6596527264084516
svd,MaxAbsScaler,True,lda,36,0.8300713844497924,0.8300713844497924
svd,MaxAbsScaler,True,qda,36,0.7460548357494923,0.7421302924628989
svd,MaxAbsScaler,True,dt,36,0.7808687695437968,0.7808687695437968
svd,MaxAbsScaler,True,rf,36,0.8164503907579153,0.8164503907579153
svd,MaxAbsScaler,True,adaboost,36,0.8078528868441627,0.8078528868441627
svd,MaxAbsScaler,True,mlp,36,0.7822370450342098,0.7944216161882466
voiced,MaxAbsScaler,True,svm,36,0.5497800586510263,0.5920967741935484
voiced,MaxAbsScaler,True,knn,36,0.523958944281525,0.47094819159335294
voiced,MaxAbsScaler,True,gaussianNB,36,0.5706304985337244,0.5706304985337244
voiced,MaxAbsScaler,True,lda,36,0.5251857282502443,0.5251857282502443
voiced,MaxAbsScaler,True,qda,36,0.45575757575757575,0.52
voiced,MaxAbsScaler,True,dt,36,0.5868817204301074,0.5868817204301074
voiced,MaxAbsScaler,True,rf,36,0.5593890518084066,0.5593890518084066
voiced,MaxAbsScaler,True,adaboost,36,0.5906011730205278,0.5906011730205278
voiced,MaxAbsScaler,True,mlp,36,0.5922043010752688,0.5938269794721408
svd,MaxAbsScaler,False,svm,36,0.813170125078526,0.813348506528673
svd,MaxAbsScaler,False,knn,36,0.7148513776880262,0.7239126726182504
svd,MaxAbsScaler,False,gaussianNB,36,0.6565701470663593,0.6565701470663593
svd,MaxAbsScaler,False,lda,36,0.8198181545054869,0.8198181545054869
svd,MaxAbsScaler,False,qda,36,0.7382660675623274,0.7364511621170589
svd,MaxAbsScaler,False,dt,36,0.7730934083515577,0.7730934083515577
svd,MaxAbsScaler,False,rf,36,0.8266052276750999,0.8266052276750999
svd,MaxAbsScaler,False,adaboost,36,0.8121962534106769,0.8121962534106769
svd,MaxAbsScaler,False,mlp,36,0.7765640093558481,0.7627313059862302
voiced,MaxAbsScaler,False,svm,36,0.5825822559793148,0.5880863768584357
voiced,MaxAbsScaler,False,knn,36,0.5504792340012928,0.5236452811893988
voiced,MaxAbsScaler,False,gaussianNB,36,0.570293956043956,0.570293956043956
voiced,MaxAbsScaler,False,lda,36,0.5875900129282482,0.5875900129282482
voiced,MaxAbsScaler,False,qda,36,0.49485294117647066,0.5140861344537815
voiced,MaxAbsScaler,False,dt,36,0.5991327569489334,0.5991327569489334
voiced,MaxAbsScaler,False,rf,36,0.5612377181641888,0.5612377181641888
voiced,MaxAbsScaler,False,adaboost,36,0.5665529250161604,0.5665529250161604
voiced,MaxAbsScaler,False,mlp,36,0.6066600678733032,0.617027795733678
svd,MaxAbsScaler,True,svm,37,0.8325977566599159,0.8273323967925931
svd,MaxAbsScaler,True,knn,37,0.7154632662866033,0.7314152604937775
svd,MaxAbsScaler,True,gaussianNB,37,0.658689776236123,0.6581769557233026
svd,MaxAbsScaler,True,lda,37,0.8249886990508581,0.8249886990508581
svd,MaxAbsScaler,True,qda,37,0.7385728974769323,0.74560318816044
svd,MaxAbsScaler,True,dt,37,0.7946204794841654,0.7946204794841654
svd,MaxAbsScaler,True,rf,37,0.8163877598228743,0.8163877598228743
svd,MaxAbsScaler,True,adaboost,37,0.81615573085584,0.81615573085584
svd,MaxAbsScaler,True,mlp,37,0.7913651924229896,0.7892988218615262
voiced,MaxAbsScaler,True,svm,37,0.5765102639296187,0.6018377321603128
voiced,MaxAbsScaler,True,knn,37,0.5355180840664712,0.5392375366568916
voiced,MaxAbsScaler,True,gaussianNB,37,0.5602248289345064,0.5602248289345064
voiced,MaxAbsScaler,True,lda,37,0.5944916911045943,0.5944916911045943
voiced,MaxAbsScaler,True,qda,37,0.5121358748778103,0.4467302052785923
voiced,MaxAbsScaler,True,dt,37,0.5708162267839687,0.5708162267839687
voiced,MaxAbsScaler,True,rf,37,0.5332649071358749,0.5332649071358749
voiced,MaxAbsScaler,True,adaboost,37,0.621275659824047,0.621275659824047
voiced,MaxAbsScaler,True,mlp,37,0.5691935483870967,0.5531133919843597
svd,MaxAbsScaler,False,svm,37,0.8185843312283889,0.8198306477893487
svd,MaxAbsScaler,False,knn,37,0.7207214283277168,0.7168201733335112
svd,MaxAbsScaler,False,gaussianNB,37,0.6602649330422912,0.6597547289606585
svd,MaxAbsScaler,False,lda,37,0.8238200217225586,0.8238200217225586
svd,MaxAbsScaler,False,qda,37,0.7393625099105453,0.7374112048570319
svd,MaxAbsScaler,False,dt,37,0.7972892246978601,0.7972892246978601
svd,MaxAbsScaler,False,rf,37,0.8095629557376673,0.8095629557376673
svd,MaxAbsScaler,False,adaboost,37,0.813556568288041,0.813556568288041
svd,MaxAbsScaler,False,mlp,37,0.7810483758708839,0.7876701043217151
voiced,MaxAbsScaler,False,svm,37,0.5693472253552899,0.5446266636589217
voiced,MaxAbsScaler,False,knn,37,0.5353145443266412,0.5355363185201896
voiced,MaxAbsScaler,False,gaussianNB,37,0.5438578558538236,0.5438578558538236
voiced,MaxAbsScaler,False,lda,37,0.5735371080532371,0.5735371080532371
voiced,MaxAbsScaler,False,qda,37,0.48158315474847735,0.4887096774193548
voiced,MaxAbsScaler,False,dt,37,0.6217082111436951,0.6217082111436951
voiced,MaxAbsScaler,False,rf,37,0.5845574385292127,0.5845574385292127
voiced,MaxAbsScaler,False,adaboost,37,0.5862711482066321,0.5862711482066321
voiced,MaxAbsScaler,False,mlp,37,0.5763183792014438,0.6360919524024362
svd,MaxAbsScaler,True,svm,38,0.8179712817171924,0.8286297453909232
svd,MaxAbsScaler,True,knn,38,0.7132926542741156,0.7227328868877396
svd,MaxAbsScaler,True,gaussianNB,38,0.660461470554164,0.660461470554164
svd,MaxAbsScaler,True,lda,38,0.8173305829031019,0.8173305829031019
svd,MaxAbsScaler,True,qda,38,0.7381157501168406,0.7362865524152329
svd,MaxAbsScaler,True,dt,38,0.789706019171668,0.789706019171668
svd,MaxAbsScaler,True,rf,38,0.8177134134495093,0.8177134134495093
svd,MaxAbsScaler,True,adaboost,38,0.8070674218547719,0.8070674218547719
svd,MaxAbsScaler,True,mlp,38,0.7768845694472739,0.7844886320513366
voiced,MaxAbsScaler,True,svm,38,0.5843010752688172,0.5843010752688172
voiced,MaxAbsScaler,True,knn,38,0.5081085043988269,0.5187145650048877
voiced,MaxAbsScaler,True,gaussianNB,38,0.5485972629521016,0.5485972629521016
voiced,MaxAbsScaler,True,lda,38,0.3886656891495601,0.3886656891495601
voiced,MaxAbsScaler,True,qda,38,0.47575757575757577,0.5087878787878788
voiced,MaxAbsScaler,True,dt,38,0.5147800586510265,0.5147800586510265
voiced,MaxAbsScaler,True,rf,38,0.5845650048875854,0.5845650048875854
voiced,MaxAbsScaler,True,adaboost,38,0.585366568914956,0.585366568914956
voiced,MaxAbsScaler,True,mlp,38,0.5942130987292278,0.5991935483870968
svd,MaxAbsScaler,False,svm,38,0.8269687544328018,0.8258640337579772
svd,MaxAbsScaler,False,knn,38,0.7341878248350407,0.7246790813675273
svd,MaxAbsScaler,False,gaussianNB,38,0.6605156796190539,0.6605156796190539
svd,MaxAbsScaler,False,lda,38,0.8245799088611891,0.8245799088611891
svd,MaxAbsScaler,False,qda,38,0.7402524496489411,0.7445350892441682
svd,MaxAbsScaler,False,dt,38,0.7984523652505731,0.7984523652505731
svd,MaxAbsScaler,False,rf,38,0.822209613626774,0.822209613626774
svd,MaxAbsScaler,False,adaboost,38,0.815861975326874,0.815861975326874
svd,MaxAbsScaler,False,mlp,38,0.7983541163720773,0.7807670530779361
voiced,MaxAbsScaler,False,svm,38,0.598684275263113,0.5946325511251818
voiced,MaxAbsScaler,False,knn,38,0.5130913265451642,0.5485135192949431
voiced,MaxAbsScaler,False,gaussianNB,38,0.5514265316163258,0.5514265316163258
voiced,MaxAbsScaler,False,lda,38,0.5162677547702575,0.5162677547702575
voiced,MaxAbsScaler,False,qda,38,0.46119361612618004,0.4839583333333334
voiced,MaxAbsScaler,False,dt,38,0.608112878269302,0.608112878269302
voiced,MaxAbsScaler,False,rf,38,0.5932452368728788,0.5932452368728788
voiced,MaxAbsScaler,False,adaboost,38,0.5993475478451842,0.5993475478451842
voiced,MaxAbsScaler,False,mlp,38,0.6424680735004706,0.6429283070933516
svd,MaxAbsScaler,True,svm,39,0.8183897763450654,0.8239808374104994
svd,MaxAbsScaler,True,knn,39,0.7188208610727693,0.7191038369119067
svd,MaxAbsScaler,True,gaussianNB,39,0.6611935665207203,0.6611935665207203
svd,MaxAbsScaler,True,lda,39,0.8183158335666516,0.8183158335666516
svd,MaxAbsScaler,True,qda,39,0.7457472861562284,0.742264355056067
svd,MaxAbsScaler,True,dt,39,0.7991292150234354,0.7991292150234354
svd,MaxAbsScaler,True,rf,39,0.818545930623357,0.818545930623357
svd,MaxAbsScaler,True,adaboost,39,0.8146998657467577,0.8146998657467577
svd,MaxAbsScaler,True,mlp,39,0.7730509475983849,0.7865247801998075
voiced,MaxAbsScaler,True,svm,39,0.5836070381231672,0.6252737047898338
voiced,MaxAbsScaler,True,knn,39,0.5170772238514175,0.5220332355816227
voiced,MaxAbsScaler,True,gaussianNB,39,0.5574486803519061,0.5574486803519061
voiced,MaxAbsScaler,True,lda,39,0.5374389051808407,0.5374389051808407
voiced,MaxAbsScaler,True,qda,39,0.5307526881720429,0.4881329423264907
voiced,MaxAbsScaler,True,dt,39,0.58613880742913,0.58613880742913
voiced,MaxAbsScaler,True,rf,39,0.5309677419354839,0.5309677419354839
voiced,MaxAbsScaler,True,adaboost,39,0.5504887585532747,0.5504887585532747
voiced,MaxAbsScaler,True,mlp,39,0.5946480938416422,0.578782991202346
svd,MaxAbsScaler,False,svm,39,0.8276622042440487,0.831376651260678
svd,MaxAbsScaler,False,knn,39,0.7196603863376411,0.715457260940405
svd,MaxAbsScaler,False,gaussianNB,39,0.6583006549507754,0.6583006549507754
svd,MaxAbsScaler,False,lda,39,0.8234986087649634,0.8234986087649634
svd,MaxAbsScaler,False,qda,39,0.731922158290308,0.7363085438325767
svd,MaxAbsScaler,False,dt,39,0.7940370730611879,0.7940370730611879
svd,MaxAbsScaler,False,rf,39,0.8256809552977545,0.8256809552977545
svd,MaxAbsScaler,False,adaboost,39,0.8180425084953139,0.8180425084953139
svd,MaxAbsScaler,False,mlp,39,0.7841590349454066,0.7783548256134547
voiced,MaxAbsScaler,False,svm,39,0.5876719576719577,0.6093154761904762
voiced,MaxAbsScaler,False,knn,39,0.5749669312169312,0.5321626984126984
voiced,MaxAbsScaler,False,gaussianNB,39,0.5475066137566138,0.5475066137566138
voiced,MaxAbsScaler,False,lda,39,0.5310449735449735,0.5310449735449735
voiced,MaxAbsScaler,False,qda,39,0.5017493386243387,0.47695436507936506
voiced,MaxAbsScaler,False,dt,39,0.5681712962962963,0.5681712962962963
voiced,MaxAbsScaler,False,rf,39,0.5944940476190477,0.5944940476190477
voiced,MaxAbsScaler,False,adaboost,39,0.5917526455026454,0.5917526455026454
voiced,MaxAbsScaler,False,mlp,39,0.593938492063492,0.6345767195767197
svd,MaxAbsScaler,True,svm,40,0.8354154297175016,0.8351997675171067
svd,MaxAbsScaler,True,knn,40,0.7298733654567897,0.7310460168693539
svd,MaxAbsScaler,True,gaussianNB,40,0.6612044480419617,0.6604468722843858
svd,MaxAbsScaler,True,lda,40,0.8299966373139765,0.8299966373139765
svd,MaxAbsScaler,True,qda,40,0.7363698478911129,0.7370342126067317
svd,MaxAbsScaler,True,dt,40,0.7736849864058152,0.7736849864058152
svd,MaxAbsScaler,True,rf,40,0.8210305270883242,0.8210305270883242
svd,MaxAbsScaler,True,adaboost,40,0.8334759842120804,0.8334759842120804
svd,MaxAbsScaler,True,mlp,40,0.7803893689008192,0.7765882735948166
voiced,MaxAbsScaler,True,svm,40,0.5574828934506354,0.555058651026393
voiced,MaxAbsScaler,True,knn,40,0.5590860215053762,0.5846285434995112
voiced,MaxAbsScaler,True,gaussianNB,40,0.5669159335288367,0.5669159335288367
voiced,MaxAbsScaler,True,lda,40,0.5857282502443792,0.5857282502443792
voiced,MaxAbsScaler,True,qda,40,0.5347116324535679,0.483088954056696
voiced,MaxAbsScaler,True,dt,40,0.620386119257087,0.620386119257087
voiced,MaxAbsScaler,True,rf,40,0.6092424242424243,0.6092424242424243
voiced,MaxAbsScaler,True,adaboost,40,0.5457966764418377,0.5457966764418377
voiced,MaxAbsScaler,True,mlp,40,0.5841055718475073,0.5807086999022484
svd,MaxAbsScaler,False,svm,40,0.8224099769519345,0.8255055259873402
svd,MaxAbsScaler,False,knn,40,0.7006380126342355,0.7103942277635326
svd,MaxAbsScaler,False,gaussianNB,40,0.6569221996455843,0.6569221996455843
svd,MaxAbsScaler,False,lda,40,0.8267677920014878,0.8267677920014878
svd,MaxAbsScaler,False,qda,40,0.7265431301985693,0.7315087698663015
svd,MaxAbsScaler,False,dt,40,0.7879397063343495,0.7879397063343495
svd,MaxAbsScaler,False,rf,40,0.8190383903316508,0.8190383903316508
svd,MaxAbsScaler,False,adaboost,40,0.8150868474092923,0.8150868474092923
svd,MaxAbsScaler,False,mlp,40,0.7674923547579798,0.7817484690096582
voiced,MaxAbsScaler,False,svm,40,0.5710490450409805,0.5896157605835025
voiced,MaxAbsScaler,False,knn,40,0.5321461983357144,0.5175378161265258
voiced,MaxAbsScaler,False,gaussianNB,40,0.5597941261247712,0.5597941261247712
voiced,MaxAbsScaler,False,lda,40,0.46257160626112237,0.46257160626112237
voiced,MaxAbsScaler,False,qda,40,0.524564973556909,0.4840010683760684
voiced,MaxAbsScaler,False,dt,40,0.629765897185252,0.629765897185252
voiced,MaxAbsScaler,False,rf,40,0.5781892278868085,0.5781892278868085
voiced,MaxAbsScaler,False,adaboost,40,0.5716682958618442,0.5716682958618442
voiced,MaxAbsScaler,False,mlp,40,0.5852995212672634,0.5780048625209916
svd,MaxAbsScaler,True,svm,41,0.8281136547930441,0.8284315066975918
svd,MaxAbsScaler,True,knn,41,0.7286851044266529,0.7391071523895951
svd,MaxAbsScaler,True,gaussianNB,41,0.6601922613918252,0.6601922613918252
svd,MaxAbsScaler,True,lda,41,0.8211644880020016,0.8211644880020016
svd,MaxAbsScaler,True,qda,41,0.7414977715850126,0.745510901312428
svd,MaxAbsScaler,True,dt,41,0.7833036574476051,0.7833036574476051
svd,MaxAbsScaler,True,rf,41,0.8215737951615815,0.8215737951615815
svd,MaxAbsScaler,True,adaboost,41,0.8073897349469868,0.8073897349469868
svd,MaxAbsScaler,True,mlp,41,0.775096744404269,0.7876269822507554
voiced,MaxAbsScaler,True,svm,41,0.5895845552297165,0.5912512218963831
voiced,MaxAbsScaler,True,knn,41,0.4726539589442815,0.48018572825024447
voiced,MaxAbsScaler,True,gaussianNB,41,0.5537292277614858,0.5537292277614858
voiced,MaxAbsScaler,True,lda,41,0.5230156402737047,0.5230156402737047
voiced,MaxAbsScaler,True,qda,41,0.5359090909090909,0.47997067448680353
voiced,MaxAbsScaler,True,dt,41,0.5697360703812316,0.5697360703812316
voiced,MaxAbsScaler,True,rf,41,0.5421212121212122,0.5421212121212122
voiced,MaxAbsScaler,True,adaboost,41,0.594692082111437,0.594692082111437
voiced,MaxAbsScaler,True,mlp,41,0.5844770283479961,0.5632844574780058
svd,MaxAbsScaler,False,svm,41,0.8292915731706614,0.8275332042247925
svd,MaxAbsScaler,False,knn,41,0.7108682550622085,0.7233544585011872
svd,MaxAbsScaler,False,gaussianNB,41,0.6644497948678666,0.6644497948678666
svd,MaxAbsScaler,False,lda,41,0.8208462171782995,0.8208462171782995
svd,MaxAbsScaler,False,qda,41,0.7439476429462151,0.7469830953922438
svd,MaxAbsScaler,False,dt,41,0.7712360881500095,0.7712360881500095
svd,MaxAbsScaler,False,rf,41,0.8222493155359757,0.8222493155359757
svd,MaxAbsScaler,False,adaboost,41,0.818556252399873,0.818556252399873
svd,MaxAbsScaler,False,mlp,41,0.7793599108769824,0.7731313727755478
voiced,MaxAbsScaler,False,svm,41,0.5668043666104012,0.5395358480918826
voiced,MaxAbsScaler,False,knn,41,0.5007332275004689,0.48327532620636077
voiced,MaxAbsScaler,False,gaussianNB,41,0.5539763907867357,0.5539763907867357
voiced,MaxAbsScaler,False,lda,41,0.4864261592494351,0.4864261592494351
voiced,MaxAbsScaler,False,qda,41,0.559608217453045,0.47009411086997294
voiced,MaxAbsScaler,False,dt,41,0.5729425443649582,0.5729425443649582
voiced,MaxAbsScaler,False,rf,41,0.5906129989104126,0.5906129989104126
voiced,MaxAbsScaler,False,adaboost,41,0.6002963487661763,0.6002963487661763
voiced,MaxAbsScaler,False,mlp,41,0.5950101423161768,0.5706822368244782
svd,MaxAbsScaler,True,svm,42,0.8293570842098651,0.8319107809674877
svd,MaxAbsScaler,True,knn,42,0.716832789166486,0.7130093062154131
svd,MaxAbsScaler,True,gaussianNB,42,0.6594288426949277,0.6601864184525035
svd,MaxAbsScaler,True,lda,42,0.8298498212075092,0.8298498212075092
svd,MaxAbsScaler,True,qda,42,0.7396477749803813,0.7349688824443459
svd,MaxAbsScaler,True,dt,42,0.7965515999812619,0.7965515999812619
svd,MaxAbsScaler,True,rf,42,0.8155410038888775,0.8155410038888775
svd,MaxAbsScaler,True,adaboost,42,0.8155458645316879,0.8155458645316879
svd,MaxAbsScaler,True,mlp,42,0.7687862700730749,0.7766448255488605
voiced,MaxAbsScaler,True,svm,42,0.5232160312805474,0.5449511241446725
voiced,MaxAbsScaler,True,knn,42,0.5192375366568915,0.5465542521994136
voiced,MaxAbsScaler,True,gaussianNB,42,0.5463049853372434,0.5463049853372434
voiced,MaxAbsScaler,True,lda,42,0.5147556207233627,0.5147556207233627
voiced,MaxAbsScaler,True,qda,42,0.48899804496578697,0.4967741935483871
voiced,MaxAbsScaler,True,dt,42,0.5436510263929619,0.5436510263929619
voiced,MaxAbsScaler,True,rf,42,0.5538954056695993,0.5538954056695993
voiced,MaxAbsScaler,True,adaboost,42,0.5817497556207234,0.5817497556207234
voiced,MaxAbsScaler,True,mlp,42,0.5320918866080157,0.5531769305962854
svd,MaxAbsScaler,False,svm,42,0.8248684191864248,0.8263845935543941
svd,MaxAbsScaler,False,knn,42,0.7278072420636678,0.7141434694235738
svd,MaxAbsScaler,False,gaussianNB,42,0.661113455136585,0.661113455136585
svd,MaxAbsScaler,False,lda,42,0.8152108336498542,0.8152108336498542
svd,MaxAbsScaler,False,qda,42,0.7381205141345755,0.7367647817238533
svd,MaxAbsScaler,False,dt,42,0.7903527067535439,0.7903527067535439
svd,MaxAbsScaler,False,rf,42,0.8202786786582756,0.8202786786582756
svd,MaxAbsScaler,False,adaboost,42,0.8236590557298221,0.8236590557298221
svd,MaxAbsScaler,False,mlp,42,0.7881912420731894,0.7856138137925259
voiced,MaxAbsScaler,False,svm,42,0.6078093434343435,0.6033838383838385
voiced,MaxAbsScaler,False,knn,42,0.46301136363636364,0.505864898989899
voiced,MaxAbsScaler,False,gaussianNB,42,0.529715909090909,0.529715909090909
voiced,MaxAbsScaler,False,lda,42,0.5132007575757576,0.5132007575757576
voiced,MaxAbsScaler,False,qda,42,0.49625,0.523611111111111
voiced,MaxAbsScaler,False,dt,42,0.5633838383838384,0.5633838383838384
voiced,MaxAbsScaler,False,rf,42,0.5494949494949495,0.5494949494949495
voiced,MaxAbsScaler,False,adaboost,42,0.5610416666666667,0.5610416666666667
voiced,MaxAbsScaler,False,mlp,42,0.5770959595959596,0.5964204545454546
svd,MaxAbsScaler,True,svm,43,0.8347389342754665,0.8296547327626935
svd,MaxAbsScaler,True,knn,43,0.7102125046890588,0.7203700261933632
svd,MaxAbsScaler,True,gaussianNB,43,0.6589375037902846,0.6589375037902846
svd,MaxAbsScaler,True,lda,43,0.8181077083585263,0.8181077083585263
svd,MaxAbsScaler,True,qda,43,0.7409965606912172,0.7360477145537124
svd,MaxAbsScaler,True,dt,43,0.7992859485116847,0.7992859485116847
svd,MaxAbsScaler,True,rf,43,0.8187408828902832,0.8187408828902832
svd,MaxAbsScaler,True,adaboost,43,0.8210923718230152,0.8210923718230152
svd,MaxAbsScaler,True,mlp,43,0.7837794611785889,0.7766665431987134
voiced,MaxAbsScaler,True,svm,43,0.5713831867057675,0.5765542521994135
voiced,MaxAbsScaler,True,knn,43,0.504652981427175,0.4990664711632453
voiced,MaxAbsScaler,True,gaussianNB,43,0.5557233626588465,0.5557233626588465
voiced,MaxAbsScaler,True,lda,43,0.6410752688172042,0.6410752688172042
voiced,MaxAbsScaler,True,qda,43,0.50613880742913,0.5057282502443793
voiced,MaxAbsScaler,True,dt,43,0.5284799608993158,0.5284799608993158
voiced,MaxAbsScaler,True,rf,43,0.5193695014662756,0.5193695014662756
voiced,MaxAbsScaler,True,adaboost,43,0.5757771260997068,0.5757771260997068
voiced,MaxAbsScaler,True,mlp,43,0.6218377321603128,0.5755376344086021
svd,MaxAbsScaler,False,svm,43,0.8276024950830921,0.830335575412045
svd,MaxAbsScaler,False,knn,43,0.7102661413964244,0.7192827711553774
svd,MaxAbsScaler,False,gaussianNB,43,0.6568465251107174,0.6568465251107174
svd,MaxAbsScaler,False,lda,43,0.8202380788884337,0.8202380788884337
svd,MaxAbsScaler,False,qda,43,0.733913337506453,0.7327271109298084
svd,MaxAbsScaler,False,dt,43,0.8041614391978748,0.8041614391978748
svd,MaxAbsScaler,False,rf,43,0.8168743245735657,0.8168743245735657
svd,MaxAbsScaler,False,adaboost,43,0.8189353773338883,0.8189353773338883
svd,MaxAbsScaler,False,mlp,43,0.7896789377321751,0.7796404476163212
voiced,MaxAbsScaler,False,svm,43,0.5576864540942275,0.5597002863001032
voiced,MaxAbsScaler,False,knn,43,0.5740457033642272,0.5351693127915074
voiced,MaxAbsScaler,False,gaussianNB,43,0.5405596513674117,0.5405596513674117
voiced,MaxAbsScaler,False,lda,43,0.5344402930707975,0.5344402930707975
voiced,MaxAbsScaler,False,qda,43,0.48427522225860253,0.46803989212384156
voiced,MaxAbsScaler,False,dt,43,0.6068349206247524,0.6068349206247524
voiced,MaxAbsScaler,False,rf,43,0.5868989758523881,0.5868989758523881
voiced,MaxAbsScaler,False,adaboost,43,0.5611755368233154,0.5611755368233154
voiced,MaxAbsScaler,False,mlp,43,0.5691491538625609,0.5752415908373508
svd,MaxAbsScaler,True,svm,44,0.8209405443702064,0.831423767072622
svd,MaxAbsScaler,True,knn,44,0.7175813717362245,0.7069042807428849
svd,MaxAbsScaler,True,gaussianNB,44,0.666000202995841,0.666000202995841
svd,MaxAbsScaler,True,lda,44,0.8221738802818411,0.8221738802818411
svd,MaxAbsScaler,True,qda,44,0.7328149803667797,0.7344719983760333
svd,MaxAbsScaler,True,dt,44,0.7865026739890426,0.7865026739890426
svd,MaxAbsScaler,True,rf,44,0.826635414748828,0.826635414748828
svd,MaxAbsScaler,True,adaboost,44,0.8222869950841597,0.8222869950841597
svd,MaxAbsScaler,True,mlp,44,0.7758718471641045,0.7712435583318898
voiced,MaxAbsScaler,True,svm,44,0.6416862170087977,0.6624437927663734
voiced,MaxAbsScaler,True,knn,44,0.5502737047898338,0.5492570869990224
voiced,MaxAbsScaler,True,gaussianNB,44,0.5618670576735093,0.5618670576735093
voiced,MaxAbsScaler,True,lda,44,0.543841642228739,0.543841642228739
voiced,MaxAbsScaler,True,qda,44,0.4975904203323559,0.468455522971652
voiced,MaxAbsScaler,True,dt,44,0.5845845552297165,0.5845845552297165
voiced,MaxAbsScaler,True,rf,44,0.5321847507331379,0.5321847507331379
voiced,MaxAbsScaler,True,adaboost,44,0.623782991202346,0.623782991202346
voiced,MaxAbsScaler,True,mlp,44,0.6378299120234605,0.5944770283479961
svd,MaxAbsScaler,False,svm,44,0.8217535768466231,0.8194698866430205
svd,MaxAbsScaler,False,knn,44,0.7139035818189153,0.7205911217009684
svd,MaxAbsScaler,False,gaussianNB,44,0.6604157727367019,0.6604157727367019
svd,MaxAbsScaler,False,lda,44,0.8280351707156932,0.8280351707156932
svd,MaxAbsScaler,False,qda,44,0.7362554847169595,0.728860427029143
svd,MaxAbsScaler,False,dt,44,0.7885103160049608,0.7885103160049608
svd,MaxAbsScaler,False,rf,44,0.8073596999790176,0.8073596999790176
svd,MaxAbsScaler,False,adaboost,44,0.8034248347916142,0.8034248347916142
svd,MaxAbsScaler,False,mlp,44,0.7762199453184824,0.7833122163525358
voiced,MaxAbsScaler,False,svm,44,0.5860730661008748,0.5796372796650884
voiced,MaxAbsScaler,False,knn,44,0.5486134289638184,0.5502697611373918
voiced,MaxAbsScaler,False,gaussianNB,44,0.5233173037566808,0.5233173037566808
voiced,MaxAbsScaler,False,lda,44,0.5536860111832304,0.5536860111832304
voiced,MaxAbsScaler,False,qda,44,0.5324499255533739,0.5211399711399711
voiced,MaxAbsScaler,False,dt,44,0.534516464872416,0.534516464872416
voiced,MaxAbsScaler,False,rf,44,0.5518484487950561,0.5518484487950561
voiced,MaxAbsScaler,False,adaboost,44,0.5335157383711333,0.5335157383711333
voiced,MaxAbsScaler,False,mlp,44,0.5386649575859809,0.6014938528286693
svd,MaxAbsScaler,True,svm,45,0.8239758424055044,0.8291124469859475
svd,MaxAbsScaler,True,knn,45,0.7209078671237886,0.7229675486273087
svd,MaxAbsScaler,True,gaussianNB,45,0.6601692473284622,0.6601692473284622
svd,MaxAbsScaler,True,lda,45,0.8223835216038051,0.8223835216038051
svd,MaxAbsScaler,True,qda,45,0.7381419452957075,0.7392710542819595
svd,MaxAbsScaler,True,dt,45,0.7952264819876598,0.7952264819876598
svd,MaxAbsScaler,True,rf,45,0.8223218711495701,0.8223218711495701
svd,MaxAbsScaler,True,adaboost,45,0.8075947371421744,0.8075947371421744
svd,MaxAbsScaler,True,mlp,45,0.78577717992658,0.7728214007003539
voiced,MaxAbsScaler,True,svm,45,0.5925268817204301,0.5925708699902248
voiced,MaxAbsScaler,True,knn,45,0.5180449657869012,0.5021798631476051
voiced,MaxAbsScaler,True,gaussianNB,45,0.5561534701857282,0.5561534701857282
voiced,MaxAbsScaler,True,lda,45,0.5362658846529814,0.5362658846529814
voiced,MaxAbsScaler,True,qda,45,0.47759042033235577,0.480058651026393
voiced,MaxAbsScaler,True,dt,45,0.5764027370478984,0.5764027370478984
voiced,MaxAbsScaler,True,rf,45,0.5378299120234604,0.5378299120234604
voiced,MaxAbsScaler,True,adaboost,45,0.589672531769306,0.589672531769306
voiced,MaxAbsScaler,True,mlp,45,0.6033479960899315,0.6025268817204301
svd,MaxAbsScaler,False,svm,45,0.8229022328843811,0.8277239886160116
svd,MaxAbsScaler,False,knn,45,0.7165242328691074,0.7098529463989735
svd,MaxAbsScaler,False,gaussianNB,45,0.6592532240389841,0.6587037734895336
svd,MaxAbsScaler,False,lda,45,0.8259859800855809,0.8259859800855809
svd,MaxAbsScaler,False,qda,45,0.7294922574307684,0.7370735430331846
svd,MaxAbsScaler,False,dt,45,0.7940629036132867,0.7940629036132867
svd,MaxAbsScaler,False,rf,45,0.8155714142674402,0.8155714142674402
svd,MaxAbsScaler,False,adaboost,45,0.8166616259438216,0.8166616259438216
svd,MaxAbsScaler,False,mlp,45,0.7874226322835531,0.79509986962525
voiced,MaxAbsScaler,False,svm,45,0.6117972717071389,0.6357722255255462
voiced,MaxAbsScaler,False,knn,45,0.5297526931919722,0.518717189058745
voiced,MaxAbsScaler,False,gaussianNB,45,0.5442344467676536,0.5442344467676536
voiced,MaxAbsScaler,False,lda,45,0.5182043781996344,0.5182043781996344
voiced,MaxAbsScaler,False,qda,45,0.5410067873303167,0.5147058823529411
voiced,MaxAbsScaler,False,dt,45,0.5947397305414384,0.5947397305414384
voiced,MaxAbsScaler,False,rf,45,0.558536182525746,0.558536182525746
voiced,MaxAbsScaler,False,adaboost,45,0.5677935972243373,0.5677935972243373
voiced,MaxAbsScaler,False,mlp,45,0.6146549804472006,0.6436070360169033
svd,MaxAbsScaler,True,svm,46,0.8291091024569759,0.8330232090701012
svd,MaxAbsScaler,True,knn,46,0.7216465177861033,0.7204147143296543
svd,MaxAbsScaler,True,gaussianNB,46,0.6584687468111677,0.6584687468111677
svd,MaxAbsScaler,True,lda,46,0.8297520164314058,0.8297520164314058
svd,MaxAbsScaler,True,qda,46,0.7384619233910401,0.7383334804054542
svd,MaxAbsScaler,True,dt,46,0.7912497135725053,0.7912497135725053
svd,MaxAbsScaler,True,rf,46,0.8240683235339723,0.8240683235339723
svd,MaxAbsScaler,True,adaboost,46,0.8266275654552645,0.8266275654552645
svd,MaxAbsScaler,True,mlp,46,0.7824790059086679,0.7755518690687719
voiced,MaxAbsScaler,True,svm,46,0.5981133919843596,0.594672531769306
voiced,MaxAbsScaler,True,knn,46,0.520405669599218,0.5278934506353862
voiced,MaxAbsScaler,True,gaussianNB,46,0.5428201368523949,0.5428201368523949
voiced,MaxAbsScaler,True,lda,46,0.48195992179863156,0.48195992179863156
voiced,MaxAbsScaler,True,qda,46,0.4823362658846529,0.48018572825024436
voiced,MaxAbsScaler,True,dt,46,0.6061241446725317,0.6061241446725317
voiced,MaxAbsScaler,True,rf,46,0.5665347018572825,0.5665347018572825
voiced,MaxAbsScaler,True,adaboost,46,0.5494525904203323,0.5494525904203323
voiced,MaxAbsScaler,True,mlp,46,0.5802785923753666,0.5944770283479961
svd,MaxAbsScaler,False,svm,46,0.8227239389680141,0.831972340669832
svd,MaxAbsScaler,False,knn,46,0.7176925460511265,0.7181390322665442
svd,MaxAbsScaler,False,gaussianNB,46,0.6596947300016609,0.6596947300016609
svd,MaxAbsScaler,False,lda,46,0.8252780089960323,0.8252780089960323
svd,MaxAbsScaler,False,qda,46,0.7412165752471138,0.7374730245975533
svd,MaxAbsScaler,False,dt,46,0.7834270607902706,0.7834270607902706
svd,MaxAbsScaler,False,rf,46,0.8191612254321854,0.8191612254321854
svd,MaxAbsScaler,False,adaboost,46,0.8210973042306747,0.8210973042306747
svd,MaxAbsScaler,False,mlp,46,0.7969714263128713,0.7802572280835351
voiced,MaxAbsScaler,False,svm,46,0.565773314946702,0.5361119257086998
voiced,MaxAbsScaler,False,knn,46,0.5741502583438067,0.5735954010147559
voiced,MaxAbsScaler,False,gaussianNB,46,0.5404815726388308,0.5404815726388308
voiced,MaxAbsScaler,False,lda,46,0.5531024918928145,0.5531024918928145
voiced,MaxAbsScaler,False,qda,46,0.5128196713680585,0.496875
voiced,MaxAbsScaler,False,dt,46,0.6094484786420271,0.6094484786420271
voiced,MaxAbsScaler,False,rf,46,0.5668576704060575,0.5668576704060575
voiced,MaxAbsScaler,False,adaboost,46,0.6248805644773386,0.6248805644773386
voiced,MaxAbsScaler,False,mlp,46,0.6002556478766156,0.6143288200747878
svd,MaxAbsScaler,True,svm,47,0.8333925126127962,0.8382291045922452
svd,MaxAbsScaler,True,knn,47,0.7210360722519937,0.7254394514972488
svd,MaxAbsScaler,True,gaussianNB,47,0.6617500783476792,0.6617500783476792
svd,MaxAbsScaler,True,lda,47,0.8259714367784161,0.8259714367784161
svd,MaxAbsScaler,True,qda,47,0.7465652776885056,0.7423911185143465
svd,MaxAbsScaler,True,dt,47,0.7775149368987972,0.7775149368987972
svd,MaxAbsScaler,True,rf,47,0.8142616580075686,0.8142616580075686
svd,MaxAbsScaler,True,adaboost,47,0.8137178561169837,0.8137178561169837
svd,MaxAbsScaler,True,mlp,47,0.775334200514135,0.778923706246498
voiced,MaxAbsScaler,True,svm,47,0.4911632453567938,0.5377859237536657
voiced,MaxAbsScaler,True,knn,47,0.5326148582600195,0.5336510263929618
voiced,MaxAbsScaler,True,gaussianNB,47,0.5512170087976539,0.5512170087976539
voiced,MaxAbsScaler,True,lda,47,0.4889931573802541,0.4889931573802541
voiced,MaxAbsScaler,True,qda,47,0.5013147605083088,0.4866666666666667
voiced,MaxAbsScaler,True,dt,47,0.5456891495601174,0.5456891495601174
voiced,MaxAbsScaler,True,rf,47,0.48114369501466275,0.48114369501466275
voiced,MaxAbsScaler,True,adaboost,47,0.6011241446725317,0.6011241446725317
voiced,MaxAbsScaler,True,mlp,47,0.5335434995112415,0.5186070381231672
svd,MaxAbsScaler,False,svm,47,0.8372615193004229,0.8342233355763732
svd,MaxAbsScaler,False,knn,47,0.7152736606448429,0.7144138674334293
svd,MaxAbsScaler,False,gaussianNB,47,0.6605649902197256,0.6605649902197256
svd,MaxAbsScaler,False,lda,47,0.8168928285206384,0.8168928285206384
svd,MaxAbsScaler,False,qda,47,0.7374905489418551,0.7348573336917579
svd,MaxAbsScaler,False,dt,47,0.7906027073437327,0.7906027073437327
svd,MaxAbsScaler,False,rf,47,0.8134850563088744,0.8134850563088744
svd,MaxAbsScaler,False,adaboost,47,0.8198455562152528,0.8198455562152528
svd,MaxAbsScaler,False,mlp,47,0.7811949732942159,0.7796723945238553
voiced,MaxAbsScaler,False,svm,47,0.5851585228052135,0.5697997433446543
voiced,MaxAbsScaler,False,knn,47,0.48892502512010305,0.5518480124034907
voiced,MaxAbsScaler,False,gaussianNB,47,0.5773272407205944,0.5773272407205944
voiced,MaxAbsScaler,False,lda,47,0.5430887095848164,0.5430887095848164
voiced,MaxAbsScaler,False,qda,47,0.5291507658081629,0.4905241935483871
voiced,MaxAbsScaler,False,dt,47,0.6207501750042074,0.6207501750042074
voiced,MaxAbsScaler,False,rf,47,0.5740558717484467,0.5740558717484467
voiced,MaxAbsScaler,False,adaboost,47,0.5832319935656975,0.5832319935656975
voiced,MaxAbsScaler,False,mlp,47,0.5771843397302241,0.5797251352806135
svd,MaxAbsScaler,True,svm,48,0.8303958073914453,0.8357667014918924
svd,MaxAbsScaler,True,knn,48,0.7191833865879668,0.7258110446441961
svd,MaxAbsScaler,True,gaussianNB,48,0.6548655651872665,0.6548655651872665
svd,MaxAbsScaler,True,lda,48,0.8254752372309625,0.8254752372309625
svd,MaxAbsScaler,True,qda,48,0.7388723163423273,0.7466966348809316
svd,MaxAbsScaler,True,dt,48,0.7762916509154241,0.7762916509154241
svd,MaxAbsScaler,True,rf,48,0.8154199925846599,0.8154199925846599
svd,MaxAbsScaler,True,adaboost,48,0.8022647999038404,0.8022647999038404
svd,MaxAbsScaler,True,mlp,48,0.7837783009429683,0.788339944315953
voiced,MaxAbsScaler,True,svm,48,0.5704740957966765,0.5780058651026393
voiced,MaxAbsScaler,True,knn,48,0.5069843597262953,0.5317057673509286
voiced,MaxAbsScaler,True,gaussianNB,48,0.570307917888563,0.570307917888563
voiced,MaxAbsScaler,True,lda,48,0.5845552297165201,0.5845552297165201
voiced,MaxAbsScaler,True,qda,48,0.4798631476050831,0.5029814271749755
voiced,MaxAbsScaler,True,dt,48,0.6240664711632453,0.6240664711632453
voiced,MaxAbsScaler,True,rf,48,0.5539589442815249,0.5539589442815249
voiced,MaxAbsScaler,True,adaboost,48,0.5487438905180841,0.5487438905180841
voiced,MaxAbsScaler,True,mlp,48,0.5715542521994135,0.5648240469208211
svd,MaxAbsScaler,False,svm,48,0.8266563755577296,0.8285048727994753
svd,MaxAbsScaler,False,knn,48,0.7084272546303625,0.7150075384637112
svd,MaxAbsScaler,False,gaussianNB,48,0.6582971638210714,0.6582971638210714
svd,MaxAbsScaler,False,lda,48,0.8273494437660899,0.8273494437660899
svd,MaxAbsScaler,False,qda,48,0.7357868301414274,0.736104121417564
svd,MaxAbsScaler,False,dt,48,0.7768072979630295,0.7768072979630295
svd,MaxAbsScaler,False,rf,48,0.8239446959181729,0.8239446959181729
svd,MaxAbsScaler,False,adaboost,48,0.8130069619946443,0.8130069619946443
svd,MaxAbsScaler,False,mlp,48,0.7789103625372478,0.7872208316937871
voiced,MaxAbsScaler,False,svm,48,0.6017936754369392,0.562975850490082
voiced,MaxAbsScaler,False,knn,48,0.522219954126975,0.5247563006955798
voiced,MaxAbsScaler,False,gaussianNB,48,0.5527739443773598,0.5527739443773598
voiced,MaxAbsScaler,False,lda,48,0.5996424578303137,0.5996424578303137
voiced,MaxAbsScaler,False,qda,48,0.5033414199827863,0.5136712293258783
voiced,MaxAbsScaler,False,dt,48,0.6257374367146664,0.6257374367146664
voiced,MaxAbsScaler,False,rf,48,0.5461447126912022,0.5461447126912022
voiced,MaxAbsScaler,False,adaboost,48,0.6163413661326376,0.6163413661326376
voiced,MaxAbsScaler,False,mlp,48,0.6380731732249758,0.573870689364048
svd,MaxAbsScaler,True,svm,49,0.8256027269713202,0.8253113516799451
svd,MaxAbsScaler,True,knn,49,0.7082146661045243,0.7079751437221449
svd,MaxAbsScaler,True,gaussianNB,49,0.6558874731230239,0.6558874731230239
svd,MaxAbsScaler,True,lda,49,0.8246911685188675,0.8246911685188675
svd,MaxAbsScaler,True,qda,49,0.7375672655225545,0.7443426330122078
svd,MaxAbsScaler,True,dt,49,0.7912487476173409,0.7912487476173409
svd,MaxAbsScaler,True,rf,49,0.8185136546477878,0.8185136546477878
svd,MaxAbsScaler,True,adaboost,49,0.8197381589693477,0.8197381589693477
svd,MaxAbsScaler,True,mlp,49,0.7743354518981563,0.7736343518350062
voiced,MaxAbsScaler,True,svm,49,0.6245845552297166,0.5921603128054741
voiced,MaxAbsScaler,True,knn,49,0.5215542521994134,0.5449951124144672
voiced,MaxAbsScaler,True,gaussianNB,49,0.5462170087976539,0.5462170087976539
voiced,MaxAbsScaler,True,lda,49,0.4995796676441838,0.4995796676441838
voiced,MaxAbsScaler,True,qda,49,0.4803421309872923,0.4490909090909091
voiced,MaxAbsScaler,True,dt,49,0.587375366568915,0.587375366568915
voiced,MaxAbsScaler,True,rf,49,0.5269648093841642,0.5269648093841642
voiced,MaxAbsScaler,True,adaboost,49,0.5655376344086022,0.5655376344086022
voiced,MaxAbsScaler,True,mlp,49,0.5856451612903225,0.5491495601173021
svd,MaxAbsScaler,False,svm,49,0.8230998500807087,0.8269784495051857
svd,MaxAbsScaler,False,knn,49,0.7212993444914524,0.7147893736538826
svd,MaxAbsScaler,False,gaussianNB,49,0.658296293086937,0.658296293086937
svd,MaxAbsScaler,False,lda,49,0.823000328820725,0.823000328820725
svd,MaxAbsScaler,False,qda,49,0.7367420276487507,0.7397729949903589
svd,MaxAbsScaler,False,dt,49,0.7823286547362714,0.7823286547362714
svd,MaxAbsScaler,False,rf,49,0.8170148711273493,0.8169919930674088
svd,MaxAbsScaler,False,adaboost,49,0.8145610303636946,0.8145610303636946
svd,MaxAbsScaler,False,mlp,49,0.7703030597444529,0.7818873967779014
voiced,MaxAbsScaler,False,svm,49,0.5623768185837152,0.5760549795032553
voiced,MaxAbsScaler,False,knn,49,0.5281888513785066,0.5205670766015593
voiced,MaxAbsScaler,False,gaussianNB,49,0.5556195241540068,0.5556195241540068
voiced,MaxAbsScaler,False,lda,49,0.4858530262840607,0.4858530262840607
voiced,MaxAbsScaler,False,qda,49,0.48738505747126437,0.47511233019853716
voiced,MaxAbsScaler,False,dt,49,0.5900717386062214,0.5900717386062214
voiced,MaxAbsScaler,False,rf,49,0.5675419982316534,0.5675419982316534
voiced,MaxAbsScaler,False,adaboost,49,0.6033335342818101,0.6033335342818101
voiced,MaxAbsScaler,False,mlp,49,0.5555576320231493,0.5358982396913431
svd,MaxAbsScaler,True,svm,50,0.8405613561284226,0.8405482739724836
svd,MaxAbsScaler,True,knn,50,0.7214551914824543,0.724019666266122
svd,MaxAbsScaler,True,gaussianNB,50,0.6655691763707031,0.6655691763707031
svd,MaxAbsScaler,True,lda,50,0.821708229974315,0.821708229974315
svd,MaxAbsScaler,True,qda,50,0.7392542408518417,0.7368060184090718
svd,MaxAbsScaler,True,dt,50,0.8000074443913048,0.8000074443913048
svd,MaxAbsScaler,True,rf,50,0.8123932283637846,0.8123932283637846
svd,MaxAbsScaler,True,adaboost,50,0.8051412836527341,0.8051412836527341
svd,MaxAbsScaler,True,mlp,50,0.777409402665673,0.7777694297705201
voiced,MaxAbsScaler,True,svm,50,0.5897360703812318,0.6079618768328446
voiced,MaxAbsScaler,True,knn,50,0.539672531769306,0.5411681329423266
voiced,MaxAbsScaler,True,gaussianNB,50,0.5408308895405669,0.5408308895405669
voiced,MaxAbsScaler,True,lda,50,0.5351417399804497,0.5351417399804497
voiced,MaxAbsScaler,True,qda,50,0.5351906158357771,0.5132404692082112
voiced,MaxAbsScaler,True,dt,50,0.5547800586510264,0.5547800586510264
voiced,MaxAbsScaler,True,rf,50,0.5495454545454546,0.5495454545454546
voiced,MaxAbsScaler,True,adaboost,50,0.5862316715542522,0.5862316715542522
voiced,MaxAbsScaler,True,mlp,50,0.5820967741935485,0.5407966764418377
svd,MaxAbsScaler,False,svm,50,0.8301009580040463,0.8329329648870729
svd,MaxAbsScaler,False,knn,50,0.7276214149147048,0.7170209993934438
svd,MaxAbsScaler,False,gaussianNB,50,0.6589684749308528,0.6589684749308528
svd,MaxAbsScaler,False,lda,50,0.8284326082060985,0.8284326082060985
svd,MaxAbsScaler,False,qda,50,0.7306042379275661,0.7362582566210586
svd,MaxAbsScaler,False,dt,50,0.7924096289186875,0.7924096289186875
svd,MaxAbsScaler,False,rf,50,0.8258330694775271,0.8258330694775271
svd,MaxAbsScaler,False,adaboost,50,0.8207040094780623,0.8207040094780623
svd,MaxAbsScaler,False,mlp,50,0.7824381779670405,0.7949029335936549
voiced,MaxAbsScaler,False,svm,50,0.5670604539139023,0.6124430454602868
voiced,MaxAbsScaler,False,knn,50,0.5038792601077083,0.5239660483194967
voiced,MaxAbsScaler,False,gaussianNB,50,0.5641462201591512,0.5641462201591512
voiced,MaxAbsScaler,False,lda,50,0.5242144134601031,0.5242144134601031
voiced,MaxAbsScaler,False,qda,50,0.48637108581074096,0.457474637431534
voiced,MaxAbsScaler,False,dt,50,0.5917770447942863,0.5917770447942863
voiced,MaxAbsScaler,False,rf,50,0.525678847015054,0.525678847015054
voiced,MaxAbsScaler,False,adaboost,50,0.5353083626143971,0.5353083626143971
voiced,MaxAbsScaler,False,mlp,50,0.597698587332208,0.5961727066037411
svd,MaxAbsScaler,True,svm,51,0.8308576211138916,0.8308232952071556
svd,MaxAbsScaler,True,knn,51,0.727767614065324,0.7272346501190559
svd,MaxAbsScaler,True,gaussianNB,51,0.6565961846223569,0.6565961846223569
svd,MaxAbsScaler,True,lda,51,0.8236495166048057,0.8236495166048057
svd,MaxAbsScaler,True,qda,51,0.7323033037482329,0.737778944065749
svd,MaxAbsScaler,True,dt,51,0.78733352434552,0.78733352434552
svd,MaxAbsScaler,True,rf,51,0.8116404533307477,0.8116404533307477
svd,MaxAbsScaler,True,adaboost,51,0.8133964654030084,0.8133964654030084
svd,MaxAbsScaler,True,mlp,51,0.7891316680411556,0.7738783789819776
voiced,MaxAbsScaler,True,svm,51,0.610386119257087,0.6120527859237537
voiced,MaxAbsScaler,True,knn,51,0.5473118279569892,0.5017057673509286
voiced,MaxAbsScaler,True,gaussianNB,51,0.5556109481915933,0.5556109481915933
voiced,MaxAbsScaler,True,lda,51,0.4985630498533724,0.4985630498533724
voiced,MaxAbsScaler,True,qda,51,0.4723949169110459,0.5083333333333334
voiced,MaxAbsScaler,True,dt,51,0.5856451612903226,0.5856451612903226
voiced,MaxAbsScaler,True,rf,51,0.6054105571847507,0.6054105571847507
voiced,MaxAbsScaler,True,adaboost,51,0.6196089931573802,0.6196089931573802
voiced,MaxAbsScaler,True,mlp,51,0.555425219941349,0.6136070381231672
svd,MaxAbsScaler,False,svm,51,0.8279526447694951,0.8310817908130277
svd,MaxAbsScaler,False,knn,51,0.726801347559922,0.7311042422107861
svd,MaxAbsScaler,False,gaussianNB,51,0.6628706402417436,0.6628706402417436
svd,MaxAbsScaler,False,lda,51,0.8292077551136092,0.8292077551136092
svd,MaxAbsScaler,False,qda,51,0.7407762345566594,0.7426280251856691
svd,MaxAbsScaler,False,dt,51,0.8041732198649342,0.8041732198649342
svd,MaxAbsScaler,False,rf,51,0.8238974059112353,0.8238974059112353
svd,MaxAbsScaler,False,adaboost,51,0.8047080201915773,0.8047080201915773
svd,MaxAbsScaler,False,mlp,51,0.7890854297697388,0.7843027576803051
voiced,MaxAbsScaler,False,svm,51,0.6121708751019096,0.5915592070764484
voiced,MaxAbsScaler,False,knn,51,0.5313895993852891,0.4977052401621367
voiced,MaxAbsScaler,False,gaussianNB,51,0.5477878204171307,0.5477878204171307
voiced,MaxAbsScaler,False,lda,51,0.5062652266316059,0.5062652266316059
voiced,MaxAbsScaler,False,qda,51,0.45994569367414195,0.47821969696969696
voiced,MaxAbsScaler,False,dt,51,0.5631952697685456,0.5631952697685456
voiced,MaxAbsScaler,False,rf,51,0.573417949387777,0.573417949387777
voiced,MaxAbsScaler,False,adaboost,51,0.5393936523246868,0.5393936523246868
voiced,MaxAbsScaler,False,mlp,51,0.5622750573181607,0.5707218308511413
svd,MaxAbsScaler,True,svm,52,0.8167111732324382,0.8134159715239322
svd,MaxAbsScaler,True,knn,52,0.7068683788040385,0.7122774934988675
svd,MaxAbsScaler,True,gaussianNB,52,0.6577100707362431,0.6577100707362431
svd,MaxAbsScaler,True,lda,52,0.8165940729572135,0.8165940729572135
svd,MaxAbsScaler,True,qda,52,0.7343644577886672,0.7404068378005129
svd,MaxAbsScaler,True,dt,52,0.785756680614914,0.785756680614914
svd,MaxAbsScaler,True,rf,52,0.8124277322096297,0.8124277322096297
svd,MaxAbsScaler,True,adaboost,52,0.812198125393327,0.812198125393327
svd,MaxAbsScaler,True,mlp,52,0.7845498812347231,0.7736573059800976
voiced,MaxAbsScaler,True,svm,52,0.5699951124144672,0.5907966764418378
voiced,MaxAbsScaler,True,knn,52,0.5423949169110459,0.5530449657869013
voiced,MaxAbsScaler,True,gaussianNB,52,0.5388563049853372,0.5388563049853372
voiced,MaxAbsScaler,True,lda,52,0.5094721407624633,0.5094721407624633
voiced,MaxAbsScaler,True,qda,52,0.4624242424242424,0.48603128054740957
voiced,MaxAbsScaler,True,dt,52,0.6204301075268817,0.6204301075268817
voiced,MaxAbsScaler,True,rf,52,0.5555180840664712,0.5555180840664712
voiced,MaxAbsScaler,True,adaboost,52,0.5676148582600196,0.5676148582600196
voiced,MaxAbsScaler,True,mlp,52,0.6009677419354839,0.6098435972629521
svd,MaxAbsScaler,False,svm,52,0.8212286189655076,0.8178764596786149
svd,MaxAbsScaler,False,knn,52,0.7064383941640757,0.7206706333052801
svd,MaxAbsScaler,False,gaussianNB,52,0.6609820482906384,0.6609820482906384
svd,MaxAbsScaler,False,lda,52,0.8194808173291237,0.8194808173291237
svd,MaxAbsScaler,False,qda,52,0.7340666470216168,0.7412266905529157
svd,MaxAbsScaler,False,dt,52,0.778454700481779,0.778454700481779
svd,MaxAbsScaler,False,rf,52,0.8272465055514381,0.8272465055514381
svd,MaxAbsScaler,False,adaboost,52,0.8182475211771305,0.8182475211771305
svd,MaxAbsScaler,False,mlp,52,0.7770119312117453,0.7686532074444601
voiced,MaxAbsScaler,False,svm,52,0.5490660662052487,0.5491527365797388
voiced,MaxAbsScaler,False,knn,52,0.5544180776995015,0.5472645017097186
voiced,MaxAbsScaler,False,gaussianNB,52,0.553107465084662,0.553107465084662
voiced,MaxAbsScaler,False,lda,52,0.5101749629217649,0.5101749629217649
voiced,MaxAbsScaler,False,qda,52,0.5021152618135376,0.5039184227330779
voiced,MaxAbsScaler,False,dt,52,0.5994740812837309,0.5994740812837309
voiced,MaxAbsScaler,False,rf,52,0.5564243449511803,0.5564243449511803
voiced,MaxAbsScaler,False,adaboost,52,0.5587351687059696,0.5587351687059696
voiced,MaxAbsScaler,False,mlp,52,0.5160882719482552,0.5839876096897787
svd,MaxAbsScaler,True,svm,53,0.8313246095961473,0.829788214330199
svd,MaxAbsScaler,True,knn,53,0.7117575372646255,0.7218964314493214
svd,MaxAbsScaler,True,gaussianNB,53,0.6647271902942569,0.6626525982196647
svd,MaxAbsScaler,True,lda,53,0.8234392216289708,0.8234392216289708
svd,MaxAbsScaler,True,qda,53,0.7360275257276347,0.7392361618752024
svd,MaxAbsScaler,True,dt,53,0.7844741518023961,0.7844741518023961
svd,MaxAbsScaler,True,rf,53,0.8176982051027851,0.8176982051027851
svd,MaxAbsScaler,True,adaboost,53,0.8152124320608507,0.8152124320608507
svd,MaxAbsScaler,True,mlp,53,0.7679903538845742,0.772093646084922
voiced,MaxAbsScaler,True,svm,53,0.5988905180840665,0.5699511241446725
voiced,MaxAbsScaler,True,knn,53,0.5182649071358749,0.5129814271749756
voiced,MaxAbsScaler,True,gaussianNB,53,0.5660019550342131,0.5660019550342131
voiced,MaxAbsScaler,True,lda,53,0.4653372434017595,0.4653372434017595
voiced,MaxAbsScaler,True,qda,53,0.5293939393939393,0.5163636363636364
voiced,MaxAbsScaler,True,dt,53,0.5866177908113392,0.5866177908113392
voiced,MaxAbsScaler,True,rf,53,0.5300830889540568,0.5300830889540568
voiced,MaxAbsScaler,True,adaboost,53,0.5965102639296187,0.5965102639296187
voiced,MaxAbsScaler,True,mlp,53,0.6054056695992178,0.6022238514173998
svd,MaxAbsScaler,False,svm,53,0.8226680616072478,0.8263205271111232
svd,MaxAbsScaler,False,knn,53,0.7186407130056442,0.7232183852641494
svd,MaxAbsScaler,False,gaussianNB,53,0.6623508492295953,0.6623508492295953
svd,MaxAbsScaler,False,lda,53,0.824912054642304,0.824912054642304
svd,MaxAbsScaler,False,qda,53,0.741100317982246,0.7426265651106301
svd,MaxAbsScaler,False,dt,53,0.7962348695567731,0.7962348695567731
svd,MaxAbsScaler,False,rf,53,0.824180012921909,0.824180012921909
svd,MaxAbsScaler,False,adaboost,53,0.8291598153762593,0.8291598153762593
svd,MaxAbsScaler,False,mlp,53,0.7804066853917885,0.7642716876438121
voiced,MaxAbsScaler,False,svm,53,0.6017509246819592,0.5681968287140701
voiced,MaxAbsScaler,False,knn,53,0.5506400312650312,0.5470694838367253
voiced,MaxAbsScaler,False,gaussianNB,53,0.542504841103979,0.542504841103979
voiced,MaxAbsScaler,False,lda,53,0.5146620453301487,0.5146620453301487
voiced,MaxAbsScaler,False,qda,53,0.4814002089864159,0.486356017067224
voiced,MaxAbsScaler,False,dt,53,0.6271364092484782,0.6271364092484782
voiced,MaxAbsScaler,False,rf,53,0.5554022366522366,0.5554022366522366
voiced,MaxAbsScaler,False,adaboost,53,0.5515071279295417,0.5515071279295417
voiced,MaxAbsScaler,False,mlp,53,0.5558329083113567,0.5983292075102421
svd,MaxAbsScaler,True,svm,54,0.8239551488133822,0.8221884930772607
svd,MaxAbsScaler,True,knn,54,0.7277331102194788,0.7227300925174427
svd,MaxAbsScaler,True,gaussianNB,54,0.6573611339587349,0.6573611339587349
svd,MaxAbsScaler,True,lda,54,0.8259811144871124,0.8259811144871124
svd,MaxAbsScaler,True,qda,54,0.7384212643045794,0.7383226424611375
svd,MaxAbsScaler,True,dt,54,0.7856094759475349,0.7856094759475349
svd,MaxAbsScaler,True,rf,54,0.819746202543367,0.819746202543367
svd,MaxAbsScaler,True,adaboost,54,0.8164945723124568,0.8164945723124568
svd,MaxAbsScaler,True,mlp,54,0.778662627812028,0.7867910769710115
voiced,MaxAbsScaler,True,svm,54,0.5395161290322582,0.5558162267839688
voiced,MaxAbsScaler,True,knn,54,0.5113196480938417,0.5581329423264907
voiced,MaxAbsScaler,True,gaussianNB,54,0.5537927663734116,0.5537927663734116
voiced,MaxAbsScaler,True,lda,54,0.5433626588465298,0.5433626588465298
voiced,MaxAbsScaler,True,qda,54,0.5072287390029325,0.48952101661779085
voiced,MaxAbsScaler,True,dt,54,0.6063147605083088,0.6063147605083088
voiced,MaxAbsScaler,True,rf,54,0.5342179863147606,0.5342179863147606
voiced,MaxAbsScaler,True,adaboost,54,0.5708651026392962,0.5708651026392962
voiced,MaxAbsScaler,True,mlp,54,0.5494086021505377,0.5411827956989248
svd,MaxAbsScaler,False,svm,54,0.8313935373025452,0.8326271551929942
svd,MaxAbsScaler,False,knn,54,0.717097129449297,0.7243375522265154
svd,MaxAbsScaler,False,gaussianNB,54,0.662033052724371,0.662033052724371
svd,MaxAbsScaler,False,lda,54,0.8209749596478086,0.8209749596478086
svd,MaxAbsScaler,False,qda,54,0.7373254418885068,0.7359818341980965
svd,MaxAbsScaler,False,dt,54,0.7938747040919634,0.7938747040919634
svd,MaxAbsScaler,False,rf,54,0.820450768052187,0.820450768052187
svd,MaxAbsScaler,False,adaboost,54,0.8165813306910298,0.8165813306910298
svd,MaxAbsScaler,False,mlp,54,0.7738280504784043,0.7718311456963308
voiced,MaxAbsScaler,False,svm,54,0.5919622331691297,0.6176683087027914
voiced,MaxAbsScaler,False,knn,54,0.5402791461412151,0.5020607553366174
voiced,MaxAbsScaler,False,gaussianNB,54,0.5599178981937604,0.5599178981937604
voiced,MaxAbsScaler,False,lda,54,0.5142610837438424,0.5142610837438424
voiced,MaxAbsScaler,False,qda,54,0.5225369458128079,0.5072660098522167
voiced,MaxAbsScaler,False,dt,54,0.6395730706075533,0.6395730706075533
voiced,MaxAbsScaler,False,rf,54,0.5621592775041051,0.5621592775041051
voiced,MaxAbsScaler,False,adaboost,54,0.5232512315270936,0.5232512315270936
voiced,MaxAbsScaler,False,mlp,54,0.5333990147783252,0.5779228243021347
svd,MaxAbsScaler,True,svm,55,0.8224202097430016,0.8232094949761255
svd,MaxAbsScaler,True,knn,55,0.7178245346075226,0.726921226719482
svd,MaxAbsScaler,True,gaussianNB,55,0.6594400528588097,0.6594400528588097
svd,MaxAbsScaler,True,lda,55,0.825652424638248,0.825652424638248
svd,MaxAbsScaler,True,qda,55,0.7398886355374905,0.7369897332765382
svd,MaxAbsScaler,True,dt,55,0.7913389100902732,0.7913389100902732
svd,MaxAbsScaler,True,rf,55,0.8146332638644525,0.8146332638644525
svd,MaxAbsScaler,True,adaboost,55,0.8219698712773958,0.8219698712773958
svd,MaxAbsScaler,True,mlp,55,0.7789565596163197,0.7789224715669644
voiced,MaxAbsScaler,True,svm,55,0.5464027370478984,0.5173118279569893
voiced,MaxAbsScaler,True,knn,55,0.5118768328445747,0.49854349951124144
voiced,MaxAbsScaler,True,gaussianNB,55,0.5482942326490714,0.5482942326490714
voiced,MaxAbsScaler,True,lda,55,0.5092766373411534,0.5092766373411534
voiced,MaxAbsScaler,True,qda,55,0.48409090909090907,0.4966666666666667
voiced,MaxAbsScaler,True,dt,55,0.6122482893450635,0.6122482893450635
voiced,MaxAbsScaler,True,rf,55,0.516642228739003,0.516642228739003
voiced,MaxAbsScaler,True,adaboost,55,0.5973998044965787,0.5973998044965787
voiced,MaxAbsScaler,True,mlp,55,0.5132404692082111,0.553455522971652
svd,MaxAbsScaler,False,svm,55,0.8218990788905979,0.824305279027544
svd,MaxAbsScaler,False,knn,55,0.7111046259777856,0.7195573992283315
svd,MaxAbsScaler,False,gaussianNB,55,0.6574850958279688,0.6574850958279688
svd,MaxAbsScaler,False,lda,55,0.8245396548824916,0.8245396548824916
svd,MaxAbsScaler,False,qda,55,0.7251875368566301,0.7306485172071279
svd,MaxAbsScaler,False,dt,55,0.8014564530611306,0.8014564530611306
svd,MaxAbsScaler,False,rf,55,0.8245275686684458,0.8245275686684458
svd,MaxAbsScaler,False,adaboost,55,0.8184401795687741,0.8184401795687741
svd,MaxAbsScaler,False,mlp,55,0.7852970106666599,0.7774267407777251
voiced,MaxAbsScaler,False,svm,55,0.5777857960160191,0.5623331773027512
voiced,MaxAbsScaler,False,knn,55,0.4984601081812035,0.518605996775368
voiced,MaxAbsScaler,False,gaussianNB,55,0.5627999687938836,0.5627999687938836
voiced,MaxAbsScaler,False,lda,55,0.4733469860092578,0.4733469860092578
voiced,MaxAbsScaler,False,qda,55,0.46889166276590205,0.5258045977011495
voiced,MaxAbsScaler,False,dt,55,0.5433304727726634,0.5433304727726634
voiced,MaxAbsScaler,False,rf,55,0.5415293597545119,0.5415293597545119
voiced,MaxAbsScaler,False,adaboost,55,0.5824329068497425,0.5824329068497425
voiced,MaxAbsScaler,False,mlp,55,0.5358402246840381,0.5111157486867426
svd,MaxAbsScaler,True,svm,56,0.8288426876649341,0.829594852621025
svd,MaxAbsScaler,True,knn,56,0.723010942165795,0.7206034695947455
svd,MaxAbsScaler,True,gaussianNB,56,0.65972643314519,0.65972643314519
svd,MaxAbsScaler,True,lda,56,0.8264808528439935,0.8264808528439935
svd,MaxAbsScaler,True,qda,56,0.7369043442925668,0.7410885225279991
svd,MaxAbsScaler,True,dt,56,0.7782190237969955,0.7782190237969955
svd,MaxAbsScaler,True,rf,56,0.8172562370381347,0.8172562370381347
svd,MaxAbsScaler,True,adaboost,56,0.8083719225158703,0.8083719225158703
svd,MaxAbsScaler,True,mlp,56,0.7833318281137256,0.7987599423477286
voiced,MaxAbsScaler,True,svm,56,0.600601173020528,0.5915102639296188
voiced,MaxAbsScaler,True,knn,56,0.5001466275659824,0.5198875855327468
voiced,MaxAbsScaler,True,gaussianNB,56,0.5362609970674487,0.5362609970674487
voiced,MaxAbsScaler,True,lda,56,0.48925219941348974,0.48925219941348974
voiced,MaxAbsScaler,True,qda,56,0.44984848484848483,0.47207722385141737
voiced,MaxAbsScaler,True,dt,56,0.6015298142717498,0.6015298142717498
voiced,MaxAbsScaler,True,rf,56,0.5249120234604107,0.5249120234604107
voiced,MaxAbsScaler,True,adaboost,56,0.538049853372434,0.538049853372434
voiced,MaxAbsScaler,True,mlp,56,0.6100146627565982,0.6091055718475074
svd,MaxAbsScaler,False,svm,56,0.8280529434436078,0.8306035481372579
svd,MaxAbsScaler,False,knn,56,0.7234665788260962,0.7170657186156806
svd,MaxAbsScaler,False,gaussianNB,56,0.6548396934941406,0.6562995475087391
svd,MaxAbsScaler,False,lda,56,0.8254203163354701,0.8254203163354701
svd,MaxAbsScaler,False,qda,56,0.7445058355732349,0.7383911905953522
svd,MaxAbsScaler,False,dt,56,0.796728851071938,0.796728851071938
svd,MaxAbsScaler,False,rf,56,0.8234631716801152,0.8234631716801152
svd,MaxAbsScaler,False,adaboost,56,0.820714528287734,0.820714528287734
svd,MaxAbsScaler,False,mlp,56,0.7875438947160948,0.773947678756979
voiced,MaxAbsScaler,False,svm,56,0.5546818618286917,0.6013735773712137
voiced,MaxAbsScaler,False,knn,56,0.5381834452162594,0.5541872330950472
voiced,MaxAbsScaler,False,gaussianNB,56,0.5250880942997183,0.5250880942997183
voiced,MaxAbsScaler,False,lda,56,0.5673492983657054,0.5673492983657054
voiced,MaxAbsScaler,False,qda,56,0.5372791576239853,0.5040918020151891
voiced,MaxAbsScaler,False,dt,56,0.6160731847870335,0.6160731847870335
voiced,MaxAbsScaler,False,rf,56,0.5814342222170364,0.5814342222170364
voiced,MaxAbsScaler,False,adaboost,56,0.6224856013934156,0.6224856013934156
voiced,MaxAbsScaler,False,mlp,56,0.5663152045396206,0.5924062208030506
svd,MaxAbsScaler,True,svm,57,0.8301260317290853,0.8234776800807335
svd,MaxAbsScaler,True,knn,57,0.7193929534660178,0.7204560869882571
svd,MaxAbsScaler,True,gaussianNB,57,0.6622190895255236,0.6622190895255236
svd,MaxAbsScaler,True,lda,57,0.8262292741791107,0.8262292741791107
svd,MaxAbsScaler,True,qda,57,0.7414958088076954,0.7411041012785832
svd,MaxAbsScaler,True,dt,57,0.8019417151369168,0.8019417151369168
svd,MaxAbsScaler,True,rf,57,0.8258493396824912,0.8258493396824912
svd,MaxAbsScaler,True,adaboost,57,0.8164175065211051,0.8164175065211051
svd,MaxAbsScaler,True,mlp,57,0.7761267122553928,0.7758653360452706
voiced,MaxAbsScaler,True,svm,57,0.5598875855327469,0.5617057673509287
voiced,MaxAbsScaler,True,knn,57,0.4976588465298143,0.5215786901270771
voiced,MaxAbsScaler,True,gaussianNB,57,0.5513685239491691,0.5513685239491691
voiced,MaxAbsScaler,True,lda,57,0.5290371456500489,0.5290371456500489
voiced,MaxAbsScaler,True,qda,57,0.48657869012707716,0.4822873900293255
voiced,MaxAbsScaler,True,dt,57,0.5525073313782991,0.5525073313782991
voiced,MaxAbsScaler,True,rf,57,0.5572287390029326,0.5572287390029326
voiced,MaxAbsScaler,True,adaboost,57,0.6128983382209189,0.6128983382209189
voiced,MaxAbsScaler,True,mlp,57,0.5748240469208211,0.5635874877810363
svd,MaxAbsScaler,False,svm,57,0.825749749940743,0.8244794266107076
svd,MaxAbsScaler,False,knn,57,0.7216042517410094,0.725438789097249
svd,MaxAbsScaler,False,gaussianNB,57,0.6578336324961602,0.6578336324961602
svd,MaxAbsScaler,False,lda,57,0.8214577734852148,0.8214577734852148
svd,MaxAbsScaler,False,qda,57,0.7403878963209072,0.739640784673164
svd,MaxAbsScaler,False,dt,57,0.7904248340377641,0.7904248340377641
svd,MaxAbsScaler,False,rf,57,0.8205160420012746,0.8205160420012746
svd,MaxAbsScaler,False,adaboost,57,0.8132824622038068,0.8132824622038068
svd,MaxAbsScaler,False,mlp,57,0.7812027562554402,0.7820337599367312
voiced,MaxAbsScaler,False,svm,57,0.5864175208057298,0.5608781855889753
voiced,MaxAbsScaler,False,knn,57,0.5607831841869662,0.550638769214965
voiced,MaxAbsScaler,False,gaussianNB,57,0.5551299355693127,0.5551299355693127
voiced,MaxAbsScaler,False,lda,57,0.527112659926898,0.527112659926898
voiced,MaxAbsScaler,False,qda,57,0.5237239598863626,0.5064736338929887
voiced,MaxAbsScaler,False,dt,57,0.5466940080065775,0.5466940080065775
voiced,MaxAbsScaler,False,rf,57,0.5159844561568698,0.5159844561568698
voiced,MaxAbsScaler,False,adaboost,57,0.5323197411907089,0.5323197411907089
voiced,MaxAbsScaler,False,mlp,57,0.6174684159000066,0.6095639831679875
svd,MaxAbsScaler,True,svm,58,0.8273523622869317,0.8299138484198462
svd,MaxAbsScaler,True,knn,58,0.7135534204072916,0.7280666607111537
svd,MaxAbsScaler,True,gaussianNB,58,0.6650264747974671,0.6650264747974671
svd,MaxAbsScaler,True,lda,58,0.8089733458108596,0.8089733458108596
svd,MaxAbsScaler,True,qda,58,0.7345534055185091,0.737068910733033
svd,MaxAbsScaler,True,dt,58,0.7979596267055372,0.7979596267055372
svd,MaxAbsScaler,True,rf,58,0.8198032883147388,0.8198032883147388
svd,MaxAbsScaler,True,adaboost,58,0.8085452751537812,0.8085452751537812
svd,MaxAbsScaler,True,mlp,58,0.7903334724163514,0.773081676593127
voiced,MaxAbsScaler,True,svm,58,0.6245845552297166,0.5854936461388075
voiced,MaxAbsScaler,True,knn,58,0.5252541544477028,0.5383919843597262
voiced,MaxAbsScaler,True,gaussianNB,58,0.5735141739980449,0.5735141739980449
voiced,MaxAbsScaler,True,lda,58,0.563108504398827,0.563108504398827
voiced,MaxAbsScaler,True,qda,58,0.49136363636363634,0.48927663734115345
voiced,MaxAbsScaler,True,dt,58,0.6120527859237537,0.6120527859237537
voiced,MaxAbsScaler,True,rf,58,0.5491739980449658,0.5491739980449658
voiced,MaxAbsScaler,True,adaboost,58,0.5761827956989247,0.5761827956989247
voiced,MaxAbsScaler,True,mlp,58,0.6136754643206256,0.6154496578690127
svd,MaxAbsScaler,False,svm,58,0.8241141977616024,0.8282497034676742
svd,MaxAbsScaler,False,knn,58,0.7178613807500828,0.7216478848715662
svd,MaxAbsScaler,False,gaussianNB,58,0.6633129004830968,0.6633129004830968
svd,MaxAbsScaler,False,lda,58,0.828323544775533,0.828323544775533
svd,MaxAbsScaler,False,qda,58,0.7347320708288522,0.7388829758648641
svd,MaxAbsScaler,False,dt,58,0.7838093101290228,0.7838093101290228
svd,MaxAbsScaler,False,rf,58,0.8117495971789669,0.8117495971789669
svd,MaxAbsScaler,False,adaboost,58,0.8237975824876639,0.8237975824876639
svd,MaxAbsScaler,False,mlp,58,0.7769288960659713,0.7795430593310317
voiced,MaxAbsScaler,False,svm,58,0.6367027336771497,0.6551875821619981
voiced,MaxAbsScaler,False,knn,58,0.5151970202581994,0.5214335793979843
voiced,MaxAbsScaler,False,gaussianNB,58,0.536874978932821,0.536874978932821
voiced,MaxAbsScaler,False,lda,58,0.5175427242390536,0.5175427242390536
voiced,MaxAbsScaler,False,qda,58,0.45703003337041154,0.4965102639296187
voiced,MaxAbsScaler,False,dt,58,0.5812336940034382,0.5812336940034382
voiced,MaxAbsScaler,False,rf,58,0.5401314591970877,0.5401314591970877
voiced,MaxAbsScaler,False,adaboost,58,0.5620841338861361,0.5620841338861361
voiced,MaxAbsScaler,False,mlp,58,0.645023763777935,0.6287872046381502
svd,MaxAbsScaler,True,svm,59,0.8273408561631026,0.8278348114989337
svd,MaxAbsScaler,True,knn,59,0.7231699507326552,0.721417893266312
svd,MaxAbsScaler,True,gaussianNB,59,0.6601196549724359,0.6601196549724359
svd,MaxAbsScaler,True,lda,59,0.8184066950860844,0.8184066950860844
svd,MaxAbsScaler,True,qda,59,0.7398763413976064,0.7439132713887349
svd,MaxAbsScaler,True,dt,59,0.7771359102547761,0.7771359102547761
svd,MaxAbsScaler,True,rf,59,0.82637592687211,0.82637592687211
svd,MaxAbsScaler,True,adaboost,59,0.8202750339446085,0.8202750339446085
svd,MaxAbsScaler,True,mlp,59,0.7703168805022678,0.7859912660948648
voiced,MaxAbsScaler,True,svm,59,0.5999266862170088,0.5948631476050831
voiced,MaxAbsScaler,True,knn,59,0.4915347018572825,0.5013782991202346
voiced,MaxAbsScaler,True,gaussianNB,59,0.5360459433040078,0.5360459433040078
voiced,MaxAbsScaler,True,lda,59,0.5537536656891495,0.5537536656891495
voiced,MaxAbsScaler,True,qda,59,0.5062463343108504,0.4966666666666667
voiced,MaxAbsScaler,True,dt,59,0.5860997067448681,0.5860997067448681
voiced,MaxAbsScaler,True,rf,59,0.4969012707722385,0.4969012707722385
voiced,MaxAbsScaler,True,adaboost,59,0.5533284457478006,0.5533284457478006
voiced,MaxAbsScaler,True,mlp,59,0.6204692082111437,0.621485826001955
svd,MaxAbsScaler,False,svm,59,0.8262146199296014,0.8247958709183798
svd,MaxAbsScaler,False,knn,59,0.7059849250884656,0.711681915151703
svd,MaxAbsScaler,False,gaussianNB,59,0.6610770388230394,0.6610770388230394
svd,MaxAbsScaler,False,lda,59,0.8247786673806761,0.8247786673806761
svd,MaxAbsScaler,False,qda,59,0.7348060634603506,0.7390213934381136
svd,MaxAbsScaler,False,dt,59,0.7969980207637523,0.7969980207637523
svd,MaxAbsScaler,False,rf,59,0.8282125159557131,0.8282125159557131
svd,MaxAbsScaler,False,adaboost,59,0.8108591272285697,0.8108591272285697
svd,MaxAbsScaler,False,mlp,59,0.7742905745924823,0.7726768111569087
voiced,MaxAbsScaler,False,svm,59,0.6028293634188665,0.5536183255554452
voiced,MaxAbsScaler,False,knn,59,0.5396894932315826,0.4968549701650614
voiced,MaxAbsScaler,False,gaussianNB,59,0.5546105145699467,0.5546105145699467
voiced,MaxAbsScaler,False,lda,59,0.6131522166981093,0.6131522166981093
voiced,MaxAbsScaler,False,qda,59,0.5021533136403826,0.4915577703229833
voiced,MaxAbsScaler,False,dt,59,0.5664236253942136,0.5664236253942136
voiced,MaxAbsScaler,False,rf,59,0.5584153262221214,0.5584153262221214
voiced,MaxAbsScaler,False,adaboost,59,0.5903507230599014,0.5903507230599014
voiced,MaxAbsScaler,False,mlp,59,0.5642726817638076,0.5460060012671575
svd,MaxAbsScaler,True,svm,60,0.8371680373425192,0.8321123787154321
svd,MaxAbsScaler,True,knn,60,0.7183065081047634,0.7195598095107364
svd,MaxAbsScaler,True,gaussianNB,60,0.6611436019451287,0.6611436019451287
svd,MaxAbsScaler,True,lda,60,0.8297874862324154,0.8297874862324154
svd,MaxAbsScaler,True,qda,60,0.7385723473182579,0.7427531211064472
svd,MaxAbsScaler,True,dt,60,0.7914403716966422,0.7914403716966422
svd,MaxAbsScaler,True,rf,60,0.8235348094290297,0.8235348094290297
svd,MaxAbsScaler,True,adaboost,60,0.8200360617209036,0.8200360617209036
svd,MaxAbsScaler,True,mlp,60,0.7928988532369121,0.7898154190411552
voiced,MaxAbsScaler,True,svm,60,0.5664027370478983,0.5856451612903226
voiced,MaxAbsScaler,True,knn,60,0.5349315738025415,0.5473998044965787
voiced,MaxAbsScaler,True,gaussianNB,60,0.5650293255131965,0.5650293255131965
voiced,MaxAbsScaler,True,lda,60,0.5580449657869012,0.5580449657869012
voiced,MaxAbsScaler,True,qda,60,0.49601173020527867,0.4968572825024438
voiced,MaxAbsScaler,True,dt,60,0.610386119257087,0.610386119257087
voiced,MaxAbsScaler,True,rf,60,0.5729423264907136,0.5729423264907136
voiced,MaxAbsScaler,True,adaboost,60,0.5661241446725317,0.5661241446725317
voiced,MaxAbsScaler,True,mlp,60,0.6269648093841642,0.5679178885630499
svd,MaxAbsScaler,False,svm,60,0.8267186819727093,0.825369936573644
svd,MaxAbsScaler,False,knn,60,0.7147656937963796,0.7225526459120332
svd,MaxAbsScaler,False,gaussianNB,60,0.6619198421063837,0.6619198421063837
svd,MaxAbsScaler,False,lda,60,0.8278881695221777,0.8278881695221777
svd,MaxAbsScaler,False,qda,60,0.7389795950394665,0.7421147575222813
svd,MaxAbsScaler,False,dt,60,0.7763070361804021,0.7763070361804021
svd,MaxAbsScaler,False,rf,60,0.8212715161347279,0.8212715161347279
svd,MaxAbsScaler,False,adaboost,60,0.8171093831362647,0.8171093831362647
svd,MaxAbsScaler,False,mlp,60,0.7913265022433462,0.776687552098065
voiced,MaxAbsScaler,False,svm,60,0.594835364094999,0.577822947843232
voiced,MaxAbsScaler,False,knn,60,0.5398807666302595,0.5393514919833379
voiced,MaxAbsScaler,False,gaussianNB,60,0.5733434280391684,0.5733434280391684
voiced,MaxAbsScaler,False,lda,60,0.5115466767850135,0.5115466767850135
voiced,MaxAbsScaler,False,qda,60,0.5589423136025571,0.5095045674406731
voiced,MaxAbsScaler,False,dt,60,0.5724208735821312,0.5724208735821312
voiced,MaxAbsScaler,False,rf,60,0.5872215917956283,0.5872215917956283
voiced,MaxAbsScaler,False,adaboost,60,0.5343738563667569,0.5343738563667569
voiced,MaxAbsScaler,False,mlp,60,0.6130853156309546,0.5901791041953313
svd,MaxAbsScaler,True,svm,61,0.8318948880999045,0.8299776831674324
svd,MaxAbsScaler,True,knn,61,0.7130462648946836,0.7269590333330791
svd,MaxAbsScaler,True,gaussianNB,61,0.662209945634155,0.662209945634155
svd,MaxAbsScaler,True,lda,61,0.8267674709877546,0.8267674709877546
svd,MaxAbsScaler,True,qda,61,0.7371648562270157,0.7373065447820082
svd,MaxAbsScaler,True,dt,61,0.7799992955063838,0.7799992955063838
svd,MaxAbsScaler,True,rf,61,0.8182135676028807,0.8182135676028807
svd,MaxAbsScaler,True,adaboost,61,0.8237626913253958,0.8237626913253958
svd,MaxAbsScaler,True,mlp,61,0.7882889393412841,0.7774388515882518
voiced,MaxAbsScaler,True,svm,61,0.5788709677419355,0.5696285434995112
voiced,MaxAbsScaler,True,knn,61,0.5264222873900293,0.5179374389051808
voiced,MaxAbsScaler,True,gaussianNB,61,0.5593988269794722,0.5593988269794722
voiced,MaxAbsScaler,True,lda,61,0.4975024437927663,0.4975024437927663
voiced,MaxAbsScaler,True,qda,61,0.4746480938416422,0.4663636363636364
voiced,MaxAbsScaler,True,dt,61,0.5313343108504399,0.5313343108504399
voiced,MaxAbsScaler,True,rf,61,0.5802590420332356,0.5802590420332356
voiced,MaxAbsScaler,True,adaboost,61,0.5828347996089932,0.5828347996089932
voiced,MaxAbsScaler,True,mlp,61,0.5565738025415445,0.5483479960899316
svd,MaxAbsScaler,False,svm,61,0.825588569773112,0.819752939890288
svd,MaxAbsScaler,False,knn,61,0.7137564158497697,0.7094993954591106
svd,MaxAbsScaler,False,gaussianNB,61,0.6605733040733164,0.6605733040733164
svd,MaxAbsScaler,False,lda,61,0.8143352648396188,0.8143352648396188
svd,MaxAbsScaler,False,qda,61,0.7338653509547716,0.7340536853047729
svd,MaxAbsScaler,False,dt,61,0.7850430246596342,0.7850430246596342
svd,MaxAbsScaler,False,rf,61,0.8222010551373329,0.8222010551373329
svd,MaxAbsScaler,False,adaboost,61,0.8177480718676051,0.8177480718676051
svd,MaxAbsScaler,False,mlp,61,0.7795609887211145,0.7753878036515601
voiced,MaxAbsScaler,False,svm,61,0.5955714709218602,0.6047806235292331
voiced,MaxAbsScaler,False,knn,61,0.5092836301012051,0.5198702755654925
voiced,MaxAbsScaler,False,gaussianNB,61,0.5377454704484738,0.5377454704484738
voiced,MaxAbsScaler,False,lda,61,0.5183493845173489,0.5183493845173489
voiced,MaxAbsScaler,False,qda,61,0.5195137046861185,0.4947068658692686
voiced,MaxAbsScaler,False,dt,61,0.5350363065435368,0.5350363065435368
voiced,MaxAbsScaler,False,rf,61,0.5713024714748853,0.5713024714748853
voiced,MaxAbsScaler,False,adaboost,61,0.576337705058506,0.576337705058506
voiced,MaxAbsScaler,False,mlp,61,0.5655239810245372,0.5514681332756972
svd,MaxAbsScaler,True,svm,62,0.8245151994497688,0.8297949197294889
svd,MaxAbsScaler,True,knn,62,0.7242317896570896,0.7267213393658323
svd,MaxAbsScaler,True,gaussianNB,62,0.6594476334280043,0.6586900576704285
svd,MaxAbsScaler,True,lda,62,0.8218425740017888,0.8218425740017888
svd,MaxAbsScaler,True,qda,62,0.7437102900734307,0.7421032656910519
svd,MaxAbsScaler,True,dt,62,0.7837182864391152,0.7837182864391152
svd,MaxAbsScaler,True,rf,62,0.8223246655198674,0.8268855807950682
svd,MaxAbsScaler,True,adaboost,62,0.81647004395096,0.81647004395096
svd,MaxAbsScaler,True,mlp,62,0.778570903832627,0.7811860712896701
voiced,MaxAbsScaler,True,svm,62,0.5906891495601172,0.5905376344086022
voiced,MaxAbsScaler,True,knn,62,0.4982600195503421,0.4967448680351906
voiced,MaxAbsScaler,True,gaussianNB,62,0.5383626588465298,0.5383626588465298
voiced,MaxAbsScaler,True,lda,62,0.49652492668621695,0.49652492668621695
voiced,MaxAbsScaler,True,qda,62,0.4794965786901271,0.5102981427174975
voiced,MaxAbsScaler,True,dt,62,0.5664027370478983,0.5664027370478983
voiced,MaxAbsScaler,True,rf,62,0.5770332355816227,0.5770332355816227
voiced,MaxAbsScaler,True,adaboost,62,0.55930596285435,0.55930596285435
voiced,MaxAbsScaler,True,mlp,62,0.5860752688172044,0.6048875855327468
svd,MaxAbsScaler,False,svm,62,0.8312518316267706,0.8315154630046553
svd,MaxAbsScaler,False,knn,62,0.723583614943055,0.7178197768174002
svd,MaxAbsScaler,False,gaussianNB,62,0.6545096662400136,0.6545096662400136
svd,MaxAbsScaler,False,lda,62,0.8244029590254233,0.8244029590254233
svd,MaxAbsScaler,False,qda,62,0.7420656539468777,0.7372975738173243
svd,MaxAbsScaler,False,dt,62,0.7896258126649414,0.7896258126649414
svd,MaxAbsScaler,False,rf,62,0.8228173857884237,0.8228173857884237
svd,MaxAbsScaler,False,adaboost,62,0.8201419801753366,0.8201419801753366
svd,MaxAbsScaler,False,mlp,62,0.7786427273226064,0.7763251816820227
voiced,MaxAbsScaler,False,svm,62,0.6084874553269584,0.5799160267555298
voiced,MaxAbsScaler,False,knn,62,0.5175968922051579,0.5459775548150294
voiced,MaxAbsScaler,False,gaussianNB,62,0.541310610451077,0.541310610451077
voiced,MaxAbsScaler,False,lda,62,0.579469839660002,0.579469839660002
voiced,MaxAbsScaler,False,qda,62,0.49298029556650247,0.485207186322805
voiced,MaxAbsScaler,False,dt,62,0.6195140297498309,0.6195140297498309
voiced,MaxAbsScaler,False,rf,62,0.5428782719984546,0.5428782719984546
voiced,MaxAbsScaler,False,adaboost,62,0.5886600502269873,0.5886600502269873
voiced,MaxAbsScaler,False,mlp,62,0.5536176712064136,0.5415856515019801
svd,MaxAbsScaler,True,svm,63,0.8293279312472333,0.8313694756715477
svd,MaxAbsScaler,True,knn,63,0.7177441388128412,0.7271516814701111
svd,MaxAbsScaler,True,gaussianNB,63,0.6645589361565369,0.6645589361565369
svd,MaxAbsScaler,True,lda,63,0.8289860412215919,0.8289860412215919
svd,MaxAbsScaler,True,qda,63,0.7387246214345451,0.7393298341062791
svd,MaxAbsScaler,True,dt,63,0.7781310764844026,0.7781310764844026
svd,MaxAbsScaler,True,rf,63,0.8172656024455371,0.8172656024455371
svd,MaxAbsScaler,True,adaboost,63,0.8034536401439345,0.8034536401439345
svd,MaxAbsScaler,True,mlp,63,0.7897876042532531,0.7816495954064111
voiced,MaxAbsScaler,True,svm,63,0.6329178885630499,0.6278103616813294
voiced,MaxAbsScaler,True,knn,63,0.4938514173998044,0.5219257086999022
voiced,MaxAbsScaler,True,gaussianNB,63,0.5515200391006843,0.5515200391006843
voiced,MaxAbsScaler,True,lda,63,0.5767644183773215,0.5767644183773215
voiced,MaxAbsScaler,True,qda,63,0.5016666666666667,0.49696969696969695
voiced,MaxAbsScaler,True,dt,63,0.6196920821114369,0.6196920821114369
voiced,MaxAbsScaler,True,rf,63,0.5480498533724341,0.5480498533724341
voiced,MaxAbsScaler,True,adaboost,63,0.6011241446725318,0.6011241446725318
voiced,MaxAbsScaler,True,mlp,63,0.6096920821114369,0.661099706744868
svd,MaxAbsScaler,False,svm,63,0.8347730411739184,0.8319350514949942
svd,MaxAbsScaler,False,knn,63,0.7112205423866327,0.7254285654942636
svd,MaxAbsScaler,False,gaussianNB,63,0.6597979356477175,0.6597854959801054
svd,MaxAbsScaler,False,lda,63,0.8256458520515503,0.8256458520515503
svd,MaxAbsScaler,False,qda,63,0.7395595536333887,0.7447756087102191
svd,MaxAbsScaler,False,dt,63,0.7816696427141003,0.7816696427141003
svd,MaxAbsScaler,False,rf,63,0.8128917516619583,0.8128917516619583
svd,MaxAbsScaler,False,adaboost,63,0.8096823867237702,0.8096823867237702
svd,MaxAbsScaler,False,mlp,63,0.7748886801268675,0.7822865138188776
voiced,MaxAbsScaler,False,svm,63,0.6051757143692628,0.5735090477025961
voiced,MaxAbsScaler,False,knn,63,0.5577622795364732,0.4932230135455942
voiced,MaxAbsScaler,False,gaussianNB,63,0.5558009433815886,0.5558009433815886
voiced,MaxAbsScaler,False,lda,63,0.5051609382254544,0.5051609382254544
voiced,MaxAbsScaler,False,qda,63,0.507479706673255,0.4622010128461741
voiced,MaxAbsScaler,False,dt,63,0.5673002923002923,0.5673002923002923
voiced,MaxAbsScaler,False,rf,63,0.5301861937345808,0.5301861937345808
voiced,MaxAbsScaler,False,adaboost,63,0.5294316137864525,0.5294316137864525
voiced,MaxAbsScaler,False,mlp,63,0.5484276893954314,0.5626316335993756
svd,MaxAbsScaler,True,svm,64,0.827076135424009,0.8281075594707001
svd,MaxAbsScaler,True,knn,64,0.7202526590094747,0.713064222219075
svd,MaxAbsScaler,True,gaussianNB,64,0.662558288676064,0.6620480845944314
svd,MaxAbsScaler,True,lda,64,0.8216560048457542,0.8216560048457542
svd,MaxAbsScaler,True,qda,64,0.7364377116885296,0.7380633924418003
svd,MaxAbsScaler,True,dt,64,0.7955226144266494,0.7955226144266494
svd,MaxAbsScaler,True,rf,64,0.8147739283617147,0.8147739283617147
svd,MaxAbsScaler,True,adaboost,64,0.8185308856901006,0.8185308856901006
svd,MaxAbsScaler,True,mlp,64,0.7835376183249684,0.7883228494515299
voiced,MaxAbsScaler,True,svm,64,0.622702834799609,0.628782991202346
voiced,MaxAbsScaler,True,knn,64,0.5151026392961877,0.5314467253176931
voiced,MaxAbsScaler,True,gaussianNB,64,0.5566911045943304,0.5566911045943304
voiced,MaxAbsScaler,True,lda,64,0.4928690127077224,0.4928690127077224
voiced,MaxAbsScaler,True,qda,64,0.52272238514174,0.5119648093841642
voiced,MaxAbsScaler,True,dt,64,0.6167888563049854,0.6167888563049854
voiced,MaxAbsScaler,True,rf,64,0.5835483870967741,0.5835483870967741
voiced,MaxAbsScaler,True,adaboost,64,0.5648240469208211,0.5648240469208211
voiced,MaxAbsScaler,True,mlp,64,0.603631476050831,0.5927663734115347
svd,MaxAbsScaler,False,svm,64,0.8237189497457242,0.8300673823135384
svd,MaxAbsScaler,False,knn,64,0.7233461694338688,0.7193771990951695
svd,MaxAbsScaler,False,gaussianNB,64,0.6615753554144684,0.6615753554144684
svd,MaxAbsScaler,False,lda,64,0.8222554811176112,0.8222554811176112
svd,MaxAbsScaler,False,qda,64,0.7341164424807818,0.7327490048638935
svd,MaxAbsScaler,False,dt,64,0.7899928954691956,0.7899928954691956
svd,MaxAbsScaler,False,rf,64,0.8259830308160583,0.8259830308160583
svd,MaxAbsScaler,False,adaboost,64,0.8226664117053876,0.8226664117053876
svd,MaxAbsScaler,False,mlp,64,0.7729239264326052,0.773862813977826
voiced,MaxAbsScaler,False,svm,64,0.5991094771241829,0.6213316993464051
voiced,MaxAbsScaler,False,knn,64,0.5723391300964831,0.5259370136943666
voiced,MaxAbsScaler,False,gaussianNB,64,0.5538700202303144,0.5538700202303144
voiced,MaxAbsScaler,False,lda,64,0.5287778166822286,0.5287778166822286
voiced,MaxAbsScaler,False,qda,64,0.5124537037037038,0.502063492063492
voiced,MaxAbsScaler,False,dt,64,0.5757008636788049,0.5757008636788049
voiced,MaxAbsScaler,False,rf,64,0.5389192343604108,0.5389192343604108
voiced,MaxAbsScaler,False,adaboost,64,0.5887544740118269,0.5887544740118269
voiced,MaxAbsScaler,False,mlp,64,0.5592012916277622,0.5686675225645813
svd,MaxAbsScaler,True,svm,65,0.8288434756809892,0.821489163326677
svd,MaxAbsScaler,True,knn,65,0.7169950387671218,0.7149251293962309
svd,MaxAbsScaler,True,gaussianNB,65,0.6599685719587574,0.6599685719587574
svd,MaxAbsScaler,True,lda,65,0.8201585746133183,0.8201585746133183
svd,MaxAbsScaler,True,qda,65,0.7340665114601864,0.738585890663317
svd,MaxAbsScaler,True,dt,65,0.7954535903936122,0.7954535903936122
svd,MaxAbsScaler,True,rf,65,0.8184812170744559,0.8184812170744559
svd,MaxAbsScaler,True,adaboost,65,0.8095826002423603,0.8095826002423603
svd,MaxAbsScaler,True,mlp,65,0.7655477964420166,0.7690855091836554
voiced,MaxAbsScaler,True,svm,65,0.5140860215053764,0.569692082111437
voiced,MaxAbsScaler,True,knn,65,0.5554936461388074,0.5572043010752689
voiced,MaxAbsScaler,True,gaussianNB,65,0.5562609970674486,0.5562609970674486
voiced,MaxAbsScaler,True,lda,65,0.5724584555229717,0.5724584555229717
voiced,MaxAbsScaler,True,qda,65,0.46678885630498534,0.5012121212121212
voiced,MaxAbsScaler,True,dt,65,0.550386119257087,0.550386119257087
voiced,MaxAbsScaler,True,rf,65,0.5787634408602151,0.5787634408602151
voiced,MaxAbsScaler,True,adaboost,65,0.544824046920821,0.544824046920821
voiced,MaxAbsScaler,True,mlp,65,0.5091935483870967,0.5151026392961876
svd,MaxAbsScaler,False,svm,65,0.8242059117769628,0.8291067755693323
svd,MaxAbsScaler,False,knn,65,0.7295785223084875,0.7281693673028521
svd,MaxAbsScaler,False,gaussianNB,65,0.6631070233428569,0.6616218748280054
svd,MaxAbsScaler,False,lda,65,0.8206402108252178,0.8206402108252178
svd,MaxAbsScaler,False,qda,65,0.7372897716395009,0.7342939157867179
svd,MaxAbsScaler,False,dt,65,0.7835234557615632,0.7835234557615632
svd,MaxAbsScaler,False,rf,65,0.8253040176273366,0.8253040176273366
svd,MaxAbsScaler,False,adaboost,65,0.820706464650933,0.820706464650933
svd,MaxAbsScaler,False,mlp,65,0.7815260697087814,0.7833556409624072
voiced,MaxAbsScaler,False,svm,65,0.5869772325375773,0.5792020335985854
voiced,MaxAbsScaler,False,knn,65,0.5140391983495431,0.5078177497789567
voiced,MaxAbsScaler,False,gaussianNB,65,0.5558650162098437,0.5558650162098437
voiced,MaxAbsScaler,False,lda,65,0.4675624447391689,0.4675624447391689
voiced,MaxAbsScaler,False,qda,65,0.5109368552903035,0.48220067049808424
voiced,MaxAbsScaler,False,dt,65,0.5533664898320072,0.5533664898320072
voiced,MaxAbsScaler,False,rf,65,0.5413137341585618,0.5413137341585618
voiced,MaxAbsScaler,False,adaboost,65,0.6249907898614795,0.6249907898614795
voiced,MaxAbsScaler,False,mlp,65,0.6038999410551135,0.5696824344238137
svd,MaxAbsScaler,True,svm,66,0.825855525790095,0.8301905509975305
svd,MaxAbsScaler,True,knn,66,0.7136621375716251,0.7196291912376973
svd,MaxAbsScaler,True,gaussianNB,66,0.6600302060716456,0.6600302060716456
svd,MaxAbsScaler,True,lda,66,0.820862334684581,0.820862334684581
svd,MaxAbsScaler,True,qda,66,0.7331163311425034,0.7338491697324849
svd,MaxAbsScaler,True,dt,66,0.7888840439821901,0.7888840439821901
svd,MaxAbsScaler,True,rf,66,0.8119238613077219,0.8119238613077219
svd,MaxAbsScaler,True,adaboost,66,0.8169692920674383,0.8169692920674383
svd,MaxAbsScaler,True,mlp,66,0.7670107083029658,0.7781955812272059
voiced,MaxAbsScaler,True,svm,66,0.5973118279569892,0.5642815249266862
voiced,MaxAbsScaler,True,knn,66,0.5477468230694037,0.501427174975562
voiced,MaxAbsScaler,True,gaussianNB,66,0.5661534701857283,0.5661534701857283
voiced,MaxAbsScaler,True,lda,66,0.5298826979472141,0.5298826979472141
voiced,MaxAbsScaler,True,qda,66,0.4798631476050831,0.5195014662756597
voiced,MaxAbsScaler,True,dt,66,0.5739345063538612,0.5739345063538612
voiced,MaxAbsScaler,True,rf,66,0.5490664711632454,0.5490664711632454
voiced,MaxAbsScaler,True,adaboost,66,0.5534799608993157,0.5534799608993157
voiced,MaxAbsScaler,True,mlp,66,0.557741935483871,0.5495601173020528
svd,MaxAbsScaler,False,svm,66,0.8315450632101948,0.8227964598910201
svd,MaxAbsScaler,False,knn,66,0.7225203534640181,0.7054687803932216
svd,MaxAbsScaler,False,gaussianNB,66,0.6604593405445269,0.6604593405445269
svd,MaxAbsScaler,False,lda,66,0.8335301056120785,0.8335301056120785
svd,MaxAbsScaler,False,qda,66,0.7293912938265461,0.7294583312326222
svd,MaxAbsScaler,False,dt,66,0.7987838717256355,0.7987838717256355
svd,MaxAbsScaler,False,rf,66,0.8175372480673767,0.8175372480673767
svd,MaxAbsScaler,False,adaboost,66,0.8112093638876405,0.8112093638876405
svd,MaxAbsScaler,False,mlp,66,0.7822045088472782,0.7836408687136304
voiced,MaxAbsScaler,False,svm,66,0.592099062702004,0.5893417097608273
voiced,MaxAbsScaler,False,knn,66,0.558364657401422,0.5260266645119586
voiced,MaxAbsScaler,False,gaussianNB,66,0.5438904330963155,0.5398904330963155
voiced,MaxAbsScaler,False,lda,66,0.5560730446024563,0.5560730446024563
voiced,MaxAbsScaler,False,qda,66,0.46006617647058834,0.501875
voiced,MaxAbsScaler,False,dt,66,0.5400979314802845,0.5400979314802845
voiced,MaxAbsScaler,False,rf,66,0.5200099385908209,0.5200099385908209
voiced,MaxAbsScaler,False,adaboost,66,0.5704452165481577,0.5704452165481577
voiced,MaxAbsScaler,False,mlp,66,0.530220992243051,0.517575872656755
svd,MaxAbsScaler,True,svm,67,0.8316068573375007,0.8365121011304218
svd,MaxAbsScaler,True,knn,67,0.7197480146171531,0.7343725721751894
svd,MaxAbsScaler,True,gaussianNB,67,0.6609152733852843,0.6609152733852843
svd,MaxAbsScaler,True,lda,67,0.8239307983909946,0.8239307983909946
svd,MaxAbsScaler,True,qda,67,0.7394265676163168,0.7420676016095863
svd,MaxAbsScaler,True,dt,67,0.7891811423763441,0.7891811423763441
svd,MaxAbsScaler,True,rf,67,0.8202782441113957,0.8202782441113957
svd,MaxAbsScaler,True,adaboost,67,0.821651380244619,0.821651380244619
svd,MaxAbsScaler,True,mlp,67,0.7815840520802352,0.7770531358862875
voiced,MaxAbsScaler,True,svm,67,0.5737781036168134,0.5709677419354839
voiced,MaxAbsScaler,True,knn,67,0.566989247311828,0.5532844574780059
voiced,MaxAbsScaler,True,gaussianNB,67,0.5494868035190617,0.5494868035190617
voiced,MaxAbsScaler,True,lda,67,0.50613880742913,0.50613880742913
voiced,MaxAbsScaler,True,qda,67,0.5200830889540567,0.4945210166177908
voiced,MaxAbsScaler,True,dt,67,0.580058651026393,0.580058651026393
voiced,MaxAbsScaler,True,rf,67,0.5101906158357771,0.5101906158357771
voiced,MaxAbsScaler,True,adaboost,67,0.5571358748778104,0.5571358748778104
voiced,MaxAbsScaler,True,mlp,67,0.5436070381231671,0.5569403714565005
svd,MaxAbsScaler,False,svm,67,0.8240183106130576,0.8294319710758655
svd,MaxAbsScaler,False,knn,67,0.7274584523314893,0.7302049525079454
svd,MaxAbsScaler,False,gaussianNB,67,0.662570519165157,0.6605705191651569
svd,MaxAbsScaler,False,lda,67,0.8202947119011869,0.8202947119011869
svd,MaxAbsScaler,False,qda,67,0.7291208823201059,0.7330516671010969
svd,MaxAbsScaler,False,dt,67,0.7948723765121251,0.7948723765121251
svd,MaxAbsScaler,False,rf,67,0.8239117489851479,0.8234215529067166
svd,MaxAbsScaler,False,adaboost,67,0.8151257620318152,0.8151257620318152
svd,MaxAbsScaler,False,mlp,67,0.776435551479595,0.7850640100971609
voiced,MaxAbsScaler,False,svm,67,0.5524290510248765,0.5594048574764894
voiced,MaxAbsScaler,False,knn,67,0.5487642836290845,0.5689979956002251
voiced,MaxAbsScaler,False,gaussianNB,67,0.5692053688721146,0.5692053688721146
voiced,MaxAbsScaler,False,lda,67,0.52270135225306,0.52270135225306
voiced,MaxAbsScaler,False,qda,67,0.4713244416873449,0.4699579831932773
voiced,MaxAbsScaler,False,dt,67,0.5791727615363763,0.5791727615363763
voiced,MaxAbsScaler,False,rf,67,0.5446876629063536,0.5446876629063536
voiced,MaxAbsScaler,False,adaboost,67,0.5615703651187521,0.5615703651187521
voiced,MaxAbsScaler,False,mlp,67,0.5640766076902225,0.5351433836561921
svd,MaxAbsScaler,True,svm,68,0.8349805229303595,0.8349624457694249
svd,MaxAbsScaler,True,knn,68,0.7162958270373756,0.7165825196250497
svd,MaxAbsScaler,True,gaussianNB,68,0.6609309719724115,0.6609309719724115
svd,MaxAbsScaler,True,lda,68,0.8239371315707193,0.8239371315707193
svd,MaxAbsScaler,True,qda,68,0.7374555034206071,0.7332548676332754
svd,MaxAbsScaler,True,dt,68,0.7855049821134881,0.7855049821134881
svd,MaxAbsScaler,True,rf,68,0.8147312030027406,0.8147312030027406
svd,MaxAbsScaler,True,adaboost,68,0.8162717308137155,0.8162717308137155
svd,MaxAbsScaler,True,mlp,68,0.7981186189310507,0.7956432516955962
voiced,MaxAbsScaler,True,svm,68,0.5703225806451612,0.5698435972629522
voiced,MaxAbsScaler,True,knn,68,0.520620723362659,0.5212267839687195
voiced,MaxAbsScaler,True,gaussianNB,68,0.5618670576735093,0.5618670576735093
voiced,MaxAbsScaler,True,lda,68,0.5674389051808406,0.5674389051808406
voiced,MaxAbsScaler,True,qda,68,0.5122434017595309,0.4880303030303031
voiced,MaxAbsScaler,True,dt,68,0.6029814271749755,0.6029814271749755
voiced,MaxAbsScaler,True,rf,68,0.5335923753665689,0.5335923753665689
voiced,MaxAbsScaler,True,adaboost,68,0.5835923753665689,0.5835923753665689
voiced,MaxAbsScaler,True,mlp,68,0.5987829912023461,0.6060557184750733
svd,MaxAbsScaler,False,svm,68,0.8280040453460809,0.8278854925497404
svd,MaxAbsScaler,False,knn,68,0.7254932643950215,0.724313158804133
svd,MaxAbsScaler,False,gaussianNB,68,0.6580998031843164,0.6580998031843164
svd,MaxAbsScaler,False,lda,68,0.8263924547157572,0.8263924547157572
svd,MaxAbsScaler,False,qda,68,0.7372988481867204,0.7393310941212858
svd,MaxAbsScaler,False,dt,68,0.7876224046134622,0.7876224046134622
svd,MaxAbsScaler,False,rf,68,0.8174564048654736,0.8174564048654736
svd,MaxAbsScaler,False,adaboost,68,0.8148408974390315,0.8148408974390315
svd,MaxAbsScaler,False,mlp,68,0.7747962458266149,0.7833671958235146
voiced,MaxAbsScaler,False,svm,68,0.5914610729245455,0.597216066665782
voiced,MaxAbsScaler,False,knn,68,0.5199524842646286,0.5356070392289557
voiced,MaxAbsScaler,False,gaussianNB,68,0.5268663112662164,0.5268663112662164
voiced,MaxAbsScaler,False,lda,68,0.5667097813634816,0.5667097813634816
voiced,MaxAbsScaler,False,qda,68,0.5377450980392157,0.49703517071164127
voiced,MaxAbsScaler,False,dt,68,0.5543537937394674,0.5543537937394674
voiced,MaxAbsScaler,False,rf,68,0.577625009399203,0.577625009399203
voiced,MaxAbsScaler,False,adaboost,68,0.5582932263814616,0.5582932263814616
voiced,MaxAbsScaler,False,mlp,68,0.5752908223970843,0.6094266375623112
svd,MaxAbsScaler,True,svm,69,0.8266524823776733,0.827672340382264
svd,MaxAbsScaler,True,knn,69,0.7163683735384936,0.7199375578982995
svd,MaxAbsScaler,True,gaussianNB,69,0.6596847481852934,0.6596847481852934
svd,MaxAbsScaler,True,lda,69,0.825055656811382,0.825055656811382
svd,MaxAbsScaler,True,qda,69,0.7335426151456685,0.7385088393976071
svd,MaxAbsScaler,True,dt,69,0.7789934583773188,0.7789934583773188
svd,MaxAbsScaler,True,rf,69,0.8233575621034728,0.8233575621034728
svd,MaxAbsScaler,True,adaboost,69,0.8140071651358458,0.8140071651358458
svd,MaxAbsScaler,True,mlp,69,0.7777301833027024,0.7781744718385939
voiced,MaxAbsScaler,True,svm,69,0.5459677419354838,0.6111876832844574
voiced,MaxAbsScaler,True,knn,69,0.5760166177908114,0.5481573802541545
voiced,MaxAbsScaler,True,gaussianNB,69,0.5456598240469208,0.5456598240469208
voiced,MaxAbsScaler,True,lda,69,0.4686705767350928,0.4686705767350928
voiced,MaxAbsScaler,True,qda,69,0.46844086021505377,0.4683333333333334
voiced,MaxAbsScaler,True,dt,69,0.5601466275659824,0.5601466275659824
voiced,MaxAbsScaler,True,rf,69,0.5623558162267839,0.5623558162267839
voiced,MaxAbsScaler,True,adaboost,69,0.5658846529814272,0.5658846529814272
voiced,MaxAbsScaler,True,mlp,69,0.5999511241446726,0.6286119257087
svd,MaxAbsScaler,False,svm,69,0.8278243771682308,0.8398421261760702
svd,MaxAbsScaler,False,knn,69,0.7272306149246586,0.7248431606578013
svd,MaxAbsScaler,False,gaussianNB,69,0.6569184694502018,0.6569184694502018
svd,MaxAbsScaler,False,lda,69,0.8180192293418335,0.8180192293418335
svd,MaxAbsScaler,False,qda,69,0.7358903022405805,0.7282852162322769
svd,MaxAbsScaler,False,dt,69,0.7969054348185642,0.7969054348185642
svd,MaxAbsScaler,False,rf,69,0.8242495745294798,0.8242495745294798
svd,MaxAbsScaler,False,adaboost,69,0.8128364828771868,0.8128364828771868
svd,MaxAbsScaler,False,mlp,69,0.7797406898881692,0.793799356095952
voiced,MaxAbsScaler,False,svm,69,0.5880243725743219,0.6104037994149556
voiced,MaxAbsScaler,False,knn,69,0.5457889305087582,0.5534326086696777
voiced,MaxAbsScaler,False,gaussianNB,69,0.5729194341009757,0.5729194341009757
voiced,MaxAbsScaler,False,lda,69,0.4680771611641287,0.4680771611641287
voiced,MaxAbsScaler,False,qda,69,0.4957086713995943,0.4827779321098287
voiced,MaxAbsScaler,False,dt,69,0.5517079849001755,0.5517079849001755
voiced,MaxAbsScaler,False,rf,69,0.5383411629760514,0.5383411629760514
voiced,MaxAbsScaler,False,adaboost,69,0.4966772619865926,0.4966772619865926
voiced,MaxAbsScaler,False,mlp,69,0.5668847598183298,0.5603056723442119
svd,MaxAbsScaler,True,svm,70,0.8288352541678604,0.830088123435997
svd,MaxAbsScaler,True,knn,70,0.710217855572272,0.7190435101067598
svd,MaxAbsScaler,True,gaussianNB,70,0.6592007683338108,0.6592007683338108
svd,MaxAbsScaler,True,lda,70,0.822680367614937,0.822680367614937
svd,MaxAbsScaler,True,qda,70,0.7455129221923115,0.742406757183202
svd,MaxAbsScaler,True,dt,70,0.8015738387385062,0.8015738387385062
svd,MaxAbsScaler,True,rf,70,0.8144308781004528,0.8144308781004528
svd,MaxAbsScaler,True,adaboost,70,0.8041046267436671,0.8041046267436671
svd,MaxAbsScaler,True,mlp,70,0.777467944632612,0.7898309396891732
voiced,MaxAbsScaler,True,svm,70,0.5627468230694037,0.5636559139784947
voiced,MaxAbsScaler,True,knn,70,0.5123998044965786,0.5122482893450636
voiced,MaxAbsScaler,True,gaussianNB,70,0.5490566959921799,0.5490566959921799
voiced,MaxAbsScaler,True,lda,70,0.4713734115347018,0.4713734115347018
voiced,MaxAbsScaler,True,qda,70,0.4887194525904204,0.4929618768328446
voiced,MaxAbsScaler,True,dt,70,0.5948240469208211,0.5948240469208211
voiced,MaxAbsScaler,True,rf,70,0.554652981427175,0.554652981427175
voiced,MaxAbsScaler,True,adaboost,70,0.5736999022482893,0.5736999022482893
voiced,MaxAbsScaler,True,mlp,70,0.5910361681329424,0.5752785923753665
svd,MaxAbsScaler,False,svm,70,0.8234038507210399,0.8273544389970267
svd,MaxAbsScaler,False,knn,70,0.7126183514556474,0.7169931636014574
svd,MaxAbsScaler,False,gaussianNB,70,0.6652718872139977,0.660804294621405
svd,MaxAbsScaler,False,lda,70,0.8166647326417047,0.8166647326417047
svd,MaxAbsScaler,False,qda,70,0.73619763160748,0.7436095178913875
svd,MaxAbsScaler,False,dt,70,0.7981913478723996,0.7981913478723996
svd,MaxAbsScaler,False,rf,70,0.8184607516638712,0.8184607516638712
svd,MaxAbsScaler,False,adaboost,70,0.8236874423837237,0.8236874423837237
svd,MaxAbsScaler,False,mlp,70,0.7817146382133052,0.784144215175959
voiced,MaxAbsScaler,False,svm,70,0.5961418536418537,0.6113641313641314
voiced,MaxAbsScaler,False,knn,70,0.4709645872145872,0.45500344250344255
voiced,MaxAbsScaler,False,gaussianNB,70,0.5287478174978174,0.5287478174978174
voiced,MaxAbsScaler,False,lda,70,0.553458410958411,0.553458410958411
voiced,MaxAbsScaler,False,qda,70,0.48408882783882784,0.4872683172683173
voiced,MaxAbsScaler,False,dt,70,0.6481914931914933,0.6481914931914933
voiced,MaxAbsScaler,False,rf,70,0.5460019597519598,0.5460019597519598
voiced,MaxAbsScaler,False,adaboost,70,0.5546663246663247,0.5546663246663247
voiced,MaxAbsScaler,False,mlp,70,0.5677115452115451,0.5841513554013554
svd,MaxAbsScaler,True,svm,71,0.8357625090285941,0.8396059574740056
svd,MaxAbsScaler,True,knn,71,0.7236763781474795,0.718402500807081
svd,MaxAbsScaler,True,gaussianNB,71,0.6591888300721452,0.6591888300721452
svd,MaxAbsScaler,True,lda,71,0.8222345048626402,0.8222345048626402
svd,MaxAbsScaler,True,qda,71,0.7338501211620077,0.738553765391279
svd,MaxAbsScaler,True,dt,71,0.7972882878662595,0.7972882878662595
svd,MaxAbsScaler,True,rf,71,0.8213603771728091,0.8213603771728091
svd,MaxAbsScaler,True,adaboost,71,0.8165125314525532,0.8165125314525532
svd,MaxAbsScaler,True,mlp,71,0.7814254320742869,0.780702910321231
voiced,MaxAbsScaler,True,svm,71,0.5592815249266863,0.5517497556207235
voiced,MaxAbsScaler,True,knn,71,0.5177908113391985,0.5520332355816228
voiced,MaxAbsScaler,True,gaussianNB,71,0.5494232649071359,0.5494232649071359
voiced,MaxAbsScaler,True,lda,71,0.42572336265884647,0.42572336265884647
voiced,MaxAbsScaler,True,qda,71,0.48984848484848487,0.49333333333333335
voiced,MaxAbsScaler,True,dt,71,0.5243695014662756,0.5243695014662756
voiced,MaxAbsScaler,True,rf,71,0.518939393939394,0.518939393939394
voiced,MaxAbsScaler,True,adaboost,71,0.5920967741935483,0.5920967741935483
voiced,MaxAbsScaler,True,mlp,71,0.5601026392961878,0.5517693059628543
svd,MaxAbsScaler,False,svm,71,0.8281450872631997,0.8316173495231938
svd,MaxAbsScaler,False,knn,71,0.7150463753528387,0.7298096543747751
svd,MaxAbsScaler,False,gaussianNB,71,0.6582117361021386,0.6582117361021386
svd,MaxAbsScaler,False,lda,71,0.8205757667879588,0.8205757667879588
svd,MaxAbsScaler,False,qda,71,0.738131928391299,0.7354453560934442
svd,MaxAbsScaler,False,dt,71,0.7906998263765154,0.7906998263765154
svd,MaxAbsScaler,False,rf,71,0.8166100939948796,0.8173619736941278
svd,MaxAbsScaler,False,adaboost,71,0.8106938127158909,0.8106938127158909
svd,MaxAbsScaler,False,mlp,71,0.7921369146032538,0.7958873801593901
voiced,MaxAbsScaler,False,svm,71,0.5981092994226869,0.5909298122431996
voiced,MaxAbsScaler,False,knn,71,0.5520807003172623,0.5039358389244291
voiced,MaxAbsScaler,False,gaussianNB,71,0.5622554545690954,0.5622554545690954
voiced,MaxAbsScaler,False,lda,71,0.6043173987101472,0.6043173987101472
voiced,MaxAbsScaler,False,qda,71,0.4710416666666667,0.48382352941176465
voiced,MaxAbsScaler,False,dt,71,0.5698579146512717,0.5698579146512717
voiced,MaxAbsScaler,False,rf,71,0.5565470757268425,0.5565470757268425
voiced,MaxAbsScaler,False,adaboost,71,0.5870853487283508,0.5870853487283508
voiced,MaxAbsScaler,False,mlp,71,0.5457444934207104,0.5582229416965726
svd,MaxAbsScaler,True,svm,72,0.8345135943663753,0.8311028084964835
svd,MaxAbsScaler,True,knn,72,0.721529179653498,0.7190909926133482
svd,MaxAbsScaler,True,gaussianNB,72,0.6624666391405759,0.6624666391405759
svd,MaxAbsScaler,True,lda,72,0.8272681317228756,0.8272681317228756
svd,MaxAbsScaler,True,qda,72,0.7356161232442584,0.7431404291818687
svd,MaxAbsScaler,True,dt,72,0.7759173069751041,0.7759173069751041
svd,MaxAbsScaler,True,rf,72,0.8215616789608067,0.8215616789608067
svd,MaxAbsScaler,True,adaboost,72,0.8152486463009909,0.8152486463009909
svd,MaxAbsScaler,True,mlp,72,0.7839460648402852,0.7890740920293811
voiced,MaxAbsScaler,True,svm,72,0.5751026392961875,0.5917693059628544
voiced,MaxAbsScaler,True,knn,72,0.5349951124144672,0.5412756598240469
voiced,MaxAbsScaler,True,gaussianNB,72,0.549594330400782,0.549594330400782
voiced,MaxAbsScaler,True,lda,72,0.5480596285434995,0.5480596285434995
voiced,MaxAbsScaler,True,qda,72,0.5139393939393939,0.47715542521994136
voiced,MaxAbsScaler,True,dt,72,0.6106011730205279,0.6106011730205279
voiced,MaxAbsScaler,True,rf,72,0.5280938416422287,0.5280938416422287
voiced,MaxAbsScaler,True,adaboost,72,0.5502199413489737,0.5502199413489737
voiced,MaxAbsScaler,True,mlp,72,0.5793010752688172,0.5841935483870968
svd,MaxAbsScaler,False,svm,72,0.8281854560103776,0.8292923583672799
svd,MaxAbsScaler,False,knn,72,0.7202011765400501,0.7202992542360729
svd,MaxAbsScaler,False,gaussianNB,72,0.6619638566330736,0.6619638566330736
svd,MaxAbsScaler,False,lda,72,0.8232458772146801,0.8232458772146801
svd,MaxAbsScaler,False,qda,72,0.7347431825350497,0.7401337548359221
svd,MaxAbsScaler,False,dt,72,0.7913704934399003,0.7913704934399003
svd,MaxAbsScaler,False,rf,72,0.8237965102759958,0.8237965102759958
svd,MaxAbsScaler,False,adaboost,72,0.8205771118383666,0.8205771118383666
svd,MaxAbsScaler,False,mlp,72,0.7682039018410255,0.7739595291603006
voiced,MaxAbsScaler,False,svm,72,0.6173780923780925,0.5688407157157157
voiced,MaxAbsScaler,False,knn,72,0.5191462891462891,0.5481710281710283
voiced,MaxAbsScaler,False,gaussianNB,72,0.5743497962247963,0.5743497962247963
voiced,MaxAbsScaler,False,lda,72,0.5699521843271842,0.5699521843271842
voiced,MaxAbsScaler,False,qda,72,0.4732375232375232,0.5
voiced,MaxAbsScaler,False,dt,72,0.5719531138281139,0.5719531138281139
voiced,MaxAbsScaler,False,rf,72,0.5591243922493921,0.5591243922493921
voiced,MaxAbsScaler,False,adaboost,72,0.5974184899184899,0.5974184899184899
voiced,MaxAbsScaler,False,mlp,72,0.5972930966680966,0.57692076004576
svd,MaxAbsScaler,True,svm,73,0.824756355966825,0.824261300313645
svd,MaxAbsScaler,True,knn,73,0.7177893625821652,0.725207881903629
svd,MaxAbsScaler,True,gaussianNB,73,0.6637700667199031,0.6635072343142137
svd,MaxAbsScaler,True,lda,73,0.8295141881019743,0.8295141881019743
svd,MaxAbsScaler,True,qda,73,0.7325420381145571,0.7345065022218785
svd,MaxAbsScaler,True,dt,73,0.7850449804648278,0.7850449804648278
svd,MaxAbsScaler,True,rf,73,0.8204981732190021,0.8204981732190021
svd,MaxAbsScaler,True,adaboost,73,0.8187104516711932,0.8187104516711932
svd,MaxAbsScaler,True,mlp,73,0.7766562118361465,0.7679981432598663
voiced,MaxAbsScaler,True,svm,73,0.5615542521994135,0.6014467253176929
voiced,MaxAbsScaler,True,knn,73,0.4723509286412512,0.49724340175953075
voiced,MaxAbsScaler,True,gaussianNB,73,0.5677761485826003,0.5677761485826003
voiced,MaxAbsScaler,True,lda,73,0.5396432062561095,0.5396432062561095
voiced,MaxAbsScaler,True,qda,73,0.5015786901270772,0.5064222873900294
voiced,MaxAbsScaler,True,dt,73,0.6174877810361681,0.6174877810361681
voiced,MaxAbsScaler,True,rf,73,0.5515542521994135,0.5515542521994135
voiced,MaxAbsScaler,True,adaboost,73,0.5647165200391007,0.5647165200391007
voiced,MaxAbsScaler,True,mlp,73,0.6350830889540567,0.5903421309872922
svd,MaxAbsScaler,False,svm,73,0.8327636999822878,0.8354965418372184
svd,MaxAbsScaler,False,knn,73,0.7278817519254701,0.7281929845799828
svd,MaxAbsScaler,False,gaussianNB,73,0.6632705821488003,0.6632705821488003
svd,MaxAbsScaler,False,lda,73,0.8298353175579031,0.8298353175579031
svd,MaxAbsScaler,False,qda,73,0.7418286441068418,0.7382764564998269
svd,MaxAbsScaler,False,dt,73,0.7888215333769415,0.7888215333769415
svd,MaxAbsScaler,False,rf,73,0.8150977285015303,0.8150977285015303
svd,MaxAbsScaler,False,adaboost,73,0.7996009551902968,0.7996009551902968
svd,MaxAbsScaler,False,mlp,73,0.7767938305339039,0.796227009373667
voiced,MaxAbsScaler,False,svm,73,0.5596144129694889,0.589797627832495
voiced,MaxAbsScaler,False,knn,73,0.5354072417497464,0.5108782867985904
voiced,MaxAbsScaler,False,gaussianNB,73,0.538114978966497,0.538114978966497
voiced,MaxAbsScaler,False,lda,73,0.5656568514502576,0.5656568514502576
voiced,MaxAbsScaler,False,qda,73,0.5442467659106655,0.4905241935483871
voiced,MaxAbsScaler,False,dt,73,0.595162162535265,0.595162162535265
voiced,MaxAbsScaler,False,rf,73,0.504530592703031,0.504530592703031
voiced,MaxAbsScaler,False,adaboost,73,0.5529038030983002,0.5529038030983002
voiced,MaxAbsScaler,False,mlp,73,0.5709533284640022,0.5388008958063513
svd,MaxAbsScaler,True,svm,74,0.8260786214875637,0.8235436119678212
svd,MaxAbsScaler,True,knn,74,0.7259467268463997,0.7297702097974726
svd,MaxAbsScaler,True,gaussianNB,74,0.659615351932691,0.6591051478510584
svd,MaxAbsScaler,True,lda,74,0.8214319431931209,0.8214319431931209
svd,MaxAbsScaler,True,qda,74,0.7356190955536649,0.7367916579966745
svd,MaxAbsScaler,True,dt,74,0.796967523570577,0.796967523570577
svd,MaxAbsScaler,True,rf,74,0.8136655710701511,0.8157168531214332
svd,MaxAbsScaler,True,adaboost,74,0.8134460741003817,0.8134460741003817
svd,MaxAbsScaler,True,mlp,74,0.7771438939105242,0.7933740033140252
voiced,MaxAbsScaler,True,svm,74,0.6360361681329424,0.5911876832844575
voiced,MaxAbsScaler,True,knn,74,0.5186950146627566,0.49854349951124155
voiced,MaxAbsScaler,True,gaussianNB,74,0.556217008797654,0.556217008797654
voiced,MaxAbsScaler,True,lda,74,0.5508797653958944,0.5508797653958944
voiced,MaxAbsScaler,True,qda,74,0.4955620723362659,0.4966666666666667
voiced,MaxAbsScaler,True,dt,74,0.5744330400782014,0.5744330400782014
voiced,MaxAbsScaler,True,rf,74,0.5306256109481916,0.5306256109481916
voiced,MaxAbsScaler,True,adaboost,74,0.601989247311828,0.601989247311828
voiced,MaxAbsScaler,True,mlp,74,0.5935679374389051,0.5547360703812317
svd,MaxAbsScaler,False,svm,74,0.8298338969290688,0.8283614718237832
svd,MaxAbsScaler,False,knn,74,0.7305435394902047,0.7300969236835083
svd,MaxAbsScaler,False,gaussianNB,74,0.6560147449180844,0.6560147449180844
svd,MaxAbsScaler,False,lda,74,0.8207133547633495,0.8207133547633495
svd,MaxAbsScaler,False,qda,74,0.7386896505457834,0.7353049969181472
svd,MaxAbsScaler,False,dt,74,0.7780912825674716,0.7780912825674716
svd,MaxAbsScaler,False,rf,74,0.816110126854864,0.816110126854864
svd,MaxAbsScaler,False,adaboost,74,0.8266592979826954,0.8266592979826954
svd,MaxAbsScaler,False,mlp,74,0.7837732466679451,0.7835134400074241
voiced,MaxAbsScaler,False,svm,74,0.6635178441630054,0.610013015658177
voiced,MaxAbsScaler,False,knn,74,0.5428135484587098,0.5085480827416312
voiced,MaxAbsScaler,False,gaussianNB,74,0.5568658044464495,0.5568658044464495
voiced,MaxAbsScaler,False,lda,74,0.54079567386019,0.54079567386019
voiced,MaxAbsScaler,False,qda,74,0.5649068673262222,0.47655677655677664
voiced,MaxAbsScaler,False,dt,74,0.5699720530365692,0.5699720530365692
voiced,MaxAbsScaler,False,rf,74,0.5525858550052098,0.5525858550052098
voiced,MaxAbsScaler,False,adaboost,74,0.5461854453789938,0.5461854453789938
voiced,MaxAbsScaler,False,mlp,74,0.5932103738555351,0.5929803171738656
svd,MaxAbsScaler,True,svm,75,0.8273699492074629,0.8253393607483028
svd,MaxAbsScaler,True,knn,75,0.7104438218996562,0.7226877393780338
svd,MaxAbsScaler,True,gaussianNB,75,0.6625453844592339,0.6625453844592339
svd,MaxAbsScaler,True,lda,75,0.8280458509138988,0.8280458509138988
svd,MaxAbsScaler,True,qda,75,0.737732816075237,0.7376567162390499
svd,MaxAbsScaler,True,dt,75,0.8015832204872553,0.8015832204872553
svd,MaxAbsScaler,True,rf,75,0.8142568572830295,0.8142568572830295
svd,MaxAbsScaler,True,adaboost,75,0.8167359848439455,0.8167359848439455
svd,MaxAbsScaler,True,mlp,75,0.7880701849949396,0.7806352244629234
voiced,MaxAbsScaler,True,svm,75,0.5827468230694037,0.6100635386119257
voiced,MaxAbsScaler,True,knn,75,0.5365542521994136,0.5266617790811339
voiced,MaxAbsScaler,True,gaussianNB,75,0.5583186705767351,0.5583186705767351
voiced,MaxAbsScaler,True,lda,75,0.4994281524926686,0.4994281524926686
voiced,MaxAbsScaler,True,qda,75,0.5318181818181819,0.46953567937438906
voiced,MaxAbsScaler,True,dt,75,0.5655767350928642,0.5655767350928642
voiced,MaxAbsScaler,True,rf,75,0.5603030303030303,0.5603030303030303
voiced,MaxAbsScaler,True,adaboost,75,0.5986559139784946,0.5986559139784946
voiced,MaxAbsScaler,True,mlp,75,0.5979814271749756,0.5524828934506354
svd,MaxAbsScaler,False,svm,75,0.8282444829279875,0.8289692127353092
svd,MaxAbsScaler,False,knn,75,0.7236965917080328,0.7290224895785509
svd,MaxAbsScaler,False,gaussianNB,75,0.6650718618246378,0.6650718618246378
svd,MaxAbsScaler,False,lda,75,0.8159385289561566,0.8159385289561566
svd,MaxAbsScaler,False,qda,75,0.7422374902604467,0.7457348280250056
svd,MaxAbsScaler,False,dt,75,0.7867795633311826,0.7867795633311826
svd,MaxAbsScaler,False,rf,75,0.8269421719785808,0.8269421719785808
svd,MaxAbsScaler,False,adaboost,75,0.8179907541828341,0.8179907541828341
svd,MaxAbsScaler,False,mlp,75,0.7928085640903063,0.7721511457429637
voiced,MaxAbsScaler,False,svm,75,0.5733815537910365,0.6027844306077065
voiced,MaxAbsScaler,False,knn,75,0.5283023609532231,0.549096731812249
voiced,MaxAbsScaler,False,gaussianNB,75,0.5601033497154188,0.5601033497154188
voiced,MaxAbsScaler,False,lda,75,0.49998880429914905,0.49998880429914905
voiced,MaxAbsScaler,False,qda,75,0.5134567539739954,0.5036538461538462
voiced,MaxAbsScaler,False,dt,75,0.571513376470273,0.571513376470273
voiced,MaxAbsScaler,False,rf,75,0.5219014486471384,0.5219014486471384
voiced,MaxAbsScaler,False,adaboost,75,0.6326408242141001,0.6326408242141001
voiced,MaxAbsScaler,False,mlp,75,0.6018973794404829,0.5831318513861617
svd,MaxAbsScaler,True,svm,76,0.8212405569712005,0.8256046752229957
svd,MaxAbsScaler,True,knn,76,0.7237622882388421,0.7138187348819847
svd,MaxAbsScaler,True,gaussianNB,76,0.6635324326709278,0.6630222285892952
svd,MaxAbsScaler,True,lda,76,0.8260190227802007,0.8260190227802007
svd,MaxAbsScaler,True,qda,76,0.7412820785176294,0.7398593790796626
svd,MaxAbsScaler,True,dt,76,0.7908593750851113,0.7908593750851113
svd,MaxAbsScaler,True,rf,76,0.8230869838994158,0.8230869838994158
svd,MaxAbsScaler,True,adaboost,76,0.8195935870745032,0.8195935870745032
svd,MaxAbsScaler,True,mlp,76,0.7756595294926811,0.7781261250563323
voiced,MaxAbsScaler,True,svm,76,0.578264907135875,0.5964027370478984
voiced,MaxAbsScaler,True,knn,76,0.5394330400782014,0.5419648093841642
voiced,MaxAbsScaler,True,gaussianNB,76,0.5550928641251222,0.5550928641251222
voiced,MaxAbsScaler,True,lda,76,0.5824584555229716,0.5824584555229716
voiced,MaxAbsScaler,True,qda,76,0.4939980449657869,0.4902150537634409
voiced,MaxAbsScaler,True,dt,76,0.5381573802541545,0.5381573802541545
voiced,MaxAbsScaler,True,rf,76,0.5569208211143695,0.5569208211143695
voiced,MaxAbsScaler,True,adaboost,76,0.5754105571847508,0.5754105571847508
voiced,MaxAbsScaler,True,mlp,76,0.600386119257087,0.5812952101661779
svd,MaxAbsScaler,False,svm,76,0.8233076081179016,0.8263942284556232
svd,MaxAbsScaler,False,knn,76,0.7215039649166833,0.7255227719197841
svd,MaxAbsScaler,False,gaussianNB,76,0.6602322845163676,0.6602322845163676
svd,MaxAbsScaler,False,lda,76,0.8185715655328487,0.8185715655328487
svd,MaxAbsScaler,False,qda,76,0.7325619219885917,0.7305613574781991
svd,MaxAbsScaler,False,dt,76,0.7942064975275989,0.7942064975275989
svd,MaxAbsScaler,False,rf,76,0.8133472795620051,0.8133472795620051
svd,MaxAbsScaler,False,adaboost,76,0.813219854187347,0.813219854187347
svd,MaxAbsScaler,False,mlp,76,0.7600329747382464,0.7807363164957025
voiced,MaxAbsScaler,False,svm,76,0.579264173998045,0.5958262463343108
voiced,MaxAbsScaler,False,knn,76,0.568968963831867,0.4984176441837732
voiced,MaxAbsScaler,False,gaussianNB,76,0.5599149560117301,0.5599149560117301
voiced,MaxAbsScaler,False,lda,76,0.5091402737047899,0.5091402737047899
voiced,MaxAbsScaler,False,qda,76,0.48378885630498536,0.49442815249266864
voiced,MaxAbsScaler,False,dt,76,0.600367302052786,0.600367302052786
voiced,MaxAbsScaler,False,rf,76,0.5254039589442815,0.5254039589442815
voiced,MaxAbsScaler,False,adaboost,76,0.6009293743890518,0.6009293743890518
voiced,MaxAbsScaler,False,mlp,76,0.5390672043010752,0.5411383186705767
svd,MaxAbsScaler,True,svm,77,0.8316215899694633,0.8334508766406257
svd,MaxAbsScaler,True,knn,77,0.7190118006312117,0.7152110775447744
svd,MaxAbsScaler,True,gaussianNB,77,0.6617136861684298,0.6617136861684298
svd,MaxAbsScaler,True,lda,77,0.8168290905750013,0.8168290905750013
svd,MaxAbsScaler,True,qda,77,0.7388802092128156,0.7423692646866039
svd,MaxAbsScaler,True,dt,77,0.799667159449057,0.799667159449057
svd,MaxAbsScaler,True,rf,77,0.8207017192186221,0.8207017192186221
svd,MaxAbsScaler,True,adaboost,77,0.818939746186202,0.818939746186202
svd,MaxAbsScaler,True,mlp,77,0.7888031724727472,0.7829480007451654
voiced,MaxAbsScaler,True,svm,77,0.5837194525904204,0.6096285434995112
voiced,MaxAbsScaler,True,knn,77,0.5498435972629522,0.5235874877810361
voiced,MaxAbsScaler,True,gaussianNB,77,0.5457820136852395,0.5457820136852395
voiced,MaxAbsScaler,True,lda,77,0.5444281524926686,0.5444281524926686
voiced,MaxAbsScaler,True,qda,77,0.5298240469208212,0.4603030303030303
voiced,MaxAbsScaler,True,dt,77,0.6053421309872923,0.6053421309872923
voiced,MaxAbsScaler,True,rf,77,0.556969696969697,0.556969696969697
voiced,MaxAbsScaler,True,adaboost,77,0.5689149560117301,0.5689149560117301
voiced,MaxAbsScaler,True,mlp,77,0.5740420332355816,0.5932404692082112
svd,MaxAbsScaler,False,svm,77,0.8242066436865019,0.8302146996999309
svd,MaxAbsScaler,False,knn,77,0.7114912881889849,0.7081404667500795
svd,MaxAbsScaler,False,gaussianNB,77,0.6597736006798812,0.6597736006798812
svd,MaxAbsScaler,False,lda,77,0.8160997059914873,0.8160997059914873
svd,MaxAbsScaler,False,qda,77,0.7314519278563715,0.7370343141638577
svd,MaxAbsScaler,False,dt,77,0.8047527608913787,0.8047527608913787
svd,MaxAbsScaler,False,rf,77,0.8112513549534885,0.8112513549534885
svd,MaxAbsScaler,False,adaboost,77,0.8216284372264646,0.8216284372264646
svd,MaxAbsScaler,False,mlp,77,0.7854806057870197,0.7860268770561305
voiced,MaxAbsScaler,False,svm,77,0.5650773867709351,0.5445470837406321
voiced,MaxAbsScaler,False,knn,77,0.5600716845878135,0.521068752036494
voiced,MaxAbsScaler,False,gaussianNB,77,0.5506932225480614,0.5506932225480614
voiced,MaxAbsScaler,False,lda,77,0.5426520582165744,0.5426520582165744
voiced,MaxAbsScaler,False,qda,77,0.5236510263929619,0.5034172368849787
voiced,MaxAbsScaler,False,dt,77,0.5801493428912784,0.5801493428912784
voiced,MaxAbsScaler,False,rf,77,0.5141310959052895,0.5141310959052895
voiced,MaxAbsScaler,False,adaboost,77,0.5558716194200064,0.5558716194200064
voiced,MaxAbsScaler,False,mlp,77,0.5570432822852178,0.5871901813837297
svd,MaxAbsScaler,True,svm,78,0.8262527621415299,0.8328660597853619
svd,MaxAbsScaler,True,knn,78,0.7227289922000936,0.7201950829977003
svd,MaxAbsScaler,True,gaussianNB,78,0.6609805806697846,0.6609805806697846
svd,MaxAbsScaler,True,lda,78,0.8259932306878872,0.8259932306878872
svd,MaxAbsScaler,True,qda,78,0.7313421384141121,0.7307100024657277
svd,MaxAbsScaler,True,dt,78,0.7921211939641601,0.7921211939641601
svd,MaxAbsScaler,True,rf,78,0.8165636562637653,0.8188363835364927
svd,MaxAbsScaler,True,adaboost,78,0.8102187361892923,0.8102187361892923
svd,MaxAbsScaler,True,mlp,78,0.7911491743443761,0.7908422784049829
voiced,MaxAbsScaler,True,svm,78,0.5845845552297165,0.6004936461388073
voiced,MaxAbsScaler,True,knn,78,0.514652981427175,0.48556207233626586
voiced,MaxAbsScaler,True,gaussianNB,78,0.5584261974584555,0.5584261974584555
voiced,MaxAbsScaler,True,lda,78,0.5520723362658847,0.5520723362658847
voiced,MaxAbsScaler,True,qda,78,0.4740909090909091,0.5178787878787878
voiced,MaxAbsScaler,True,dt,78,0.5849511241446725,0.5849511241446725
voiced,MaxAbsScaler,True,rf,78,0.5639589442815249,0.5639589442815249
voiced,MaxAbsScaler,True,adaboost,78,0.5706451612903225,0.5706451612903225
voiced,MaxAbsScaler,True,mlp,78,0.6005131964809385,0.5888465298142718
svd,MaxAbsScaler,False,svm,78,0.8364130916156911,0.8306499377725451
svd,MaxAbsScaler,False,knn,78,0.7310782913900269,0.7205467096869994
svd,MaxAbsScaler,False,gaussianNB,78,0.6616454827069955,0.6616454827069955
svd,MaxAbsScaler,False,lda,78,0.827437100724936,0.827437100724936
svd,MaxAbsScaler,False,qda,78,0.7409096117813982,0.7420861463603725
svd,MaxAbsScaler,False,dt,78,0.8040544590950832,0.8040544590950832
svd,MaxAbsScaler,False,rf,78,0.8247696407061456,0.8247696407061456
svd,MaxAbsScaler,False,adaboost,78,0.8135316777274992,0.8135316777274992
svd,MaxAbsScaler,False,mlp,78,0.7874613540806739,0.7943786548069962
voiced,MaxAbsScaler,False,svm,78,0.583727278545827,0.614188748079877
voiced,MaxAbsScaler,False,knn,78,0.5243836405529955,0.5176376088069636
voiced,MaxAbsScaler,False,gaussianNB,78,0.5585512672811059,0.5585512672811059
voiced,MaxAbsScaler,False,lda,78,0.5596569380440348,0.5596569380440348
voiced,MaxAbsScaler,False,qda,78,0.4986011904761905,0.5299193548387097
voiced,MaxAbsScaler,False,dt,78,0.6388360855094726,0.6388360855094726
voiced,MaxAbsScaler,False,rf,78,0.543247567844342,0.543247567844342
voiced,MaxAbsScaler,False,adaboost,78,0.60905273937532,0.60905273937532
voiced,MaxAbsScaler,False,mlp,78,0.5688482462877624,0.5735867895545315
svd,MaxAbsScaler,True,svm,79,0.829310760123192,0.8342413802119364
svd,MaxAbsScaler,True,knn,79,0.7202099935687722,0.7239488138179523
svd,MaxAbsScaler,True,gaussianNB,79,0.663441749090604,0.663441749090604
svd,MaxAbsScaler,True,lda,79,0.8246779084238189,0.8246779084238189
svd,MaxAbsScaler,True,qda,79,0.7397271902942568,0.7405728913035347
svd,MaxAbsScaler,True,dt,79,0.781688916318142,0.781688916318142
svd,MaxAbsScaler,True,rf,79,0.8098068997523742,0.8098068997523742
svd,MaxAbsScaler,True,adaboost,79,0.8180040007248295,0.8180040007248295
svd,MaxAbsScaler,True,mlp,79,0.7778486943808645,0.7740479712944272
voiced,MaxAbsScaler,True,svm,79,0.5953225806451613,0.5599315738025415
voiced,MaxAbsScaler,True,knn,79,0.5571603128054742,0.5406451612903226
voiced,MaxAbsScaler,True,gaussianNB,79,0.5430351906158357,0.5430351906158357
voiced,MaxAbsScaler,True,lda,79,0.4753372434017595,0.4753372434017595
voiced,MaxAbsScaler,True,qda,79,0.49062072336265883,0.4944965786901271
voiced,MaxAbsScaler,True,dt,79,0.604843597262952,0.604843597262952
voiced,MaxAbsScaler,True,rf,79,0.5572482893450635,0.5572482893450635
voiced,MaxAbsScaler,True,adaboost,79,0.5652101661779081,0.5652101661779081
voiced,MaxAbsScaler,True,mlp,79,0.5497360703812316,0.5582209188660803
svd,MaxAbsScaler,False,svm,79,0.8314366070774286,0.8276897154666362
svd,MaxAbsScaler,False,knn,79,0.7207086342494191,0.7092557803456572
svd,MaxAbsScaler,False,gaussianNB,79,0.6590901633621737,0.6590901633621737
svd,MaxAbsScaler,False,lda,79,0.8262520294460195,0.8262520294460195
svd,MaxAbsScaler,False,qda,79,0.7393749108753893,0.7376954895872838
svd,MaxAbsScaler,False,dt,79,0.7884033427686958,0.7884033427686958
svd,MaxAbsScaler,False,rf,79,0.8223797524578057,0.8223797524578057
svd,MaxAbsScaler,False,adaboost,79,0.8237995026020954,0.8237995026020954
svd,MaxAbsScaler,False,mlp,79,0.7753960762677806,0.7816150370814079
voiced,MaxAbsScaler,False,svm,79,0.5360640971931294,0.5434450495740819
voiced,MaxAbsScaler,False,knn,79,0.5125233905879067,0.5273257924870828
voiced,MaxAbsScaler,False,gaussianNB,79,0.54309104873621,0.54309104873621
voiced,MaxAbsScaler,False,lda,79,0.5594763301214914,0.5594763301214914
voiced,MaxAbsScaler,False,qda,79,0.4887166596844016,0.49824046920821113
voiced,MaxAbsScaler,False,dt,79,0.599661360145231,0.599661360145231
voiced,MaxAbsScaler,False,rf,79,0.5729143974305264,0.5729143974305264
voiced,MaxAbsScaler,False,adaboost,79,0.5631140902108644,0.5631140902108644
voiced,MaxAbsScaler,False,mlp,79,0.5923229995810642,0.5710229018293534
svd,MaxAbsScaler,True,svm,80,0.8224712165333757,0.822254216158251
svd,MaxAbsScaler,True,knn,80,0.7190591487756155,0.7243610787612969
svd,MaxAbsScaler,True,gaussianNB,80,0.6622032565762119,0.6622032565762119
svd,MaxAbsScaler,True,lda,80,0.8262311025942433,0.8262311025942433
svd,MaxAbsScaler,True,qda,80,0.7378870656787778,0.7395231522385284
svd,MaxAbsScaler,True,dt,80,0.7891815726984757,0.7891815726984757
svd,MaxAbsScaler,True,rf,80,0.8180581141867946,0.8180581141867946
svd,MaxAbsScaler,True,adaboost,80,0.8106715421982598,0.8106715421982598
svd,MaxAbsScaler,True,mlp,80,0.7837749564139969,0.7848065583997972
voiced,MaxAbsScaler,True,svm,80,0.5677859237536657,0.573763440860215
voiced,MaxAbsScaler,True,knn,80,0.5189589442815249,0.5209481915933529
voiced,MaxAbsScaler,True,gaussianNB,80,0.5775610948191593,0.5775610948191593
voiced,MaxAbsScaler,True,lda,80,0.5520234604105572,0.5520234604105572
voiced,MaxAbsScaler,True,qda,80,0.48666666666666664,0.47575757575757577
voiced,MaxAbsScaler,True,dt,80,0.5778739002932551,0.5778739002932551
voiced,MaxAbsScaler,True,rf,80,0.5627663734115348,0.5627663734115348
voiced,MaxAbsScaler,True,adaboost,80,0.5718475073313783,0.5718475073313783
voiced,MaxAbsScaler,True,mlp,80,0.5615542521994135,0.5765102639296187
svd,MaxAbsScaler,False,svm,80,0.8235776866797616,0.8265267339200234
svd,MaxAbsScaler,False,knn,80,0.7162578402267514,0.7258723162289229
svd,MaxAbsScaler,False,gaussianNB,80,0.6601298547644374,0.6601298547644374
svd,MaxAbsScaler,False,lda,80,0.82529276744374,0.82529276744374
svd,MaxAbsScaler,False,qda,80,0.7393670836157819,0.738433938971421
svd,MaxAbsScaler,False,dt,80,0.7849834218306873,0.7849834218306873
svd,MaxAbsScaler,False,rf,80,0.8127396740301249,0.8127396740301249
svd,MaxAbsScaler,False,adaboost,80,0.8029595733178094,0.8029595733178094
svd,MaxAbsScaler,False,mlp,80,0.776726852215989,0.7806870042257399
voiced,MaxAbsScaler,False,svm,80,0.5955089355089356,0.5820459401709401
voiced,MaxAbsScaler,False,knn,80,0.5151160644910645,0.5459416278166278
voiced,MaxAbsScaler,False,gaussianNB,80,0.567693278943279,0.567693278943279
voiced,MaxAbsScaler,False,lda,80,0.5423217754467753,0.5423217754467753
voiced,MaxAbsScaler,False,qda,80,0.5441666666666667,0.4820770202020202
voiced,MaxAbsScaler,False,dt,80,0.62872668997669,0.62872668997669
voiced,MaxAbsScaler,False,rf,80,0.5912286324786324,0.5912286324786324
voiced,MaxAbsScaler,False,adaboost,80,0.5818235236985236,0.5818235236985236
voiced,MaxAbsScaler,False,mlp,80,0.5616263597513598,0.5633309052059052
svd,MaxAbsScaler,True,svm,81,0.8174073363931598,0.8191814256263548
svd,MaxAbsScaler,True,knn,81,0.7196106819389263,0.7137592269598813
svd,MaxAbsScaler,True,gaussianNB,81,0.6586782101940226,0.6586782101940226
svd,MaxAbsScaler,True,lda,81,0.8241813366568002,0.8241813366568002
svd,MaxAbsScaler,True,qda,81,0.74659584326978,0.7411923627081751
svd,MaxAbsScaler,True,dt,81,0.7754861768547701,0.7754861768547701
svd,MaxAbsScaler,True,rf,81,0.8211018116743307,0.8211018116743307
svd,MaxAbsScaler,True,adaboost,81,0.8195318785177019,0.8195318785177019
svd,MaxAbsScaler,True,mlp,81,0.7618346629742486,0.7775407580423938
voiced,MaxAbsScaler,True,svm,81,0.6028543499511241,0.5675708699902249
voiced,MaxAbsScaler,True,knn,81,0.5353225806451614,0.5295650048875855
voiced,MaxAbsScaler,True,gaussianNB,81,0.5432062561094819,0.5432062561094819
voiced,MaxAbsScaler,True,lda,81,0.4802932551319648,0.4802932551319648
voiced,MaxAbsScaler,True,qda,81,0.4665933528836755,0.463475073313783
voiced,MaxAbsScaler,True,dt,81,0.6128543499511242,0.6128543499511242
voiced,MaxAbsScaler,True,rf,81,0.5165347018572826,0.5165347018572826
voiced,MaxAbsScaler,True,adaboost,81,0.6000635386119257,0.6000635386119257
voiced,MaxAbsScaler,True,mlp,81,0.5559677419354838,0.5958162267839687
svd,MaxAbsScaler,False,svm,81,0.8204832133503178,0.8198111591417001
svd,MaxAbsScaler,False,knn,81,0.7167814271513657,0.7193641899393263
svd,MaxAbsScaler,False,gaussianNB,81,0.6594398862581986,0.6594398862581986
svd,MaxAbsScaler,False,lda,81,0.8226768991433809,0.8226768991433809
svd,MaxAbsScaler,False,qda,81,0.7378314602585597,0.7388845368682612
svd,MaxAbsScaler,False,dt,81,0.7957023157584041,0.7957023157584041
svd,MaxAbsScaler,False,rf,81,0.8163326554025481,0.8163326554025481
svd,MaxAbsScaler,False,adaboost,81,0.8160522066726896,0.8160522066726896
svd,MaxAbsScaler,False,mlp,81,0.788010069516908,0.7895443712510458
voiced,MaxAbsScaler,False,svm,81,0.5785679374389052,0.6139980449657869
voiced,MaxAbsScaler,False,knn,81,0.5524389051808406,0.520772238514174
voiced,MaxAbsScaler,False,gaussianNB,81,0.5470381231671554,0.5470381231671554
voiced,MaxAbsScaler,False,lda,81,0.44291300097751707,0.44291300097751707
voiced,MaxAbsScaler,False,qda,81,0.5013636363636363,0.52
voiced,MaxAbsScaler,False,dt,81,0.6110557184750733,0.6110557184750733
voiced,MaxAbsScaler,False,rf,81,0.5576392961876833,0.5576392961876833
voiced,MaxAbsScaler,False,adaboost,81,0.5665102639296187,0.5665102639296187
voiced,MaxAbsScaler,False,mlp,81,0.5878103616813294,0.5688269794721407
svd,MaxAbsScaler,True,svm,82,0.8318478522567944,0.8232406706343456
svd,MaxAbsScaler,True,knn,82,0.7183838135692007,0.7234680150819737
svd,MaxAbsScaler,True,gaussianNB,82,0.6621727654388506,0.6621727654388506
svd,MaxAbsScaler,True,lda,82,0.8242464060839196,0.8242464060839196
svd,MaxAbsScaler,True,qda,82,0.7398899737122202,0.7380102013580748
svd,MaxAbsScaler,True,dt,82,0.7939361946668381,0.7939361946668381
svd,MaxAbsScaler,True,rf,82,0.8259754059099753,0.8259754059099753
svd,MaxAbsScaler,True,adaboost,82,0.8145386728865465,0.8145386728865465
svd,MaxAbsScaler,True,mlp,82,0.7705906107705454,0.7900864729599735
voiced,MaxAbsScaler,True,svm,82,0.6340029325513197,0.6067302052785923
voiced,MaxAbsScaler,True,knn,82,0.5277223851417399,0.5374633431085044
voiced,MaxAbsScaler,True,gaussianNB,82,0.5531427174975562,0.5531427174975562
voiced,MaxAbsScaler,True,lda,82,0.494535679374389,0.494535679374389
voiced,MaxAbsScaler,True,qda,82,0.4922287390029325,0.5484799608993158
voiced,MaxAbsScaler,True,dt,82,0.587683284457478,0.587683284457478
voiced,MaxAbsScaler,True,rf,82,0.5472922776148582,0.5472922776148582
voiced,MaxAbsScaler,True,adaboost,82,0.6111681329423264,0.6111681329423264
voiced,MaxAbsScaler,True,mlp,82,0.618049853372434,0.6149755620723363
svd,MaxAbsScaler,False,svm,82,0.8294096780957204,0.81696496936406
svd,MaxAbsScaler,False,knn,82,0.7149450018397185,0.7147337996849401
svd,MaxAbsScaler,False,gaussianNB,82,0.6630468113178726,0.6630468113178726
svd,MaxAbsScaler,False,lda,82,0.8255250522978089,0.8255250522978089
svd,MaxAbsScaler,False,qda,82,0.7373086751267541,0.7323675533286599
svd,MaxAbsScaler,False,dt,82,0.7846643351616138,0.7846643351616138
svd,MaxAbsScaler,False,rf,82,0.8217124161935164,0.8217124161935164
svd,MaxAbsScaler,False,adaboost,82,0.8125431148783798,0.8125431148783798
svd,MaxAbsScaler,False,mlp,82,0.7900026652201565,0.778088233178123
voiced,MaxAbsScaler,False,svm,82,0.5736235922442818,0.6029948914431673
voiced,MaxAbsScaler,False,knn,82,0.5302954835713456,0.5225711134331824
voiced,MaxAbsScaler,False,gaussianNB,82,0.5683710669917567,0.5683710669917567
voiced,MaxAbsScaler,False,lda,82,0.5497132241959829,0.5497132241959829
voiced,MaxAbsScaler,False,qda,82,0.4625571810054569,0.49333333333333335
voiced,MaxAbsScaler,False,dt,82,0.5326024613955649,0.5326024613955649
voiced,MaxAbsScaler,False,rf,82,0.5375287356321838,0.5375287356321838
voiced,MaxAbsScaler,False,adaboost,82,0.6058034366655056,0.6058034366655056
voiced,MaxAbsScaler,False,mlp,82,0.5495106234761407,0.5833344943689772
svd,MaxAbsScaler,True,svm,83,0.8280624555379191,0.8346953464565242
svd,MaxAbsScaler,True,knn,83,0.716061715456481,0.72423294989271
svd,MaxAbsScaler,True,gaussianNB,83,0.6624421688816454,0.6626914288909926
svd,MaxAbsScaler,True,lda,83,0.8244354573089578,0.8244354573089578
svd,MaxAbsScaler,True,qda,83,0.7315016208800287,0.7398502660552826
svd,MaxAbsScaler,True,dt,83,0.7925084838825297,0.7925084838825297
svd,MaxAbsScaler,True,rf,83,0.8235704135922239,0.8235704135922239
svd,MaxAbsScaler,True,adaboost,83,0.8212510662728765,0.8212510662728765
svd,MaxAbsScaler,True,mlp,83,0.7786437626350385,0.783137602128878
voiced,MaxAbsScaler,True,svm,83,0.5952785923753666,0.5885043988269795
voiced,MaxAbsScaler,True,knn,83,0.540562072336266,0.559457478005865
voiced,MaxAbsScaler,True,gaussianNB,83,0.5546383186705768,0.5546383186705768
voiced,MaxAbsScaler,True,lda,83,0.5185190615835777,0.5185190615835777
voiced,MaxAbsScaler,True,qda,83,0.4862023460410557,0.5467057673509286
voiced,MaxAbsScaler,True,dt,83,0.5461632453567937,0.5461632453567937
voiced,MaxAbsScaler,True,rf,83,0.5264711632453568,0.5264711632453568
voiced,MaxAbsScaler,True,adaboost,83,0.5375513196480938,0.5375513196480938
voiced,MaxAbsScaler,True,mlp,83,0.616793743890518,0.6009286412512218
svd,MaxAbsScaler,False,svm,83,0.8237195432514595,0.8281358232815602
svd,MaxAbsScaler,False,knn,83,0.7218679014993448,0.7188382157561349
svd,MaxAbsScaler,False,gaussianNB,83,0.665440711146579,0.665440711146579
svd,MaxAbsScaler,False,lda,83,0.8242076737318502,0.8242076737318502
svd,MaxAbsScaler,False,qda,83,0.7387201616369938,0.7378646052732745
svd,MaxAbsScaler,False,dt,83,0.7752245990319945,0.7752245990319945
svd,MaxAbsScaler,False,rf,83,0.8251703293422186,0.8251703293422186
svd,MaxAbsScaler,False,adaboost,83,0.8066971490080315,0.8066971490080315
svd,MaxAbsScaler,False,mlp,83,0.7941263448256641,0.7653214064822181
voiced,MaxAbsScaler,False,svm,83,0.6137527247656559,0.619719638598949
voiced,MaxAbsScaler,False,knn,83,0.5129772000030621,0.5071973907318735
voiced,MaxAbsScaler,False,gaussianNB,83,0.5641506458101286,0.5641506458101286
voiced,MaxAbsScaler,False,lda,83,0.525281179548421,0.525281179548421
voiced,MaxAbsScaler,False,qda,83,0.49493617732841866,0.5025000000000001
voiced,MaxAbsScaler,False,dt,83,0.5517246092030575,0.5517246092030575
voiced,MaxAbsScaler,False,rf,83,0.5891665996838411,0.5891665996838411
voiced,MaxAbsScaler,False,adaboost,83,0.5510268467165018,0.5510268467165018
voiced,MaxAbsScaler,False,mlp,83,0.5741218814710194,0.5651159448788758
svd,MaxAbsScaler,True,svm,84,0.8254987251933817,0.832153825817948
svd,MaxAbsScaler,True,knn,84,0.721887049700572,0.7226633126960281
svd,MaxAbsScaler,True,gaussianNB,84,0.6624704739099505,0.6624704739099505
svd,MaxAbsScaler,True,lda,84,0.8249376341579178,0.8249376341579178
svd,MaxAbsScaler,True,qda,84,0.7366091324161117,0.7329216730198191
svd,MaxAbsScaler,True,dt,84,0.8103646172075833,0.8103646172075833
svd,MaxAbsScaler,True,rf,84,0.8225033853823385,0.8225033853823385
svd,MaxAbsScaler,True,adaboost,84,0.8152325754942986,0.8152325754942986
svd,MaxAbsScaler,True,mlp,84,0.7819373138675212,0.790926628805582
voiced,MaxAbsScaler,True,svm,84,0.5776979472140763,0.5309677419354839
voiced,MaxAbsScaler,True,knn,84,0.5725317693059628,0.5497800586510264
voiced,MaxAbsScaler,True,gaussianNB,84,0.5438367546432062,0.5438367546432062
voiced,MaxAbsScaler,True,lda,84,0.5305767350928641,0.5305767350928641
voiced,MaxAbsScaler,True,qda,84,0.4248484848484848,0.5072727272727272
voiced,MaxAbsScaler,True,dt,84,0.5492375366568915,0.5492375366568915
voiced,MaxAbsScaler,True,rf,84,0.5324437927663734,0.5324437927663734
voiced,MaxAbsScaler,True,adaboost,84,0.5649315738025414,0.5649315738025414
voiced,MaxAbsScaler,True,mlp,84,0.5747996089931574,0.5647360703812316
svd,MaxAbsScaler,False,svm,84,0.8212768463604505,0.8299636488640619
svd,MaxAbsScaler,False,knn,84,0.7173303577201336,0.7253762420540344
svd,MaxAbsScaler,False,gaussianNB,84,0.6616727492762544,0.6616727492762544
svd,MaxAbsScaler,False,lda,84,0.819403711052661,0.819403711052661
svd,MaxAbsScaler,False,qda,84,0.7406958306034033,0.7367258923878339
svd,MaxAbsScaler,False,dt,84,0.7909643489866256,0.7909643489866256
svd,MaxAbsScaler,False,rf,84,0.8226744436327433,0.8226744436327433
svd,MaxAbsScaler,False,adaboost,84,0.8184608402438643,0.8184608402438643
svd,MaxAbsScaler,False,mlp,84,0.7782785060810575,0.7856217267157117
voiced,MaxAbsScaler,False,svm,84,0.5695422798363975,0.5867075220016396
voiced,MaxAbsScaler,False,knn,84,0.4957488370723665,0.48957220795456086
voiced,MaxAbsScaler,False,gaussianNB,84,0.5645950588597648,0.5645950588597648
voiced,MaxAbsScaler,False,lda,84,0.5463648603354485,0.5463648603354485
voiced,MaxAbsScaler,False,qda,84,0.4856032956032957,0.49048818048818055
voiced,MaxAbsScaler,False,dt,84,0.623007147418912,0.623007147418912
voiced,MaxAbsScaler,False,rf,84,0.5993890723302489,0.5993890723302489
voiced,MaxAbsScaler,False,adaboost,84,0.5930796860208625,0.5930796860208625
voiced,MaxAbsScaler,False,mlp,84,0.5990927012985837,0.5670662178015119
svd,MaxAbsScaler,True,svm,85,0.8252798364848528,0.8235018525640119
svd,MaxAbsScaler,True,knn,85,0.7189145623551294,0.7171147246065458
svd,MaxAbsScaler,True,gaussianNB,85,0.6606990610262148,0.6606990610262148
svd,MaxAbsScaler,True,lda,85,0.8117669208290801,0.8117669208290801
svd,MaxAbsScaler,True,qda,85,0.7399067126984249,0.7438939159713425
svd,MaxAbsScaler,True,dt,85,0.7824580581178181,0.7824580581178181
svd,MaxAbsScaler,True,rf,85,0.823077440552904,0.823077440552904
svd,MaxAbsScaler,True,adaboost,85,0.8137708093433285,0.8137708093433285
svd,MaxAbsScaler,True,mlp,85,0.7808919016279976,0.7746271994090969
voiced,MaxAbsScaler,True,svm,85,0.5723118279569892,0.5415542521994136
voiced,MaxAbsScaler,True,knn,85,0.4973362658846529,0.512336265884653
voiced,MaxAbsScaler,True,gaussianNB,85,0.5420136852394917,0.5420136852394917
voiced,MaxAbsScaler,True,lda,85,0.5260703812316715,0.5260703812316715
voiced,MaxAbsScaler,True,qda,85,0.4928739002932551,0.4862463343108504
voiced,MaxAbsScaler,True,dt,85,0.591793743890518,0.591793743890518
voiced,MaxAbsScaler,True,rf,85,0.5447605083088954,0.5447605083088954
voiced,MaxAbsScaler,True,adaboost,85,0.5589149560117302,0.5589149560117302
voiced,MaxAbsScaler,True,mlp,85,0.5840860215053765,0.5398875855327467
svd,MaxAbsScaler,False,svm,85,0.8298293453760863,0.8263924892970035
svd,MaxAbsScaler,False,knn,85,0.7140530434344339,0.7256201266419409
svd,MaxAbsScaler,False,gaussianNB,85,0.6601598377817769,0.6601598377817769
svd,MaxAbsScaler,False,lda,85,0.8199763928008353,0.8199763928008353
svd,MaxAbsScaler,False,qda,85,0.742370984988024,0.7374361015138298
svd,MaxAbsScaler,False,dt,85,0.7694222459097546,0.7694222459097546
svd,MaxAbsScaler,False,rf,85,0.8241252878247198,0.8241252878247198
svd,MaxAbsScaler,False,adaboost,85,0.8133220114688552,0.8133220114688552
svd,MaxAbsScaler,False,mlp,85,0.7817503581559971,0.7745780889884328
voiced,MaxAbsScaler,False,svm,85,0.5418752583623274,0.5800076001584623
voiced,MaxAbsScaler,False,knn,85,0.5163415320311872,0.5070577124025399
voiced,MaxAbsScaler,False,gaussianNB,85,0.5363497206816172,0.5363497206816172
voiced,MaxAbsScaler,False,lda,85,0.5246631601157462,0.5246631601157462
voiced,MaxAbsScaler,False,qda,85,0.5039787798408488,0.48825407351269423
voiced,MaxAbsScaler,False,dt,85,0.5465677426022253,0.5465677426022253
voiced,MaxAbsScaler,False,rf,85,0.5518688064808754,0.5518688064808754
voiced,MaxAbsScaler,False,adaboost,85,0.5666897255043807,0.5666897255043807
voiced,MaxAbsScaler,False,mlp,85,0.5644606471115091,0.5722299252471666
svd,MaxAbsScaler,True,svm,86,0.8278545391358915,0.8296429887814838
svd,MaxAbsScaler,True,knn,86,0.7208651417648146,0.7212836218670461
svd,MaxAbsScaler,True,gaussianNB,86,0.6619844277859545,0.6619844277859545
svd,MaxAbsScaler,True,lda,86,0.8183511254285518,0.8183511254285518
svd,MaxAbsScaler,True,qda,86,0.7429543647918784,0.7383168594400874
svd,MaxAbsScaler,True,dt,86,0.7765896698721126,0.7765896698721126
svd,MaxAbsScaler,True,rf,86,0.8185352706181497,0.8167287438116227
svd,MaxAbsScaler,True,adaboost,86,0.8167602753480617,0.8167602753480617
svd,MaxAbsScaler,True,mlp,86,0.773078077865428,0.7789136563182365
voiced,MaxAbsScaler,True,svm,86,0.5562023460410557,0.5634115347018573
voiced,MaxAbsScaler,True,knn,86,0.5689540566959923,0.5794721407624633
voiced,MaxAbsScaler,True,gaussianNB,86,0.5419745845552297,0.5419745845552297
voiced,MaxAbsScaler,True,lda,86,0.5488025415444769,0.5488025415444769
voiced,MaxAbsScaler,True,qda,86,0.5046969696969696,0.4872727272727273
voiced,MaxAbsScaler,True,dt,86,0.5511192570869989,0.5511192570869989
voiced,MaxAbsScaler,True,rf,86,0.511099706744868,0.511099706744868
voiced,MaxAbsScaler,True,adaboost,86,0.59930596285435,0.59930596285435
voiced,MaxAbsScaler,True,mlp,86,0.5709237536656891,0.5990615835777127
svd,MaxAbsScaler,False,svm,86,0.8264711950979798,0.8302362493264381
svd,MaxAbsScaler,False,knn,86,0.7135401055372689,0.723005353858113
svd,MaxAbsScaler,False,gaussianNB,86,0.6625783119325789,0.6625783119325789
svd,MaxAbsScaler,False,lda,86,0.818028009081542,0.818028009081542
svd,MaxAbsScaler,False,qda,86,0.7328104808785305,0.736336856178131
svd,MaxAbsScaler,False,dt,86,0.7759019183048071,0.7759019183048071
svd,MaxAbsScaler,False,rf,86,0.8161757655737156,0.8161757655737156
svd,MaxAbsScaler,False,adaboost,86,0.8085310926232943,0.8085310926232943
svd,MaxAbsScaler,False,mlp,86,0.7782206314936626,0.7804158783689986
voiced,MaxAbsScaler,False,svm,86,0.5953454116689411,0.5719622207857501
voiced,MaxAbsScaler,False,knn,86,0.5179475208886973,0.5117102995044172
voiced,MaxAbsScaler,False,gaussianNB,86,0.5504575163398693,0.5504575163398693
voiced,MaxAbsScaler,False,lda,86,0.5335411429529076,0.5335411429529076
voiced,MaxAbsScaler,False,qda,86,0.4677853192559075,0.4756731667025784
voiced,MaxAbsScaler,False,dt,86,0.6141691804927099,0.6141691804927099
voiced,MaxAbsScaler,False,rf,86,0.5941029830735712,0.5941029830735712
voiced,MaxAbsScaler,False,adaboost,86,0.5772588522588523,0.5772588522588523
voiced,MaxAbsScaler,False,mlp,86,0.5581805884747062,0.5839551461610286
svd,MaxAbsScaler,True,svm,87,0.8352305110374904,0.8415537715646767
svd,MaxAbsScaler,True,knn,87,0.7187837262700949,0.7153080943048227
svd,MaxAbsScaler,True,gaussianNB,87,0.6561480613170908,0.6561480613170908
svd,MaxAbsScaler,True,lda,87,0.8201212600558293,0.8201212600558293
svd,MaxAbsScaler,True,qda,87,0.7399982442130753,0.7406223220617987
svd,MaxAbsScaler,True,dt,87,0.7994336434194668,0.7994336434194668
svd,MaxAbsScaler,True,rf,87,0.8235914794039113,0.8235914794039113
svd,MaxAbsScaler,True,adaboost,87,0.8160410981239771,0.8160410981239771
svd,MaxAbsScaler,True,mlp,87,0.7766286948238965,0.7821691812367929
voiced,MaxAbsScaler,True,svm,87,0.6003225806451613,0.580366568914956
voiced,MaxAbsScaler,True,knn,87,0.5126148582600195,0.539731182795699
voiced,MaxAbsScaler,True,gaussianNB,87,0.5575610948191594,0.5575610948191594
voiced,MaxAbsScaler,True,lda,87,0.4422629521016618,0.4422629521016618
voiced,MaxAbsScaler,True,qda,87,0.48858748778103617,0.5095454545454545
voiced,MaxAbsScaler,True,dt,87,0.5593695014662756,0.5593695014662756
voiced,MaxAbsScaler,True,rf,87,0.5180938416422287,0.5180938416422287
voiced,MaxAbsScaler,True,adaboost,87,0.5496529814271749,0.5496529814271749
voiced,MaxAbsScaler,True,mlp,87,0.571080156402737,0.5927468230694037
svd,MaxAbsScaler,False,svm,87,0.8222843672792234,0.8233510432319608
svd,MaxAbsScaler,False,knn,87,0.7142715960196878,0.7180210938539351
svd,MaxAbsScaler,False,gaussianNB,87,0.6576342227892356,0.6576342227892356
svd,MaxAbsScaler,False,lda,87,0.8233551574068526,0.8233551574068526
svd,MaxAbsScaler,False,qda,87,0.7392771522751949,0.7449254892370739
svd,MaxAbsScaler,False,dt,87,0.790778707574075,0.790778707574075
svd,MaxAbsScaler,False,rf,87,0.8241443355252646,0.8241443355252646
svd,MaxAbsScaler,False,adaboost,87,0.8165118850760414,0.8165118850760414
svd,MaxAbsScaler,False,mlp,87,0.7742660183280312,0.7785164278168939
voiced,MaxAbsScaler,False,svm,87,0.5829003859815872,0.5997821064116948
voiced,MaxAbsScaler,False,knn,87,0.5145103746827886,0.5056891495601172
voiced,MaxAbsScaler,False,gaussianNB,87,0.5524005749534115,0.5524005749534115
voiced,MaxAbsScaler,False,lda,87,0.5401640634732959,0.5401640634732959
voiced,MaxAbsScaler,False,qda,87,0.526701143992579,0.4972002821057326
voiced,MaxAbsScaler,False,dt,87,0.5717493531064164,0.5717493531064164
voiced,MaxAbsScaler,False,rf,87,0.5179907467393564,0.5179907467393564
voiced,MaxAbsScaler,False,adaboost,87,0.5661211400143548,0.5661211400143548
voiced,MaxAbsScaler,False,mlp,87,0.5508887769010127,0.594047954887777
svd,MaxAbsScaler,True,svm,88,0.8250536341157932,0.8299190068383091
svd,MaxAbsScaler,True,knn,88,0.7193459611998325,0.7248922306337791
svd,MaxAbsScaler,True,gaussianNB,88,0.6607479852027289,0.6607479852027289
svd,MaxAbsScaler,True,lda,88,0.820718430969249,0.820718430969249
svd,MaxAbsScaler,True,qda,88,0.7354025708933014,0.7375892083198516
svd,MaxAbsScaler,True,dt,88,0.7976273853373089,0.7976273853373089
svd,MaxAbsScaler,True,rf,88,0.8158010855011945,0.8158010855011945
svd,MaxAbsScaler,True,adaboost,88,0.820153577792618,0.820153577792618
svd,MaxAbsScaler,True,mlp,88,0.7910988974674906,0.7908968675817094
voiced,MaxAbsScaler,True,svm,88,0.5639784946236559,0.5856451612903225
voiced,MaxAbsScaler,True,knn,88,0.5690615835777126,0.5310752688172042
voiced,MaxAbsScaler,True,gaussianNB,88,0.5532062561094819,0.5532062561094819
voiced,MaxAbsScaler,True,lda,88,0.47468719452590413,0.47468719452590413
voiced,MaxAbsScaler,True,qda,88,0.4727174975562072,0.5242130987292277
voiced,MaxAbsScaler,True,dt,88,0.6031329423264907,0.6031329423264907
voiced,MaxAbsScaler,True,rf,88,0.599672531769306,0.599672531769306
voiced,MaxAbsScaler,True,adaboost,88,0.5752785923753667,0.5752785923753667
voiced,MaxAbsScaler,True,mlp,88,0.5340860215053763,0.5723753665689151
svd,MaxAbsScaler,False,svm,88,0.8294887577423953,0.8266111761629951
svd,MaxAbsScaler,False,knn,88,0.7294654731861877,0.7169700890149576
svd,MaxAbsScaler,False,gaussianNB,88,0.6583737173046508,0.6583737173046508
svd,MaxAbsScaler,False,lda,88,0.827910919819639,0.827910919819639
svd,MaxAbsScaler,False,qda,88,0.7360678436131277,0.7372939425517082
svd,MaxAbsScaler,False,dt,88,0.8006643165201609,0.8006643165201609
svd,MaxAbsScaler,False,rf,88,0.8167897736946191,0.8167897736946191
svd,MaxAbsScaler,False,adaboost,88,0.8181515053954161,0.8181515053954161
svd,MaxAbsScaler,False,mlp,88,0.7727903299718089,0.7759085056225086
voiced,MaxAbsScaler,False,svm,88,0.5671380054379547,0.5753002252330346
voiced,MaxAbsScaler,False,knn,88,0.4867733020116387,0.4817637704212247
voiced,MaxAbsScaler,False,gaussianNB,88,0.5572173859965442,0.5572173859965442
voiced,MaxAbsScaler,False,lda,88,0.47994511840987497,0.47994511840987497
voiced,MaxAbsScaler,False,qda,88,0.4584337238432066,0.4908566078951474
voiced,MaxAbsScaler,False,dt,88,0.5209387153771028,0.5209387153771028
voiced,MaxAbsScaler,False,rf,88,0.5247529624139664,0.5247529624139664
voiced,MaxAbsScaler,False,adaboost,88,0.6171825355547466,0.6171825355547466
voiced,MaxAbsScaler,False,mlp,88,0.613674083175858,0.6189496216258387
svd,MaxAbsScaler,True,svm,89,0.8308483156247604,0.8295798076877684
svd,MaxAbsScaler,True,knn,89,0.7249059809692306,0.7124417785050283
svd,MaxAbsScaler,True,gaussianNB,89,0.6596571712547721,0.6596571712547721
svd,MaxAbsScaler,True,lda,89,0.8152264819876598,0.8152264819876598
svd,MaxAbsScaler,True,qda,89,0.7384251589922256,0.7387845161018552
svd,MaxAbsScaler,True,dt,89,0.789821142143934,0.789821142143934
svd,MaxAbsScaler,True,rf,89,0.8268729307769658,0.8268729307769658
svd,MaxAbsScaler,True,adaboost,89,0.8157008422330124,0.8157008422330124
svd,MaxAbsScaler,True,mlp,89,0.787958838689482,0.7899088969917759
voiced,MaxAbsScaler,True,svm,89,0.5765542521994135,0.6112512218963833
voiced,MaxAbsScaler,True,knn,89,0.5603030303030303,0.5740420332355816
voiced,MaxAbsScaler,True,gaussianNB,89,0.5577761485826002,0.5577761485826002
voiced,MaxAbsScaler,True,lda,89,0.5561827956989248,0.5561827956989248
voiced,MaxAbsScaler,True,qda,89,0.4837438905180841,0.47583577712609965
voiced,MaxAbsScaler,True,dt,89,0.5645210166177907,0.5645210166177907
voiced,MaxAbsScaler,True,rf,89,0.5346480938416422,0.5346480938416422
voiced,MaxAbsScaler,True,adaboost,89,0.5577077223851419,0.5577077223851419
voiced,MaxAbsScaler,True,mlp,89,0.5838269794721407,0.596314760508309
svd,MaxAbsScaler,False,svm,89,0.8248469661577739,0.8169577648797854
svd,MaxAbsScaler,False,knn,89,0.7122562019749398,0.7130306908669322
svd,MaxAbsScaler,False,gaussianNB,89,0.6569292490303505,0.6566174227291495
svd,MaxAbsScaler,False,lda,89,0.8278932783864514,0.8278932783864514
svd,MaxAbsScaler,False,qda,89,0.735263025500774,0.7380570613148048
svd,MaxAbsScaler,False,dt,89,0.7965168787782562,0.7965168787782562
svd,MaxAbsScaler,False,rf,89,0.8203128555737835,0.8203128555737835
svd,MaxAbsScaler,False,adaboost,89,0.8075919880967586,0.8075919880967586
svd,MaxAbsScaler,False,mlp,89,0.7827677154131255,0.7929098796342096
voiced,MaxAbsScaler,False,svm,89,0.5853022265091231,0.5645038582107549
voiced,MaxAbsScaler,False,knn,89,0.5149202234547062,0.4951083112290009
voiced,MaxAbsScaler,False,gaussianNB,89,0.5508849770918737,0.5508849770918737
voiced,MaxAbsScaler,False,lda,89,0.5160421188007394,0.5160421188007394
voiced,MaxAbsScaler,False,qda,89,0.4833333333333334,0.5039787798408488
voiced,MaxAbsScaler,False,dt,89,0.528176794469898,0.528176794469898
voiced,MaxAbsScaler,False,rf,89,0.5348559199421269,0.5348559199421269
voiced,MaxAbsScaler,False,adaboost,89,0.5518929346515554,0.5518929346515554
voiced,MaxAbsScaler,False,mlp,89,0.6092785949682502,0.6066260750743508
svd,MaxAbsScaler,True,svm,90,0.8255378082477319,0.8321806147324141
svd,MaxAbsScaler,True,knn,90,0.7227257221150352,0.7242377070403242
svd,MaxAbsScaler,True,gaussianNB,90,0.6606841504551428,0.6606841504551428
svd,MaxAbsScaler,True,lda,90,0.823915649962542,0.823915649962542
svd,MaxAbsScaler,True,qda,90,0.7424234671181237,0.7466884133678028
svd,MaxAbsScaler,True,dt,90,0.7898339265242209,0.7898339265242209
svd,MaxAbsScaler,True,rf,90,0.8195144695362797,0.8195144695362797
svd,MaxAbsScaler,True,adaboost,90,0.8112887657598673,0.8112887657598673
svd,MaxAbsScaler,True,mlp,90,0.7721533047105567,0.791919238522292
voiced,MaxAbsScaler,True,svm,90,0.5316422287390029,0.5705816226783968
voiced,MaxAbsScaler,True,knn,90,0.5054545454545455,0.5200391006842621
voiced,MaxAbsScaler,True,gaussianNB,90,0.5520185728250244,0.5520185728250244
voiced,MaxAbsScaler,True,lda,90,0.5450537634408602,0.5450537634408602
voiced,MaxAbsScaler,True,qda,90,0.5011681329423265,0.5
voiced,MaxAbsScaler,True,dt,90,0.5406451612903226,0.5406451612903226
voiced,MaxAbsScaler,True,rf,90,0.5267497556207233,0.5267497556207233
voiced,MaxAbsScaler,True,adaboost,90,0.5722922776148582,0.5722922776148582
voiced,MaxAbsScaler,True,mlp,90,0.5632209188660802,0.5581133919843597
svd,MaxAbsScaler,False,svm,90,0.8228686446863623,0.8253923627592391
svd,MaxAbsScaler,False,knn,90,0.7253687175886743,0.7295591708535426
svd,MaxAbsScaler,False,gaussianNB,90,0.6603704331976396,0.6603704331976396
svd,MaxAbsScaler,False,lda,90,0.8221484077588308,0.8221484077588308
svd,MaxAbsScaler,False,qda,90,0.736823426666622,0.7442769805878358
svd,MaxAbsScaler,False,dt,90,0.7926219894408373,0.7926219894408373
svd,MaxAbsScaler,False,rf,90,0.8211629551212644,0.8211629551212644
svd,MaxAbsScaler,False,adaboost,90,0.8203325482532774,0.8203325482532774
svd,MaxAbsScaler,False,mlp,90,0.794529444218408,0.783186676239324
voiced,MaxAbsScaler,False,svm,90,0.5620304232804233,0.5856613756613757
voiced,MaxAbsScaler,False,knn,90,0.5379794973544973,0.5150992063492064
voiced,MaxAbsScaler,False,gaussianNB,90,0.5406514550264551,0.5406514550264551
voiced,MaxAbsScaler,False,lda,90,0.5077116402116402,0.5077116402116402
voiced,MaxAbsScaler,False,qda,90,0.5034292328042328,0.47990079365079363
voiced,MaxAbsScaler,False,dt,90,0.5732936507936508,0.5732936507936508
voiced,MaxAbsScaler,False,rf,90,0.5499272486772486,0.5499272486772486
voiced,MaxAbsScaler,False,adaboost,90,0.6032275132275132,0.6032275132275132
voiced,MaxAbsScaler,False,mlp,90,0.563207671957672,0.560056216931217
svd,MaxAbsScaler,True,svm,91,0.8222478829785264,0.8260899932492081
svd,MaxAbsScaler,True,knn,91,0.7296982134550292,0.7182657909157364
svd,MaxAbsScaler,True,gaussianNB,91,0.6617055245735726,0.6617055245735726
svd,MaxAbsScaler,True,lda,91,0.8257222366873403,0.8257222366873403
svd,MaxAbsScaler,True,qda,91,0.735562932160533,0.7390451642141936
svd,MaxAbsScaler,True,dt,91,0.8090109853795786,0.8090109853795786
svd,MaxAbsScaler,True,rf,91,0.8197642797043014,0.8197642797043014
svd,MaxAbsScaler,True,adaboost,91,0.8088467602916893,0.8088467602916893
svd,MaxAbsScaler,True,mlp,91,0.7615512713386214,0.7695025167489725
voiced,MaxAbsScaler,True,svm,91,0.5864027370478984,0.5881329423264907
voiced,MaxAbsScaler,True,knn,91,0.5009481915933529,0.4852981427174976
voiced,MaxAbsScaler,True,gaussianNB,91,0.5507233626588465,0.5507233626588465
voiced,MaxAbsScaler,True,lda,91,0.4830205278592376,0.4830205278592376
voiced,MaxAbsScaler,True,qda,91,0.5243010752688172,0.5237878787878787
voiced,MaxAbsScaler,True,dt,91,0.6470723362658847,0.6470723362658847
voiced,MaxAbsScaler,True,rf,91,0.5083528836754643,0.5083528836754643
voiced,MaxAbsScaler,True,adaboost,91,0.5814565004887585,0.5814565004887585
voiced,MaxAbsScaler,True,mlp,91,0.5998435972629521,0.5715102639296188
svd,MaxAbsScaler,False,svm,91,0.8316751844759545,0.8250747843907122
svd,MaxAbsScaler,False,knn,91,0.7161835566300334,0.7100130008492581
svd,MaxAbsScaler,False,gaussianNB,91,0.6606416901256809,0.6606416901256809
svd,MaxAbsScaler,False,lda,91,0.8131308255119778,0.8131308255119778
svd,MaxAbsScaler,False,qda,91,0.7330650237628705,0.7370749115061054
svd,MaxAbsScaler,False,dt,91,0.7783079757481878,0.7783079757481878
svd,MaxAbsScaler,False,rf,91,0.8140190329617687,0.8140190329617687
svd,MaxAbsScaler,False,adaboost,91,0.810787379563021,0.810787379563021
svd,MaxAbsScaler,False,mlp,91,0.7580653145242737,0.7678249816824453
voiced,MaxAbsScaler,False,svm,91,0.5252554145201204,0.522221316265434
voiced,MaxAbsScaler,False,knn,91,0.5123158377570143,0.5080245408186584
voiced,MaxAbsScaler,False,gaussianNB,91,0.5332154202007143,0.5332154202007143
voiced,MaxAbsScaler,False,lda,91,0.4782916919681625,0.4782916919681625
voiced,MaxAbsScaler,False,qda,91,0.4807914307914308,0.5110294117647058
voiced,MaxAbsScaler,False,dt,91,0.5321314959550254,0.5321314959550254
voiced,MaxAbsScaler,False,rf,91,0.5021311123517006,0.5021311123517006
voiced,MaxAbsScaler,False,adaboost,91,0.5421143725555491,0.5421143725555491
voiced,MaxAbsScaler,False,mlp,91,0.5001455733808675,0.49349962129373887
svd,MaxAbsScaler,True,svm,92,0.8268815390353014,0.8291717933102885
svd,MaxAbsScaler,True,knn,92,0.7125431820088309,0.7173643132585334
svd,MaxAbsScaler,True,gaussianNB,92,0.6588906458862838,0.6588906458862838
svd,MaxAbsScaler,True,lda,92,0.8242037406432173,0.8242037406432173
svd,MaxAbsScaler,True,qda,92,0.7396793664350916,0.7393581990528555
svd,MaxAbsScaler,True,dt,92,0.7802954297610787,0.7802954297610787
svd,MaxAbsScaler,True,rf,92,0.8231020288326721,0.8231020288326721
svd,MaxAbsScaler,True,adaboost,92,0.8215565060167023,0.8215565060167023
svd,MaxAbsScaler,True,mlp,92,0.7839265169581419,0.7888197934381141
voiced,MaxAbsScaler,True,svm,92,0.6468572825024438,0.6535239491691105
voiced,MaxAbsScaler,True,knn,92,0.5709237536656891,0.5535434995112415
voiced,MaxAbsScaler,True,gaussianNB,92,0.5568035190615837,0.5568035190615837
voiced,MaxAbsScaler,True,lda,92,0.5275464320625611,0.5275464320625611
voiced,MaxAbsScaler,True,qda,92,0.5048484848484849,0.5206060606060606
voiced,MaxAbsScaler,True,dt,92,0.567375366568915,0.567375366568915
voiced,MaxAbsScaler,True,rf,92,0.5761241446725318,0.5761241446725318
voiced,MaxAbsScaler,True,adaboost,92,0.5753665689149561,0.5753665689149561
voiced,MaxAbsScaler,True,mlp,92,0.5996041055718475,0.5856207233626589
svd,MaxAbsScaler,False,svm,92,0.8330008023607857,0.8308947831533852
svd,MaxAbsScaler,False,knn,92,0.7243023168702644,0.7268393799226646
svd,MaxAbsScaler,False,gaussianNB,92,0.6595530125558089,0.6595530125558089
svd,MaxAbsScaler,False,lda,92,0.8241373643586349,0.8241373643586349
svd,MaxAbsScaler,False,qda,92,0.7400717153590465,0.7412148457433173
svd,MaxAbsScaler,False,dt,92,0.7863624254036223,0.7863624254036223
svd,MaxAbsScaler,False,rf,92,0.8213443821984037,0.8213443821984037
svd,MaxAbsScaler,False,adaboost,92,0.8115036648681855,0.8115036648681855
svd,MaxAbsScaler,False,mlp,92,0.7890502727729756,0.7829872648657327
voiced,MaxAbsScaler,False,svm,92,0.5778753535427616,0.6123492704304717
voiced,MaxAbsScaler,False,knn,92,0.5525826280998695,0.5468476283326117
voiced,MaxAbsScaler,False,gaussianNB,92,0.5687229770600183,0.5687229770600183
voiced,MaxAbsScaler,False,lda,92,0.49682139205498493,0.49682139205498493
voiced,MaxAbsScaler,False,qda,92,0.5158984341576109,0.4640792170380602
voiced,MaxAbsScaler,False,dt,92,0.5912343422243311,0.5912343422243311
voiced,MaxAbsScaler,False,rf,92,0.5807707525449463,0.5807707525449463
voiced,MaxAbsScaler,False,adaboost,92,0.5674601742343677,0.5674601742343677
voiced,MaxAbsScaler,False,mlp,92,0.604915832529848,0.6086207297831325
svd,MaxAbsScaler,True,svm,93,0.8303231410537844,0.8268059439651587
svd,MaxAbsScaler,True,knn,93,0.7140962400013654,0.7076245419429716
svd,MaxAbsScaler,True,gaussianNB,93,0.6615040448464657,0.6615040448464657
svd,MaxAbsScaler,True,lda,93,0.8215651433263211,0.8215651433263211
svd,MaxAbsScaler,True,qda,93,0.7389536780921733,0.7416156435349456
svd,MaxAbsScaler,True,dt,93,0.793944221899511,0.793944221899511
svd,MaxAbsScaler,True,rf,93,0.8276260017699494,0.8276260017699494
svd,MaxAbsScaler,True,adaboost,93,0.8237804870520247,0.8237804870520247
svd,MaxAbsScaler,True,mlp,93,0.7743892675844692,0.76847353119436
voiced,MaxAbsScaler,True,svm,93,0.6018132942326491,0.5926783968719453
voiced,MaxAbsScaler,True,knn,93,0.5093890518084067,0.5201906158357771
voiced,MaxAbsScaler,True,gaussianNB,93,0.5511974584555229,0.5511974584555229
voiced,MaxAbsScaler,True,lda,93,0.4968328445747801,0.4968328445747801
voiced,MaxAbsScaler,True,qda,93,0.4834408602150537,0.5069403714565005
voiced,MaxAbsScaler,True,dt,93,0.5791691104594331,0.5791691104594331
voiced,MaxAbsScaler,True,rf,93,0.5483724340175953,0.5483724340175953
voiced,MaxAbsScaler,True,adaboost,93,0.48758064516129035,0.48758064516129035
voiced,MaxAbsScaler,True,mlp,93,0.5505327468230694,0.5860752688172043
svd,MaxAbsScaler,False,svm,93,0.8271636680978091,0.8303049798594632
svd,MaxAbsScaler,False,knn,93,0.7196461489504069,0.7180602186757884
svd,MaxAbsScaler,False,gaussianNB,93,0.6604272712551289,0.6604272712551289
svd,MaxAbsScaler,False,lda,93,0.8145039447849548,0.8145039447849548
svd,MaxAbsScaler,False,qda,93,0.7322709915952582,0.7380553797034187
svd,MaxAbsScaler,False,dt,93,0.786515699055675,0.786515699055675
svd,MaxAbsScaler,False,rf,93,0.8200372407432613,0.8200372407432613
svd,MaxAbsScaler,False,adaboost,93,0.8185883420085516,0.8185883420085516
svd,MaxAbsScaler,False,mlp,93,0.777515438400692,0.7802728008723921
voiced,MaxAbsScaler,False,svm,93,0.5530337546159048,0.5455092448119832
voiced,MaxAbsScaler,False,knn,93,0.4670616624191675,0.507054684384806
voiced,MaxAbsScaler,False,gaussianNB,93,0.5684830143374768,0.5684830143374768
voiced,MaxAbsScaler,False,lda,93,0.46045333385343523,0.46045333385343523
voiced,MaxAbsScaler,False,qda,93,0.520587606837607,0.49411764705882355
voiced,MaxAbsScaler,False,dt,93,0.6009443317556908,0.6009443317556908
voiced,MaxAbsScaler,False,rf,93,0.5348190695376294,0.5348190695376294
voiced,MaxAbsScaler,False,adaboost,93,0.6039927142386574,0.6039927142386574
voiced,MaxAbsScaler,False,mlp,93,0.5408895910265079,0.5046825211074704
svd,MaxAbsScaler,True,svm,94,0.8302267652376705,0.829664708247042
svd,MaxAbsScaler,True,knn,94,0.7163973485620161,0.7166195218812449
svd,MaxAbsScaler,True,gaussianNB,94,0.660729967960066,0.6602171474472456
svd,MaxAbsScaler,True,lda,94,0.823746117568364,0.823746117568364
svd,MaxAbsScaler,True,qda,94,0.7384586224389932,0.7373084331154125
svd,MaxAbsScaler,True,dt,94,0.7935262175120409,0.7935262175120409
svd,MaxAbsScaler,True,rf,94,0.8104734669183958,0.8104734669183958
svd,MaxAbsScaler,True,adaboost,94,0.8172865938133114,0.8172865938133114
svd,MaxAbsScaler,True,mlp,94,0.7744410024726274,0.7746637858688021
voiced,MaxAbsScaler,True,svm,94,0.585752688172043,0.5755376344086021
voiced,MaxAbsScaler,True,knn,94,0.5423998044965788,0.5919012707722385
voiced,MaxAbsScaler,True,gaussianNB,94,0.5787976539589443,0.5787976539589443
voiced,MaxAbsScaler,True,lda,94,0.5670234604105572,0.5670234604105572
voiced,MaxAbsScaler,True,qda,94,0.48358748778103616,0.5182893450635386
voiced,MaxAbsScaler,True,dt,94,0.581099706744868,0.581099706744868
voiced,MaxAbsScaler,True,rf,94,0.5844574780058651,0.5844574780058651
voiced,MaxAbsScaler,True,adaboost,94,0.5877908113391983,0.5877908113391983
voiced,MaxAbsScaler,True,mlp,94,0.5676344086021505,0.5997996089931574
svd,MaxAbsScaler,False,svm,94,0.8343331105603152,0.8368576496475809
svd,MaxAbsScaler,False,knn,94,0.7234085801615625,0.7218028616289598
svd,MaxAbsScaler,False,gaussianNB,94,0.6606360377983724,0.6606360377983724
svd,MaxAbsScaler,False,lda,94,0.8222542953961505,0.8222542953961505
svd,MaxAbsScaler,False,qda,94,0.7360205301341353,0.7340490022654379
svd,MaxAbsScaler,False,dt,94,0.7843822247499006,0.7843822247499006
svd,MaxAbsScaler,False,rf,94,0.8148921175107136,0.8148921175107136
svd,MaxAbsScaler,False,adaboost,94,0.8127266200126035,0.8127266200126035
svd,MaxAbsScaler,False,mlp,94,0.789624607415828,0.7983948745308155
voiced,MaxAbsScaler,False,svm,94,0.5869946760755584,0.5926932054873231
voiced,MaxAbsScaler,False,knn,94,0.5125259163494458,0.5418478865905337
voiced,MaxAbsScaler,False,gaussianNB,94,0.544991396131102,0.544991396131102
voiced,MaxAbsScaler,False,lda,94,0.5241147741147741,0.5241147741147741
voiced,MaxAbsScaler,False,qda,94,0.4834659975101151,0.4760961328976035
voiced,MaxAbsScaler,False,dt,94,0.5573079766094471,0.5573079766094471
voiced,MaxAbsScaler,False,rf,94,0.5341184700375876,0.5341184700375876
voiced,MaxAbsScaler,False,adaboost,94,0.558481918408389,0.558481918408389
voiced,MaxAbsScaler,False,mlp,94,0.582914766333884,0.5833757840743135
svd,MaxAbsScaler,True,svm,95,0.8308242175853954,0.8313344216670281
svd,MaxAbsScaler,True,knn,95,0.7213920103887389,0.7290207211908412
svd,MaxAbsScaler,True,gaussianNB,95,0.6622210958797654,0.6632467369054065
svd,MaxAbsScaler,True,lda,95,0.827497544258722,0.827497544258722
svd,MaxAbsScaler,True,qda,95,0.7363609727241135,0.737317872966728
svd,MaxAbsScaler,True,dt,95,0.8096940082817946,0.8096940082817946
svd,MaxAbsScaler,True,rf,95,0.82835989528465,0.82835989528465
svd,MaxAbsScaler,True,adaboost,95,0.8170087310000069,0.8170087310000069
svd,MaxAbsScaler,True,mlp,95,0.7802109014213705,0.7732985571317087
voiced,MaxAbsScaler,True,svm,95,0.5725464320625611,0.5727174975562072
voiced,MaxAbsScaler,True,knn,95,0.5282649071358749,0.4900195503421309
voiced,MaxAbsScaler,True,gaussianNB,95,0.5647018572825024,0.5647018572825024
voiced,MaxAbsScaler,True,lda,95,0.4907673509286413,0.4907673509286413
voiced,MaxAbsScaler,True,qda,95,0.4398484848484848,0.45551319648093846
voiced,MaxAbsScaler,True,dt,95,0.5756011730205278,0.5756011730205278
voiced,MaxAbsScaler,True,rf,95,0.5258846529814272,0.5258846529814272
voiced,MaxAbsScaler,True,adaboost,95,0.5776783968719453,0.5776783968719453
voiced,MaxAbsScaler,True,mlp,95,0.5841055718475073,0.5642130987292278
svd,MaxAbsScaler,False,svm,95,0.8259084259978181,0.8252721043227818
svd,MaxAbsScaler,False,knn,95,0.7058839085194604,0.7174916775667466
svd,MaxAbsScaler,False,gaussianNB,95,0.6628177351702178,0.6628177351702178
svd,MaxAbsScaler,False,lda,95,0.8266796917448204,0.8266796917448204
svd,MaxAbsScaler,False,qda,95,0.7419661257078982,0.7472228877874507
svd,MaxAbsScaler,False,dt,95,0.78344292279027,0.78344292279027
svd,MaxAbsScaler,False,rf,95,0.824235075567983,0.824235075567983
svd,MaxAbsScaler,False,adaboost,95,0.8022957468222597,0.8022957468222597
svd,MaxAbsScaler,False,mlp,95,0.7776068346117169,0.7695093131469898
voiced,MaxAbsScaler,False,svm,95,0.5979516036619927,0.6051407747849873
voiced,MaxAbsScaler,False,knn,95,0.48847435455120464,0.5806852066339733
voiced,MaxAbsScaler,False,gaussianNB,95,0.5546619967635149,0.5546619967635149
voiced,MaxAbsScaler,False,lda,95,0.500202501088412,0.500202501088412
voiced,MaxAbsScaler,False,qda,95,0.5457271977706039,0.49971813725490194
voiced,MaxAbsScaler,False,dt,95,0.6072776970025547,0.6072776970025547
voiced,MaxAbsScaler,False,rf,95,0.5629154293682281,0.5629154293682281
voiced,MaxAbsScaler,False,adaboost,95,0.5493327367603933,0.5493327367603933
voiced,MaxAbsScaler,False,mlp,95,0.5794279573999688,0.5697631369263247
svd,MaxAbsScaler,True,svm,96,0.8189571860346124,0.8227090285214604
svd,MaxAbsScaler,True,knn,96,0.7147420827082769,0.7238825405782876
svd,MaxAbsScaler,True,gaussianNB,96,0.6643071196342734,0.6643071196342734
svd,MaxAbsScaler,True,lda,96,0.8133038662537027,0.8133038662537027
svd,MaxAbsScaler,True,qda,96,0.7325635197227345,0.738806175649142
svd,MaxAbsScaler,True,dt,96,0.7749840599240818,0.7749840599240818
svd,MaxAbsScaler,True,rf,96,0.8250843467691886,0.8250843467691886
svd,MaxAbsScaler,True,adaboost,96,0.8139277952146001,0.8139277952146001
svd,MaxAbsScaler,True,mlp,96,0.7779057365753113,0.7690029726725474
voiced,MaxAbsScaler,True,svm,96,0.5847800586510263,0.6336119257086998
voiced,MaxAbsScaler,True,knn,96,0.5033724340175952,0.5324633431085044
voiced,MaxAbsScaler,True,gaussianNB,96,0.5647458455522971,0.5647458455522971
voiced,MaxAbsScaler,True,lda,96,0.5377370478983382,0.5377370478983382
voiced,MaxAbsScaler,True,qda,96,0.47242424242424247,0.4751075268817204
voiced,MaxAbsScaler,True,dt,96,0.5907526881720431,0.5907526881720431
voiced,MaxAbsScaler,True,rf,96,0.5833088954056697,0.5833088954056697
voiced,MaxAbsScaler,True,adaboost,96,0.551793743890518,0.551793743890518
voiced,MaxAbsScaler,True,mlp,96,0.5728543499511242,0.6036754643206257
svd,MaxAbsScaler,False,svm,96,0.8199241965288161,0.824000029387123
svd,MaxAbsScaler,False,knn,96,0.712042631672275,0.719527744961183
svd,MaxAbsScaler,False,gaussianNB,96,0.663886167055023,0.663886167055023
svd,MaxAbsScaler,False,lda,96,0.813736349116828,0.813736349116828
svd,MaxAbsScaler,False,qda,96,0.7396142883321862,0.7399722308710178
svd,MaxAbsScaler,False,dt,96,0.7989003827837168,0.7989003827837168
svd,MaxAbsScaler,False,rf,96,0.8226896810559085,0.8226896810559085
svd,MaxAbsScaler,False,adaboost,96,0.8157281151350556,0.8157281151350556
svd,MaxAbsScaler,False,mlp,96,0.7738746391830982,0.7750090096650023
voiced,MaxAbsScaler,False,svm,96,0.5566323282452315,0.5511777827906861
voiced,MaxAbsScaler,False,knn,96,0.5490761210116049,0.5197648946036042
voiced,MaxAbsScaler,False,gaussianNB,96,0.5479389427776524,0.5479389427776524
voiced,MaxAbsScaler,False,lda,96,0.5515201644233902,0.5515201644233902
voiced,MaxAbsScaler,False,qda,96,0.5148610171190816,0.48879765395894437
voiced,MaxAbsScaler,False,dt,96,0.5913369426272652,0.5913369426272652
voiced,MaxAbsScaler,False,rf,96,0.6031561270270948,0.6031561270270948
voiced,MaxAbsScaler,False,adaboost,96,0.5766100208035692,0.5766100208035692
voiced,MaxAbsScaler,False,mlp,96,0.5553322304935209,0.5140243627340402
svd,MaxAbsScaler,True,svm,97,0.8242797496941445,0.8255268359412307
svd,MaxAbsScaler,True,knn,97,0.7120211141094457,0.7142932912234985
svd,MaxAbsScaler,True,gaussianNB,97,0.656553875059873,0.656553875059873
svd,MaxAbsScaler,True,lda,97,0.8295721962515856,0.8295721962515856
svd,MaxAbsScaler,True,qda,97,0.741429103430194,0.7392889371624377
svd,MaxAbsScaler,True,dt,97,0.7828128087833649,0.7828128087833649
svd,MaxAbsScaler,True,rf,97,0.8223031839116899,0.8223031839116899
svd,MaxAbsScaler,True,adaboost,97,0.8203007661186505,0.8203007661186505
svd,MaxAbsScaler,True,mlp,97,0.7865351115623744,0.7839579867606041
voiced,MaxAbsScaler,True,svm,97,0.6103421309872923,0.5861436950146628
voiced,MaxAbsScaler,True,knn,97,0.5804496578690126,0.5539345063538612
voiced,MaxAbsScaler,True,gaussianNB,97,0.5534701857282502,0.5534701857282502
voiced,MaxAbsScaler,True,lda,97,0.5141055718475073,0.5141055718475073
voiced,MaxAbsScaler,True,qda,97,0.4944525904203324,0.5463636363636363
voiced,MaxAbsScaler,True,dt,97,0.5551026392961876,0.5551026392961876
voiced,MaxAbsScaler,True,rf,97,0.5383528836754643,0.5383528836754643
voiced,MaxAbsScaler,True,adaboost,97,0.5364125122189639,0.5364125122189639
voiced,MaxAbsScaler,True,mlp,97,0.572375366568915,0.5863147605083089
svd,MaxAbsScaler,False,svm,97,0.8386096364657896,0.8384996734173985
svd,MaxAbsScaler,False,knn,97,0.7207315422290531,0.717032597956751
svd,MaxAbsScaler,False,gaussianNB,97,0.6597885300185025,0.6597885300185025
svd,MaxAbsScaler,False,lda,97,0.8296590339183154,0.8296590339183154
svd,MaxAbsScaler,False,qda,97,0.7364921760284936,0.7436254236831676
svd,MaxAbsScaler,False,dt,97,0.7984310654406321,0.7984310654406321
svd,MaxAbsScaler,False,rf,97,0.8218793290639855,0.8218793290639855
svd,MaxAbsScaler,False,adaboost,97,0.8160158840525511,0.8160158840525511
svd,MaxAbsScaler,False,mlp,97,0.78092749964784,0.7760795182360717
voiced,MaxAbsScaler,False,svm,97,0.6217682974134586,0.6549604338314017
voiced,MaxAbsScaler,False,knn,97,0.5636421046098465,0.5420668280345701
voiced,MaxAbsScaler,False,gaussianNB,97,0.5700849508914025,0.5700849508914025
voiced,MaxAbsScaler,False,lda,97,0.522421682260392,0.522421682260392
voiced,MaxAbsScaler,False,qda,97,0.5254959735604897,0.4894707443094539
voiced,MaxAbsScaler,False,dt,97,0.564354993871123,0.564354993871123
voiced,MaxAbsScaler,False,rf,97,0.5375760678986485,0.5375760678986485
voiced,MaxAbsScaler,False,adaboost,97,0.5260489689521947,0.5260489689521947
voiced,MaxAbsScaler,False,mlp,97,0.6040963397415011,0.636061226706388
svd,MaxAbsScaler,True,svm,98,0.832217066829935,0.8358015775573027
svd,MaxAbsScaler,True,knn,98,0.7085563200884902,0.7070241917297533
svd,MaxAbsScaler,True,gaussianNB,98,0.6617147120418658,0.6617147120418658
svd,MaxAbsScaler,True,lda,98,0.829367194056398,0.829367194056398
svd,MaxAbsScaler,True,qda,98,0.7336430962712315,0.7345999965138461
svd,MaxAbsScaler,True,dt,98,0.7775126926871747,0.7775126926871747
svd,MaxAbsScaler,True,rf,98,0.8297192810824218,0.8297192810824218
svd,MaxAbsScaler,True,adaboost,98,0.8178217583942775,0.8178217583942775
svd,MaxAbsScaler,True,mlp,98,0.7897634771626046,0.7856559180550455
voiced,MaxAbsScaler,True,svm,98,0.6279618768328445,0.6717497556207233
voiced,MaxAbsScaler,True,knn,98,0.5314271749755621,0.5392619745845553
voiced,MaxAbsScaler,True,gaussianNB,98,0.5510019550342131,0.5510019550342131
voiced,MaxAbsScaler,True,lda,98,0.5241006842619745,0.5241006842619745
voiced,MaxAbsScaler,True,qda,98,0.4963636363636364,0.49727272727272726
voiced,MaxAbsScaler,True,dt,98,0.596080156402737,0.596080156402737
voiced,MaxAbsScaler,True,rf,98,0.5860606060606061,0.5860606060606061
voiced,MaxAbsScaler,True,adaboost,98,0.5456695992179863,0.5456695992179863
voiced,MaxAbsScaler,True,mlp,98,0.6219012707722386,0.6012512218963832
svd,MaxAbsScaler,False,svm,98,0.8345825957501157,0.838200883259659
svd,MaxAbsScaler,False,knn,98,0.7131972265404941,0.7189770988275447
svd,MaxAbsScaler,False,gaussianNB,98,0.6597089427072971,0.6597089427072971
svd,MaxAbsScaler,False,lda,98,0.8106249251393413,0.8106249251393413
svd,MaxAbsScaler,False,qda,98,0.7377298838538204,0.7398002880975598
svd,MaxAbsScaler,False,dt,98,0.7818027724039176,0.7818027724039176
svd,MaxAbsScaler,False,rf,98,0.8255662160430223,0.8255662160430223
svd,MaxAbsScaler,False,adaboost,98,0.8123304499438884,0.8123304499438884
svd,MaxAbsScaler,False,mlp,98,0.789103776935329,0.7943771281173846
voiced,MaxAbsScaler,False,svm,98,0.5753619538000876,0.5801254002927431
voiced,MaxAbsScaler,False,knn,98,0.545253531120671,0.5107256165065496
voiced,MaxAbsScaler,False,gaussianNB,98,0.5544462028843368,0.5544462028843368
voiced,MaxAbsScaler,False,lda,98,0.5568805957396221,0.5568805957396221
voiced,MaxAbsScaler,False,qda,98,0.4434127789046653,0.48962184873949577
voiced,MaxAbsScaler,False,dt,98,0.6468794812354649,0.6468794812354649
voiced,MaxAbsScaler,False,rf,98,0.5874609180542244,0.5874609180542244
voiced,MaxAbsScaler,False,adaboost,98,0.5995962337189518,0.5995962337189518
voiced,MaxAbsScaler,False,mlp,98,0.5935258639264724,0.5870426260689952
svd,MaxAbsScaler,True,svm,99,0.8290059903745837,0.8301248714934646
svd,MaxAbsScaler,True,knn,99,0.7181064863889292,0.7239881946479547
svd,MaxAbsScaler,True,gaussianNB,99,0.6599262623962733,0.660683838153849
svd,MaxAbsScaler,True,lda,99,0.8264987956427433,0.8264987956427433
svd,MaxAbsScaler,True,qda,99,0.7381452153807662,0.7420823941598205
svd,MaxAbsScaler,True,dt,99,0.7804149213200468,0.7804149213200468
svd,MaxAbsScaler,True,rf,99,0.819743019612158,0.819743019612158
svd,MaxAbsScaler,True,adaboost,99,0.8045331404328131,0.8045331404328131
svd,MaxAbsScaler,True,mlp,99,0.776153916966349,0.7745037659541476
voiced,MaxAbsScaler,True,svm,99,0.5643499511241447,0.5843059628543499
voiced,MaxAbsScaler,True,knn,99,0.5443939393939393,0.5320332355816226
voiced,MaxAbsScaler,True,gaussianNB,99,0.5534701857282502,0.5534701857282502
voiced,MaxAbsScaler,True,lda,99,0.5157673509286413,0.5157673509286413
voiced,MaxAbsScaler,True,qda,99,0.5022287390029325,0.5618181818181818
voiced,MaxAbsScaler,True,dt,99,0.6144965786901271,0.6144965786901271
voiced,MaxAbsScaler,True,rf,99,0.5760606060606062,0.5760606060606062
voiced,MaxAbsScaler,True,adaboost,99,0.6249315738025416,0.6249315738025416
voiced,MaxAbsScaler,True,mlp,99,0.5793695014662756,0.5586999022482894
svd,MaxAbsScaler,False,svm,99,0.8194234792525362,0.8210911314579761
svd,MaxAbsScaler,False,knn,99,0.7035281979600168,0.6972957699020161
svd,MaxAbsScaler,False,gaussianNB,99,0.6542317285698764,0.6542317285698764
svd,MaxAbsScaler,False,lda,99,0.8108147903518306,0.8108147903518306
svd,MaxAbsScaler,False,qda,99,0.732407048720385,0.732584874096197
svd,MaxAbsScaler,False,dt,99,0.799508741833244,0.799508741833244
svd,MaxAbsScaler,False,rf,99,0.825845270717094,0.825845270717094
svd,MaxAbsScaler,False,adaboost,99,0.8197286080614751,0.8197286080614751
svd,MaxAbsScaler,False,mlp,99,0.7775544253576191,0.7695226433132039
voiced,MaxAbsScaler,False,svm,99,0.5418770254330599,0.5363910985247192
voiced,MaxAbsScaler,False,knn,99,0.5250226649149063,0.49058432547656683
voiced,MaxAbsScaler,False,gaussianNB,99,0.5298683340924721,0.5298683340924721
voiced,MaxAbsScaler,False,lda,99,0.5287930173275001,0.5287930173275001
voiced,MaxAbsScaler,False,qda,99,0.49699074074074073,0.4913194444444445
voiced,MaxAbsScaler,False,dt,99,0.5866936559608973,0.5866936559608973
voiced,MaxAbsScaler,False,rf,99,0.5076696698894975,0.5076696698894975
voiced,MaxAbsScaler,False,adaboost,99,0.5275834015920223,0.5275834015920223
voiced,MaxAbsScaler,False,mlp,99,0.5592471441393855,0.5549411946610222
