dataset,scaler,stratify,classifier,seed,uar_correct,uar_leakage
svd,StandardScaler,True,svm,0,0.8260263364407312,0.827559565116817
svd,StandardScaler,True,knn,0,0.7339150961724571,0.7309355457338009
svd,StandardScaler,True,gaussianNB,0,0.6583635248793372,0.6563122428280552
svd,StandardScaler,True,lda,0,0.8218468409090001,0.8218468409090001
svd,StandardScaler,True,qda,0,0.7357282575657713,0.7408214086894567
svd,StandardScaler,True,dt,0,0.7800061951861297,0.7800061951861297
svd,StandardScaler,True,rf,0,0.8149939754901588,0.8180009684971516
svd,StandardScaler,True,adaboost,0,0.8061810472333919,0.8061810472333919
svd,StandardScaler,True,mlp,0,0.7979360189065751,0.7974582523982743
voiced,StandardScaler,True,svm,0,0.5415542521994134,0.5374633431085043
voiced,StandardScaler,True,knn,0,0.5058211143695015,0.522336265884653
voiced,StandardScaler,True,gaussianNB,0,0.5499853372434018,0.5499853372434018
voiced,StandardScaler,True,lda,0,0.5478250244379277,0.5478250244379277
voiced,StandardScaler,True,qda,0,0.5009139784946236,0.4886119257086999
voiced,StandardScaler,True,dt,0,0.6117302052785923,0.6117302052785923
voiced,StandardScaler,True,rf,0,0.6002590420332357,0.6002590420332357
voiced,StandardScaler,True,adaboost,0,0.558069403714565,0.558069403714565
voiced,StandardScaler,True,mlp,0,0.591446725317693,0.5939784946236559
svd,StandardScaler,False,svm,0,0.8265463484769079,0.8249355125043699
svd,StandardScaler,False,knn,0,0.7136093124582377,0.7194626898973503
svd,StandardScaler,False,gaussianNB,0,0.6581373005593454,0.6581373005593454
svd,StandardScaler,False,lda,0,0.8153597918066664,0.8153597918066664
svd,StandardScaler,False,qda,0,0.7318885994798932,0.736370629951821
svd,StandardScaler,False,dt,0,0.7958587565661147,0.7958587565661147
svd,StandardScaler,False,rf,0,0.8258267717444754,0.8230086687437748
svd,StandardScaler,False,adaboost,0,0.8205098009408051,0.8205098009408051
svd,StandardScaler,False,mlp,0,0.7774841748362566,0.7878469807638271
voiced,StandardScaler,False,svm,0,0.5231892467932513,0.5390065544855589
voiced,StandardScaler,False,knn,0,0.46598283251787154,0.4638802583678835
voiced,StandardScaler,False,gaussianNB,0,0.5477571395049148,0.5477571395049148
voiced,StandardScaler,False,lda,0,0.507931685944756,0.5112650192780894
voiced,StandardScaler,False,qda,0,0.5296063257284058,0.5180517753473816
voiced,StandardScaler,False,dt,0,0.5621586971148984,0.5621586971148984
voiced,StandardScaler,False,rf,0,0.5036872619408771,0.5036872619408771
voiced,StandardScaler,False,adaboost,0,0.5371305529842794,0.5371305529842794
voiced,StandardScaler,False,mlp,0,0.5647378870202842,0.5950123437463538
svd,StandardScaler,True,svm,1,0.8291107529329993,0.8301130839353303
svd,StandardScaler,True,knn,1,0.7180327959935375,0.7256115422200483
svd,StandardScaler,True,gaussianNB,1,0.657535053096667,0.657535053096667
svd,StandardScaler,True,lda,1,0.8336219414899894,0.8336219414899894
svd,StandardScaler,True,qda,1,0.7447364975990929,0.746517097951122
svd,StandardScaler,True,dt,1,0.7841617851432464,0.7841617851432464
svd,StandardScaler,True,rf,1,0.8260742801364394,0.8260742801364394
svd,StandardScaler,True,adaboost,1,0.8099562760031679,0.8099562760031679
svd,StandardScaler,True,mlp,1,0.7926233108948486,0.7974410976155797
voiced,StandardScaler,True,svm,1,0.5621163245356793,0.5604496578690126
voiced,StandardScaler,True,knn,1,0.504652981427175,0.5055620723362658
voiced,StandardScaler,True,gaussianNB,1,0.5551319648093841,0.5551319648093841
voiced,StandardScaler,True,lda,1,0.5340175953079179,0.5373509286412512
voiced,StandardScaler,True,qda,1,0.48097751710654946,0.5149608993157381
voiced,StandardScaler,True,dt,1,0.5895650048875855,0.5895650048875855
voiced,StandardScaler,True,rf,1,0.5558406647116325,0.5558406647116325
voiced,StandardScaler,True,adaboost,1,0.6044525904203324,0.6044525904203324
voiced,StandardScaler,True,mlp,1,0.6117302052785923,0.5961876832844576
svd,StandardScaler,False,svm,1,0.8309598045894377,0.8302505847312818
svd,StandardScaler,False,knn,1,0.7186417896819985,0.7359842070989773
svd,StandardScaler,False,gaussianNB,1,0.6572427091624489,0.6582427091624489
svd,StandardScaler,False,lda,1,0.827980686288971,0.827980686288971
svd,StandardScaler,False,qda,1,0.7390289274659557,0.739124367464007
svd,StandardScaler,False,dt,1,0.7832095851055437,0.7832095851055437
svd,StandardScaler,False,rf,1,0.8139794061841739,0.8146886260423299
svd,StandardScaler,False,adaboost,1,0.8105933856297629,0.8105933856297629
svd,StandardScaler,False,mlp,1,0.7912895095884785,0.7878425608308385
voiced,StandardScaler,False,svm,1,0.5677938618872991,0.5924234915169286
voiced,StandardScaler,False,knn,1,0.47271209304023537,0.49452953876758105
voiced,StandardScaler,False,gaussianNB,1,0.5715733621629061,0.5715733621629061
voiced,StandardScaler,False,lda,1,0.4788566319767654,0.4788566319767654
voiced,StandardScaler,False,qda,1,0.512962801010632,0.49751082662651075
voiced,StandardScaler,False,dt,1,0.6296333199614624,0.6296333199614624
voiced,StandardScaler,False,rf,1,0.6257787754617565,0.6257787754617565
voiced,StandardScaler,False,adaboost,1,0.5852816381904258,0.5852816381904258
voiced,StandardScaler,False,mlp,1,0.5689589936697834,0.5573543594789422
svd,StandardScaler,True,svm,2,0.8296919129579979,0.8299335016128909
svd,StandardScaler,True,knn,2,0.7213156291182463,0.7297089769554328
svd,StandardScaler,True,gaussianNB,2,0.6563236745079711,0.6578362095919348
svd,StandardScaler,True,lda,2,0.816594623115888,0.816594623115888
svd,StandardScaler,True,qda,2,0.7370714981129376,0.737584318625758
svd,StandardScaler,True,dt,2,0.7881230038591,0.7881230038591
svd,StandardScaler,True,rf,2,0.8195939592940682,0.8195939592940682
svd,StandardScaler,True,adaboost,2,0.8185478026154144,0.8185478026154144
svd,StandardScaler,True,mlp,2,0.797445290078878,0.7887995156424819
voiced,StandardScaler,True,svm,2,0.5576783968719454,0.5392815249266862
voiced,StandardScaler,True,knn,2,0.5271358748778103,0.5140175953079179
voiced,StandardScaler,True,gaussianNB,2,0.5655669599217986,0.5655669599217986
voiced,StandardScaler,True,lda,2,0.5659872922776149,0.5659872922776149
voiced,StandardScaler,True,qda,2,0.514809384164223,0.4962805474095798
voiced,StandardScaler,True,dt,2,0.5620087976539588,0.5620087976539588
voiced,StandardScaler,True,rf,2,0.5594965786901271,0.5594965786901271
voiced,StandardScaler,True,adaboost,2,0.6122678396871946,0.6122678396871946
voiced,StandardScaler,True,mlp,2,0.5368132942326491,0.5081524926686217
svd,StandardScaler,False,svm,2,0.8311685524256743,0.8327073672217816
svd,StandardScaler,False,knn,2,0.7223656966962366,0.7248721514948946
svd,StandardScaler,False,gaussianNB,2,0.6567710987841897,0.6567710987841897
svd,StandardScaler,False,lda,2,0.8227698104952923,0.8227698104952923
svd,StandardScaler,False,qda,2,0.7353023517027936,0.7365428526790054
svd,StandardScaler,False,dt,2,0.7938197043829119,0.7938197043829119
svd,StandardScaler,False,rf,2,0.8259411315636502,0.8261981809482896
svd,StandardScaler,False,adaboost,2,0.8176999980012762,0.8176999980012762
svd,StandardScaler,False,mlp,2,0.7996634983368365,0.7960401331562869
voiced,StandardScaler,False,svm,2,0.587262101565944,0.6062196203016885
voiced,StandardScaler,False,knn,2,0.512619881611817,0.5156373547300966
voiced,StandardScaler,False,gaussianNB,2,0.5183106499849858,0.5183106499849858
voiced,StandardScaler,False,lda,2,0.4882760655255912,0.4882760655255912
voiced,StandardScaler,False,qda,2,0.4936359810949469,0.45527895495115606
voiced,StandardScaler,False,dt,2,0.6182791290514251,0.6182791290514251
voiced,StandardScaler,False,rf,2,0.5483149857205835,0.5483149857205835
voiced,StandardScaler,False,adaboost,2,0.599097577610386,0.599097577610386
voiced,StandardScaler,False,mlp,2,0.6017888339434829,0.6096537137663798
svd,StandardScaler,True,svm,3,0.832439418088273,0.8301666908155457
svd,StandardScaler,True,knn,3,0.7240890007847478,0.7349901534307204
svd,StandardScaler,True,gaussianNB,3,0.6619124314435111,0.6611315456626252
svd,StandardScaler,True,lda,3,0.8242754991282798,0.8242754991282798
svd,StandardScaler,True,qda,3,0.7398723286891226,0.7413874802042741
svd,StandardScaler,True,dt,3,0.7873596614218206,0.7873596614218206
svd,StandardScaler,True,rf,3,0.8249091057978737,0.8277171755906763
svd,StandardScaler,True,adaboost,3,0.8157778335804509,0.8157778335804509
svd,StandardScaler,True,mlp,3,0.7977095042362219,0.787261291961401
voiced,StandardScaler,True,svm,3,0.5623118279569892,0.5232649071358748
voiced,StandardScaler,True,knn,3,0.4884164222873901,0.49417399804496576
voiced,StandardScaler,True,gaussianNB,3,0.543299120234604,0.543299120234604
voiced,StandardScaler,True,lda,3,0.4582991202346041,0.4582991202346041
voiced,StandardScaler,True,qda,3,0.4989980449657869,0.46504887585532745
voiced,StandardScaler,True,dt,3,0.6046285434995113,0.6046285434995113
voiced,StandardScaler,True,rf,3,0.5298875855327468,0.5298875855327468
voiced,StandardScaler,True,adaboost,3,0.5351270772238514,0.5351270772238514
voiced,StandardScaler,True,mlp,3,0.5094525904203323,0.5002541544477028
svd,StandardScaler,False,svm,3,0.8286434178473936,0.828399775900928
svd,StandardScaler,False,knn,3,0.7183632134848452,0.7190150649385159
svd,StandardScaler,False,gaussianNB,3,0.6570956301437502,0.6586420218963275
svd,StandardScaler,False,lda,3,0.8283680372398525,0.8283680372398525
svd,StandardScaler,False,qda,3,0.7372987066172533,0.7363798767090431
svd,StandardScaler,False,dt,3,0.7768439326800011,0.7768439326800011
svd,StandardScaler,False,rf,3,0.8183526421939165,0.8183526421939165
svd,StandardScaler,False,adaboost,3,0.8219933723169813,0.8219933723169813
svd,StandardScaler,False,mlp,3,0.794397738591224,0.7918098492801983
voiced,StandardScaler,False,svm,3,0.5804382781968989,0.5635492285492285
voiced,StandardScaler,False,knn,3,0.48971622247484314,0.4762241589827797
voiced,StandardScaler,False,gaussianNB,3,0.5607363326328845,0.5607363326328845
voiced,StandardScaler,False,lda,3,0.571557924833787,0.571557924833787
voiced,StandardScaler,False,qda,3,0.5005046103321965,0.4882945981221843
voiced,StandardScaler,False,dt,3,0.5396584450032725,0.5396584450032725
voiced,StandardScaler,False,rf,3,0.5390768044216321,0.54597335614577
voiced,StandardScaler,False,adaboost,3,0.5371249822973961,0.5371249822973961
voiced,StandardScaler,False,mlp,3,0.5931088260398605,0.580934391279219
svd,StandardScaler,True,svm,4,0.8329056929983867,0.8354438691079913
svd,StandardScaler,True,knn,4,0.7249087916808745,0.719835055892853
svd,StandardScaler,True,gaussianNB,4,0.6616220965512133,0.6608645207936374
svd,StandardScaler,True,lda,4,0.8317962372051794,0.8317962372051794
svd,StandardScaler,True,qda,4,0.737765967220711,0.7352097139501719
svd,StandardScaler,True,dt,4,0.7965153857411219,0.7965153857411219
svd,StandardScaler,True,rf,4,0.8324801806699298,0.8324801806699298
svd,StandardScaler,True,adaboost,4,0.8213508338262974,0.8213508338262974
svd,StandardScaler,True,mlp,4,0.8035254294959856,0.8055009984562874
voiced,StandardScaler,True,svm,4,0.5615542521994135,0.5385239491691104
voiced,StandardScaler,True,knn,4,0.5189589442815249,0.5006695992179864
voiced,StandardScaler,True,gaussianNB,4,0.5697653958944281,0.5697653958944281
voiced,StandardScaler,True,lda,4,0.476891495601173,0.476891495601173
voiced,StandardScaler,True,qda,4,0.5055522971652003,0.4924242424242424
voiced,StandardScaler,True,dt,4,0.5847800586510263,0.5764467253176931
voiced,StandardScaler,True,rf,4,0.5963831867057674,0.5963831867057674
voiced,StandardScaler,True,adaboost,4,0.5292619745845552,0.5260361681329424
voiced,StandardScaler,True,mlp,4,0.5839345063538612,0.5821603128054742
svd,StandardScaler,False,svm,4,0.8260864993611939,0.8259536431757823
svd,StandardScaler,False,knn,4,0.7213602341555193,0.7269128785024899
svd,StandardScaler,False,gaussianNB,4,0.660068457069866,0.6597635065748165
svd,StandardScaler,False,lda,4,0.818585906279653,0.818585906279653
svd,StandardScaler,False,qda,4,0.7380890858960711,0.7373904329997982
svd,StandardScaler,False,dt,4,0.7828552376161011,0.7828552376161011
svd,StandardScaler,False,rf,4,0.8219347236069773,0.8219347236069773
svd,StandardScaler,False,adaboost,4,0.8212074216132539,0.8212074216132539
svd,StandardScaler,False,mlp,4,0.7963270475016327,0.7927652939593302
voiced,StandardScaler,False,svm,4,0.5538854934461164,0.5485994002289887
voiced,StandardScaler,False,knn,4,0.5306245108247333,0.5466948494590319
voiced,StandardScaler,False,gaussianNB,4,0.5483065960735594,0.5483065960735594
voiced,StandardScaler,False,lda,4,0.5035903019857414,0.5069236353190747
voiced,StandardScaler,False,qda,4,0.4993297979365832,0.515067823352028
voiced,StandardScaler,False,dt,4,0.610179706278149,0.610179706278149
voiced,StandardScaler,False,rf,4,0.5634592335732492,0.5551259002399158
voiced,StandardScaler,False,adaboost,4,0.5755412598154533,0.5755412598154533
voiced,StandardScaler,False,mlp,4,0.5788225873125762,0.5806581173739127
svd,StandardScaler,True,svm,5,0.8260793931622722,0.8270971848943496
svd,StandardScaler,True,knn,5,0.7307754550066436,0.7239174021180566
svd,StandardScaler,True,gaussianNB,5,0.6563492886611753,0.6563492886611753
svd,StandardScaler,True,lda,5,0.8280027533353597,0.8280027533353597
svd,StandardScaler,True,qda,5,0.7383831472053937,0.739650927044602
svd,StandardScaler,True,dt,5,0.7732609012216428,0.7732609012216428
svd,StandardScaler,True,rf,5,0.8093858631372262,0.8093858631372262
svd,StandardScaler,True,adaboost,5,0.8162172614735319,0.8162172614735319
svd,StandardScaler,True,mlp,5,0.8068458132198589,0.8027660089819303
voiced,StandardScaler,True,svm,5,0.5497800586510263,0.5838709677419355
voiced,StandardScaler,True,knn,5,0.5112707722385142,0.495405669599218
voiced,StandardScaler,True,gaussianNB,5,0.5660019550342132,0.5660019550342132
voiced,StandardScaler,True,lda,5,0.5195992179863149,0.5229325513196482
voiced,StandardScaler,True,qda,5,0.4864760508308895,0.4966911045943304
voiced,StandardScaler,True,dt,5,0.5115542521994134,0.539130009775171
voiced,StandardScaler,True,rf,5,0.551427174975562,0.551427174975562
voiced,StandardScaler,True,adaboost,5,0.5631573802541545,0.574672531769306
voiced,StandardScaler,True,mlp,5,0.5597996089931574,0.5349511241446725
svd,StandardScaler,False,svm,5,0.8382121659949201,0.837260708086372
svd,StandardScaler,False,knn,5,0.7203988366780607,0.7115483955683086
svd,StandardScaler,False,gaussianNB,5,0.6566135900862677,0.6562475411272195
svd,StandardScaler,False,lda,5,0.83651403576735,0.83651403576735
svd,StandardScaler,False,qda,5,0.73649561791221,0.7378540255820516
svd,StandardScaler,False,dt,5,0.7757716438214893,0.7757716438214893
svd,StandardScaler,False,rf,5,0.8175085592084628,0.8161572078571113
svd,StandardScaler,False,adaboost,5,0.8079437509624231,0.8079437509624231
svd,StandardScaler,False,mlp,5,0.795443982474351,0.7993765719829492
voiced,StandardScaler,False,svm,5,0.5983014384686177,0.5733594449782371
voiced,StandardScaler,False,knn,5,0.48616993570454936,0.499636853582414
voiced,StandardScaler,False,gaussianNB,5,0.5788741226711521,0.5788741226711521
voiced,StandardScaler,False,lda,5,0.5244758962492718,0.5244758962492718
voiced,StandardScaler,False,qda,5,0.5128908145552457,0.4984809588871292
voiced,StandardScaler,False,dt,5,0.5851328786918986,0.5851328786918986
voiced,StandardScaler,False,rf,5,0.5449074295897564,0.5483557054518253
voiced,StandardScaler,False,adaboost,5,0.6034524639682332,0.6034524639682332
voiced,StandardScaler,False,mlp,5,0.5869912500964978,0.5872566009531919
svd,StandardScaler,True,svm,6,0.8224926382232816,0.8222420999574762
svd,StandardScaler,True,knn,6,0.7281280860179442,0.7204357783256364
svd,StandardScaler,True,gaussianNB,6,0.6609506251654562,0.6622280827133608
svd,StandardScaler,True,lda,6,0.8247234281530901,0.8247234281530901
svd,StandardScaler,True,qda,6,0.7388433267931632,0.7380747351521616
svd,StandardScaler,True,dt,6,0.7833136165906067,0.7833136165906067
svd,StandardScaler,True,rf,6,0.821499107944037,0.821499107944037
svd,StandardScaler,True,adaboost,6,0.8210050327716629,0.8210050327716629
svd,StandardScaler,True,mlp,6,0.8037847830105189,0.8032894295816868
voiced,StandardScaler,True,svm,6,0.5657086999022483,0.5649511241446726
voiced,StandardScaler,True,knn,6,0.5063147605083088,0.5255180840664712
voiced,StandardScaler,True,gaussianNB,6,0.5624486803519062,0.5624486803519062
voiced,StandardScaler,True,lda,6,0.4670185728250244,0.4670185728250244
voiced,StandardScaler,True,qda,6,0.4912316715542523,0.5460654936461389
voiced,StandardScaler,True,dt,6,0.5913147605083088,0.5906011730205278
voiced,StandardScaler,True,rf,6,0.550733137829912,0.5416422287390029
voiced,StandardScaler,True,adaboost,6,0.5873998044965787,0.5873998044965787
voiced,StandardScaler,True,mlp,6,0.5536510263929619,0.5725904203323559
svd,StandardScaler,False,svm,6,0.8316035755192643,0.8303596658383459
svd,StandardScaler,False,knn,6,0.7315143458794663,0.7303822403621828
svd,StandardScaler,False,gaussianNB,6,0.6556198132737048,0.6556198132737048
svd,StandardScaler,False,lda,6,0.82387491541805,0.82387491541805
svd,StandardScaler,False,qda,6,0.7427028331072577,0.7392305577118575
svd,StandardScaler,False,dt,6,0.7904512905486912,0.7904512905486912
svd,StandardScaler,False,rf,6,0.8128027477938671,0.8128027477938671
svd,StandardScaler,False,adaboost,6,0.8153950656563671,0.8153950656563671
svd,StandardScaler,False,mlp,6,0.787447711152591,0.7989957030703481
voiced,StandardScaler,False,svm,6,0.5367259904846111,0.53552940928803
voiced,StandardScaler,False,knn,6,0.4881142424550132,0.47898539091439696
voiced,StandardScaler,False,gaussianNB,6,0.5174874742116121,0.5174874742116121
voiced,StandardScaler,False,lda,6,0.529065945623755,0.529065945623755
voiced,StandardScaler,False,qda,6,0.5134377904418471,0.5178598259227062
voiced,StandardScaler,False,dt,6,0.5475959410584157,0.5475959410584157
voiced,StandardScaler,False,rf,6,0.5185875409993057,0.5185875409993057
voiced,StandardScaler,False,adaboost,6,0.6200587517058105,0.6200587517058105
voiced,StandardScaler,False,mlp,6,0.5503080010666218,0.521800901675141
svd,StandardScaler,True,svm,7,0.8270962788574566,0.8253182949366156
svd,StandardScaler,True,knn,7,0.7181252916476472,0.7176139872486654
svd,StandardScaler,True,gaussianNB,7,0.6621474490612985,0.6634152289005069
svd,StandardScaler,True,lda,7,0.8274853100371093,0.8274853100371093
svd,StandardScaler,True,qda,7,0.7319258840033104,0.7321790387003038
svd,StandardScaler,True,dt,7,0.7898096814127348,0.7898096814127348
svd,StandardScaler,True,rf,7,0.8198788234666097,0.8224259491871269
svd,StandardScaler,True,adaboost,7,0.8079485073269153,0.8079485073269153
svd,StandardScaler,True,mlp,7,0.8040621101907905,0.8030825390530953
voiced,StandardScaler,True,svm,7,0.5895650048875856,0.5630058651026394
voiced,StandardScaler,True,knn,7,0.48157869012707727,0.5266617790811339
voiced,StandardScaler,True,gaussianNB,7,0.5319110459433041,0.5319110459433041
voiced,StandardScaler,True,lda,7,0.574169110459433,0.5775024437927663
voiced,StandardScaler,True,qda,7,0.49498533724340177,0.5375122189638318
voiced,StandardScaler,True,dt,7,0.6281769305962854,0.6281769305962854
voiced,StandardScaler,True,rf,7,0.5720332355816227,0.5759726295210166
voiced,StandardScaler,True,adaboost,7,0.6107575757575758,0.6107575757575758
voiced,StandardScaler,True,mlp,7,0.5858211143695014,0.593396871945259
svd,StandardScaler,False,svm,7,0.8325797387810265,0.8312298323388987
svd,StandardScaler,False,knn,7,0.7310823592782194,0.733722189075286
svd,StandardScaler,False,gaussianNB,7,0.658845755765641,0.658845755765641
svd,StandardScaler,False,lda,7,0.8298304362367588,0.8298304362367588
svd,StandardScaler,False,qda,7,0.743058866438295,0.7424980106654009
svd,StandardScaler,False,dt,7,0.7864146616098441,0.7864146616098441
svd,StandardScaler,False,rf,7,0.8123701939150166,0.8123701939150166
svd,StandardScaler,False,adaboost,7,0.8097615356091404,0.8097615356091404
svd,StandardScaler,False,mlp,7,0.8004285718690344,0.7965038683380874
voiced,StandardScaler,False,svm,7,0.5280330086580086,0.5498728354978355
voiced,StandardScaler,False,knn,7,0.544120670995671,0.5402922077922078
voiced,StandardScaler,False,gaussianNB,7,0.5667541486291487,0.5667541486291487
voiced,StandardScaler,False,lda,7,0.464367784992785,0.464367784992785
voiced,StandardScaler,False,qda,7,0.5114042207792208,0.47448863636363636
voiced,StandardScaler,False,dt,7,0.6446545815295817,0.6375117243867245
voiced,StandardScaler,False,rf,7,0.5853228715728716,0.5853228715728716
voiced,StandardScaler,False,adaboost,7,0.5781673881673882,0.5781673881673882
voiced,StandardScaler,False,mlp,7,0.5899684343434343,0.5921762265512266
svd,StandardScaler,True,svm,8,0.81851649622642,0.8187696509234131
svd,StandardScaler,True,knn,8,0.7145496125103541,0.7190807066434112
svd,StandardScaler,True,gaussianNB,8,0.6586368230097783,0.6591470270914109
svd,StandardScaler,True,lda,8,0.8268097805502386,0.8268097805502386
svd,StandardScaler,True,qda,8,0.7373833890573257,0.7383857200596567
svd,StandardScaler,True,dt,8,0.7942686448411639,0.7942686448411639
svd,StandardScaler,True,rf,8,0.8172641462499696,0.8167539421683369
svd,StandardScaler,True,adaboost,8,0.8098983277718282,0.8098983277718282
svd,StandardScaler,True,mlp,8,0.7807013778660452,0.7867775045746692
voiced,StandardScaler,True,svm,8,0.5695210166177909,0.5843695014662758
voiced,StandardScaler,True,knn,8,0.4948484848484848,0.46839687194525903
voiced,StandardScaler,True,gaussianNB,8,0.5403519061583577,0.5403519061583577
voiced,StandardScaler,True,lda,8,0.5164613880742912,0.5197947214076246
voiced,StandardScaler,True,qda,8,0.46221896383186706,0.5457917888563051
voiced,StandardScaler,True,dt,8,0.5082013685239491,0.5082013685239491
voiced,StandardScaler,True,rf,8,0.5421847507331379,0.5421847507331379
voiced,StandardScaler,True,adaboost,8,0.5429423264907136,0.5429423264907136
voiced,StandardScaler,True,mlp,8,0.5792619745845553,0.5768377321603129
svd,StandardScaler,False,svm,8,0.8316514513494088,0.8331491974175584
svd,StandardScaler,False,knn,8,0.7184587267369072,0.7191734963803663
svd,StandardScaler,False,gaussianNB,8,0.659541816879192,0.6600344277166305
svd,StandardScaler,False,lda,8,0.8224895119001367,0.8224895119001367
svd,StandardScaler,False,qda,8,0.734468477272795,0.7384609421223068
svd,StandardScaler,False,dt,8,0.7917157507224991,0.7917157507224991
svd,StandardScaler,False,rf,8,0.8187482292558539,0.8187482292558539
svd,StandardScaler,False,adaboost,8,0.816142802377423,0.816142802377423
svd,StandardScaler,False,mlp,8,0.7854487352271967,0.790462051467024
voiced,StandardScaler,False,svm,8,0.6009213904375195,0.6012611940031295
voiced,StandardScaler,False,knn,8,0.5047857339792824,0.5050159159836579
voiced,StandardScaler,False,gaussianNB,8,0.555768908510844,0.555768908510844
voiced,StandardScaler,False,lda,8,0.5044056123088382,0.5044056123088382
voiced,StandardScaler,False,qda,8,0.48316778203874977,0.5124466751886106
voiced,StandardScaler,False,dt,8,0.6119423229100648,0.6119423229100648
voiced,StandardScaler,False,rf,8,0.5292229455132682,0.5292229455132682
voiced,StandardScaler,False,adaboost,8,0.5911954353889838,0.5911954353889838
voiced,StandardScaler,False,mlp,8,0.5557628214079827,0.5523191682869102
svd,StandardScaler,True,svm,9,0.8268949334925345,0.8288938124761461
svd,StandardScaler,True,knn,9,0.7281366198323669,0.728843130697002
svd,StandardScaler,True,gaussianNB,9,0.657056008331908,0.6590787474975043
svd,StandardScaler,True,lda,9,0.8260063128438265,0.8260063128438265
svd,StandardScaler,True,qda,9,0.7398825565564933,0.7370789316100111
svd,StandardScaler,True,dt,9,0.7943523252465455,0.7943523252465455
svd,StandardScaler,True,rf,9,0.8182644109797872,0.8185557862711624
svd,StandardScaler,True,adaboost,9,0.8159588739141629,0.8159588739141629
svd,StandardScaler,True,mlp,9,0.7949247589923708,0.797452469377224
voiced,StandardScaler,True,svm,9,0.5838709677419355,0.5868328445747801
voiced,StandardScaler,True,knn,9,0.5304740957966765,0.5191739980449659
voiced,StandardScaler,True,gaussianNB,9,0.5521700879765397,0.5521700879765397
voiced,StandardScaler,True,lda,9,0.5137145650048875,0.517047898338221
voiced,StandardScaler,True,qda,9,0.5030156402737048,0.533147605083089
voiced,StandardScaler,True,dt,9,0.5065982404692082,0.5065982404692082
voiced,StandardScaler,True,rf,9,0.5052981427174975,0.5052981427174975
voiced,StandardScaler,True,adaboost,9,0.5813831867057674,0.5813831867057674
voiced,StandardScaler,True,mlp,9,0.5908602150537634,0.5851026392961877
svd,StandardScaler,False,svm,9,0.8347747216947112,0.8342866556377905
svd,StandardScaler,False,knn,9,0.7333445468505267,0.7322341145607726
svd,StandardScaler,False,gaussianNB,9,0.6622525051146578,0.6622525051146578
svd,StandardScaler,False,lda,9,0.8294962062698439,0.8294962062698439
svd,StandardScaler,False,qda,9,0.7400826506266245,0.7420197440519284
svd,StandardScaler,False,dt,9,0.7913658916240841,0.7913658916240841
svd,StandardScaler,False,rf,9,0.8227457040790652,0.8273265282151785
svd,StandardScaler,False,adaboost,9,0.8065960304309827,0.8065960304309827
svd,StandardScaler,False,mlp,9,0.7911801622639609,0.7901939999850961
voiced,StandardScaler,False,svm,9,0.5924241484322129,0.6054623646962357
voiced,StandardScaler,False,knn,9,0.5270257863403025,0.5552922928326154
voiced,StandardScaler,False,gaussianNB,9,0.5740843013020431,0.5740843013020431
voiced,StandardScaler,False,lda,9,0.5219726107226108,0.5251984171742237
voiced,StandardScaler,False,qda,9,0.512755506142603,0.5147165200391007
voiced,StandardScaler,False,dt,9,0.6497095377740537,0.6497095377740537
voiced,StandardScaler,False,rf,9,0.5611219530171143,0.5611219530171143
voiced,StandardScaler,False,adaboost,9,0.6094851549287033,0.6094851549287033
voiced,StandardScaler,False,mlp,9,0.6590580879693783,0.6288396862993637
svd,StandardScaler,True,svm,10,0.8290533548603343,0.8313467757251836
svd,StandardScaler,True,knn,10,0.729401723322116,0.7333814041284052
svd,StandardScaler,True,gaussianNB,10,0.6578444910233351,0.6575764257552699
svd,StandardScaler,True,lda,10,0.8211440467929018,0.8211440467929018
svd,StandardScaler,True,qda,10,0.7355786906659316,0.7340506948522215
svd,StandardScaler,True,dt,10,0.7871263959595475,0.7871263959595475
svd,StandardScaler,True,rf,10,0.8210176991311124,0.8210176991311124
svd,StandardScaler,True,adaboost,10,0.8162100222569144,0.8162100222569144
svd,StandardScaler,True,mlp,10,0.7928751274171122,0.7999815179368068
voiced,StandardScaler,True,svm,10,0.5524633431085044,0.5550391006842619
voiced,StandardScaler,True,knn,10,0.5115982404692082,0.4885239491691104
voiced,StandardScaler,True,gaussianNB,10,0.5530351906158358,0.5530351906158358
voiced,StandardScaler,True,lda,10,0.5264369501466275,0.5264369501466275
voiced,StandardScaler,True,qda,10,0.44571847507331375,0.4669599217986315
voiced,StandardScaler,True,dt,10,0.6033284457478005,0.6033284457478005
voiced,StandardScaler,True,rf,10,0.5498240469208212,0.5498240469208212
voiced,StandardScaler,True,adaboost,10,0.6219452590420332,0.6219452590420332
voiced,StandardScaler,True,mlp,10,0.6031769305962854,0.5874193548387097
svd,StandardScaler,False,svm,10,0.8292348301031873,0.8294331519948732
svd,StandardScaler,False,knn,10,0.7215461247357604,0.7187110661161453
svd,StandardScaler,False,gaussianNB,10,0.6586280977843764,0.6586280977843764
svd,StandardScaler,False,lda,10,0.8243108873095618,0.8243108873095618
svd,StandardScaler,False,qda,10,0.7410585149215276,0.7391599165576201
svd,StandardScaler,False,dt,10,0.7873356642685854,0.7873356642685854
svd,StandardScaler,False,rf,10,0.8260889949938329,0.8240056616604996
svd,StandardScaler,False,adaboost,10,0.8119414785727395,0.8119414785727395
svd,StandardScaler,False,mlp,10,0.7962619631391068,0.7982193851951174
voiced,StandardScaler,False,svm,10,0.607008797653959,0.6333724340175952
voiced,StandardScaler,False,knn,10,0.5288514173998045,0.5537634408602151
voiced,StandardScaler,False,gaussianNB,10,0.5402883675464321,0.5402883675464321
voiced,StandardScaler,False,lda,10,0.5616373411534702,0.5649706744868036
voiced,StandardScaler,False,qda,10,0.510464320625611,0.5404643206256109
voiced,StandardScaler,False,dt,10,0.6226832844574781,0.6226832844574781
voiced,StandardScaler,False,rf,10,0.5762756598240469,0.5762756598240469
voiced,StandardScaler,False,adaboost,10,0.5912316715542522,0.5912316715542522
voiced,StandardScaler,False,mlp,10,0.6228739002932551,0.6045405669599219
svd,StandardScaler,True,svm,11,0.8271234835684128,0.8278810593259885
svd,StandardScaler,True,knn,11,0.7194978322295661,0.7137699886445799
svd,StandardScaler,True,gaussianNB,11,0.6588717661836527,0.6591398314517181
svd,StandardScaler,True,lda,11,0.8229102122886202,0.8229102122886202
svd,StandardScaler,True,qda,11,0.7381365036272343,0.7373582342775362
svd,StandardScaler,True,dt,11,0.788383964272732,0.788383964272732
svd,StandardScaler,True,rf,11,0.8156589648083651,0.8149246990740993
svd,StandardScaler,True,adaboost,11,0.8117096553028942,0.8117096553028942
svd,StandardScaler,True,mlp,11,0.7873457603828378,0.7744348908089366
voiced,StandardScaler,True,svm,11,0.5751661779081134,0.580923753665689
voiced,StandardScaler,True,knn,11,0.500733137829912,0.49244379276637346
voiced,StandardScaler,True,gaussianNB,11,0.542913000977517,0.542913000977517
voiced,StandardScaler,True,lda,11,0.5168572825024438,0.5168572825024438
voiced,StandardScaler,True,qda,11,0.5238367546432062,0.504633431085044
voiced,StandardScaler,True,dt,11,0.6722922776148583,0.6722922776148583
voiced,StandardScaler,True,rf,11,0.5554105571847507,0.5554105571847507
voiced,StandardScaler,True,adaboost,11,0.5896089931573802,0.5896089931573802
voiced,StandardScaler,True,mlp,11,0.6128543499511242,0.6073118279569892
svd,StandardScaler,False,svm,11,0.8337740991016027,0.831354744262893
svd,StandardScaler,False,knn,11,0.7248105805246634,0.7332482767417294
svd,StandardScaler,False,gaussianNB,11,0.6586672462542799,0.6606596561214527
svd,StandardScaler,False,lda,11,0.8107160951558559,0.8107160951558559
svd,StandardScaler,False,qda,11,0.7411335843679729,0.7389287707879353
svd,StandardScaler,False,dt,11,0.8012713534823345,0.8012713534823345
svd,StandardScaler,False,rf,11,0.8192447788846555,0.819734974963087
svd,StandardScaler,False,adaboost,11,0.8148585068367021,0.8148585068367021
svd,StandardScaler,False,mlp,11,0.7877862042223074,0.7883808487431387
voiced,StandardScaler,False,svm,11,0.55554825612226,0.5799348641379002
voiced,StandardScaler,False,knn,11,0.4839656367597544,0.482954256593758
voiced,StandardScaler,False,gaussianNB,11,0.5464350423859355,0.5464350423859355
voiced,StandardScaler,False,lda,11,0.4804981219557874,0.4837239284074002
voiced,StandardScaler,False,qda,11,0.49818949671841767,0.48123360727741415
voiced,StandardScaler,False,dt,11,0.5385681625791552,0.5385681625791552
voiced,StandardScaler,False,rf,11,0.5065645544630365,0.5065645544630365
voiced,StandardScaler,False,adaboost,11,0.5890434054726078,0.5890434054726078
voiced,StandardScaler,False,mlp,11,0.5704567885530393,0.5642008663349369
svd,StandardScaler,True,svm,12,0.819010139260957,0.81952612636364
svd,StandardScaler,True,knn,12,0.7191872231730466,0.7112930036157954
svd,StandardScaler,True,gaussianNB,12,0.6560642465495247,0.6560642465495247
svd,StandardScaler,True,lda,12,0.8211574267244931,0.8211574267244931
svd,StandardScaler,True,qda,12,0.7401523757957783,0.7406651963085988
svd,StandardScaler,True,dt,12,0.7939641129499362,0.7939641129499362
svd,StandardScaler,True,rf,12,0.8193510923827173,0.8142461972778221
svd,StandardScaler,True,adaboost,12,0.815074981361786,0.815074981361786
svd,StandardScaler,True,mlp,12,0.784763655101714,0.7898405574795979
voiced,StandardScaler,True,svm,12,0.5149315738025415,0.5533479960899316
voiced,StandardScaler,True,knn,12,0.4933528836754643,0.49404692082111434
voiced,StandardScaler,True,gaussianNB,12,0.5443352883675465,0.5443352883675465
voiced,StandardScaler,True,lda,12,0.4995796676441838,0.4995796676441838
voiced,StandardScaler,True,qda,12,0.5037487781036167,0.4543108504398826
voiced,StandardScaler,True,dt,12,0.576446725317693,0.576446725317693
voiced,StandardScaler,True,rf,12,0.5264711632453568,0.5264711632453568
voiced,StandardScaler,True,adaboost,12,0.5540664711632453,0.5540664711632453
voiced,StandardScaler,True,mlp,12,0.581466275659824,0.6251906158357772
svd,StandardScaler,False,svm,12,0.8295632043808038,0.8287998456021779
svd,StandardScaler,False,knn,12,0.7257529872427987,0.7228473740704372
svd,StandardScaler,False,gaussianNB,12,0.6556697265102442,0.6561599225886756
svd,StandardScaler,False,lda,12,0.8236029285484786,0.8236029285484786
svd,StandardScaler,False,qda,12,0.7412938122789837,0.7398604245536247
svd,StandardScaler,False,dt,12,0.7993722751636978,0.7993722751636978
svd,StandardScaler,False,rf,12,0.8224999448233541,0.8224999448233541
svd,StandardScaler,False,adaboost,12,0.8240489341640117,0.8240489341640117
svd,StandardScaler,False,mlp,12,0.7993621753029011,0.7927400737502824
voiced,StandardScaler,False,svm,12,0.5570796759784523,0.506454268679658
voiced,StandardScaler,False,knn,12,0.5102035651284818,0.5009754850883883
voiced,StandardScaler,False,gaussianNB,12,0.5292290726669203,0.5292290726669203
voiced,StandardScaler,False,lda,12,0.4788098440615126,0.4820356505131255
voiced,StandardScaler,False,qda,12,0.4738973335865716,0.4457047484557218
voiced,StandardScaler,False,dt,12,0.6332455150676786,0.6332455150676786
voiced,StandardScaler,False,rf,12,0.5299767959299383,0.5299767959299383
voiced,StandardScaler,False,adaboost,12,0.5593511066550556,0.5593511066550556
voiced,StandardScaler,False,mlp,12,0.5691121245118743,0.5555672576403945
svd,StandardScaler,True,svm,13,0.821086247449388,0.8218438232069637
svd,StandardScaler,True,knn,13,0.7269338948946364,0.7226132300995987
svd,StandardScaler,True,gaussianNB,13,0.6558149865401773,0.65632519062181
svd,StandardScaler,True,lda,13,0.8209050001252838,0.8209050001252838
svd,StandardScaler,True,qda,13,0.7376434706696429,0.738395813564843
svd,StandardScaler,True,dt,13,0.7987223754072172,0.7987223754072172
svd,StandardScaler,True,rf,13,0.8236254930093535,0.8236254930093535
svd,StandardScaler,True,adaboost,13,0.8101542169208473,0.8101542169208473
svd,StandardScaler,True,mlp,13,0.7883426805836838,0.7835496764231771
voiced,StandardScaler,True,svm,13,0.570058651026393,0.561661779081134
voiced,StandardScaler,True,knn,13,0.4792179863147605,0.44745845552297164
voiced,StandardScaler,True,gaussianNB,13,0.5524486803519061,0.5524486803519061
voiced,StandardScaler,True,lda,13,0.4791202346041056,0.4791202346041056
voiced,StandardScaler,True,qda,13,0.47885630498533727,0.46604105571847504
voiced,StandardScaler,True,dt,13,0.5697311827956989,0.5697311827956989
voiced,StandardScaler,True,rf,13,0.5409921798631476,0.5409921798631476
voiced,StandardScaler,True,adaboost,13,0.5494183773216033,0.5494183773216033
voiced,StandardScaler,True,mlp,13,0.5593010752688172,0.574149560117302
svd,StandardScaler,False,svm,13,0.8178393977330334,0.8187819231655296
svd,StandardScaler,False,knn,13,0.7309348973579751,0.7303755379919713
svd,StandardScaler,False,gaussianNB,13,0.656456241396459,0.6567198334474526
svd,StandardScaler,False,lda,13,0.8183201628406638,0.8183201628406638
svd,StandardScaler,False,qda,13,0.7378511772733095,0.7395811042806087
svd,StandardScaler,False,dt,13,0.7867131420574578,0.7867131420574578
svd,StandardScaler,False,rf,13,0.8199184422019794,0.8199184422019794
svd,StandardScaler,False,adaboost,13,0.8135832591296197,0.8135832591296197
svd,StandardScaler,False,mlp,13,0.7968974233362572,0.7955928495061029
voiced,StandardScaler,False,svm,13,0.6156646873241701,0.6267105739088498
voiced,StandardScaler,False,knn,13,0.4949920649274098,0.5026314561874907
voiced,StandardScaler,False,gaussianNB,13,0.5502797968315211,0.5502797968315211
voiced,StandardScaler,False,lda,13,0.47633446534308604,0.47633446534308604
voiced,StandardScaler,False,qda,13,0.5128221634687151,0.5204012223408775
voiced,StandardScaler,False,dt,13,0.5815460521279487,0.5738537444356411
voiced,StandardScaler,False,rf,13,0.5876329130639475,0.5876329130639475
voiced,StandardScaler,False,adaboost,13,0.5958095065853686,0.5958095065853686
voiced,StandardScaler,False,mlp,13,0.6003120442775615,0.6197085960016995
svd,StandardScaler,True,svm,14,0.8106674840971462,0.8104227288523909
svd,StandardScaler,True,knn,14,0.7274326509550064,0.7243442217542546
svd,StandardScaler,True,gaussianNB,14,0.656816351587344,0.6601380299090223
svd,StandardScaler,True,lda,14,0.8189172550459356,0.8189172550459356
svd,StandardScaler,True,qda,14,0.7416176807561758,0.7413553985091608
svd,StandardScaler,True,dt,14,0.7925958229338818,0.7925958229338818
svd,StandardScaler,True,rf,14,0.8167323261979751,0.8167323261979751
svd,StandardScaler,True,adaboost,14,0.8228339472232602,0.8228339472232602
svd,StandardScaler,True,mlp,14,0.8028331011046387,0.7977664265941257
voiced,StandardScaler,True,svm,14,0.545733137829912,0.5580058651026393
voiced,StandardScaler,True,knn,14,0.49071358748778104,0.5162121212121212
voiced,StandardScaler,True,gaussianNB,14,0.55227761485826,0.55227761485826
voiced,StandardScaler,True,lda,14,0.48713587487781035,0.49046920821114365
voiced,StandardScaler,True,qda,14,0.48528347996089927,0.5185777126099707
voiced,StandardScaler,True,dt,14,0.590752688172043,0.590752688172043
voiced,StandardScaler,True,rf,14,0.5187878787878788,0.5187878787878788
voiced,StandardScaler,True,adaboost,14,0.5430303030303031,0.5430303030303031
voiced,StandardScaler,True,mlp,14,0.5711876832844576,0.5828543499511241
svd,StandardScaler,False,svm,14,0.8274299687198289,0.8287396876066581
svd,StandardScaler,False,knn,14,0.7257520584598564,0.72784098282744
svd,StandardScaler,False,gaussianNB,14,0.6608498739260616,0.6613734341354857
svd,StandardScaler,False,lda,14,0.8240262712272738,0.8240262712272738
svd,StandardScaler,False,qda,14,0.7365373846529424,0.7347482451112526
svd,StandardScaler,False,dt,14,0.7971631604515907,0.7971631604515907
svd,StandardScaler,False,rf,14,0.8206204113542259,0.8168516829639071
svd,StandardScaler,False,adaboost,14,0.8210753440314423,0.8210753440314423
svd,StandardScaler,False,mlp,14,0.7900074072884402,0.7896758053079631
voiced,StandardScaler,False,svm,14,0.5683314185351171,0.5863853739882661
voiced,StandardScaler,False,knn,14,0.509325966951106,0.51077867997779
voiced,StandardScaler,False,gaussianNB,14,0.5435663915864138,0.5435663915864138
voiced,StandardScaler,False,lda,14,0.6123624079387427,0.6123624079387427
voiced,StandardScaler,False,qda,14,0.5062723055124334,0.4932240603451672
voiced,StandardScaler,False,dt,14,0.608126560746138,0.608126560746138
voiced,StandardScaler,False,rf,14,0.5931784353176177,0.5931784353176177
voiced,StandardScaler,False,adaboost,14,0.5668818540870821,0.5668818540870821
voiced,StandardScaler,False,mlp,14,0.5970685766618746,0.5736112775649762
svd,StandardScaler,True,svm,15,0.8261472733010355,0.8256370692194028
svd,StandardScaler,True,knn,15,0.7271028771301399,0.7258841558296302
svd,StandardScaler,True,gaussianNB,15,0.6580900488097872,0.6585813877144302
svd,StandardScaler,True,lda,15,0.8214692577506101,0.8214692577506101
svd,StandardScaler,True,qda,15,0.7340495945348726,0.733274491775037
svd,StandardScaler,True,dt,15,0.7904003539172569,0.7904003539172569
svd,StandardScaler,True,rf,15,0.8151960652942115,0.8151960652942115
svd,StandardScaler,True,adaboost,15,0.8090974165783326,0.8090974165783326
svd,StandardScaler,True,mlp,15,0.7852638255964319,0.7840076117993239
voiced,StandardScaler,True,svm,15,0.554516129032258,0.5286070381231671
voiced,StandardScaler,True,knn,15,0.4674242424242424,0.49298142717497556
voiced,StandardScaler,True,gaussianNB,15,0.5405034213098728,0.5405034213098728
voiced,StandardScaler,True,lda,15,0.5340566959921799,0.5340566959921799
voiced,StandardScaler,True,qda,15,0.5620625610948191,0.5399951124144672
voiced,StandardScaler,True,dt,15,0.6243695014662756,0.6243695014662756
voiced,StandardScaler,True,rf,15,0.5609677419354838,0.5609677419354838
voiced,StandardScaler,True,adaboost,15,0.5342375366568914,0.5342375366568914
voiced,StandardScaler,True,mlp,15,0.5561827956989248,0.5683919843597263
svd,StandardScaler,False,svm,15,0.8226882557530393,0.8232407419408847
svd,StandardScaler,False,knn,15,0.7260879968718686,0.7180395508654682
svd,StandardScaler,False,gaussianNB,15,0.6585006413929686,0.6594485086915468
svd,StandardScaler,False,lda,15,0.8137359058967573,0.8137359058967573
svd,StandardScaler,False,qda,15,0.7326998527715443,0.7349162491462374
svd,StandardScaler,False,dt,15,0.79524394415704,0.79524394415704
svd,StandardScaler,False,rf,15,0.8244819800545968,0.8250082958440705
svd,StandardScaler,False,adaboost,15,0.8124379376082734,0.8124379376082734
svd,StandardScaler,False,mlp,15,0.7853851766490126,0.7794946150962534
voiced,StandardScaler,False,svm,15,0.6163559077185328,0.6056057476079724
voiced,StandardScaler,False,knn,15,0.47820841766892935,0.47541310664781183
voiced,StandardScaler,False,gaussianNB,15,0.5600105616790823,0.5600105616790823
voiced,StandardScaler,False,lda,15,0.5294789116869205,0.5327047181385335
voiced,StandardScaler,False,qda,15,0.44338875539654177,0.4765110477624382
voiced,StandardScaler,False,dt,15,0.5535363326575785,0.5535363326575785
voiced,StandardScaler,False,rf,15,0.541126742289145,0.541126742289145
voiced,StandardScaler,False,adaboost,15,0.5784403144747972,0.5784403144747972
voiced,StandardScaler,False,mlp,15,0.6216365813974268,0.6186258287092548
svd,StandardScaler,True,svm,16,0.8312395020464814,0.831999694235245
svd,StandardScaler,True,knn,16,0.7307216538459722,0.7251111193423079
svd,StandardScaler,True,gaussianNB,16,0.6555326952218993,0.6560583600332782
svd,StandardScaler,True,lda,16,0.8216788246286612,0.8216788246286612
svd,StandardScaler,True,qda,16,0.739389329318446,0.7398814562391444
svd,StandardScaler,True,dt,16,0.7849156314423491,0.7849156314423491
svd,StandardScaler,True,rf,16,0.8238925923222542,0.8238925923222542
svd,StandardScaler,True,adaboost,16,0.8192695962706867,0.8192695962706867
svd,StandardScaler,True,mlp,16,0.7916876689286723,0.7957536629128776
voiced,StandardScaler,True,svm,16,0.567355816226784,0.5800635386119257
voiced,StandardScaler,True,knn,16,0.49976050830889546,0.5395210166177908
voiced,StandardScaler,True,gaussianNB,16,0.5669745845552298,0.5669745845552298
voiced,StandardScaler,True,lda,16,0.5285826001955034,0.5319159335288367
voiced,StandardScaler,True,qda,16,0.4675562072336266,0.5135679374389052
voiced,StandardScaler,True,dt,16,0.629325513196481,0.5950146627565982
voiced,StandardScaler,True,rf,16,0.5696089931573802,0.5729423264907136
voiced,StandardScaler,True,adaboost,16,0.6021603128054741,0.6021603128054741
voiced,StandardScaler,True,mlp,16,0.5861436950146628,0.549887585532747
svd,StandardScaler,False,svm,16,0.8298346044725907,0.831755797549057
svd,StandardScaler,False,knn,16,0.7306958180749232,0.7307031703405888
svd,StandardScaler,False,gaussianNB,16,0.6606596749015665,0.6611944342598554
svd,StandardScaler,False,lda,16,0.8148568885837619,0.8148568885837619
svd,StandardScaler,False,qda,16,0.734115959341509,0.7324270290701664
svd,StandardScaler,False,dt,16,0.7808198236412223,0.7808198236412223
svd,StandardScaler,False,rf,16,0.8140778127505941,0.8166526159002006
svd,StandardScaler,False,adaboost,16,0.81707412706282,0.81707412706282
svd,StandardScaler,False,mlp,16,0.787127258349477,0.7815594495070775
voiced,StandardScaler,False,svm,16,0.5499777151051515,0.5732100383374746
voiced,StandardScaler,False,knn,16,0.5348292520406464,0.47932420153559574
voiced,StandardScaler,False,gaussianNB,16,0.5593045726553972,0.5593045726553972
voiced,StandardScaler,False,lda,16,0.41678290807975965,0.41678290807975965
voiced,StandardScaler,False,qda,16,0.49034718072199335,0.5211629791165023
voiced,StandardScaler,False,dt,16,0.6503749232609802,0.6503749232609802
voiced,StandardScaler,False,rf,16,0.5639373844546258,0.5699979905152319
voiced,StandardScaler,False,adaboost,16,0.6216945606450854,0.6216945606450854
voiced,StandardScaler,False,mlp,16,0.6192996101017092,0.5725685059568117
svd,StandardScaler,True,svm,17,0.8154090075682223,0.816443598204776
svd,StandardScaler,True,knn,17,0.7206909992951432,0.7351391701718855
svd,StandardScaler,True,gaussianNB,17,0.6598577885219106,0.6598577885219106
svd,StandardScaler,True,lda,17,0.8160746814072878,0.8160746814072878
svd,StandardScaler,True,qda,17,0.7375231438862846,0.7375289269073347
svd,StandardScaler,True,dt,17,0.7811531416602299,0.7811531416602299
svd,StandardScaler,True,rf,17,0.8296536614966277,0.8301664820094482
svd,StandardScaler,True,adaboost,17,0.8166603298555316,0.8166603298555316
svd,StandardScaler,True,mlp,17,0.7954420842697832,0.7964140439712959
voiced,StandardScaler,True,svm,17,0.5689345063538612,0.564149560117302
voiced,StandardScaler,True,knn,17,0.47458455522971654,0.49282991202346044
voiced,StandardScaler,True,gaussianNB,17,0.5585777126099707,0.5585777126099707
voiced,StandardScaler,True,lda,17,0.5060459433040079,0.5060459433040079
voiced,StandardScaler,True,qda,17,0.5231231671554253,0.5347849462365593
voiced,StandardScaler,True,dt,17,0.5724389051808407,0.5724389051808407
voiced,StandardScaler,True,rf,17,0.5560606060606061,0.5560606060606061
voiced,StandardScaler,True,adaboost,17,0.593958944281525,0.593958944281525
voiced,StandardScaler,True,mlp,17,0.596466275659824,0.6019452590420332
svd,StandardScaler,False,svm,17,0.8296530087120415,0.8289437888538854
svd,StandardScaler,False,knn,17,0.713214587068766,0.7275955901339313
svd,StandardScaler,False,gaussianNB,17,0.660659759978245,0.662159759978245
svd,StandardScaler,False,lda,17,0.8264398494867635,0.8264398494867635
svd,StandardScaler,False,qda,17,0.7425067260442125,0.740498159366324
svd,StandardScaler,False,dt,17,0.7796149563390795,0.7796149563390795
svd,StandardScaler,False,rf,17,0.8120796838596609,0.8120796838596609
svd,StandardScaler,False,adaboost,17,0.815361701120392,0.815361701120392
svd,StandardScaler,False,mlp,17,0.8049774261281032,0.7980228868355173
voiced,StandardScaler,False,svm,17,0.5913011557408108,0.5744757186694306
voiced,StandardScaler,False,knn,17,0.5032508228755693,0.524691468099176
voiced,StandardScaler,False,gaussianNB,17,0.5469884704544947,0.5469884704544947
voiced,StandardScaler,False,lda,17,0.4934205711462304,0.4963617476168186
voiced,StandardScaler,False,qda,17,0.4860881089836465,0.5137918960687724
voiced,StandardScaler,False,dt,17,0.6319380205663168,0.6319380205663168
voiced,StandardScaler,False,rf,17,0.49760260868273043,0.49760260868273043
voiced,StandardScaler,False,adaboost,17,0.5716518437613772,0.5716518437613772
voiced,StandardScaler,False,mlp,17,0.6166434942677336,0.5918058403732845
svd,StandardScaler,True,svm,18,0.8240727992472813,0.822047443650497
svd,StandardScaler,True,knn,18,0.7292181282911926,0.7337551234661376
svd,StandardScaler,True,gaussianNB,18,0.6527176821724259,0.6539880784428223
svd,StandardScaler,True,lda,18,0.8267411287367669,0.8267411287367669
svd,StandardScaler,True,qda,18,0.7401259572851722,0.7418916470661291
svd,StandardScaler,True,dt,18,0.7790861483118844,0.7790861483118844
svd,StandardScaler,True,rf,18,0.8258830718536281,0.8258830718536281
svd,StandardScaler,True,adaboost,18,0.8066627084293387,0.8066627084293387
svd,StandardScaler,True,mlp,18,0.8119238322564385,0.810364677125855
voiced,StandardScaler,True,svm,18,0.5646285434995113,0.5688709677419355
voiced,StandardScaler,True,knn,18,0.4940664711632454,0.4990664711632453
voiced,StandardScaler,True,gaussianNB,18,0.5532942326490714,0.5532942326490714
voiced,StandardScaler,True,lda,18,0.5657282502443792,0.5690615835777126
voiced,StandardScaler,True,qda,18,0.503514173998045,0.5084261974584555
voiced,StandardScaler,True,dt,18,0.5597360703812316,0.5597360703812316
voiced,StandardScaler,True,rf,18,0.5372727272727273,0.5372727272727273
voiced,StandardScaler,True,adaboost,18,0.6009726295210167,0.6009726295210167
voiced,StandardScaler,True,mlp,18,0.5512316715542522,0.5238074291300098
svd,StandardScaler,False,svm,18,0.8202924695725035,0.8199890148572837
svd,StandardScaler,False,knn,18,0.7340651481460988,0.7305199090701997
svd,StandardScaler,False,gaussianNB,18,0.6581101341504307,0.657953238390443
svd,StandardScaler,False,lda,18,0.8256017916959474,0.8256017916959474
svd,StandardScaler,False,qda,18,0.7332863199321205,0.7318012502012083
svd,StandardScaler,False,dt,18,0.7932877217979676,0.7932877217979676
svd,StandardScaler,False,rf,18,0.8157459765898321,0.8157459765898321
svd,StandardScaler,False,adaboost,18,0.8166119626429916,0.8166119626429916
svd,StandardScaler,False,mlp,18,0.7934626802287005,0.7906639108446185
voiced,StandardScaler,False,svm,18,0.597036484757073,0.5723738924474218
voiced,StandardScaler,False,knn,18,0.5214254536313361,0.48201634150163564
voiced,StandardScaler,False,gaussianNB,18,0.534750731294849,0.534750731294849
voiced,StandardScaler,False,lda,18,0.4987248780631134,0.5017551810934163
voiced,StandardScaler,False,qda,18,0.4302147199206023,0.5362361494714436
voiced,StandardScaler,False,dt,18,0.5954855112208054,0.5954855112208054
voiced,StandardScaler,False,rf,18,0.5076660512689923,0.5076660512689923
voiced,StandardScaler,False,adaboost,18,0.5623592665504431,0.5623592665504431
voiced,StandardScaler,False,mlp,18,0.5851905692346868,0.5456853032588327
svd,StandardScaler,True,svm,19,0.8270897078203511,0.8291150634171354
svd,StandardScaler,True,knn,19,0.7269748063641194,0.7330422957631246
svd,StandardScaler,True,gaussianNB,19,0.6601732182757264,0.6606679616276127
svd,StandardScaler,True,lda,19,0.8203481160787595,0.8203481160787595
svd,StandardScaler,True,qda,19,0.7403368187610282,0.7416072150314245
svd,StandardScaler,True,dt,19,0.7959632443165704,0.7959632443165704
svd,StandardScaler,True,rf,19,0.8177302123539855,0.8177302123539855
svd,StandardScaler,True,adaboost,19,0.8279693479911583,0.8279693479911583
svd,StandardScaler,True,mlp,19,0.7913087167285641,0.7915560884045072
voiced,StandardScaler,True,svm,19,0.5580694037145649,0.5712512218963831
voiced,StandardScaler,True,knn,19,0.5056695992179863,0.4794965786901271
voiced,StandardScaler,True,gaussianNB,19,0.5559384164222875,0.5559384164222875
voiced,StandardScaler,True,lda,19,0.45964320625610944,0.45964320625610944
voiced,StandardScaler,True,qda,19,0.46201857282502445,0.4866813294232649
voiced,StandardScaler,True,dt,19,0.6215786901270772,0.6215786901270772
voiced,StandardScaler,True,rf,19,0.541642228739003,0.541642228739003
voiced,StandardScaler,True,adaboost,19,0.5561241446725318,0.5561241446725318
voiced,StandardScaler,True,mlp,19,0.5487634408602151,0.5546285434995111
svd,StandardScaler,False,svm,19,0.8251293108653035,0.8219905306730265
svd,StandardScaler,False,knn,19,0.7259430785494541,0.7331426367057666
svd,StandardScaler,False,gaussianNB,19,0.6602240188168398,0.6597164046036418
svd,StandardScaler,False,lda,19,0.8250765933654505,0.8250765933654505
svd,StandardScaler,False,qda,19,0.7490533735592134,0.7451010968443318
svd,StandardScaler,False,dt,19,0.7853515624893463,0.7853515624893463
svd,StandardScaler,False,rf,19,0.8232739331621767,0.8232739331621767
svd,StandardScaler,False,adaboost,19,0.8172468573451557,0.8172468573451557
svd,StandardScaler,False,mlp,19,0.8013246305525275,0.7829763517127809
voiced,StandardScaler,False,svm,19,0.5715565323164044,0.5737763599026112
voiced,StandardScaler,False,knn,19,0.49910176246939314,0.48747796751203315
voiced,StandardScaler,False,gaussianNB,19,0.5419105630187387,0.5419105630187387
voiced,StandardScaler,False,lda,19,0.4965150218709729,0.4965150218709729
voiced,StandardScaler,False,qda,19,0.5164951738874153,0.5201733131995924
voiced,StandardScaler,False,dt,19,0.5756931377391611,0.5756931377391611
voiced,StandardScaler,False,rf,19,0.564868336613331,0.564868336613331
voiced,StandardScaler,False,adaboost,19,0.5705190720631488,0.5705190720631488
voiced,StandardScaler,False,mlp,19,0.5585842893511137,0.5585168322438901
svd,StandardScaler,True,svm,20,0.8311068811232388,0.8316197016360594
svd,StandardScaler,True,knn,20,0.7360805080052627,0.7355408386597045
svd,StandardScaler,True,gaussianNB,20,0.6639270525911748,0.6601218846584167
svd,StandardScaler,True,lda,20,0.8239152777429768,0.8239152777429768
svd,StandardScaler,True,qda,20,0.7375421270841118,0.7350065674056949
svd,StandardScaler,True,dt,20,0.7682966397470213,0.7682966397470213
svd,StandardScaler,True,rf,20,0.820432137836718,0.8239752613798415
svd,StandardScaler,True,adaboost,20,0.8245980609721068,0.8245980609721068
svd,StandardScaler,True,mlp,20,0.7855630937582955,0.7835518607165282
voiced,StandardScaler,True,svm,20,0.6035043988269795,0.5663391984359727
voiced,StandardScaler,True,knn,20,0.5170967741935485,0.5182013685239492
voiced,StandardScaler,True,gaussianNB,20,0.5518670576735093,0.5518670576735093
voiced,StandardScaler,True,lda,20,0.5987976539589442,0.5987976539589442
voiced,StandardScaler,True,qda,20,0.5268670576735092,0.48806940371456503
voiced,StandardScaler,True,dt,20,0.6040469208211144,0.5676832844574781
voiced,StandardScaler,True,rf,20,0.5479863147605084,0.5479863147605084
voiced,StandardScaler,True,adaboost,20,0.6004301075268816,0.6004301075268816
voiced,StandardScaler,True,mlp,20,0.611099706744868,0.6414907135874878
svd,StandardScaler,False,svm,20,0.8284281295636552,0.8307980003843237
svd,StandardScaler,False,knn,20,0.7300100276695819,0.7286711240092922
svd,StandardScaler,False,gaussianNB,20,0.6612520618703084,0.6605113211295677
svd,StandardScaler,False,lda,20,0.8252067768245006,0.8252067768245006
svd,StandardScaler,False,qda,20,0.7435838154088155,0.7435574933221918
svd,StandardScaler,False,dt,20,0.7907933815165902,0.7907933815165902
svd,StandardScaler,False,rf,20,0.8147714894317335,0.8147714894317335
svd,StandardScaler,False,adaboost,20,0.810806502313843,0.810806502313843
svd,StandardScaler,False,mlp,20,0.7953387277548568,0.7939069416176671
voiced,StandardScaler,False,svm,20,0.5981954667723168,0.6052375174635611
voiced,StandardScaler,False,knn,20,0.5046351158329336,0.5130906072106262
voiced,StandardScaler,False,gaussianNB,20,0.5546633181808703,0.5546633181808703
voiced,StandardScaler,False,lda,20,0.5878677513188899,0.5878677513188899
voiced,StandardScaler,False,qda,20,0.5218208759930771,0.5062856569426778
voiced,StandardScaler,False,dt,20,0.5876734887503389,0.5876734887503389
voiced,StandardScaler,False,rf,20,0.5933455621702776,0.5933455621702776
voiced,StandardScaler,False,adaboost,20,0.5732294034239006,0.5732294034239006
voiced,StandardScaler,False,mlp,20,0.6190715510770066,0.6164980216652418
svd,StandardScaler,True,svm,21,0.8283875466590842,0.8271249996822517
svd,StandardScaler,True,knn,21,0.7175822777731173,0.7271574644911614
svd,StandardScaler,True,gaussianNB,21,0.6588914938206105,0.6598938248229416
svd,StandardScaler,True,lda,21,0.823722197468108,0.823722197468108
svd,StandardScaler,True,qda,21,0.7396281671799666,0.7383551544783824
svd,StandardScaler,True,dt,21,0.7808305180824264,0.7808305180824264
svd,StandardScaler,True,rf,21,0.8280852589794792,0.8280852589794792
svd,StandardScaler,True,adaboost,21,0.8047288534802167,0.8047288534802167
svd,StandardScaler,True,mlp,21,0.7985178471110859,0.7934150781969757
voiced,StandardScaler,True,svm,21,0.5949071358748779,0.5897996089931574
voiced,StandardScaler,True,knn,21,0.5310557184750733,0.5308211143695015
voiced,StandardScaler,True,gaussianNB,21,0.5655718475073315,0.5655718475073315
voiced,StandardScaler,True,lda,21,0.5062023460410556,0.5094281524926686
voiced,StandardScaler,True,qda,21,0.5038563049853373,0.5009775171065494
voiced,StandardScaler,True,dt,21,0.579692082111437,0.579692082111437
voiced,StandardScaler,True,rf,21,0.5567497556207234,0.5600830889540567
voiced,StandardScaler,True,adaboost,21,0.5973118279569893,0.5973118279569893
voiced,StandardScaler,True,mlp,21,0.5880694037145651,0.5843010752688171
svd,StandardScaler,False,svm,21,0.8253432564066554,0.8247969208626669
svd,StandardScaler,False,knn,21,0.7291202833619352,0.7347459533747973
svd,StandardScaler,False,gaussianNB,21,0.6557488412361887,0.6562538917412393
svd,StandardScaler,False,lda,21,0.814309574588434,0.814309574588434
svd,StandardScaler,False,qda,21,0.7397209501350697,0.7374994533779431
svd,StandardScaler,False,dt,21,0.7790763449064086,0.7790763449064086
svd,StandardScaler,False,rf,21,0.8233190793838705,0.8233190793838705
svd,StandardScaler,False,adaboost,21,0.8181418818856947,0.8181418818856947
svd,StandardScaler,False,mlp,21,0.7944458416483615,0.7936622343606012
voiced,StandardScaler,False,svm,21,0.6013834991349223,0.5804407381921614
voiced,StandardScaler,False,knn,21,0.5066750611817026,0.5191878677931808
voiced,StandardScaler,False,gaussianNB,21,0.542272495934735,0.542272495934735
voiced,StandardScaler,False,lda,21,0.4790967294003347,0.48203790587092293
voiced,StandardScaler,False,qda,21,0.5198152072820005,0.4677926634473124
voiced,StandardScaler,False,dt,21,0.5809196095913363,0.5809196095913363
voiced,StandardScaler,False,rf,21,0.536640373471493,0.536640373471493
voiced,StandardScaler,False,adaboost,21,0.5115311763224476,0.5115311763224476
voiced,StandardScaler,False,mlp,21,0.6410794293906249,0.5946488068119946
svd,StandardScaler,True,svm,22,0.8268545122634544,0.8276353980443403
svd,StandardScaler,True,knn,22,0.7205838763199723,0.7307518635490282
svd,StandardScaler,True,gaussianNB,22,0.6547430377692101,0.6537045524450105
svd,StandardScaler,True,lda,22,0.8165315763843571,0.8165315763843571
svd,StandardScaler,True,qda,22,0.7419258549520272,0.7436857617119339
svd,StandardScaler,True,dt,22,0.7847052620226012,0.7847052620226012
svd,StandardScaler,True,rf,22,0.8259153914061221,0.8259153914061221
svd,StandardScaler,True,adaboost,22,0.8210826941143189,0.8210826941143189
svd,StandardScaler,True,mlp,22,0.7949525737802728,0.796930209013088
voiced,StandardScaler,True,svm,22,0.5708162267839686,0.5635434995112414
voiced,StandardScaler,True,knn,22,0.4780938416422288,0.45347996089931575
voiced,StandardScaler,True,gaussianNB,22,0.545307917888563,0.545307917888563
voiced,StandardScaler,True,lda,22,0.505464320625611,0.505464320625611
voiced,StandardScaler,True,qda,22,0.4910312805474096,0.5060557184750734
voiced,StandardScaler,True,dt,22,0.5968377321603129,0.5968377321603129
voiced,StandardScaler,True,rf,22,0.5555180840664712,0.5555180840664712
voiced,StandardScaler,True,adaboost,22,0.5595161290322581,0.5595161290322581
voiced,StandardScaler,True,mlp,22,0.5718328445747801,0.5618768328445748
svd,StandardScaler,False,svm,22,0.8297881414148425,0.8310096513863524
svd,StandardScaler,False,knn,22,0.7236809525963996,0.7178533954439061
svd,StandardScaler,False,gaussianNB,22,0.6584282633073075,0.6573238195054952
svd,StandardScaler,False,lda,22,0.8266340080480656,0.8266340080480656
svd,StandardScaler,False,qda,22,0.7365661157310307,0.7340371905869739
svd,StandardScaler,False,dt,22,0.7876964298270315,0.7876964298270315
svd,StandardScaler,False,rf,22,0.8271647005886645,0.8262850709590349
svd,StandardScaler,False,adaboost,22,0.8238072571458254,0.8238072571458254
svd,StandardScaler,False,mlp,22,0.7963298975674586,0.7868696873251422
voiced,StandardScaler,False,svm,22,0.6058875016126538,0.5952647909899431
voiced,StandardScaler,False,knn,22,0.5665478790985891,0.5083927009434109
voiced,StandardScaler,False,gaussianNB,22,0.5365558478033122,0.5365558478033122
voiced,StandardScaler,False,lda,22,0.5416450587951602,0.5416450587951602
voiced,StandardScaler,False,qda,22,0.5832000808522106,0.5061561781693628
voiced,StandardScaler,False,dt,22,0.6125922184644295,0.6125922184644295
voiced,StandardScaler,False,rf,22,0.49565831058731663,0.49565831058731663
voiced,StandardScaler,False,adaboost,22,0.508935418874567,0.508935418874567
voiced,StandardScaler,False,mlp,22,0.6069772452023974,0.5953673523906791
svd,StandardScaler,True,svm,23,0.8276523748879256,0.8284073342143135
svd,StandardScaler,True,knn,23,0.737094701009641,0.7264608855339498
svd,StandardScaler,True,gaussianNB,23,0.6591229290520457,0.6591229290520457
svd,StandardScaler,True,lda,23,0.8265295990813983,0.8265295990813983
svd,StandardScaler,True,qda,23,0.7411020059547868,0.7388234956610094
svd,StandardScaler,True,dt,23,0.8049502405990955,0.8049502405990955
svd,StandardScaler,True,rf,23,0.8233637609210127,0.8233637609210127
svd,StandardScaler,True,adaboost,23,0.8186374603223022,0.8186374603223022
svd,StandardScaler,True,mlp,23,0.8049240018433039,0.813004180479644
voiced,StandardScaler,True,svm,23,0.5979814271749756,0.6005571847507332
voiced,StandardScaler,True,knn,23,0.509711632453568,0.5085874877810361
voiced,StandardScaler,True,gaussianNB,23,0.5518670576735094,0.5518670576735094
voiced,StandardScaler,True,lda,23,0.5202932551319648,0.5202932551319648
voiced,StandardScaler,True,qda,23,0.5240957966764418,0.5524535679374389
voiced,StandardScaler,True,dt,23,0.5866813294232649,0.5866813294232649
voiced,StandardScaler,True,rf,23,0.5513391984359727,0.5613391984359727
voiced,StandardScaler,True,adaboost,23,0.5763391984359727,0.5763391984359727
voiced,StandardScaler,True,mlp,23,0.6121163245356793,0.5707086999022483
svd,StandardScaler,False,svm,23,0.8251468455473141,0.8239159087281418
svd,StandardScaler,False,knn,23,0.7329117777818791,0.7308148274951389
svd,StandardScaler,False,gaussianNB,23,0.6577253224139595,0.6576294612389203
svd,StandardScaler,False,lda,23,0.8297796650062873,0.8297796650062873
svd,StandardScaler,False,qda,23,0.7409717434041603,0.7399015867090035
svd,StandardScaler,False,dt,23,0.7775947686099306,0.7775947686099306
svd,StandardScaler,False,rf,23,0.8242526063781208,0.8242526063781208
svd,StandardScaler,False,adaboost,23,0.809693438087615,0.809693438087615
svd,StandardScaler,False,mlp,23,0.7953172863031983,0.792622299869741
voiced,StandardScaler,False,svm,23,0.6122101788182155,0.6121167880136179
voiced,StandardScaler,False,knn,23,0.4962497682610308,0.4970615498702261
voiced,StandardScaler,False,gaussianNB,23,0.5364397099470792,0.5364397099470792
voiced,StandardScaler,False,lda,23,0.5149166582397952,0.5149166582397952
voiced,StandardScaler,False,qda,23,0.5261225014325681,0.5380679922135706
voiced,StandardScaler,False,dt,23,0.6074015741396164,0.6074015741396164
voiced,StandardScaler,False,rf,23,0.5920103776923854,0.5920103776923854
voiced,StandardScaler,False,adaboost,23,0.5335845383759733,0.5335845383759733
voiced,StandardScaler,False,mlp,23,0.600005182526039,0.6037693186031617
svd,StandardScaler,True,svm,24,0.8243489516662909,0.8245963233422339
svd,StandardScaler,True,knn,24,0.7364734175312148,0.7410169837432651
svd,StandardScaler,True,gaussianNB,24,0.6593530115831097,0.6593530115831097
svd,StandardScaler,True,lda,24,0.8242266185286905,0.8242266185286905
svd,StandardScaler,True,qda,24,0.7424064158306252,0.7436768121010214
svd,StandardScaler,True,dt,24,0.7934698144458231,0.7934698144458231
svd,StandardScaler,True,rf,24,0.8180346098830287,0.8180346098830287
svd,StandardScaler,True,adaboost,24,0.8100514770580203,0.8100514770580203
svd,StandardScaler,True,mlp,24,0.802232079080498,0.8017451850221752
voiced,StandardScaler,True,svm,24,0.5668768328445749,0.5802101661779082
voiced,StandardScaler,True,knn,24,0.487394916911046,0.4796676441837732
voiced,StandardScaler,True,gaussianNB,24,0.5420821114369502,0.5420821114369502
voiced,StandardScaler,True,lda,24,0.4917448680351907,0.4917448680351907
voiced,StandardScaler,True,qda,24,0.4700293255131965,0.47901270772238513
voiced,StandardScaler,True,dt,24,0.6071603128054741,0.6071603128054741
voiced,StandardScaler,True,rf,24,0.540039100684262,0.540039100684262
voiced,StandardScaler,True,adaboost,24,0.5238954056695992,0.5238954056695992
voiced,StandardScaler,True,mlp,24,0.5567253176930596,0.5584995112414468
svd,StandardScaler,False,svm,24,0.8227285623007138,0.8242227894468336
svd,StandardScaler,False,knn,24,0.7251851741350486,0.7352007647853877
svd,StandardScaler,False,gaussianNB,24,0.6576200927556017,0.6578245572781305
svd,StandardScaler,False,lda,24,0.8157482085196136,0.8157482085196136
svd,StandardScaler,False,qda,24,0.7305631059836424,0.7319386693147416
svd,StandardScaler,False,dt,24,0.7881051791695439,0.7881051791695439
svd,StandardScaler,False,rf,24,0.8150974359355757,0.8150974359355757
svd,StandardScaler,False,adaboost,24,0.8088675986419955,0.8088675986419955
svd,StandardScaler,False,mlp,24,0.7951264759558244,0.7985161344844672
voiced,StandardScaler,False,svm,24,0.5306280345998088,0.5401050629478049
voiced,StandardScaler,False,knn,24,0.48815791735146574,0.4661683746361166
voiced,StandardScaler,False,gaussianNB,24,0.571489531973403,0.571489531973403
voiced,StandardScaler,False,lda,24,0.577024024362734,0.577024024362734
voiced,StandardScaler,False,qda,24,0.47345842329713295,0.4668143147175405
voiced,StandardScaler,False,dt,24,0.5782087468982631,0.5782087468982631
voiced,StandardScaler,False,rf,24,0.514795191367772,0.514795191367772
voiced,StandardScaler,False,adaboost,24,0.597237688386882,0.597237688386882
voiced,StandardScaler,False,mlp,24,0.5691759315952865,0.577408458477007
svd,StandardScaler,True,svm,25,0.8320369615843989,0.8330626026100398
svd,StandardScaler,True,knn,25,0.7158841086212951,0.7181063211597563
svd,StandardScaler,True,gaussianNB,25,0.6613924897349108,0.6603435386859596
svd,StandardScaler,True,lda,25,0.8200984838498468,0.8200984838498468
svd,StandardScaler,True,qda,25,0.7390390979431328,0.7413293522181199
svd,StandardScaler,True,dt,25,0.780706906688368,0.780706906688368
svd,StandardScaler,True,rf,25,0.8163770998176669,0.8163770998176669
svd,StandardScaler,True,adaboost,25,0.8206880269857368,0.8206880269857368
svd,StandardScaler,True,mlp,25,0.7877353399054599,0.7952904038890951
voiced,StandardScaler,True,svm,25,0.5451026392961877,0.548435972629521
voiced,StandardScaler,True,knn,25,0.5056256109481916,0.5174437927663733
voiced,StandardScaler,True,gaussianNB,25,0.5422776148582601,0.5422776148582601
voiced,StandardScaler,True,lda,25,0.5234750733137831,0.5268084066471164
voiced,StandardScaler,True,qda,25,0.5008748778103618,0.4840518084066471
voiced,StandardScaler,True,dt,25,0.5943939393939395,0.5943939393939395
voiced,StandardScaler,True,rf,25,0.5549315738025415,0.5549315738025415
voiced,StandardScaler,True,adaboost,25,0.6028787878787878,0.6028787878787878
voiced,StandardScaler,True,mlp,25,0.5906891495601172,0.5690224828934507
svd,StandardScaler,False,svm,25,0.8350255651680746,0.8338408539954699
svd,StandardScaler,False,knn,25,0.73187414657089,0.7258465474422222
svd,StandardScaler,False,gaussianNB,25,0.6570223831326436,0.6612396707881102
svd,StandardScaler,False,lda,25,0.8289180789381696,0.8289180789381696
svd,StandardScaler,False,qda,25,0.7414553373399854,0.7427561160246651
svd,StandardScaler,False,dt,25,0.7763231922462179,0.7763231922462179
svd,StandardScaler,False,rf,25,0.8275677354153741,0.8275677354153741
svd,StandardScaler,False,adaboost,25,0.8128540613779325,0.8128540613779325
svd,StandardScaler,False,mlp,25,0.7929970848469733,0.7955418050299385
voiced,StandardScaler,False,svm,25,0.5524434293919588,0.547783917607447
voiced,StandardScaler,False,knn,25,0.4640151020003961,0.5126928104575164
voiced,StandardScaler,False,gaussianNB,25,0.5584290453555159,0.5584290453555159
voiced,StandardScaler,False,lda,25,0.5578513071895425,0.5609763071895425
voiced,StandardScaler,False,qda,25,0.478340339671222,0.4962113784907903
voiced,StandardScaler,False,dt,25,0.638399138443256,0.638399138443256
voiced,StandardScaler,False,rf,25,0.506176247771836,0.516426247771836
voiced,StandardScaler,False,adaboost,25,0.5916412160823926,0.6203176866706277
voiced,StandardScaler,False,mlp,25,0.5762592097445038,0.5848969350366409
svd,StandardScaler,True,svm,26,0.8351866853611675,0.8339189055219588
svd,StandardScaler,True,knn,26,0.7288958315403244,0.7284128321696478
svd,StandardScaler,True,gaussianNB,26,0.6613709336828203,0.6603628196594391
svd,StandardScaler,True,lda,26,0.836884883564273,0.836884883564273
svd,StandardScaler,True,qda,26,0.746223015443299,0.7457335049537883
svd,StandardScaler,True,dt,26,0.7592760765225324,0.7592760765225324
svd,StandardScaler,True,rf,26,0.8220515453285355,0.8182403565173468
svd,StandardScaler,True,adaboost,26,0.8233513469445857,0.8233513469445857
svd,StandardScaler,True,mlp,26,0.7989149055234115,0.7968599067235926
voiced,StandardScaler,True,svm,26,0.5736559139784946,0.5677468230694036
voiced,StandardScaler,True,knn,26,0.4932453567937439,0.4965786901270772
voiced,StandardScaler,True,gaussianNB,26,0.5346383186705768,0.5346383186705768
voiced,StandardScaler,True,lda,26,0.59133431085044,0.59133431085044
voiced,StandardScaler,True,qda,26,0.5330009775171065,0.5248973607038123
voiced,StandardScaler,True,dt,26,0.5821163245356794,0.5821163245356794
voiced,StandardScaler,True,rf,26,0.5230303030303031,0.5230303030303031
voiced,StandardScaler,True,adaboost,26,0.5704740957966765,0.5704740957966765
voiced,StandardScaler,True,mlp,26,0.5950635386119256,0.6174877810361681
svd,StandardScaler,False,svm,26,0.8320302961782039,0.8306648599213199
svd,StandardScaler,False,knn,26,0.7257631063942197,0.7183452054656957
svd,StandardScaler,False,gaussianNB,26,0.6578307333764861,0.6571255976378565
svd,StandardScaler,False,lda,26,0.8194980920189959,0.8194980920189959
svd,StandardScaler,False,qda,26,0.7382107172438005,0.7389577182731933
svd,StandardScaler,False,dt,26,0.7841878514225575,0.7841878514225575
svd,StandardScaler,False,rf,26,0.8192472744521861,0.8192472744521861
svd,StandardScaler,False,adaboost,26,0.80564472553737,0.80564472553737
svd,StandardScaler,False,mlp,26,0.7849557386009189,0.7851583501700705
voiced,StandardScaler,False,svm,26,0.6016678909325968,0.5458575182986948
voiced,StandardScaler,False,knn,26,0.5384435042082101,0.5356865618042088
voiced,StandardScaler,False,gaussianNB,26,0.5444014563867505,0.5444014563867505
voiced,StandardScaler,False,lda,26,0.5064492713169184,0.5064492713169184
voiced,StandardScaler,False,qda,26,0.4818990160166631,0.5182276889776889
voiced,StandardScaler,False,dt,26,0.5051628616481557,0.5051628616481557
voiced,StandardScaler,False,rf,26,0.48430848073495136,0.48430848073495136
voiced,StandardScaler,False,adaboost,26,0.6051705435087789,0.6051705435087789
voiced,StandardScaler,False,mlp,26,0.5580230994495701,0.5874162961221785
svd,StandardScaler,True,svm,27,0.8324319410142748,0.8316717488255112
svd,StandardScaler,True,knn,27,0.7175295932711419,0.7190978759517472
svd,StandardScaler,True,gaussianNB,27,0.6601141098087663,0.6606204192027529
svd,StandardScaler,True,lda,27,0.8255031700397023,0.8255031700397023
svd,StandardScaler,True,qda,27,0.7411363318615227,0.7413779205164156
svd,StandardScaler,True,dt,27,0.7981346752121017,0.7981346752121017
svd,StandardScaler,True,rf,27,0.8165532504572853,0.8165532504572853
svd,StandardScaler,True,adaboost,27,0.8168208835875139,0.8168208835875139
svd,StandardScaler,True,mlp,27,0.7922082352398601,0.7971907972071548
voiced,StandardScaler,True,svm,27,0.5971163245356794,0.6004496578690127
voiced,StandardScaler,True,knn,27,0.5028739002932551,0.5432013685239492
voiced,StandardScaler,True,gaussianNB,27,0.5439442815249267,0.5439442815249267
voiced,StandardScaler,True,lda,27,0.5086901270772237,0.5120234604105571
voiced,StandardScaler,True,qda,27,0.5649706744868035,0.5031769305962854
voiced,StandardScaler,True,dt,27,0.5389784946236559,0.5389784946236559
voiced,StandardScaler,True,rf,27,0.5648240469208211,0.5648240469208211
voiced,StandardScaler,True,adaboost,27,0.5583088954056696,0.5583088954056696
voiced,StandardScaler,True,mlp,27,0.6371163245356793,0.6280254154447703
svd,StandardScaler,False,svm,27,0.8267035423026957,0.8257148693215417
svd,StandardScaler,False,knn,27,0.7142978252958935,0.7166200714266615
svd,StandardScaler,False,gaussianNB,27,0.6592440036225717,0.6554155256665039
svd,StandardScaler,False,lda,27,0.8303118897062542,0.8303118897062542
svd,StandardScaler,False,qda,27,0.7299907767500906,0.7294531044978317
svd,StandardScaler,False,dt,27,0.7885870176840369,0.7885870176840369
svd,StandardScaler,False,rf,27,0.8132047082607154,0.812480973790851
svd,StandardScaler,False,adaboost,27,0.8134658702594461,0.8134658702594461
svd,StandardScaler,False,mlp,27,0.7952441192125402,0.7849875263881277
voiced,StandardScaler,False,svm,27,0.6022119935507361,0.612073847383178
voiced,StandardScaler,False,knn,27,0.5083772583062645,0.495698319597914
voiced,StandardScaler,False,gaussianNB,27,0.5386821066019849,0.5386821066019849
voiced,StandardScaler,False,lda,27,0.5368026591393731,0.5368026591393731
voiced,StandardScaler,False,qda,27,0.49044523562981973,0.5386807165113453
voiced,StandardScaler,False,dt,27,0.6023112124521861,0.6023112124521861
voiced,StandardScaler,False,rf,27,0.5360894929951725,0.5360894929951725
voiced,StandardScaler,False,adaboost,27,0.6120805188726082,0.6120805188726082
voiced,StandardScaler,False,mlp,27,0.5758609483822466,0.5693823694898745
svd,StandardScaler,True,svm,28,0.8347853763829771,0.8324919555181278
svd,StandardScaler,True,knn,28,0.7360156746198185,0.7334573550767661
svd,StandardScaler,True,gaussianNB,28,0.6613919395762362,0.6613919395762362
svd,StandardScaler,True,lda,28,0.8356740115573267,0.8356740115573267
svd,StandardScaler,True,qda,28,0.7349949577866699,0.7372876505537356
svd,StandardScaler,True,dt,28,0.7942312867067501,0.7942312867067501
svd,StandardScaler,True,rf,28,0.8302176812645733,0.8302176812645733
svd,StandardScaler,True,adaboost,28,0.8141967828609049,0.8141967828609049
svd,StandardScaler,True,mlp,28,0.800048341335146,0.8005622621653157
voiced,StandardScaler,True,svm,28,0.5757526881720431,0.5508602150537635
voiced,StandardScaler,True,knn,28,0.5183724340175953,0.5110606060606061
voiced,StandardScaler,True,gaussianNB,28,0.5676686217008797,0.5676686217008797
voiced,StandardScaler,True,lda,28,0.545791788856305,0.5490175953079179
voiced,StandardScaler,True,qda,28,0.496041055718475,0.49332844574780055
voiced,StandardScaler,True,dt,28,0.5879814271749757,0.5879814271749757
voiced,StandardScaler,True,rf,28,0.5826392961876834,0.5826392961876834
voiced,StandardScaler,True,adaboost,28,0.5588514173998045,0.5588514173998045
voiced,StandardScaler,True,mlp,28,0.5849511241446725,0.5958162267839688
svd,StandardScaler,False,svm,28,0.8323521961025868,0.8325326825007412
svd,StandardScaler,False,knn,28,0.7072930739574614,0.7115946977011965
svd,StandardScaler,False,gaussianNB,28,0.6552225920676493,0.6540764450719974
svd,StandardScaler,False,lda,28,0.8221196781986377,0.8221196781986377
svd,StandardScaler,False,qda,28,0.7365723360308548,0.7374967426672845
svd,StandardScaler,False,dt,28,0.7832437075833614,0.7832437075833614
svd,StandardScaler,False,rf,28,0.8204149893239515,0.8204149893239515
svd,StandardScaler,False,adaboost,28,0.8160395609781161,0.8160395609781161
svd,StandardScaler,False,mlp,28,0.7914014811189636,0.8000446670425034
voiced,StandardScaler,False,svm,28,0.5582172882374495,0.5547236246429794
voiced,StandardScaler,False,knn,28,0.48223677830532663,0.46190423599697794
voiced,StandardScaler,False,gaussianNB,28,0.5409342360148812,0.5409342360148812
voiced,StandardScaler,False,lda,28,0.5293789513950803,0.5293789513950803
voiced,StandardScaler,False,qda,28,0.5162131103663361,0.5226582161864419
voiced,StandardScaler,False,dt,28,0.5439150776045938,0.5439150776045938
voiced,StandardScaler,False,rf,28,0.5460894854846468,0.5847433316384929
voiced,StandardScaler,False,adaboost,28,0.5754258756476499,0.5754258756476499
voiced,StandardScaler,False,mlp,28,0.5738845473522893,0.5842549177226596
svd,StandardScaler,True,svm,29,0.8267770288599078,0.8285576292119368
svd,StandardScaler,True,knn,29,0.72960849582987,0.726846258067632
svd,StandardScaler,True,gaussianNB,29,0.65884579615223,0.6583562856627196
svd,StandardScaler,True,lda,29,0.823642351832101,0.823642351832101
svd,StandardScaler,True,qda,29,0.7418627483022249,0.7403242867637634
svd,StandardScaler,True,dt,29,0.7828197356986889,0.7828197356986889
svd,StandardScaler,True,rf,29,0.8169000301770204,0.8169000301770204
svd,StandardScaler,True,adaboost,29,0.8131060124898729,0.8131060124898729
svd,StandardScaler,True,mlp,29,0.7974225883168087,0.7943919130669402
voiced,StandardScaler,True,svm,29,0.5889345063538611,0.5798435972629521
voiced,StandardScaler,True,knn,29,0.5352590420332356,0.5376783968719453
voiced,StandardScaler,True,gaussianNB,29,0.5677126099706744,0.5677126099706744
voiced,StandardScaler,True,lda,29,0.5171749755620724,0.5171749755620724
voiced,StandardScaler,True,qda,29,0.5039638318670576,0.5303079178885631
voiced,StandardScaler,True,dt,29,0.6049071358748779,0.6049071358748779
voiced,StandardScaler,True,rf,29,0.5722922776148582,0.5722922776148582
voiced,StandardScaler,True,adaboost,29,0.5647165200391007,0.5647165200391007
voiced,StandardScaler,True,mlp,29,0.5705816226783968,0.5622482893450635
svd,StandardScaler,False,svm,29,0.8334187361254193,0.8323697959015565
svd,StandardScaler,False,knn,29,0.721369716835345,0.7217643185925234
svd,StandardScaler,False,gaussianNB,29,0.6613454785897652,0.6608135636961483
svd,StandardScaler,False,lda,29,0.826614718418495,0.826614718418495
svd,StandardScaler,False,qda,29,0.7358890228795129,0.7374779650190144
svd,StandardScaler,False,dt,29,0.7748685301670991,0.7748685301670991
svd,StandardScaler,False,rf,29,0.8199011192905145,0.8199565516630202
svd,StandardScaler,False,adaboost,29,0.811050348368109,0.811050348368109
svd,StandardScaler,False,mlp,29,0.7975117127844975,0.8063164984273815
voiced,StandardScaler,False,svm,29,0.5282378337454239,0.534022147470914
voiced,StandardScaler,False,knn,29,0.4971675723075154,0.4867954329825772
voiced,StandardScaler,False,gaussianNB,29,0.5502253081095586,0.5502253081095586
voiced,StandardScaler,False,lda,29,0.5162721977842946,0.5162721977842946
voiced,StandardScaler,False,qda,29,0.5275815555938895,0.47168201224771433
voiced,StandardScaler,False,dt,29,0.6157700343089337,0.6157700343089337
voiced,StandardScaler,False,rf,29,0.5757924836601307,0.5757924836601307
voiced,StandardScaler,False,adaboost,29,0.5592484019512007,0.5592484019512007
voiced,StandardScaler,False,mlp,29,0.5161340755754893,0.5157383728173576
svd,StandardScaler,True,svm,30,0.8344328263521283,0.8357006061913369
svd,StandardScaler,True,knn,30,0.7260573450540735,0.7267334246996188
svd,StandardScaler,True,gaussianNB,30,0.6574811774920826,0.6574811774920826
svd,StandardScaler,True,lda,30,0.8236837989346167,0.8236837989346167
svd,StandardScaler,True,qda,30,0.7363080794160402,0.7363015682972062
svd,StandardScaler,True,dt,30,0.7867350915169891,0.7867350915169891
svd,StandardScaler,True,rf,30,0.8195119130233633,0.8195119130233633
svd,StandardScaler,True,adaboost,30,0.8159641067765386,0.8159641067765386
svd,StandardScaler,True,mlp,30,0.7964184888176165,0.7956616411578243
voiced,StandardScaler,True,svm,30,0.5707086999022483,0.5576783968719452
voiced,StandardScaler,True,knn,30,0.48588465298142725,0.5055131964809384
voiced,StandardScaler,True,gaussianNB,30,0.5647653958944281,0.5647653958944281
voiced,StandardScaler,True,lda,30,0.43516129032258066,0.43516129032258066
voiced,StandardScaler,True,qda,30,0.493128054740958,0.5033137829912023
voiced,StandardScaler,True,dt,30,0.583763440860215,0.583763440860215
voiced,StandardScaler,True,rf,30,0.5421212121212122,0.5421212121212122
voiced,StandardScaler,True,adaboost,30,0.606080156402737,0.606080156402737
voiced,StandardScaler,True,mlp,30,0.5708162267839688,0.5733919843597264
svd,StandardScaler,False,svm,30,0.8260655722407474,0.8249512756717573
svd,StandardScaler,False,knn,30,0.7405878496615983,0.7434458130679744
svd,StandardScaler,False,gaussianNB,30,0.6539844178367584,0.6519709166320808
svd,StandardScaler,False,lda,30,0.8211469409878209,0.8211469409878209
svd,StandardScaler,False,qda,30,0.7399082429929102,0.7425038469665493
svd,StandardScaler,False,dt,30,0.7866814776119273,0.7866814776119273
svd,StandardScaler,False,rf,30,0.8229098803642174,0.8229098803642174
svd,StandardScaler,False,adaboost,30,0.8242972143739926,0.8242972143739926
svd,StandardScaler,False,mlp,30,0.7832145789245558,0.7804909807126706
voiced,StandardScaler,False,svm,30,0.5906503697451974,0.5829580620528896
voiced,StandardScaler,False,knn,30,0.49644421670283734,0.5024411723334137
voiced,StandardScaler,False,gaussianNB,30,0.5576982356723736,0.5576982356723736
voiced,StandardScaler,False,lda,30,0.47454696165903065,0.47454696165903065
voiced,StandardScaler,False,qda,30,0.49555707941483795,0.4899712643678161
voiced,StandardScaler,False,dt,30,0.6601853247327385,0.6601853247327385
voiced,StandardScaler,False,rf,30,0.5586248593360662,0.5586248593360662
voiced,StandardScaler,False,adaboost,30,0.5376765834739973,0.5376765834739973
voiced,StandardScaler,False,mlp,30,0.5896436681134958,0.5920679105377381
svd,StandardScaler,True,svm,31,0.8239967139367357,0.8222077141324687
svd,StandardScaler,True,knn,31,0.7185019687691444,0.7248513336899377
svd,StandardScaler,True,gaussianNB,31,0.658783088957571,0.655721864467775
svd,StandardScaler,True,lda,31,0.8317958649856141,0.8317958649856141
svd,StandardScaler,True,qda,31,0.7303348251167225,0.7349099228652117
svd,StandardScaler,True,dt,31,0.7942339467148627,0.7942339467148627
svd,StandardScaler,True,rf,31,0.816402908251327,0.8171604840089028
svd,StandardScaler,True,adaboost,31,0.8172053936612279,0.8172053936612279
svd,StandardScaler,True,mlp,31,0.7991588727521115,0.7953802994533637
voiced,StandardScaler,True,svm,31,0.5925953079178885,0.5978739002932552
voiced,StandardScaler,True,knn,31,0.501813294232649,0.5168572825024438
voiced,StandardScaler,True,gaussianNB,31,0.5373216031280548,0.5373216031280548
voiced,StandardScaler,True,lda,31,0.5399071358748777,0.5432404692082111
voiced,StandardScaler,True,qda,31,0.5187487781036169,0.5113000977517106
voiced,StandardScaler,True,dt,31,0.6124242424242424,0.6124242424242424
voiced,StandardScaler,True,rf,31,0.606080156402737,0.606080156402737
voiced,StandardScaler,True,adaboost,31,0.4775708699902248,0.4775708699902248
voiced,StandardScaler,True,mlp,31,0.5895210166177909,0.6160361681329424
svd,StandardScaler,False,svm,31,0.8343187008104016,0.8339276364285558
svd,StandardScaler,False,knn,31,0.7282928111688641,0.7268060926954458
svd,StandardScaler,False,gaussianNB,31,0.6583385819144593,0.6583385819144593
svd,StandardScaler,False,lda,31,0.8202474098775007,0.8202474098775007
svd,StandardScaler,False,qda,31,0.7450200337852698,0.7464728967328232
svd,StandardScaler,False,dt,31,0.8016096882149302,0.8016096882149302
svd,StandardScaler,False,rf,31,0.8253531068992279,0.8253531068992279
svd,StandardScaler,False,adaboost,31,0.8145073891834148,0.8145073891834148
svd,StandardScaler,False,mlp,31,0.796933988905503,0.7983021705758515
voiced,StandardScaler,False,svm,31,0.576983842682372,0.574935523354641
voiced,StandardScaler,False,knn,31,0.5094629539850128,0.44475395927601813
voiced,StandardScaler,False,gaussianNB,31,0.5616176171323229,0.5616176171323229
voiced,StandardScaler,False,lda,31,0.5273820596614713,0.5305070596614714
voiced,StandardScaler,False,qda,31,0.5100247641791759,0.46222403277550334
voiced,StandardScaler,False,dt,31,0.5773875212478153,0.5773875212478153
voiced,StandardScaler,False,rf,31,0.4967527951351481,0.4967527951351481
voiced,StandardScaler,False,adaboost,31,0.5351679325576384,0.5351679325576384
voiced,StandardScaler,False,mlp,31,0.5883848368407192,0.5838094789197731
svd,StandardScaler,True,svm,32,0.8273320245730277,0.8275969232512308
svd,StandardScaler,True,knn,32,0.7390030743520384,0.740228916848328
svd,StandardScaler,True,gaussianNB,32,0.6565089799331894,0.6557514041756136
svd,StandardScaler,True,lda,32,0.8256854123702542,0.8256854123702542
svd,StandardScaler,True,qda,32,0.7392976797829578,0.7408238471815354
svd,StandardScaler,True,dt,32,0.7872698838783898,0.7872698838783898
svd,StandardScaler,True,rf,32,0.8156348068507283,0.8156348068507283
svd,StandardScaler,True,adaboost,32,0.8174340345223661,0.8174340345223661
svd,StandardScaler,True,mlp,32,0.7956405154278654,0.7885484853205682
voiced,StandardScaler,True,svm,32,0.5863587487781037,0.5789784946236558
voiced,StandardScaler,True,knn,32,0.5215347018572826,0.5162707722385143
voiced,StandardScaler,True,gaussianNB,32,0.5528396871945259,0.5528396871945259
voiced,StandardScaler,True,lda,32,0.5246920821114369,0.5246920821114369
voiced,StandardScaler,True,qda,32,0.4668426197458455,0.4877956989247312
voiced,StandardScaler,True,dt,32,0.5684359726295211,0.5684359726295211
voiced,StandardScaler,True,rf,32,0.595752688172043,0.595752688172043
voiced,StandardScaler,True,adaboost,32,0.5555180840664711,0.5555180840664711
voiced,StandardScaler,True,mlp,32,0.6175904203323558,0.5975904203323559
svd,StandardScaler,False,svm,32,0.8283170336886083,0.828774884438865
svd,StandardScaler,False,knn,32,0.722102745101237,0.7229697718379362
svd,StandardScaler,False,gaussianNB,32,0.6603341958620952,0.6606032371656193
svd,StandardScaler,False,lda,32,0.8042134134300072,0.8042134134300072
svd,StandardScaler,False,qda,32,0.7410584395549578,0.7389111589358903
svd,StandardScaler,False,dt,32,0.7872931402989064,0.7924238716365343
svd,StandardScaler,False,rf,32,0.8165869697616938,0.8165869697616938
svd,StandardScaler,False,adaboost,32,0.8179721567531116,0.8179721567531116
svd,StandardScaler,False,mlp,32,0.7911257564787697,0.7978234497113188
voiced,StandardScaler,False,svm,32,0.59373698583376,0.59373698583376
voiced,StandardScaler,False,knn,32,0.506326164874552,0.5221479774705581
voiced,StandardScaler,False,gaussianNB,32,0.576973886328725,0.576973886328725
voiced,StandardScaler,False,lda,32,0.4348864994026284,0.4348864994026284
voiced,StandardScaler,False,qda,32,0.47890595664789204,0.42509984639016896
voiced,StandardScaler,False,dt,32,0.5460752688172044,0.5460752688172044
voiced,StandardScaler,False,rf,32,0.5438410991636797,0.5366982420208226
voiced,StandardScaler,False,adaboost,32,0.566699948796723,0.566699948796723
voiced,StandardScaler,False,mlp,32,0.5676258747226489,0.6106980713432326
svd,StandardScaler,True,svm,33,0.8186483854204682,0.8178824102106544
svd,StandardScaler,True,knn,33,0.7230668985685343,0.7269458912588684
svd,StandardScaler,True,gaussianNB,33,0.6593261191734474,0.6570250269541437
svd,StandardScaler,True,lda,33,0.8175404021641753,0.8175404021641753
svd,StandardScaler,True,qda,33,0.7431218163879015,0.7441358913714422
svd,StandardScaler,True,dt,33,0.7830454314859985,0.7830454314859985
svd,StandardScaler,True,rf,33,0.8176775714289345,0.8176775714289345
svd,StandardScaler,True,adaboost,33,0.8184235212261385,0.8184235212261385
svd,StandardScaler,True,mlp,33,0.7834084018489689,0.7851869958467559
voiced,StandardScaler,True,svm,33,0.6087194525904203,0.6079618768328445
voiced,StandardScaler,True,knn,33,0.5664467253176931,0.531295210166178
voiced,StandardScaler,True,gaussianNB,33,0.5773411534701858,0.5773411534701858
voiced,StandardScaler,True,lda,33,0.4988856304985337,0.4988856304985337
voiced,StandardScaler,True,qda,33,0.503396871945259,0.5363685239491691
voiced,StandardScaler,True,dt,33,0.5226783968719453,0.5226783968719453
voiced,StandardScaler,True,rf,33,0.5604105571847506,0.5604105571847506
voiced,StandardScaler,True,adaboost,33,0.5793499511241447,0.607683284457478
voiced,StandardScaler,True,mlp,33,0.6252785923753666,0.6501270772238514
svd,StandardScaler,False,svm,33,0.8191445360198004,0.819094552139692
svd,StandardScaler,False,knn,33,0.7329582360539366,0.7343633048185084
svd,StandardScaler,False,gaussianNB,33,0.6561565070701874,0.6558627793652921
svd,StandardScaler,False,lda,33,0.8218060018601754,0.8218060018601754
svd,StandardScaler,False,qda,33,0.7329832388419945,0.7345907446610764
svd,StandardScaler,False,dt,33,0.7898748434174659,0.7898748434174659
svd,StandardScaler,False,rf,33,0.8159891930753954,0.8121269883509861
svd,StandardScaler,False,adaboost,33,0.8039744081513188,0.8039744081513188
svd,StandardScaler,False,mlp,33,0.7788694404419347,0.7771105660582498
voiced,StandardScaler,False,svm,33,0.6050018926489515,0.6073352259822848
voiced,StandardScaler,False,knn,33,0.5267266257854493,0.5309535165417518
voiced,StandardScaler,False,gaussianNB,33,0.5679766068589597,0.5679766068589597
voiced,StandardScaler,False,lda,33,0.4933117571352866,0.4933117571352866
voiced,StandardScaler,False,qda,33,0.4789580588992354,0.44822143992732233
voiced,StandardScaler,False,dt,33,0.5929122567946097,0.5929122567946097
voiced,StandardScaler,False,rf,33,0.5945889923536981,0.5945889923536981
voiced,StandardScaler,False,adaboost,33,0.6149626769626769,0.6149626769626769
voiced,StandardScaler,False,mlp,33,0.5561654932243169,0.5909662351427057
svd,StandardScaler,True,svm,34,0.8337384916065396,0.835012054466798
svd,StandardScaler,True,knn,34,0.7234066043008246,0.7127405291909109
svd,StandardScaler,True,gaussianNB,34,0.6586337599151122,0.6591465804279327
svd,StandardScaler,True,lda,34,0.832879336221757,0.832879336221757
svd,StandardScaler,True,qda,34,0.7419168308972017,0.74243226784121
svd,StandardScaler,True,dt,34,0.7792002908033442,0.7792002908033442
svd,StandardScaler,True,rf,34,0.815711384217382,0.815711384217382
svd,StandardScaler,True,adaboost,34,0.8094424150912701,0.8094424150912701
svd,StandardScaler,True,mlp,34,0.8025850013309119,0.7954361233096238
voiced,StandardScaler,True,svm,34,0.6236754643206256,0.617702834799609
voiced,StandardScaler,True,knn,34,0.528435972629521,0.5225708699902248
voiced,StandardScaler,True,gaussianNB,34,0.5505669599217986,0.5505669599217986
voiced,StandardScaler,True,lda,34,0.5526099706744867,0.5559433040078201
voiced,StandardScaler,True,qda,34,0.5246774193548387,0.4950097751710654
voiced,StandardScaler,True,dt,34,0.6146236559139785,0.6055327468230695
voiced,StandardScaler,True,rf,34,0.5747605083088955,0.5747605083088955
voiced,StandardScaler,True,adaboost,34,0.5874193548387097,0.5874193548387097
voiced,StandardScaler,True,mlp,34,0.5954936461388074,0.6104496578690128
svd,StandardScaler,False,svm,34,0.8326084190840117,0.8321033685789612
svd,StandardScaler,False,knn,34,0.7331062871391667,0.7281533114985457
svd,StandardScaler,False,gaussianNB,34,0.6623463455509125,0.6624464379438907
svd,StandardScaler,False,lda,34,0.8226850915369901,0.8226850915369901
svd,StandardScaler,False,qda,34,0.7407841044274497,0.7423136333115932
svd,StandardScaler,False,dt,34,0.7958498175144264,0.7958498175144264
svd,StandardScaler,False,rf,34,0.8217851972541401,0.8217851972541401
svd,StandardScaler,False,adaboost,34,0.8148327245039944,0.8148327245039944
svd,StandardScaler,False,mlp,34,0.8003839084980843,0.8006310061181086
voiced,StandardScaler,False,svm,34,0.5897460224784703,0.6091125383155743
voiced,StandardScaler,False,knn,34,0.5285652946041941,0.5133787038388556
voiced,StandardScaler,False,gaussianNB,34,0.5489361650367343,0.5489361650367343
voiced,StandardScaler,False,lda,34,0.559177005789909,0.559177005789909
voiced,StandardScaler,False,qda,34,0.4354378922784995,0.4789896852041064
voiced,StandardScaler,False,dt,34,0.5869932613243808,0.5869932613243808
voiced,StandardScaler,False,rf,34,0.5508602150537634,0.5508602150537634
voiced,StandardScaler,False,adaboost,34,0.5959525373424804,0.5959525373424804
voiced,StandardScaler,False,mlp,34,0.5748309249258016,0.6017822215734929
svd,StandardScaler,True,svm,35,0.8267925495079258,0.8267925495079258
svd,StandardScaler,True,knn,35,0.7271895461862746,0.7243723488434503
svd,StandardScaler,True,gaussianNB,35,0.6588768211069193,0.6599011239578306
svd,StandardScaler,True,lda,35,0.8246805248550068,0.8246805248550068
svd,StandardScaler,True,qda,35,0.739596397786147,0.7388388220285712
svd,StandardScaler,True,dt,35,0.7877966344814762,0.7877966344814762
svd,StandardScaler,True,rf,35,0.8238593503915205,0.8233226696967154
svd,StandardScaler,True,adaboost,35,0.8131231672725676,0.8131231672725676
svd,StandardScaler,True,mlp,35,0.8020698603468505,0.7997842887755647
voiced,StandardScaler,True,svm,35,0.6179814271749755,0.6269648093841642
voiced,StandardScaler,True,knn,35,0.4711436950146627,0.5027663734115347
voiced,StandardScaler,True,gaussianNB,35,0.536911045943304,0.536911045943304
voiced,StandardScaler,True,lda,35,0.5268963831867057,0.5301221896383186
voiced,StandardScaler,True,qda,35,0.4094281524926687,0.47232160312805477
voiced,StandardScaler,True,dt,35,0.5967693059628543,0.5967693059628543
voiced,StandardScaler,True,rf,35,0.5016862170087977,0.5016862170087977
voiced,StandardScaler,True,adaboost,35,0.5581867057673511,0.5548533724340177
voiced,StandardScaler,True,mlp,35,0.5856451612903226,0.5459042033235582
svd,StandardScaler,False,svm,35,0.8172484537848543,0.8162460964880809
svd,StandardScaler,False,knn,35,0.7147899182633427,0.7225842435940639
svd,StandardScaler,False,gaussianNB,35,0.6559517670154456,0.6574538923591321
svd,StandardScaler,False,lda,35,0.8222340507315297,0.8222340507315297
svd,StandardScaler,False,qda,35,0.7384162866109323,0.7366283106260652
svd,StandardScaler,False,dt,35,0.7798012613259713,0.7798012613259713
svd,StandardScaler,False,rf,35,0.8145661064527097,0.8145661064527097
svd,StandardScaler,False,adaboost,35,0.813285738559889,0.813285738559889
svd,StandardScaler,False,mlp,35,0.7942807845090305,0.8032098516915352
voiced,StandardScaler,False,svm,35,0.5798406985171691,0.5666996728761434
voiced,StandardScaler,False,knn,35,0.5417883750236692,0.5444265701618642
voiced,StandardScaler,False,gaussianNB,35,0.5293400880165586,0.5293400880165586
voiced,StandardScaler,False,lda,35,0.5200710237474944,0.5231013267777975
voiced,StandardScaler,False,qda,35,0.5178411294587765,0.4857602691426221
voiced,StandardScaler,False,dt,35,0.59512531586061,0.59512531586061
voiced,StandardScaler,False,rf,35,0.5343975142504555,0.5343975142504555
voiced,StandardScaler,False,adaboost,35,0.5546466768525592,0.5546466768525592
voiced,StandardScaler,False,mlp,35,0.5909437947673242,0.5722120200061376
svd,StandardScaler,True,svm,36,0.8235115302727081,0.8230194033520096
svd,StandardScaler,True,knn,36,0.7306698009369764,0.7342025186736201
svd,StandardScaler,True,gaussianNB,36,0.657550379464229,0.657550379464229
svd,StandardScaler,True,lda,36,0.8300713844497924,0.8300713844497924
svd,StandardScaler,True,qda,36,0.7385570064250544,0.7405823620218385
svd,StandardScaler,True,dt,36,0.7808687695437968,0.7808687695437968
svd,StandardScaler,True,rf,36,0.8164503907579153,0.8164503907579153
svd,StandardScaler,True,adaboost,36,0.8078528868441627,0.8078528868441627
svd,StandardScaler,True,mlp,36,0.795206828794615,0.8041260793005612
voiced,StandardScaler,True,svm,36,0.5762952101661779,0.6229618768328445
voiced,StandardScaler,True,knn,36,0.47783479960899317,0.49239980449657866
voiced,StandardScaler,True,gaussianNB,36,0.5640713587487781,0.5640713587487781
voiced,StandardScaler,True,lda,36,0.5251857282502443,0.5251857282502443
voiced,StandardScaler,True,qda,36,0.5139784946236559,0.49891984359726294
voiced,StandardScaler,True,dt,36,0.5868817204301074,0.5868817204301074
voiced,StandardScaler,True,rf,36,0.5593890518084066,0.5593890518084066
voiced,StandardScaler,True,adaboost,36,0.5906011730205278,0.5906011730205278
voiced,StandardScaler,True,mlp,36,0.6136119257086999,0.5805376344086022
svd,StandardScaler,False,svm,36,0.8099838964162679,0.8102344458668174
svd,StandardScaler,False,knn,36,0.7313001173048566,0.7250578995886497
svd,StandardScaler,False,gaussianNB,36,0.6605082309228931,0.6605082309228931
svd,StandardScaler,False,lda,36,0.8198181545054869,0.8198181545054869
svd,StandardScaler,False,qda,36,0.7389958536692566,0.738486670495479
svd,StandardScaler,False,dt,36,0.7730934083515577,0.7730934083515577
svd,StandardScaler,False,rf,36,0.8253101781701494,0.8266052276750999
svd,StandardScaler,False,adaboost,36,0.8121962534106769,0.8121962534106769
svd,StandardScaler,False,mlp,36,0.7858546901508229,0.7861790836106033
voiced,StandardScaler,False,svm,36,0.6072777149321268,0.5804027149321267
voiced,StandardScaler,False,knn,36,0.46862532320620554,0.5016284744667099
voiced,StandardScaler,False,gaussianNB,36,0.563965174531351,0.563965174531351
voiced,StandardScaler,False,lda,36,0.5875900129282482,0.5907150129282482
voiced,StandardScaler,False,qda,36,0.5014520038784744,0.4938863122171946
voiced,StandardScaler,False,dt,36,0.5991327569489334,0.5960077569489334
voiced,StandardScaler,False,rf,36,0.5612377181641888,0.5612377181641888
voiced,StandardScaler,False,adaboost,36,0.5665529250161604,0.5665529250161604
voiced,StandardScaler,False,mlp,36,0.6219721234647706,0.5887197802197802
svd,StandardScaler,True,svm,37,0.828078956666743,0.8275687525851103
svd,StandardScaler,True,knn,37,0.731142512522011,0.7291436335383992
svd,StandardScaler,True,gaussianNB,37,0.6578182667931849,0.6583310873060055
svd,StandardScaler,True,lda,37,0.8249886990508581,0.8249886990508581
svd,StandardScaler,True,qda,37,0.7411137499359965,0.7426205019989098
svd,StandardScaler,True,dt,37,0.7946204794841654,0.7946204794841654
svd,StandardScaler,True,rf,37,0.8163877598228743,0.8163877598228743
svd,StandardScaler,True,adaboost,37,0.81615573085584,0.81615573085584
svd,StandardScaler,True,mlp,37,0.7945675262578207,0.7903011528638573
voiced,StandardScaler,True,svm,37,0.5656011730205278,0.5726344086021505
voiced,StandardScaler,True,knn,37,0.46023460410557177,0.49841642228739
voiced,StandardScaler,True,gaussianNB,37,0.5602248289345064,0.5602248289345064
voiced,StandardScaler,True,lda,37,0.5944916911045943,0.5944916911045943
voiced,StandardScaler,True,qda,37,0.5267008797653958,0.5113685239491691
voiced,StandardScaler,True,dt,37,0.5708162267839687,0.5708162267839687
voiced,StandardScaler,True,rf,37,0.5332649071358749,0.5332649071358749
voiced,StandardScaler,True,adaboost,37,0.621275659824047,0.621275659824047
voiced,StandardScaler,True,mlp,37,0.553264907135875,0.5763391984359727
svd,StandardScaler,False,svm,37,0.8275697820952634,0.8256108887055286
svd,StandardScaler,False,knn,37,0.7289379764042294,0.7346479193217291
svd,StandardScaler,False,gaussianNB,37,0.657152679103901,0.6574528456103221
svd,StandardScaler,False,lda,37,0.8238200217225586,0.8238200217225586
svd,StandardScaler,False,qda,37,0.731373778410178,0.7324459378107747
svd,StandardScaler,False,dt,37,0.7972892246978601,0.7972892246978601
svd,StandardScaler,False,rf,37,0.8095629557376673,0.810859603429002
svd,StandardScaler,False,adaboost,37,0.813556568288041,0.813556568288041
svd,StandardScaler,False,mlp,37,0.7984831879769422,0.7953412111057763
voiced,StandardScaler,False,svm,37,0.6032510433115272,0.6070010433115272
voiced,StandardScaler,False,knn,37,0.5123701500112791,0.5172841473043086
voiced,StandardScaler,False,gaussianNB,37,0.5438578558538236,0.5438578558538236
voiced,StandardScaler,False,lda,37,0.5735371080532371,0.5767629145048498
voiced,StandardScaler,False,qda,37,0.4504293085946312,0.45749816715542524
voiced,StandardScaler,False,dt,37,0.6217082111436951,0.6217082111436951
voiced,StandardScaler,False,rf,37,0.5845574385292127,0.5845574385292127
voiced,StandardScaler,False,adaboost,37,0.5862711482066321,0.5862711482066321
voiced,StandardScaler,False,mlp,37,0.5847070268441236,0.5970147191518158
svd,StandardScaler,True,svm,38,0.8291832249902044,0.8286704044773838
svd,StandardScaler,True,knn,38,0.722641832903556,0.7274268098313901
svd,StandardScaler,True,gaussianNB,38,0.656555273152874,0.6560424526400535
svd,StandardScaler,True,lda,38,0.8173305829031019,0.8173305829031019
svd,StandardScaler,True,qda,38,0.7418460528929449,0.7408437218906141
svd,StandardScaler,True,dt,38,0.789706019171668,0.789706019171668
svd,StandardScaler,True,rf,38,0.8177134134495093,0.8177134134495093
svd,StandardScaler,True,adaboost,38,0.8070674218547719,0.8070674218547719
svd,StandardScaler,True,mlp,38,0.7878149494997914,0.7827277593362651
voiced,StandardScaler,True,svm,38,0.5523118279569893,0.5806011730205277
voiced,StandardScaler,True,knn,38,0.4783088954056696,0.46943304007820136
voiced,StandardScaler,True,gaussianNB,38,0.5485972629521016,0.5485972629521016
voiced,StandardScaler,True,lda,38,0.3886656891495601,0.3919990224828934
voiced,StandardScaler,True,qda,38,0.49836754643206255,0.45535679374389054
voiced,StandardScaler,True,dt,38,0.5147800586510265,0.5485043988269795
voiced,StandardScaler,True,rf,38,0.5845650048875854,0.5754740957966764
voiced,StandardScaler,True,adaboost,38,0.585366568914956,0.585366568914956
voiced,StandardScaler,True,mlp,38,0.579149560117302,0.5932844574780058
svd,StandardScaler,False,svm,38,0.8234489340077426,0.8239304075394429
svd,StandardScaler,False,knn,38,0.7300476122813289,0.7155855850342385
svd,StandardScaler,False,gaussianNB,38,0.6583313435835088,0.6597269037341575
svd,StandardScaler,False,lda,38,0.8245799088611891,0.8245799088611891
svd,StandardScaler,False,qda,38,0.738184001191982,0.7389803989825801
svd,StandardScaler,False,dt,38,0.7984523652505731,0.7984523652505731
svd,StandardScaler,False,rf,38,0.822209613626774,0.822209613626774
svd,StandardScaler,False,adaboost,38,0.815861975326874,0.815861975326874
svd,StandardScaler,False,mlp,38,0.8005570436013972,0.797233176143723
voiced,StandardScaler,False,svm,38,0.595385435384045,0.5886112418356578
voiced,StandardScaler,False,knn,38,0.46092579718205406,0.4771764923989618
voiced,StandardScaler,False,gaussianNB,38,0.5514265316163258,0.5514265316163258
voiced,StandardScaler,False,lda,38,0.5162677547702575,0.5162677547702575
voiced,StandardScaler,False,qda,38,0.5496106963577765,0.504835554462223
voiced,StandardScaler,False,dt,38,0.608112878269302,0.608112878269302
voiced,StandardScaler,False,rf,38,0.5932452368728788,0.5932452368728788
voiced,StandardScaler,False,adaboost,38,0.5993475478451842,0.5993475478451842
voiced,StandardScaler,False,mlp,38,0.585957705855509,0.618334153332763
svd,StandardScaler,True,svm,39,0.8151121016388192,0.812302693671287
svd,StandardScaler,True,knn,39,0.7179204964428522,0.7245670196760707
svd,StandardScaler,True,gaussianNB,39,0.662099000599546,0.6610869918885186
svd,StandardScaler,True,lda,39,0.8183158335666516,0.8183158335666516
svd,StandardScaler,True,qda,39,0.7425993926102977,0.7410874076850087
svd,StandardScaler,True,dt,39,0.7991292150234354,0.7991292150234354
svd,StandardScaler,True,rf,39,0.818545930623357,0.818545930623357
svd,StandardScaler,True,adaboost,39,0.8146998657467577,0.8146998657467577
svd,StandardScaler,True,mlp,39,0.789994078985355,0.7732252226145355
voiced,StandardScaler,True,svm,39,0.557741935483871,0.5492570869990224
voiced,StandardScaler,True,knn,39,0.5044330400782013,0.47196480938416424
voiced,StandardScaler,True,gaussianNB,39,0.5657820136852394,0.5657820136852394
voiced,StandardScaler,True,lda,39,0.5374389051808407,0.5374389051808407
voiced,StandardScaler,True,qda,39,0.47162756598240474,0.4858015640273704
voiced,StandardScaler,True,dt,39,0.58613880742913,0.58613880742913
voiced,StandardScaler,True,rf,39,0.5309677419354839,0.5309677419354839
voiced,StandardScaler,True,adaboost,39,0.5223069403714565,0.5223069403714565
voiced,StandardScaler,True,mlp,39,0.5833479960899315,0.5833479960899315
svd,StandardScaler,False,svm,39,0.8305425548628605,0.8305425548628605
svd,StandardScaler,False,knn,39,0.7162549476183452,0.7183895236633153
svd,StandardScaler,False,gaussianNB,39,0.6578368724550925,0.6587608823895901
svd,StandardScaler,False,lda,39,0.8234986087649634,0.8234986087649634
svd,StandardScaler,False,qda,39,0.7366846679838681,0.7396993919111808
svd,StandardScaler,False,dt,39,0.7940370730611879,0.7940370730611879
svd,StandardScaler,False,rf,39,0.8256809552977545,0.8256809552977545
svd,StandardScaler,False,adaboost,39,0.8180425084953139,0.8180425084953139
svd,StandardScaler,False,mlp,39,0.7843228831096255,0.7887390252153021
voiced,StandardScaler,False,svm,39,0.6057374338624338,0.576848544973545
voiced,StandardScaler,False,knn,39,0.5214781746031746,0.5256382275132274
voiced,StandardScaler,False,gaussianNB,39,0.54380291005291,0.54380291005291
voiced,StandardScaler,False,lda,39,0.5310449735449735,0.5310449735449735
voiced,StandardScaler,False,qda,39,0.5152976190476191,0.4889814814814814
voiced,StandardScaler,False,dt,39,0.5681712962962963,0.5681712962962963
voiced,StandardScaler,False,rf,39,0.5944940476190477,0.5944940476190477
voiced,StandardScaler,False,adaboost,39,0.5917526455026454,0.5917526455026454
voiced,StandardScaler,False,mlp,39,0.6057142857142856,0.6195039682539683
svd,StandardScaler,True,svm,40,0.828859530146335,0.8286089918805295
svd,StandardScaler,True,knn,40,0.7372576478410722,0.7354912299623313
svd,StandardScaler,True,gaussianNB,40,0.6575979654660135,0.6575979654660135
svd,StandardScaler,True,lda,40,0.8299966373139765,0.8299966373139765
svd,StandardScaler,True,qda,40,0.7436359750754515,0.7433652933761985
svd,StandardScaler,True,dt,40,0.7736849864058152,0.7736849864058152
svd,StandardScaler,True,rf,40,0.8233032543610515,0.8210305270883242
svd,StandardScaler,True,adaboost,40,0.8334759842120804,0.8334759842120804
svd,StandardScaler,True,mlp,40,0.7981767451014997,0.7991945368335772
voiced,StandardScaler,True,svm,40,0.5945210166177908,0.5995845552297165
voiced,StandardScaler,True,knn,40,0.5127468230694037,0.4972678396871945
voiced,StandardScaler,True,gaussianNB,40,0.5669159335288367,0.5669159335288367
voiced,StandardScaler,True,lda,40,0.5857282502443792,0.5857282502443792
voiced,StandardScaler,True,qda,40,0.52316715542522,0.4612707722385142
voiced,StandardScaler,True,dt,40,0.620386119257087,0.5694770283479962
voiced,StandardScaler,True,rf,40,0.6092424242424243,0.6092424242424243
voiced,StandardScaler,True,adaboost,40,0.5457966764418377,0.5457966764418377
voiced,StandardScaler,True,mlp,40,0.6105571847507332,0.6128103616813294
svd,StandardScaler,False,svm,40,0.8219441784451496,0.8214014413044742
svd,StandardScaler,False,knn,40,0.7229321817574965,0.7278077449964575
svd,StandardScaler,False,gaussianNB,40,0.6597250593427784,0.6602176701802168
svd,StandardScaler,False,lda,40,0.8267677920014878,0.8267677920014878
svd,StandardScaler,False,qda,40,0.7380673099277419,0.7380551366297728
svd,StandardScaler,False,dt,40,0.7879397063343495,0.7879397063343495
svd,StandardScaler,False,rf,40,0.8190383903316508,0.8190383903316508
svd,StandardScaler,False,adaboost,40,0.8150868474092923,0.8150868474092923
svd,StandardScaler,False,mlp,40,0.7967631680982118,0.790891363185523
voiced,StandardScaler,False,svm,40,0.5814602445045993,0.5791236183171667
voiced,StandardScaler,False,knn,40,0.4733937702082863,0.47734676166127776
voiced,StandardScaler,False,gaussianNB,40,0.5597941261247712,0.5597941261247712
voiced,StandardScaler,False,lda,40,0.46257160626112237,0.46257160626112237
voiced,StandardScaler,False,qda,40,0.49307895957089504,0.5128570913853172
voiced,StandardScaler,False,dt,40,0.629765897185252,0.629765897185252
voiced,StandardScaler,False,rf,40,0.5781892278868085,0.5781892278868085
voiced,StandardScaler,False,adaboost,40,0.5716682958618442,0.5716682958618442
voiced,StandardScaler,False,mlp,40,0.5504663727849212,0.5618819710755195
svd,StandardScaler,True,svm,41,0.8301960961611996,0.8301960961611996
svd,StandardScaler,True,knn,41,0.7353381551200526,0.7350689895346383
svd,StandardScaler,True,gaussianNB,41,0.6586493550070431,0.6586493550070431
svd,StandardScaler,True,lda,41,0.8211644880020016,0.8211644880020016
svd,StandardScaler,True,qda,41,0.7383280841296108,0.7370660873114527
svd,StandardScaler,True,dt,41,0.7833036574476051,0.7833036574476051
svd,StandardScaler,True,rf,41,0.8215737951615815,0.8215737951615815
svd,StandardScaler,True,adaboost,41,0.8073897349469868,0.8073897349469868
svd,StandardScaler,True,mlp,41,0.7929284964399468,0.7946990468637143
voiced,StandardScaler,True,svm,41,0.5638709677419355,0.561446725317693
voiced,StandardScaler,True,knn,41,0.5091251221896383,0.4963978494623656
voiced,StandardScaler,True,gaussianNB,41,0.5620625610948191,0.5620625610948191
voiced,StandardScaler,True,lda,41,0.5230156402737047,0.526348973607038
voiced,StandardScaler,True,qda,41,0.5253030303030302,0.5283773216031281
voiced,StandardScaler,True,dt,41,0.5697360703812316,0.5697360703812316
voiced,StandardScaler,True,rf,41,0.5421212121212122,0.5421212121212122
voiced,StandardScaler,True,adaboost,41,0.594692082111437,0.594692082111437
voiced,StandardScaler,True,mlp,41,0.5577908113391985,0.561080156402737
svd,StandardScaler,False,svm,41,0.8264821398211646,0.8272228805619054
svd,StandardScaler,False,knn,41,0.7272332788825653,0.7232121419061907
svd,StandardScaler,False,gaussianNB,41,0.6600907126254306,0.6580602557726387
svd,StandardScaler,False,lda,41,0.8208462171782995,0.8208462171782995
svd,StandardScaler,False,qda,41,0.7395560573408873,0.7382346966889427
svd,StandardScaler,False,dt,41,0.7712360881500095,0.7712360881500095
svd,StandardScaler,False,rf,41,0.8222493155359757,0.8222493155359757
svd,StandardScaler,False,adaboost,41,0.818556252399873,0.818556252399873
svd,StandardScaler,False,mlp,41,0.7906043534700057,0.7954804016475324
voiced,StandardScaler,False,svm,41,0.5960239441273923,0.5882039839151908
voiced,StandardScaler,False,knn,41,0.5111528079200494,0.5110799640972055
voiced,StandardScaler,False,gaussianNB,41,0.550272687083032,0.550272687083032
voiced,StandardScaler,False,lda,41,0.4864261592494351,0.4864261592494351
voiced,StandardScaler,False,qda,41,0.5080239731532835,0.4801467928623101
voiced,StandardScaler,False,dt,41,0.5729425443649582,0.5729425443649582
voiced,StandardScaler,False,rf,41,0.5906129989104126,0.5906129989104126
voiced,StandardScaler,False,adaboost,41,0.6002963487661763,0.6002963487661763
voiced,StandardScaler,False,mlp,41,0.5676127488411972,0.5784574134358618
svd,StandardScaler,True,svm,42,0.8302006009257917,0.8281726288978197
svd,StandardScaler,True,knn,42,0.7248096342043997,0.7268525168034436
svd,StandardScaler,True,gaussianNB,42,0.6568207365153931,0.6573309405970257
svd,StandardScaler,True,lda,42,0.8298498212075092,0.8298498212075092
svd,StandardScaler,True,qda,42,0.7370334554576649,0.7334664717325567
svd,StandardScaler,True,dt,42,0.7965515999812619,0.7965515999812619
svd,StandardScaler,True,rf,42,0.8155410038888775,0.8155410038888775
svd,StandardScaler,True,adaboost,42,0.8155458645316879,0.8155458645316879
svd,StandardScaler,True,mlp,42,0.7878365055518819,0.7977221106773996
voiced,StandardScaler,True,svm,42,0.5018768328445747,0.5240860215053763
voiced,StandardScaler,True,knn,42,0.4524437927663734,0.5174193548387096
voiced,StandardScaler,True,gaussianNB,42,0.5429716520039101,0.5429716520039101
voiced,StandardScaler,True,lda,42,0.5147556207233627,0.5147556207233627
voiced,StandardScaler,True,qda,42,0.5166520039100684,0.490307917888563
voiced,StandardScaler,True,dt,42,0.5436510263929619,0.5436510263929619
voiced,StandardScaler,True,rf,42,0.5538954056695993,0.5538954056695993
voiced,StandardScaler,True,adaboost,42,0.5817497556207234,0.5817497556207234
voiced,StandardScaler,True,mlp,42,0.5693695014662756,0.5495210166177908
svd,StandardScaler,False,svm,42,0.8322839266471866,0.8312488007300063
svd,StandardScaler,False,knn,42,0.72429395193453,0.732286360817791
svd,StandardScaler,False,gaussianNB,42,0.6583862698814157,0.6569187419752185
svd,StandardScaler,False,lda,42,0.8152108336498542,0.8152108336498542
svd,StandardScaler,False,qda,42,0.737587877946926,0.7369905736344515
svd,StandardScaler,False,dt,42,0.7903527067535439,0.7903527067535439
svd,StandardScaler,False,rf,42,0.8202786786582756,0.8202786786582756
svd,StandardScaler,False,adaboost,42,0.8236590557298221,0.8236590557298221
svd,StandardScaler,False,mlp,42,0.787705492381748,0.7878347561943377
voiced,StandardScaler,False,svm,42,0.6107386363636363,0.6042676767676767
voiced,StandardScaler,False,knn,42,0.5194823232323234,0.522885101010101
voiced,StandardScaler,False,gaussianNB,42,0.529715909090909,0.529715909090909
voiced,StandardScaler,False,lda,42,0.5132007575757576,0.5132007575757576
voiced,StandardScaler,False,qda,42,0.4963510101010101,0.5046590909090909
voiced,StandardScaler,False,dt,42,0.5633838383838384,0.5633838383838384
voiced,StandardScaler,False,rf,42,0.5494949494949495,0.5494949494949495
voiced,StandardScaler,False,adaboost,42,0.5610416666666667,0.5610416666666667
voiced,StandardScaler,False,mlp,42,0.582455808080808,0.5910416666666667
svd,StandardScaler,True,svm,43,0.8222929869113076,0.8217853992608628
svd,StandardScaler,True,knn,43,0.7294259411980242,0.7208583183446869
svd,StandardScaler,True,gaussianNB,43,0.6589037879604945,0.6589037879604945
svd,StandardScaler,True,lda,43,0.8181077083585263,0.8181077083585263
svd,StandardScaler,True,qda,43,0.7307063002428323,0.7297039692405014
svd,StandardScaler,True,dt,43,0.7992859485116847,0.7992859485116847
svd,StandardScaler,True,rf,43,0.8187408828902832,0.8187408828902832
svd,StandardScaler,True,adaboost,43,0.8210923718230152,0.8210923718230152
svd,StandardScaler,True,mlp,43,0.7982690791578468,0.7931714831878409
voiced,StandardScaler,True,svm,43,0.5226588465298143,0.571989247311828
voiced,StandardScaler,True,knn,43,0.5186754643206257,0.47755131964809383
voiced,StandardScaler,True,gaussianNB,43,0.5557233626588465,0.5557233626588465
voiced,StandardScaler,True,lda,43,0.6410752688172042,0.6410752688172042
voiced,StandardScaler,True,qda,43,0.48448191593352885,0.5016080156402737
voiced,StandardScaler,True,dt,43,0.5284799608993158,0.5284799608993158
voiced,StandardScaler,True,rf,43,0.5193695014662756,0.5260361681329423
voiced,StandardScaler,True,adaboost,43,0.5757771260997068,0.5757771260997068
voiced,StandardScaler,True,mlp,43,0.5714467253176931,0.5689149560117303
svd,StandardScaler,False,svm,43,0.8265770277329356,0.8263058554342291
svd,StandardScaler,False,knn,43,0.7194762686797154,0.7174928518796533
svd,StandardScaler,False,gaussianNB,43,0.6533232820617456,0.6548308197501879
svd,StandardScaler,False,lda,43,0.8202380788884337,0.8202380788884337
svd,StandardScaler,False,qda,43,0.7396943626183969,0.7435028086180585
svd,StandardScaler,False,dt,43,0.8041614391978748,0.8041614391978748
svd,StandardScaler,False,rf,43,0.8160196237188648,0.8168743245735657
svd,StandardScaler,False,adaboost,43,0.8189353773338883,0.8189353773338883
svd,StandardScaler,False,mlp,43,0.7968293197934871,0.7937034867220838
voiced,StandardScaler,False,svm,43,0.5756905562539273,0.5539632977112531
voiced,StandardScaler,False,knn,43,0.5470200871561861,0.49139989925666816
voiced,StandardScaler,False,gaussianNB,43,0.5482519590597194,0.5482519590597194
voiced,StandardScaler,False,lda,43,0.5344402930707975,0.5344402930707975
voiced,StandardScaler,False,qda,43,0.5091951724255592,0.540547542165353
voiced,StandardScaler,False,dt,43,0.5690197945743323,0.6068349206247524
voiced,StandardScaler,False,rf,43,0.5868989758523881,0.5868989758523881
voiced,StandardScaler,False,adaboost,43,0.5611755368233154,0.5611755368233154
voiced,StandardScaler,False,mlp,43,0.5315216959314977,0.5724247845330093
svd,StandardScaler,True,svm,44,0.8220220673546736,0.8220220673546736
svd,StandardScaler,True,knn,44,0.7159279942158895,0.7129381723329378
svd,StandardScaler,True,gaussianNB,44,0.664693652403576,0.6652038564852087
svd,StandardScaler,True,lda,44,0.8221738802818411,0.8221738802818411
svd,StandardScaler,True,qda,44,0.7396208680450774,0.7398423132665226
svd,StandardScaler,True,dt,44,0.7865026739890426,0.7865026739890426
svd,StandardScaler,True,rf,44,0.826635414748828,0.826635414748828
svd,StandardScaler,True,adaboost,44,0.8222869950841597,0.8222869950841597
svd,StandardScaler,True,mlp,44,0.7976904012018516,0.8022390223371684
voiced,StandardScaler,True,svm,44,0.5733284457478006,0.5482209188660802
voiced,StandardScaler,True,knn,44,0.515928641251222,0.526793743890518
voiced,StandardScaler,True,gaussianNB,44,0.5586412512218963,0.5586412512218963
voiced,StandardScaler,True,lda,44,0.543841642228739,0.543841642228739
voiced,StandardScaler,True,qda,44,0.5523411534701858,0.5127077223851418
voiced,StandardScaler,True,dt,44,0.5979178885630498,0.5979178885630498
voiced,StandardScaler,True,rf,44,0.5321847507331379,0.516427174975562
voiced,StandardScaler,True,adaboost,44,0.623782991202346,0.623782991202346
voiced,StandardScaler,True,mlp,44,0.6329618768328445,0.6164027370478984
svd,StandardScaler,False,svm,44,0.824901587507932,0.8240187668146606
svd,StandardScaler,False,knn,44,0.7315753446239327,0.7277770646916659
svd,StandardScaler,False,gaussianNB,44,0.6591808448220663,0.6582310226772089
svd,StandardScaler,False,lda,44,0.8280351707156932,0.8280351707156932
svd,StandardScaler,False,qda,44,0.7355886802119631,0.7355142961218986
svd,StandardScaler,False,dt,44,0.7885103160049608,0.7885103160049608
svd,StandardScaler,False,rf,44,0.8073596999790176,0.8073596999790176
svd,StandardScaler,False,adaboost,44,0.8034248347916142,0.8034248347916142
svd,StandardScaler,False,mlp,44,0.788303007061535,0.7877418997417642
voiced,StandardScaler,False,svm,44,0.6044731427267578,0.5890770155564372
voiced,StandardScaler,False,knn,44,0.5219663126392826,0.5364025469031031
voiced,StandardScaler,False,gaussianNB,44,0.5375613355869195,0.5375613355869195
voiced,StandardScaler,False,lda,44,0.5536860111832304,0.5536860111832304
voiced,StandardScaler,False,qda,44,0.47133585670293127,0.43033998506745996
voiced,StandardScaler,False,dt,44,0.534516464872416,0.534516464872416
voiced,StandardScaler,False,rf,44,0.5518484487950561,0.5518484487950561
voiced,StandardScaler,False,adaboost,44,0.5335157383711333,0.5335157383711333
voiced,StandardScaler,False,mlp,44,0.5841536735418826,0.5805396531536686
svd,StandardScaler,True,svm,45,0.8245282216874366,0.824015401174616
svd,StandardScaler,True,knn,45,0.7259700967879812,0.7320557232661922
svd,StandardScaler,True,gaussianNB,45,0.659829245636225,0.6600973109042902
svd,StandardScaler,True,lda,45,0.8223835216038051,0.8223835216038051
svd,StandardScaler,True,qda,45,0.7383569828935149,0.7388698034063355
svd,StandardScaler,True,dt,45,0.7952264819876598,0.7952264819876598
svd,StandardScaler,True,rf,45,0.8223218711495701,0.8223218711495701
svd,StandardScaler,True,adaboost,45,0.8075947371421744,0.8075947371421744
svd,StandardScaler,True,mlp,45,0.7926895841345132,0.7873395016470262
voiced,StandardScaler,True,svm,45,0.5407331378299121,0.5290664711632453
voiced,StandardScaler,True,knn,45,0.5303616813294234,0.5030254154447703
voiced,StandardScaler,True,gaussianNB,45,0.546368523949169,0.546368523949169
voiced,StandardScaler,True,lda,45,0.5362658846529814,0.5362658846529814
voiced,StandardScaler,True,qda,45,0.5303812316715543,0.5463049853372434
voiced,StandardScaler,True,dt,45,0.5764027370478984,0.5764027370478984
voiced,StandardScaler,True,rf,45,0.5378299120234604,0.5378299120234604
voiced,StandardScaler,True,adaboost,45,0.589672531769306,0.589672531769306
voiced,StandardScaler,True,mlp,45,0.5974828934506353,0.5826344086021505
svd,StandardScaler,False,svm,45,0.8222870934108231,0.8217579928817227
svd,StandardScaler,False,knn,45,0.7331525157434581,0.7214080164715432
svd,StandardScaler,False,gaussianNB,45,0.6598926433686649,0.6601816136576353
svd,StandardScaler,False,lda,45,0.8259859800855809,0.8259859800855809
svd,StandardScaler,False,qda,45,0.7333409696101147,0.7337844185493466
svd,StandardScaler,False,dt,45,0.7940629036132867,0.7940629036132867
svd,StandardScaler,False,rf,45,0.8155714142674402,0.8155714142674402
svd,StandardScaler,False,adaboost,45,0.8166616259438216,0.8166616259438216
svd,StandardScaler,False,mlp,45,0.7976978040577583,0.8000083023795254
voiced,StandardScaler,False,svm,45,0.5626045036908416,0.5834132393714937
voiced,StandardScaler,False,knn,45,0.5195631675233193,0.5317402133673481
voiced,StandardScaler,False,gaussianNB,45,0.5442344467676536,0.5442344467676536
voiced,StandardScaler,False,lda,45,0.5182043781996344,0.5182043781996344
voiced,StandardScaler,False,qda,45,0.4860214653573287,0.49919703951962013
voiced,StandardScaler,False,dt,45,0.5947397305414384,0.5947397305414384
voiced,StandardScaler,False,rf,45,0.558536182525746,0.5518695158590794
voiced,StandardScaler,False,adaboost,45,0.5677935972243373,0.5677935972243373
voiced,StandardScaler,False,mlp,45,0.6222244025564708,0.6251452779773462
svd,StandardScaler,True,svm,46,0.8202398165266214,0.8225125437993487
svd,StandardScaler,True,knn,46,0.7215858932053043,0.7179426462305415
svd,StandardScaler,True,gaussianNB,46,0.6583276084148494,0.6583276084148494
svd,StandardScaler,True,lda,46,0.8297520164314058,0.8297520164314058
svd,StandardScaler,True,qda,46,0.7355503257193552,0.7337639423462761
svd,StandardScaler,True,dt,46,0.7912497135725053,0.7912497135725053
svd,StandardScaler,True,rf,46,0.8240683235339723,0.8240683235339723
svd,StandardScaler,True,adaboost,46,0.8266275654552645,0.8266275654552645
svd,StandardScaler,True,mlp,46,0.793884385334767,0.7936558788358133
voiced,StandardScaler,True,svm,46,0.6118377321603129,0.6010361681329423
voiced,StandardScaler,True,knn,46,0.46363147605083094,0.5212072336265885
voiced,StandardScaler,True,gaussianNB,46,0.5428201368523949,0.5428201368523949
voiced,StandardScaler,True,lda,46,0.48195992179863156,0.48529325513196486
voiced,StandardScaler,True,qda,46,0.5117057673509287,0.5826979472140762
voiced,StandardScaler,True,dt,46,0.6061241446725317,0.6052150537634409
voiced,StandardScaler,True,rf,46,0.5665347018572825,0.5607771260997068
voiced,StandardScaler,True,adaboost,46,0.5494525904203323,0.5494525904203323
voiced,StandardScaler,True,mlp,46,0.5656891495601173,0.5831133919843597
svd,StandardScaler,False,svm,46,0.8271246728037417,0.8283177654254057
svd,StandardScaler,False,knn,46,0.719557801884562,0.7224518186425442
svd,StandardScaler,False,gaussianNB,46,0.6590407735265738,0.6586905319806802
svd,StandardScaler,False,lda,46,0.8252780089960323,0.8252780089960323
svd,StandardScaler,False,qda,46,0.7330441048603576,0.7352163873742551
svd,StandardScaler,False,dt,46,0.7834270607902706,0.7834270607902706
svd,StandardScaler,False,rf,46,0.8191612254321854,0.8191612254321854
svd,StandardScaler,False,adaboost,46,0.8210973042306747,0.8210973042306747
svd,StandardScaler,False,mlp,46,0.7987583222834875,0.7954077544109591
voiced,StandardScaler,False,svm,46,0.5863339908299585,0.5785177330137008
voiced,StandardScaler,False,knn,46,0.5130560598302534,0.520313377631926
voiced,StandardScaler,False,gaussianNB,46,0.5373565726388307,0.5373565726388307
voiced,StandardScaler,False,lda,46,0.5531024918928145,0.5561327949231174
voiced,StandardScaler,False,qda,46,0.49818208971434785,0.45999766288072746
voiced,StandardScaler,False,dt,46,0.6094484786420271,0.6094484786420271
voiced,StandardScaler,False,rf,46,0.5678677714161585,0.5750106285590156
voiced,StandardScaler,False,adaboost,46,0.6248805644773386,0.6248805644773386
voiced,StandardScaler,False,mlp,46,0.5950232645192323,0.6145180103647846
svd,StandardScaler,True,svm,47,0.8321750096504731,0.8346924921679557
svd,StandardScaler,True,knn,47,0.7258473315125441,0.7232949729296512
svd,StandardScaler,True,gaussianNB,47,0.6588417071841282,0.6562692051677874
svd,StandardScaler,True,lda,47,0.8259714367784161,0.8259714367784161
svd,StandardScaler,True,qda,47,0.739620317886403,0.741383391236172
svd,StandardScaler,True,dt,47,0.7775149368987972,0.7775149368987972
svd,StandardScaler,True,rf,47,0.8142616580075686,0.8142616580075686
svd,StandardScaler,True,adaboost,47,0.8137178561169837,0.8137178561169837
svd,StandardScaler,True,mlp,47,0.8017997887245432,0.7962630190601837
voiced,StandardScaler,True,svm,47,0.5351466275659824,0.5366617790811339
voiced,StandardScaler,True,knn,47,0.49793743890518083,0.47867546432062563
voiced,StandardScaler,True,gaussianNB,47,0.5478836754643206,0.5478836754643206
voiced,StandardScaler,True,lda,47,0.4889931573802541,0.4889931573802541
voiced,StandardScaler,True,qda,47,0.473553274682307,0.5140811339198436
voiced,StandardScaler,True,dt,47,0.5269208211143696,0.5269208211143696
voiced,StandardScaler,True,rf,47,0.48114369501466275,0.48114369501466275
voiced,StandardScaler,True,adaboost,47,0.6011241446725317,0.6011241446725317
voiced,StandardScaler,True,mlp,47,0.5887585532746822,0.5735434995112414
svd,StandardScaler,False,svm,47,0.8291536037681752,0.829841055679536
svd,StandardScaler,False,knn,47,0.7193945055684926,0.7155609428247243
svd,StandardScaler,False,gaussianNB,47,0.6583845002936746,0.6590565025913475
svd,StandardScaler,False,lda,47,0.8168928285206384,0.8168928285206384
svd,StandardScaler,False,qda,47,0.7373318378282928,0.7380685160661953
svd,StandardScaler,False,dt,47,0.7906027073437327,0.7906027073437327
svd,StandardScaler,False,rf,47,0.8134850563088744,0.8134850563088744
svd,StandardScaler,False,adaboost,47,0.8198455562152528,0.8198455562152528
svd,StandardScaler,False,mlp,47,0.7886542363660549,0.7884428007017574
voiced,StandardScaler,False,svm,47,0.5949032538805897,0.595372028709765
voiced,StandardScaler,False,knn,47,0.5002577910440813,0.5022264772522004
voiced,StandardScaler,False,gaussianNB,47,0.5773272407205944,0.5773272407205944
voiced,StandardScaler,False,lda,47,0.5430887095848164,0.5430887095848164
voiced,StandardScaler,False,qda,47,0.504294949041195,0.5179851510496671
voiced,StandardScaler,False,dt,47,0.6207501750042074,0.6207501750042074
voiced,StandardScaler,False,rf,47,0.5740558717484467,0.5775041476105158
voiced,StandardScaler,False,adaboost,47,0.5832319935656975,0.5832319935656975
voiced,StandardScaler,False,mlp,47,0.5739022037318756,0.5615854881893536
svd,StandardScaler,True,svm,48,0.8329829821214773,0.83349318620311
svd,StandardScaler,True,knn,48,0.7188733839769827,0.7247092002871719
svd,StandardScaler,True,gaussianNB,48,0.6578958682175694,0.6584060722992021
svd,StandardScaler,True,lda,48,0.8254752372309625,0.8254752372309625
svd,StandardScaler,True,qda,48,0.7383778707660932,0.7353294905748559
svd,StandardScaler,True,dt,48,0.7762916509154241,0.7762916509154241
svd,StandardScaler,True,rf,48,0.8154199925846599,0.8154199925846599
svd,StandardScaler,True,adaboost,48,0.8022647999038404,0.8022647999038404
svd,StandardScaler,True,mlp,48,0.7871361335865152,0.7982786969482717
voiced,StandardScaler,True,svm,48,0.5732844574780058,0.5533284457478006
voiced,StandardScaler,True,knn,48,0.5196969696969697,0.5138954056695993
voiced,StandardScaler,True,gaussianNB,48,0.570307917888563,0.570307917888563
voiced,StandardScaler,True,lda,48,0.5845552297165201,0.5845552297165201
voiced,StandardScaler,True,qda,48,0.495752688172043,0.5345405669599218
voiced,StandardScaler,True,dt,48,0.6240664711632453,0.6240664711632453
voiced,StandardScaler,True,rf,48,0.5539589442815249,0.5572922776148582
voiced,StandardScaler,True,adaboost,48,0.5487438905180841,0.5487438905180841
voiced,StandardScaler,True,mlp,48,0.5733284457478005,0.5724633431085044
svd,StandardScaler,False,svm,48,0.8210621440395685,0.8221155050929296
svd,StandardScaler,False,knn,48,0.7216837267246179,0.7206014546250538
svd,StandardScaler,False,gaussianNB,48,0.6570961806423758,0.6537288218698998
svd,StandardScaler,False,lda,48,0.8273494437660899,0.8273494437660899
svd,StandardScaler,False,qda,48,0.733397949217012,0.736568250517937
svd,StandardScaler,False,dt,48,0.7768072979630295,0.7768072979630295
svd,StandardScaler,False,rf,48,0.8239446959181729,0.8239446959181729
svd,StandardScaler,False,adaboost,48,0.8130069619946443,0.8130069619946443
svd,StandardScaler,False,mlp,48,0.7874375821212832,0.7843175848461608
voiced,StandardScaler,False,svm,48,0.554002795644162,0.5449118865532528
voiced,StandardScaler,False,knn,48,0.4668139878955818,0.5237345123777761
voiced,StandardScaler,False,gaussianNB,48,0.5618648534682691,0.5618648534682691
voiced,StandardScaler,False,lda,48,0.5996424578303137,0.5996424578303137
voiced,StandardScaler,False,qda,48,0.5071031905756763,0.5166983880551242
voiced,StandardScaler,False,dt,48,0.6257374367146664,0.6257374367146664
voiced,StandardScaler,False,rf,48,0.5461447126912022,0.5461447126912022
voiced,StandardScaler,False,adaboost,48,0.6163413661326376,0.6163413661326376
voiced,StandardScaler,False,mlp,48,0.5951022605197178,0.5923513895620157
svd,StandardScaler,True,svm,49,0.8256195258757965,0.8248561670971706
svd,StandardScaler,True,knn,49,0.7314080212771598,0.7334540704660661
svd,StandardScaler,True,gaussianNB,49,0.6586400331765654,0.659150237258198
svd,StandardScaler,True,lda,49,0.8246911685188675,0.8246911685188675
svd,StandardScaler,True,qda,49,0.736013403172618,0.7357453379045528
svd,StandardScaler,True,dt,49,0.7912487476173409,0.7912487476173409
svd,StandardScaler,True,rf,49,0.8185136546477878,0.8185136546477878
svd,StandardScaler,True,adaboost,49,0.8197381589693477,0.8197381589693477
svd,StandardScaler,True,mlp,49,0.7986761112388157,0.7920911186232887
voiced,StandardScaler,True,svm,49,0.5640420332355817,0.5832404692082112
voiced,StandardScaler,True,knn,49,0.4988074291300098,0.5098240469208211
voiced,StandardScaler,True,gaussianNB,49,0.5462170087976539,0.5462170087976539
voiced,StandardScaler,True,lda,49,0.4995796676441838,0.4995796676441838
voiced,StandardScaler,True,qda,49,0.45214565004887586,0.48335288367546425
voiced,StandardScaler,True,dt,49,0.587375366568915,0.587375366568915
voiced,StandardScaler,True,rf,49,0.5269648093841642,0.5269648093841642
voiced,StandardScaler,True,adaboost,49,0.5655376344086022,0.5655376344086022
voiced,StandardScaler,True,mlp,49,0.5524193548387097,0.5490860215053763
svd,StandardScaler,False,svm,49,0.8190822558820668,0.8205377443969393
svd,StandardScaler,False,knn,49,0.726950229512702,0.7244768373642546
svd,StandardScaler,False,gaussianNB,49,0.6550936354549423,0.6561689042721466
svd,StandardScaler,False,lda,49,0.823000328820725,0.823000328820725
svd,StandardScaler,False,qda,49,0.7430920417983637,0.742095302824443
svd,StandardScaler,False,dt,49,0.7823286547362714,0.7823286547362714
svd,StandardScaler,False,rf,49,0.8169919930674088,0.8170148711273493
svd,StandardScaler,False,adaboost,49,0.8145610303636946,0.8145610303636946
svd,StandardScaler,False,mlp,49,0.7930098980553807,0.7846456354201732
voiced,StandardScaler,False,svm,49,0.5748794309139137,0.5880978217185114
voiced,StandardScaler,False,knn,49,0.5437430672775501,0.5254185756771964
voiced,StandardScaler,False,gaussianNB,49,0.5492558877903705,0.5492558877903705
voiced,StandardScaler,False,lda,49,0.4858530262840607,0.4858530262840607
voiced,StandardScaler,False,qda,49,0.5175626959247649,0.454819749216301
voiced,StandardScaler,False,dt,49,0.5900717386062214,0.5900717386062214
voiced,StandardScaler,False,rf,49,0.5675419982316534,0.5675419982316534
voiced,StandardScaler,False,adaboost,49,0.6033335342818101,0.6033335342818101
voiced,StandardScaler,False,mlp,49,0.5481020416365243,0.5490111325456153
svd,StandardScaler,True,svm,50,0.8296381717155981,0.8311591062517998
svd,StandardScaler,True,knn,50,0.7276822232656475,0.7236005306943147
svd,StandardScaler,True,gaussianNB,50,0.6640081928249868,0.6634979887433541
svd,StandardScaler,True,lda,50,0.821708229974315,0.821708229974315
svd,StandardScaler,True,qda,50,0.7368555236112488,0.7381259198816451
svd,StandardScaler,True,dt,50,0.8000074443913048,0.8000074443913048
svd,StandardScaler,True,rf,50,0.8123932283637846,0.8123932283637846
svd,StandardScaler,True,adaboost,50,0.8051412836527341,0.8051412836527341
svd,StandardScaler,True,mlp,50,0.7908282157682376,0.7811896100990975
voiced,StandardScaler,True,svm,50,0.5572922776148583,0.5623998044965788
voiced,StandardScaler,True,knn,50,0.5167497556207233,0.5352541544477029
voiced,StandardScaler,True,gaussianNB,50,0.5408308895405669,0.5408308895405669
voiced,StandardScaler,True,lda,50,0.5351417399804497,0.5351417399804497
voiced,StandardScaler,True,qda,50,0.5034897360703813,0.4792424242424242
voiced,StandardScaler,True,dt,50,0.5547800586510264,0.5547800586510264
voiced,StandardScaler,True,rf,50,0.5495454545454546,0.5495454545454546
voiced,StandardScaler,True,adaboost,50,0.5862316715542522,0.5862316715542522
voiced,StandardScaler,True,mlp,50,0.5764027370478984,0.5846285434995113
svd,StandardScaler,False,svm,50,0.8277462104773254,0.8274872647187929
svd,StandardScaler,False,knn,50,0.7246206524397213,0.7274186647866504
svd,StandardScaler,False,gaussianNB,50,0.6583839435559183,0.6604358867246127
svd,StandardScaler,False,lda,50,0.8284326082060985,0.8284326082060985
svd,StandardScaler,False,qda,50,0.7421087680690573,0.7410762697498993
svd,StandardScaler,False,dt,50,0.7924096289186875,0.7924096289186875
svd,StandardScaler,False,rf,50,0.8258330694775271,0.8258330694775271
svd,StandardScaler,False,adaboost,50,0.8207040094780623,0.8207040094780623
svd,StandardScaler,False,mlp,50,0.7973236623594055,0.79691104901737
voiced,StandardScaler,False,svm,50,0.5439054480002755,0.5303340194288471
voiced,StandardScaler,False,knn,50,0.4567123752684097,0.5029921371731716
voiced,StandardScaler,False,gaussianNB,50,0.5610212201591512,0.5610212201591512
voiced,StandardScaler,False,lda,50,0.5242144134601031,0.5277858420315316
voiced,StandardScaler,False,qda,50,0.5116945195608988,0.5340890000803794
voiced,StandardScaler,False,dt,50,0.5529891660064075,0.5529891660064075
voiced,StandardScaler,False,rf,50,0.5163038470150539,0.5163038470150539
voiced,StandardScaler,False,adaboost,50,0.5353083626143971,0.5353083626143971
voiced,StandardScaler,False,mlp,50,0.5879034758345103,0.6056487047435323
svd,StandardScaler,True,svm,51,0.820751536722093,0.8215064960484808
svd,StandardScaler,True,knn,51,0.7358049493218524,0.736583040732441
svd,StandardScaler,True,gaussianNB,51,0.6565605804591629,0.6565605804591629
svd,StandardScaler,True,lda,51,0.8236495166048057,0.8236495166048057
svd,StandardScaler,True,qda,51,0.7398559455811364,0.7378111746486884
svd,StandardScaler,True,dt,51,0.78733352434552,0.78733352434552
svd,StandardScaler,True,rf,51,0.8116404533307477,0.8116404533307477
svd,StandardScaler,True,adaboost,51,0.8133964654030084,0.8133964654030084
svd,StandardScaler,True,mlp,51,0.7997519111205045,0.8053358509901584
voiced,StandardScaler,True,svm,51,0.6156011730205279,0.6072678396871944
voiced,StandardScaler,True,knn,51,0.517184750733138,0.5333088954056695
voiced,StandardScaler,True,gaussianNB,51,0.55227761485826,0.55227761485826
voiced,StandardScaler,True,lda,51,0.4985630498533724,0.5018963831867057
voiced,StandardScaler,True,qda,51,0.5541788856304986,0.5121114369501465
voiced,StandardScaler,True,dt,51,0.5856451612903226,0.5765542521994135
voiced,StandardScaler,True,rf,51,0.608049853372434,0.5989589442815249
voiced,StandardScaler,True,adaboost,51,0.6196089931573802,0.6196089931573802
voiced,StandardScaler,True,mlp,51,0.5832844574780058,0.5741935483870968
svd,StandardScaler,False,svm,51,0.8201732706766366,0.8209233661133201
svd,StandardScaler,False,knn,51,0.7234425552715233,0.7295035658349519
svd,StandardScaler,False,gaussianNB,51,0.6567757715144746,0.6572808220195252
svd,StandardScaler,False,lda,51,0.8292077551136092,0.8292077551136092
svd,StandardScaler,False,qda,51,0.7422477543161001,0.7435060895941554
svd,StandardScaler,False,dt,51,0.8041732198649342,0.8041732198649342
svd,StandardScaler,False,rf,51,0.8238974059112353,0.8238974059112353
svd,StandardScaler,False,adaboost,51,0.8047080201915773,0.8047080201915773
svd,StandardScaler,False,mlp,51,0.8022918320996946,0.7972432338293409
voiced,StandardScaler,False,svm,51,0.5467353408086166,0.5465459468692228
voiced,StandardScaler,False,knn,51,0.48778177043263254,0.49199042097748996
voiced,StandardScaler,False,gaussianNB,51,0.5477878204171307,0.5477878204171307
voiced,StandardScaler,False,lda,51,0.5062652266316059,0.5093902266316059
voiced,StandardScaler,False,qda,51,0.5389926165788236,0.5096965534465534
voiced,StandardScaler,False,dt,51,0.5631952697685456,0.5631952697685456
voiced,StandardScaler,False,rf,51,0.5503410263108539,0.573417949387777
voiced,StandardScaler,False,adaboost,51,0.5393936523246868,0.5393936523246868
voiced,StandardScaler,False,mlp,51,0.5418946714205335,0.5743122179544594
svd,StandardScaler,True,svm,52,0.831207242412259,0.8322095734145899
svd,StandardScaler,True,knn,52,0.7315057062167203,0.7248885883291554
svd,StandardScaler,True,gaussianNB,52,0.6601668106520887,0.6591521855098736
svd,StandardScaler,True,lda,52,0.8165940729572135,0.8165940729572135
svd,StandardScaler,True,qda,52,0.7416818877233272,0.7401460426160535
svd,StandardScaler,True,dt,52,0.785756680614914,0.785756680614914
svd,StandardScaler,True,rf,52,0.8124277322096297,0.8124277322096297
svd,StandardScaler,True,adaboost,52,0.812198125393327,0.812198125393327
svd,StandardScaler,True,mlp,52,0.7909029629040534,0.7946643650787598
voiced,StandardScaler,True,svm,52,0.5656451612903226,0.5588269794721408
voiced,StandardScaler,True,knn,52,0.5347751710654937,0.5278739002932552
voiced,StandardScaler,True,gaussianNB,52,0.5388563049853372,0.5388563049853372
voiced,StandardScaler,True,lda,52,0.5094721407624633,0.5094721407624633
voiced,StandardScaler,True,qda,52,0.47280547409579665,0.5078836754643207
voiced,StandardScaler,True,dt,52,0.6204301075268817,0.6204301075268817
voiced,StandardScaler,True,rf,52,0.5555180840664712,0.5555180840664712
voiced,StandardScaler,True,adaboost,52,0.5676148582600196,0.5676148582600196
voiced,StandardScaler,True,mlp,52,0.5666422287390029,0.5863391984359726
svd,StandardScaler,False,svm,52,0.8218043998562463,0.8230575900616609
svd,StandardScaler,False,knn,52,0.7243142981622108,0.7244950942719136
svd,StandardScaler,False,gaussianNB,52,0.6601850066979104,0.6588908102347346
svd,StandardScaler,False,lda,52,0.8194808173291237,0.8194808173291237
svd,StandardScaler,False,qda,52,0.7383089962598245,0.7373000671759369
svd,StandardScaler,False,dt,52,0.778454700481779,0.778454700481779
svd,StandardScaler,False,rf,52,0.8265002368947216,0.8267310416339123
svd,StandardScaler,False,adaboost,52,0.8182475211771305,0.8182475211771305
svd,StandardScaler,False,mlp,52,0.7918428038172592,0.7814449106094834
voiced,StandardScaler,False,svm,52,0.5389337947513698,0.5458087947513698
voiced,StandardScaler,False,knn,52,0.48727521319985173,0.5122107897664071
voiced,StandardScaler,False,gaussianNB,52,0.553107465084662,0.553107465084662
voiced,StandardScaler,False,lda,52,0.5101749629217649,0.5101749629217649
voiced,StandardScaler,False,qda,52,0.4781120226177234,0.5287615869484613
voiced,StandardScaler,False,dt,52,0.5994740812837309,0.5994740812837309
voiced,StandardScaler,False,rf,52,0.5564243449511803,0.5564243449511803
voiced,StandardScaler,False,adaboost,52,0.5587351687059696,0.5587351687059696
voiced,StandardScaler,False,mlp,52,0.5712172475590163,0.551914884851481
svd,StandardScaler,True,svm,53,0.829577547134799,0.8311165588319349
svd,StandardScaler,True,knn,53,0.7193207628431184,0.7225991656471482
svd,StandardScaler,True,gaussianNB,53,0.6607976229513852,0.6636426350821116
svd,StandardScaler,True,lda,53,0.8234392216289708,0.8234392216289708
svd,StandardScaler,True,qda,53,0.7370470278540071,0.7395729098237277
svd,StandardScaler,True,dt,53,0.7844741518023961,0.7844741518023961
svd,StandardScaler,True,rf,53,0.8176982051027851,0.8176982051027851
svd,StandardScaler,True,adaboost,53,0.8152124320608507,0.8152124320608507
svd,StandardScaler,True,mlp,53,0.7930889612023745,0.7898023368852158
voiced,StandardScaler,True,svm,53,0.5891055718475073,0.580772238514174
voiced,StandardScaler,True,knn,53,0.5111632453567937,0.5114222873900294
voiced,StandardScaler,True,gaussianNB,53,0.5660019550342131,0.5660019550342131
voiced,StandardScaler,True,lda,53,0.4653372434017595,0.4686705767350928
voiced,StandardScaler,True,qda,53,0.516256109481916,0.5135728250244378
voiced,StandardScaler,True,dt,53,0.5866177908113392,0.5866177908113392
voiced,StandardScaler,True,rf,53,0.5300830889540568,0.5300830889540568
voiced,StandardScaler,True,adaboost,53,0.5965102639296187,0.5965102639296187
voiced,StandardScaler,True,mlp,53,0.5674389051808406,0.5773313782991203
svd,StandardScaler,False,svm,53,0.8219808704185899,0.8231641603074635
svd,StandardScaler,False,knn,53,0.7322113986193157,0.7285105819806099
svd,StandardScaler,False,gaussianNB,53,0.6589948675767651,0.658285647718609
svd,StandardScaler,False,lda,53,0.824912054642304,0.824912054642304
svd,StandardScaler,False,qda,53,0.7358604090943,0.734744511976185
svd,StandardScaler,False,dt,53,0.7962348695567731,0.7962348695567731
svd,StandardScaler,False,rf,53,0.824180012921909,0.824180012921909
svd,StandardScaler,False,adaboost,53,0.8291598153762593,0.8291598153762593
svd,StandardScaler,False,mlp,53,0.7901831025425505,0.7921106734506214
voiced,StandardScaler,False,svm,53,0.5344588537260953,0.541032129588164
voiced,StandardScaler,False,knn,53,0.4885251322751323,0.4841822888159094
voiced,StandardScaler,False,gaussianNB,53,0.5536159522150902,0.5536159522150902
voiced,StandardScaler,False,lda,53,0.5146620453301487,0.5181103211922178
voiced,StandardScaler,False,qda,53,0.5102256866696522,0.5363873235640477
voiced,StandardScaler,False,dt,53,0.6271364092484782,0.6271364092484782
voiced,StandardScaler,False,rf,53,0.5554022366522366,0.5554022366522366
voiced,StandardScaler,False,adaboost,53,0.5515071279295417,0.5515071279295417
voiced,StandardScaler,False,mlp,53,0.5797272188220465,0.5652954939377353
svd,StandardScaler,True,svm,54,0.8273704394478658,0.8278832599606863
svd,StandardScaler,True,knn,54,0.729186968974319,0.7322800808787722
svd,StandardScaler,True,gaussianNB,54,0.6593464405460043,0.656269755326462
svd,StandardScaler,True,lda,54,0.8259811144871124,0.8259811144871124
svd,StandardScaler,True,qda,54,0.7424154998037222,0.7418995127010394
svd,StandardScaler,True,dt,54,0.7856094759475349,0.7856094759475349
svd,StandardScaler,True,rf,54,0.819746202543367,0.819746202543367
svd,StandardScaler,True,adaboost,54,0.8164945723124568,0.8164945723124568
svd,StandardScaler,True,mlp,54,0.8018352149486283,0.7972452066290672
voiced,StandardScaler,True,svm,54,0.550210166177908,0.5345601173020527
voiced,StandardScaler,True,knn,54,0.5118768328445749,0.5191300097751711
voiced,StandardScaler,True,gaussianNB,54,0.5628836754643206,0.5628836754643206
voiced,StandardScaler,True,lda,54,0.5433626588465298,0.5465884652981428
voiced,StandardScaler,True,qda,54,0.5118035190615836,0.5232502443792767
voiced,StandardScaler,True,dt,54,0.6063147605083088,0.6063147605083088
voiced,StandardScaler,True,rf,54,0.5342179863147606,0.5492179863147605
voiced,StandardScaler,True,adaboost,54,0.5708651026392962,0.5708651026392962
voiced,StandardScaler,True,mlp,54,0.5648435972629521,0.5907086999022483
svd,StandardScaler,False,svm,54,0.8309726035300562,0.8297022072596599
svd,StandardScaler,False,knn,54,0.7178880746242577,0.7141377517434994
svd,StandardScaler,False,gaussianNB,54,0.6601645322068339,0.6576870536897514
svd,StandardScaler,False,lda,54,0.8209749596478086,0.8209749596478086
svd,StandardScaler,False,qda,54,0.7403140358198486,0.7413033922772725
svd,StandardScaler,False,dt,54,0.7938747040919634,0.7938747040919634
svd,StandardScaler,False,rf,54,0.820450768052187,0.820450768052187
svd,StandardScaler,False,adaboost,54,0.8165813306910298,0.8165813306910298
svd,StandardScaler,False,mlp,54,0.7821892389044777,0.7807471939647899
voiced,StandardScaler,False,svm,54,0.5738669950738917,0.5825615763546799
voiced,StandardScaler,False,knn,54,0.4776600985221675,0.5459852216748768
voiced,StandardScaler,False,gaussianNB,54,0.5599178981937604,0.5599178981937604
voiced,StandardScaler,False,lda,54,0.5142610837438424,0.5142610837438424
voiced,StandardScaler,False,qda,54,0.5588505747126437,0.5214860426929393
voiced,StandardScaler,False,dt,54,0.6395730706075533,0.6395730706075533
voiced,StandardScaler,False,rf,54,0.5621592775041051,0.5621592775041051
voiced,StandardScaler,False,adaboost,54,0.5232512315270936,0.5232512315270936
voiced,StandardScaler,False,mlp,54,0.5707717569786535,0.5738505747126437
svd,StandardScaler,True,svm,55,0.8153684665025995,0.8138352378265136
svd,StandardScaler,True,knn,55,0.7227645654962993,0.727083341957933
svd,StandardScaler,True,gaussianNB,55,0.659612261602447,0.659612261602447
svd,StandardScaler,True,lda,55,0.825652424638248,0.825652424638248
svd,StandardScaler,True,qda,55,0.7370449615814938,0.7360219369870407
svd,StandardScaler,True,dt,55,0.7913389100902732,0.7913389100902732
svd,StandardScaler,True,rf,55,0.8146332638644525,0.8146332638644525
svd,StandardScaler,True,adaboost,55,0.8219698712773958,0.8219698712773958
svd,StandardScaler,True,mlp,55,0.7885395357096556,0.7929393180429167
voiced,StandardScaler,True,svm,55,0.524130009775171,0.5292375366568915
voiced,StandardScaler,True,knn,55,0.4505131964809384,0.45222385141739974
voiced,StandardScaler,True,gaussianNB,55,0.5566275659824048,0.5566275659824048
voiced,StandardScaler,True,lda,55,0.5092766373411534,0.5092766373411534
voiced,StandardScaler,True,qda,55,0.44401270772238516,0.49517595307917883
voiced,StandardScaler,True,dt,55,0.6122482893450635,0.6122482893450635
voiced,StandardScaler,True,rf,55,0.5230938416422288,0.5230938416422288
voiced,StandardScaler,True,adaboost,55,0.5973998044965787,0.5973998044965787
voiced,StandardScaler,True,mlp,55,0.5540860215053763,0.5142375366568915
svd,StandardScaler,False,svm,55,0.8231475407251102,0.8221339251258284
svd,StandardScaler,False,knn,55,0.715994808019019,0.7183923083611505
svd,StandardScaler,False,gaussianNB,55,0.6556040061463257,0.6564918457927755
svd,StandardScaler,False,lda,55,0.8245396548824916,0.8245396548824916
svd,StandardScaler,False,qda,55,0.7383383149370447,0.7365702105358326
svd,StandardScaler,False,dt,55,0.8014564530611306,0.8014564530611306
svd,StandardScaler,False,rf,55,0.8245275686684458,0.8245275686684458
svd,StandardScaler,False,adaboost,55,0.8184401795687741,0.8184401795687741
svd,StandardScaler,False,mlp,55,0.7954253116815162,0.793720325381069
voiced,StandardScaler,False,svm,55,0.5604948769958912,0.5986230301139024
voiced,StandardScaler,False,knn,55,0.5658156498673741,0.5460438445935403
voiced,StandardScaler,False,gaussianNB,55,0.5627999687938836,0.5627999687938836
voiced,StandardScaler,False,lda,55,0.4733469860092578,0.47679526187132676
voiced,StandardScaler,False,qda,55,0.5200293857596089,0.5122305871950902
voiced,StandardScaler,False,dt,55,0.5433304727726634,0.5433304727726634
voiced,StandardScaler,False,rf,55,0.5415293597545119,0.5415293597545119
voiced,StandardScaler,False,adaboost,55,0.5824329068497425,0.5824329068497425
voiced,StandardScaler,False,mlp,55,0.541396343683362,0.5484078379362355
svd,StandardScaler,True,svm,56,0.8248152265764043,0.8250775088234192
svd,StandardScaler,True,knn,56,0.7406788558587903,0.7327556031754504
svd,StandardScaler,True,gaussianNB,56,0.6571494862825288,0.6576596903641615
svd,StandardScaler,True,lda,56,0.8264808528439935,0.8264808528439935
svd,StandardScaler,True,qda,56,0.7367946175961444,0.7332308004608986
svd,StandardScaler,True,dt,56,0.7782190237969955,0.7782190237969955
svd,StandardScaler,True,rf,56,0.820812086858979,0.820812086858979
svd,StandardScaler,True,adaboost,56,0.8083719225158703,0.8083719225158703
svd,StandardScaler,True,mlp,56,0.7987386985969319,0.8015417733847396
voiced,StandardScaler,True,svm,56,0.5320967741935484,0.5264907135874878
voiced,StandardScaler,True,knn,56,0.4970087976539589,0.4845845552297165
voiced,StandardScaler,True,gaussianNB,56,0.549594330400782,0.549594330400782
voiced,StandardScaler,True,lda,56,0.48925219941348974,0.49258553274682304
voiced,StandardScaler,True,qda,56,0.5144281524926686,0.5378690127077224
voiced,StandardScaler,True,dt,56,0.5812952101661779,0.5812952101661779
voiced,StandardScaler,True,rf,56,0.5249120234604107,0.528245356793744
voiced,StandardScaler,True,adaboost,56,0.538049853372434,0.538049853372434
voiced,StandardScaler,True,mlp,56,0.5514027370478984,0.5681133919843597
svd,StandardScaler,False,svm,56,0.8298704886159113,0.8308823281003747
svd,StandardScaler,False,knn,56,0.719267846018557,0.7256122729677404
svd,StandardScaler,False,gaussianNB,56,0.6569363907777188,0.6577227424281027
svd,StandardScaler,False,lda,56,0.8254203163354701,0.8254203163354701
svd,StandardScaler,False,qda,56,0.7398114595142877,0.7407248702721325
svd,StandardScaler,False,dt,56,0.796728851071938,0.796728851071938
svd,StandardScaler,False,rf,56,0.8234631716801152,0.8234631716801152
svd,StandardScaler,False,adaboost,56,0.820714528287734,0.820714528287734
svd,StandardScaler,False,mlp,56,0.7993331573433886,0.8031620521778302
voiced,StandardScaler,False,svm,56,0.5385498882683255,0.5593832216016588
voiced,StandardScaler,False,knn,56,0.4834488003808081,0.5045535983606062
voiced,StandardScaler,False,gaussianNB,56,0.5250880942997183,0.5250880942997183
voiced,StandardScaler,False,lda,56,0.5673492983657054,0.5673492983657054
voiced,StandardScaler,False,qda,56,0.4669638284098796,0.47569834079219503
voiced,StandardScaler,False,dt,56,0.6160731847870335,0.6160731847870335
voiced,StandardScaler,False,rf,56,0.5632524040352183,0.5738774040352184
voiced,StandardScaler,False,adaboost,56,0.6224856013934156,0.6224856013934156
voiced,StandardScaler,False,mlp,56,0.5980659821886183,0.587460223005273
svd,StandardScaler,True,svm,57,0.8301810512279431,0.8276486581393888
svd,StandardScaler,True,knn,57,0.7259504435949365,0.7406484246397005
svd,StandardScaler,True,gaussianNB,57,0.6586126069495754,0.6583626188424444
svd,StandardScaler,True,lda,57,0.8262292741791107,0.8262292741791107
svd,StandardScaler,True,qda,57,0.7406253996821064,0.7396018249289786
svd,StandardScaler,True,dt,57,0.8019417151369168,0.8019417151369168
svd,StandardScaler,True,rf,57,0.8258493396824912,0.8258493396824912
svd,StandardScaler,True,adaboost,57,0.8164175065211051,0.8164175065211051
svd,StandardScaler,True,mlp,57,0.7830218854210129,0.798467214355982
voiced,StandardScaler,True,svm,57,0.5392619745845553,0.5522922776148583
voiced,StandardScaler,True,knn,57,0.48480449657869007,0.5071212121212121
voiced,StandardScaler,True,gaussianNB,57,0.5513685239491691,0.5513685239491691
voiced,StandardScaler,True,lda,57,0.5290371456500489,0.5257038123167155
voiced,StandardScaler,True,qda,57,0.5328054740957967,0.5007624633431085
voiced,StandardScaler,True,dt,57,0.5525073313782991,0.5525073313782991
voiced,StandardScaler,True,rf,57,0.5572287390029326,0.5572287390029326
voiced,StandardScaler,True,adaboost,57,0.6128983382209189,0.6128983382209189
voiced,StandardScaler,True,mlp,57,0.5598240469208211,0.5869892473118281
svd,StandardScaler,False,svm,57,0.8237380641151265,0.8230340926966122
svd,StandardScaler,False,knn,57,0.7351767042318023,0.7299281571344484
svd,StandardScaler,False,gaussianNB,57,0.6575091586450215,0.6580167728582194
svd,StandardScaler,False,lda,57,0.8214577734852148,0.8214577734852148
svd,StandardScaler,False,qda,57,0.7424551470621262,0.7411463801928989
svd,StandardScaler,False,dt,57,0.7904248340377641,0.7904248340377641
svd,StandardScaler,False,rf,57,0.8205160420012746,0.8205160420012746
svd,StandardScaler,False,adaboost,57,0.8132824622038068,0.8132824622038068
svd,StandardScaler,False,mlp,57,0.7899959021432446,0.7955461819782154
voiced,StandardScaler,False,svm,57,0.562716031959636,0.5828449069160972
voiced,StandardScaler,False,knn,57,0.562561280642482,0.4967856584152469
voiced,StandardScaler,False,gaussianNB,57,0.5642208446602217,0.5642208446602217
voiced,StandardScaler,False,lda,57,0.527112659926898,0.5301429629572011
voiced,StandardScaler,False,qda,57,0.4782788401809537,0.500627965533416
voiced,StandardScaler,False,dt,57,0.5466940080065775,0.5466940080065775
voiced,StandardScaler,False,rf,57,0.5159844561568698,0.5159844561568698
voiced,StandardScaler,False,adaboost,57,0.5323197411907089,0.5323197411907089
voiced,StandardScaler,False,mlp,57,0.6190786731498633,0.6020424335274168
svd,StandardScaler,True,svm,58,0.8164901583331245,0.814951696794663
svd,StandardScaler,True,knn,58,0.7256742766502853,0.7159896010931999
svd,StandardScaler,True,gaussianNB,58,0.6603587470326838,0.6621419638159006
svd,StandardScaler,True,lda,58,0.8089733458108596,0.8089733458108596
svd,StandardScaler,True,qda,58,0.7426472164694629,0.7426239064461528
svd,StandardScaler,True,dt,58,0.7979596267055372,0.7979596267055372
svd,StandardScaler,True,rf,58,0.8169944305058809,0.8198032883147388
svd,StandardScaler,True,adaboost,58,0.8085452751537812,0.8085452751537812
svd,StandardScaler,True,mlp,58,0.7926673145102807,0.7900560417408836
voiced,StandardScaler,True,svm,58,0.593069403714565,0.6047360703812317
voiced,StandardScaler,True,knn,58,0.5319843597262952,0.49681329423264914
voiced,StandardScaler,True,gaussianNB,58,0.5735141739980449,0.5735141739980449
voiced,StandardScaler,True,lda,58,0.563108504398827,0.563108504398827
voiced,StandardScaler,True,qda,58,0.4833137829912024,0.5007380254154448
voiced,StandardScaler,True,dt,58,0.6120527859237537,0.6120527859237537
voiced,StandardScaler,True,rf,58,0.5491739980449658,0.5491739980449658
voiced,StandardScaler,True,adaboost,58,0.5761827956989247,0.5761827956989247
voiced,StandardScaler,True,mlp,58,0.5896285434995112,0.6004936461388074
svd,StandardScaler,False,svm,58,0.8276435792587465,0.8268106513948844
svd,StandardScaler,False,knn,58,0.7317869341460551,0.7326668865524028
svd,StandardScaler,False,gaussianNB,58,0.65902294340569,0.6595693914931217
svd,StandardScaler,False,lda,58,0.828323544775533,0.828323544775533
svd,StandardScaler,False,qda,58,0.7402999995430456,0.7418673365361015
svd,StandardScaler,False,dt,58,0.7838093101290228,0.7838093101290228
svd,StandardScaler,False,rf,58,0.8117495971789669,0.8117495971789669
svd,StandardScaler,False,adaboost,58,0.8237975824876639,0.8237975824876639
svd,StandardScaler,False,mlp,58,0.7934072783563628,0.7953368033169672
voiced,StandardScaler,False,svm,58,0.6129492365254323,0.6077119358209458
voiced,StandardScaler,False,knn,58,0.49512353793777597,0.5098009572926147
voiced,StandardScaler,False,gaussianNB,58,0.536874978932821,0.536874978932821
voiced,StandardScaler,False,lda,58,0.5175427242390536,0.5208760575723869
voiced,StandardScaler,False,qda,58,0.4947178683385579,0.5046182627161493
voiced,StandardScaler,False,dt,58,0.5812336940034382,0.5812336940034382
voiced,StandardScaler,False,rf,58,0.5401314591970877,0.5401314591970877
voiced,StandardScaler,False,adaboost,58,0.5620841338861361,0.5620841338861361
voiced,StandardScaler,False,mlp,58,0.6003952202784238,0.6396084875450838
svd,StandardScaler,True,svm,59,0.8238605414941294,0.8218383524872074
svd,StandardScaler,True,knn,59,0.7248919927763986,0.7217681373515615
svd,StandardScaler,True,gaussianNB,59,0.6611091416762083,0.6616219621890288
svd,StandardScaler,True,lda,59,0.8184066950860844,0.8184066950860844
svd,StandardScaler,True,qda,59,0.7395838657888822,0.7378000988469908
svd,StandardScaler,True,dt,59,0.7771359102547761,0.7771359102547761
svd,StandardScaler,True,rf,59,0.82637592687211,0.82637592687211
svd,StandardScaler,True,adaboost,59,0.8202750339446085,0.8202750339446085
svd,StandardScaler,True,mlp,59,0.803568823034472,0.804634572987899
voiced,StandardScaler,True,svm,59,0.5814222873900293,0.590405669599218
voiced,StandardScaler,True,knn,59,0.5306695992179863,0.5184604105571847
voiced,StandardScaler,True,gaussianNB,59,0.5527126099706745,0.5527126099706745
voiced,StandardScaler,True,lda,59,0.5537536656891495,0.5537536656891495
voiced,StandardScaler,True,qda,59,0.5329765395894428,0.4651319648093842
voiced,StandardScaler,True,dt,59,0.5860997067448681,0.5860997067448681
voiced,StandardScaler,True,rf,59,0.4969012707722385,0.4969012707722385
voiced,StandardScaler,True,adaboost,59,0.5533284457478006,0.5533284457478006
voiced,StandardScaler,True,mlp,59,0.5843206256109482,0.6056207233626589
svd,StandardScaler,False,svm,59,0.823063969293375,0.8219605122197686
svd,StandardScaler,False,knn,59,0.7114714629061052,0.7175734819875796
svd,StandardScaler,False,gaussianNB,59,0.6592678398117131,0.656055639941499
svd,StandardScaler,False,lda,59,0.8247786673806761,0.8247786673806761
svd,StandardScaler,False,qda,59,0.7424366033707841,0.7415562552385926
svd,StandardScaler,False,dt,59,0.7969980207637523,0.7969980207637523
svd,StandardScaler,False,rf,59,0.8282125159557131,0.8282125159557131
svd,StandardScaler,False,adaboost,59,0.8108591272285697,0.8108591272285697
svd,StandardScaler,False,mlp,59,0.7889145858366647,0.7958660197439856
voiced,StandardScaler,False,svm,59,0.6017024502711623,0.5670012163293097
voiced,StandardScaler,False,knn,59,0.48086617954391786,0.5452420394851936
voiced,StandardScaler,False,gaussianNB,59,0.5546105145699467,0.5546105145699467
voiced,StandardScaler,False,lda,59,0.6131522166981093,0.6131522166981093
voiced,StandardScaler,False,qda,59,0.5115581131174437,0.503765068180636
voiced,StandardScaler,False,dt,59,0.5664236253942136,0.5664236253942136
voiced,StandardScaler,False,rf,59,0.5584153262221214,0.5584153262221214
voiced,StandardScaler,False,adaboost,59,0.5903507230599014,0.5903507230599014
voiced,StandardScaler,False,mlp,59,0.5836507846446994,0.5819266142072937
svd,StandardScaler,True,svm,60,0.8278209849038639,0.8280683565798069
svd,StandardScaler,True,knn,60,0.7184443328390984,0.7164111279487505
svd,StandardScaler,True,gaussianNB,60,0.6639317661618642,0.6646893419194401
svd,StandardScaler,True,lda,60,0.8297874862324154,0.8297874862324154
svd,StandardScaler,True,qda,60,0.7395530187733024,0.7385299941788492
svd,StandardScaler,True,dt,60,0.7914403716966422,0.7914403716966422
svd,StandardScaler,True,rf,60,0.8235348094290297,0.8235348094290297
svd,StandardScaler,True,adaboost,60,0.8200360617209036,0.8200360617209036
svd,StandardScaler,True,mlp,60,0.8004370002952337,0.8046000691420538
voiced,StandardScaler,True,svm,60,0.6036314760508308,0.6252981427174975
voiced,StandardScaler,True,knn,60,0.5311876832844575,0.5109481915933529
voiced,StandardScaler,True,gaussianNB,60,0.5650293255131965,0.5650293255131965
voiced,StandardScaler,True,lda,60,0.5580449657869012,0.5613782991202346
voiced,StandardScaler,True,qda,60,0.46714565004887587,0.47934017595307915
voiced,StandardScaler,True,dt,60,0.610386119257087,0.610386119257087
voiced,StandardScaler,True,rf,60,0.5729423264907136,0.5729423264907136
voiced,StandardScaler,True,adaboost,60,0.5661241446725317,0.5661241446725317
voiced,StandardScaler,True,mlp,60,0.5530694037145649,0.5764027370478984
svd,StandardScaler,False,svm,60,0.8255642873339593,0.8249962487918372
svd,StandardScaler,False,knn,60,0.7293469164371845,0.7324439488545668
svd,StandardScaler,False,gaussianNB,60,0.6615108028013378,0.6599687868976197
svd,StandardScaler,False,lda,60,0.8278881695221777,0.8278881695221777
svd,StandardScaler,False,qda,60,0.7387375434477645,0.739971382140064
svd,StandardScaler,False,dt,60,0.7763070361804021,0.7763070361804021
svd,StandardScaler,False,rf,60,0.8143420427747035,0.8212715161347279
svd,StandardScaler,False,adaboost,60,0.8171093831362647,0.8171093831362647
svd,StandardScaler,False,mlp,60,0.7955019527604547,0.7951175861157621
voiced,StandardScaler,False,svm,60,0.5562611762814602,0.5449276821893455
voiced,StandardScaler,False,knn,60,0.5084212069201927,0.4926727802285612
voiced,StandardScaler,False,gaussianNB,60,0.5733434280391684,0.5733434280391684
voiced,StandardScaler,False,lda,60,0.5115466767850135,0.5115466767850135
voiced,StandardScaler,False,qda,60,0.5267654742147643,0.4943908187822995
voiced,StandardScaler,False,dt,60,0.5724208735821312,0.5724208735821312
voiced,StandardScaler,False,rf,60,0.5872215917956283,0.5795292841033206
voiced,StandardScaler,False,adaboost,60,0.5377071897000902,0.5343738563667569
voiced,StandardScaler,False,mlp,60,0.5778728894499685,0.5842231568296476
svd,StandardScaler,True,svm,61,0.82460021802988,0.823606286479787
svd,StandardScaler,True,knn,61,0.7297082488576491,0.731757032498581
svd,StandardScaler,True,gaussianNB,61,0.6565547974381125,0.6580854096830105
svd,StandardScaler,True,lda,61,0.8267674709877546,0.8267674709877546
svd,StandardScaler,True,qda,61,0.7447283795811604,0.7431692244505766
svd,StandardScaler,True,dt,61,0.7799992955063838,0.7799992955063838
svd,StandardScaler,True,rf,61,0.8182135676028807,0.8182135676028807
svd,StandardScaler,True,adaboost,61,0.8237626913253958,0.8237626913253958
svd,StandardScaler,True,mlp,61,0.8025842568917815,0.8045842361927422
voiced,StandardScaler,True,svm,61,0.588782991202346,0.574692082111437
voiced,StandardScaler,True,knn,61,0.5195601173020528,0.5319843597262952
voiced,StandardScaler,True,gaussianNB,61,0.5527321603128056,0.5527321603128056
voiced,StandardScaler,True,lda,61,0.4975024437927663,0.4975024437927663
voiced,StandardScaler,True,qda,61,0.5112805474095796,0.45523460410557187
voiced,StandardScaler,True,dt,61,0.5313343108504399,0.5313343108504399
voiced,StandardScaler,True,rf,61,0.5738074291300098,0.5834848484848485
voiced,StandardScaler,True,adaboost,61,0.5828347996089932,0.5828347996089932
voiced,StandardScaler,True,mlp,61,0.522355816226784,0.5473118279569893
svd,StandardScaler,False,svm,61,0.8283348342000287,0.8290341348993294
svd,StandardScaler,False,knn,61,0.7225195251362089,0.7165731871445187
svd,StandardScaler,False,gaussianNB,61,0.6593975552217606,0.6596092891299836
svd,StandardScaler,False,lda,61,0.8143352648396188,0.8143352648396188
svd,StandardScaler,False,qda,61,0.7369019609127003,0.7365382353496817
svd,StandardScaler,False,dt,61,0.7850430246596342,0.7850430246596342
svd,StandardScaler,False,rf,61,0.8204147979162929,0.8222010551373329
svd,StandardScaler,False,adaboost,61,0.8177480718676051,0.8177480718676051
svd,StandardScaler,False,mlp,61,0.8029524489908594,0.8008275422576204
voiced,StandardScaler,False,svm,61,0.5467371727271616,0.5793390258240091
voiced,StandardScaler,False,knn,61,0.4842107922975554,0.4835279693733531
voiced,StandardScaler,False,gaussianNB,61,0.5377454704484738,0.5377454704484738
voiced,StandardScaler,False,lda,61,0.5183493845173489,0.5183493845173489
voiced,StandardScaler,False,qda,61,0.5103016134773644,0.5158367297021357
voiced,StandardScaler,False,dt,61,0.5350363065435368,0.5350363065435368
voiced,StandardScaler,False,rf,61,0.5713024714748853,0.5713024714748853
voiced,StandardScaler,False,adaboost,61,0.576337705058506,0.576337705058506
voiced,StandardScaler,False,mlp,61,0.5715774578900275,0.5754979243967009
svd,StandardScaler,True,svm,62,0.8317114256154605,0.8299224258111935
svd,StandardScaler,True,knn,62,0.7256180969158069,0.7294342807319907
svd,StandardScaler,True,gaussianNB,62,0.6576256458917309,0.657602335868421
svd,StandardScaler,True,lda,62,0.8218425740017888,0.8218425740017888
svd,StandardScaler,True,qda,62,0.7393278422776788,0.7393278422776788
svd,StandardScaler,True,dt,62,0.7837182864391152,0.7837182864391152
svd,StandardScaler,True,rf,62,0.8268855807950682,0.8223246655198674
svd,StandardScaler,True,adaboost,62,0.81647004395096,0.81647004395096
svd,StandardScaler,True,mlp,62,0.7897885702084176,0.7920433982593197
voiced,StandardScaler,True,svm,62,0.6188269794721408,0.6256011730205279
voiced,StandardScaler,True,knn,62,0.47733137829912026,0.49248289345063545
voiced,StandardScaler,True,gaussianNB,62,0.5350293255131964,0.5350293255131964
voiced,StandardScaler,True,lda,62,0.49652492668621695,0.49652492668621695
voiced,StandardScaler,True,qda,62,0.5012267839687194,0.5081280547409579
voiced,StandardScaler,True,dt,62,0.5664027370478983,0.5564027370478983
voiced,StandardScaler,True,rf,62,0.5770332355816227,0.5770332355816227
voiced,StandardScaler,True,adaboost,62,0.55930596285435,0.55930596285435
voiced,StandardScaler,True,mlp,62,0.6065102639296187,0.5907526881720431
svd,StandardScaler,False,svm,62,0.838485050569599,0.8383281261091675
svd,StandardScaler,False,knn,62,0.7147244298873143,0.7223740695488432
svd,StandardScaler,False,gaussianNB,62,0.6550474140269538,0.6569242909038306
svd,StandardScaler,False,lda,62,0.8244029590254233,0.8244029590254233
svd,StandardScaler,False,qda,62,0.7388833438609712,0.7367102702726882
svd,StandardScaler,False,dt,62,0.7896258126649414,0.7896258126649414
svd,StandardScaler,False,rf,62,0.8223794478504857,0.822931934038331
svd,StandardScaler,False,adaboost,62,0.8201419801753366,0.8201419801753366
svd,StandardScaler,False,mlp,62,0.7984451150174643,0.7994417579711319
voiced,StandardScaler,False,svm,62,0.5529138896938085,0.5554086375929683
voiced,StandardScaler,False,knn,62,0.476504455230368,0.5031536752632089
voiced,StandardScaler,False,gaussianNB,62,0.5381856104510769,0.5381856104510769
voiced,StandardScaler,False,lda,62,0.579469839660002,0.579469839660002
voiced,StandardScaler,False,qda,62,0.45438133874239356,0.4954291630445281
voiced,StandardScaler,False,dt,62,0.6195140297498309,0.6111806964164976
voiced,StandardScaler,False,rf,62,0.5684529846421327,0.5684529846421327
voiced,StandardScaler,False,adaboost,62,0.5886600502269873,0.5886600502269873
voiced,StandardScaler,False,mlp,62,0.5223360982323964,0.5248484135033323
svd,StandardScaler,True,svm,63,0.830176858764645,0.8304216140094003
svd,StandardScaler,True,knn,63,0.7358831136148476,0.7366580384355739
svd,StandardScaler,True,gaussianNB,63,0.6601521524640391,0.6616439939558806
svd,StandardScaler,True,lda,63,0.8289860412215919,0.8289860412215919
svd,StandardScaler,True,qda,63,0.7406268558776737,0.7406268558776737
svd,StandardScaler,True,dt,63,0.7781310764844026,0.7781310764844026
svd,StandardScaler,True,rf,63,0.8172656024455371,0.8172656024455371
svd,StandardScaler,True,adaboost,63,0.8034536401439345,0.8034536401439345
svd,StandardScaler,True,mlp,63,0.8032459162066576,0.8088545042743516
voiced,StandardScaler,True,svm,63,0.5797996089931574,0.5832844574780058
voiced,StandardScaler,True,knn,63,0.4707771260997068,0.4730938416422287
voiced,StandardScaler,True,gaussianNB,63,0.5482942326490714,0.5482942326490714
voiced,StandardScaler,True,lda,63,0.5767644183773215,0.5800977517106548
voiced,StandardScaler,True,qda,63,0.5479472140762464,0.5394330400782014
voiced,StandardScaler,True,dt,63,0.6196920821114369,0.6196920821114369
voiced,StandardScaler,True,rf,63,0.5480498533724341,0.5480498533724341
voiced,StandardScaler,True,adaboost,63,0.6011241446725318,0.6011241446725318
voiced,StandardScaler,True,mlp,63,0.5923118279569892,0.6187194525904203
svd,StandardScaler,False,svm,63,0.8346636632043877,0.8364178481159004
svd,StandardScaler,False,knn,63,0.7343065851620647,0.731720602331184
svd,StandardScaler,False,gaussianNB,63,0.6554213430642707,0.6554213430642707
svd,StandardScaler,False,lda,63,0.8256458520515503,0.8256458520515503
svd,StandardScaler,False,qda,63,0.7342265056791917,0.7316704920886953
svd,StandardScaler,False,dt,63,0.7816696427141003,0.7816696427141003
svd,StandardScaler,False,rf,63,0.8128917516619583,0.8128917516619583
svd,StandardScaler,False,adaboost,63,0.8096823867237702,0.8096823867237702
svd,StandardScaler,False,mlp,63,0.7946369983438194,0.7978676380874324
voiced,StandardScaler,False,svm,63,0.5857066231259779,0.542119242764404
voiced,StandardScaler,False,knn,63,0.50839237226334,0.5342469477953349
voiced,StandardScaler,False,gaussianNB,63,0.5648918524724976,0.5648918524724976
voiced,StandardScaler,False,lda,63,0.5051609382254544,0.5051609382254544
voiced,StandardScaler,False,qda,63,0.43518518518518523,0.4481481481481482
voiced,StandardScaler,False,dt,63,0.5673002923002923,0.5673002923002923
voiced,StandardScaler,False,rf,63,0.5301861937345808,0.5301861937345808
voiced,StandardScaler,False,adaboost,63,0.5294316137864525,0.5294316137864525
voiced,StandardScaler,False,mlp,63,0.550451794322762,0.567806190225545
svd,StandardScaler,True,svm,64,0.8308891526503304,0.8286106423565529
svd,StandardScaler,True,knn,64,0.7271611975810449,0.7167864378442349
svd,StandardScaler,True,gaussianNB,64,0.6574023286782283,0.6594458213542183
svd,StandardScaler,True,lda,64,0.8216560048457542,0.8216560048457542
svd,StandardScaler,True,qda,64,0.7370728362876673,0.737830412045243
svd,StandardScaler,True,dt,64,0.7955226144266494,0.7955226144266494
svd,StandardScaler,True,rf,64,0.8147739283617147,0.8147739283617147
svd,StandardScaler,True,adaboost,64,0.8185308856901006,0.8185308856901006
svd,StandardScaler,True,mlp,64,0.792654470211722,0.7941879367451887
voiced,StandardScaler,True,svm,64,0.6178103616813294,0.5773118279569893
voiced,StandardScaler,True,knn,64,0.49101173020527866,0.511661779081134
voiced,StandardScaler,True,gaussianNB,64,0.5566911045943304,0.5566911045943304
voiced,StandardScaler,True,lda,64,0.4928690127077224,0.4962023460410558
voiced,StandardScaler,True,qda,64,0.5357869012707722,0.5186412512218963
voiced,StandardScaler,True,dt,64,0.6167888563049854,0.6167888563049854
voiced,StandardScaler,True,rf,64,0.5835483870967741,0.5712316715542521
voiced,StandardScaler,True,adaboost,64,0.5648240469208211,0.5648240469208211
voiced,StandardScaler,True,mlp,64,0.6038269794721407,0.6164027370478984
svd,StandardScaler,False,svm,64,0.8351119621411,0.8367408969765566
svd,StandardScaler,False,knn,64,0.7215192374854935,0.727874905199796
svd,StandardScaler,False,gaussianNB,64,0.6630294823091735,0.6635554373981206
svd,StandardScaler,False,lda,64,0.8222554811176112,0.8222554811176112
svd,StandardScaler,False,qda,64,0.7435645326714715,0.7406682689516784
svd,StandardScaler,False,dt,64,0.7899928954691956,0.7899928954691956
svd,StandardScaler,False,rf,64,0.8259830308160583,0.8259830308160583
svd,StandardScaler,False,adaboost,64,0.8226664117053876,0.8226664117053876
svd,StandardScaler,False,mlp,64,0.8028762176679454,0.7983671310924185
voiced,StandardScaler,False,svm,64,0.5467180205415499,0.5571942110177404
voiced,StandardScaler,False,knn,64,0.5098469109866168,0.4912200435729847
voiced,StandardScaler,False,gaussianNB,64,0.5612774276377217,0.5612774276377217
voiced,StandardScaler,False,lda,64,0.5287778166822286,0.5287778166822286
voiced,StandardScaler,False,qda,64,0.504781162464986,0.4701643713040772
voiced,StandardScaler,False,dt,64,0.5757008636788049,0.5645897525676937
voiced,StandardScaler,False,rf,64,0.5705368814192344,0.5460620915032679
voiced,StandardScaler,False,adaboost,64,0.5887544740118269,0.5887544740118269
voiced,StandardScaler,False,mlp,64,0.5768872549019608,0.5907714752567694
svd,StandardScaler,True,svm,65,0.8230690120493828,0.8238265878069585
svd,StandardScaler,True,knn,65,0.7276732899960818,0.7378029222685711
svd,StandardScaler,True,gaussianNB,65,0.6565840847629288,0.6589034320822762
svd,StandardScaler,True,lda,65,0.8201585746133183,0.8201585746133183
svd,StandardScaler,True,qda,65,0.7393811677235888,0.7401361270499766
svd,StandardScaler,True,dt,65,0.7954535903936122,0.7954535903936122
svd,StandardScaler,True,rf,65,0.8202644338576727,0.8202644338576727
svd,StandardScaler,True,adaboost,65,0.8095826002423603,0.8095826002423603
svd,StandardScaler,True,mlp,65,0.7999991048573383,0.7901430085726705
voiced,StandardScaler,True,svm,65,0.5453861192570869,0.5562952101661779
voiced,StandardScaler,True,knn,65,0.4852541544477028,0.5269208211143696
voiced,StandardScaler,True,gaussianNB,65,0.5562609970674486,0.5562609970674486
voiced,StandardScaler,True,lda,65,0.5724584555229717,0.5724584555229717
voiced,StandardScaler,True,qda,65,0.5422678396871945,0.5039198435972629
voiced,StandardScaler,True,dt,65,0.550386119257087,0.550386119257087
voiced,StandardScaler,True,rf,65,0.5787634408602151,0.5787634408602151
voiced,StandardScaler,True,adaboost,65,0.544824046920821,0.544824046920821
voiced,StandardScaler,True,mlp,65,0.5904936461388074,0.5540860215053763
svd,StandardScaler,False,svm,65,0.8268108185923058,0.8271246593677706
svd,StandardScaler,False,knn,65,0.7285664319296508,0.7338803671301205
svd,StandardScaler,False,gaussianNB,65,0.6639813235867741,0.663181323586774
svd,StandardScaler,False,lda,65,0.8206402108252178,0.8206402108252178
svd,StandardScaler,False,qda,65,0.7413843353537727,0.7409105153354395
svd,StandardScaler,False,dt,65,0.7835234557615632,0.7835234557615632
svd,StandardScaler,False,rf,65,0.8253040176273366,0.8253040176273366
svd,StandardScaler,False,adaboost,65,0.820706464650933,0.820706464650933
svd,StandardScaler,False,mlp,65,0.7922980201808889,0.7885792815758996
voiced,StandardScaler,False,svm,65,0.5711168213969937,0.5518330017683466
voiced,StandardScaler,False,knn,65,0.44615716180371356,0.49506741821396993
voiced,StandardScaler,False,gaussianNB,65,0.5496150162098438,0.5496150162098438
voiced,StandardScaler,False,lda,65,0.4675624447391689,0.47101072060123783
voiced,StandardScaler,False,qda,65,0.5256806292366637,0.4940279619805482
voiced,StandardScaler,False,dt,65,0.5533664898320072,0.5533664898320072
voiced,StandardScaler,False,rf,65,0.5413137341585618,0.5413137341585618
voiced,StandardScaler,False,adaboost,65,0.6249907898614795,0.6249907898614795
voiced,StandardScaler,False,mlp,65,0.5876398099027409,0.5776182581786029
svd,StandardScaler,True,svm,66,0.8266565550044286,0.8253913915964081
svd,StandardScaler,True,knn,66,0.7214051088860248,0.7176539345786892
svd,StandardScaler,True,gaussianNB,66,0.6576073907916874,0.6573626355469322
svd,StandardScaler,True,lda,66,0.820862334684581,0.820862334684581
svd,StandardScaler,True,qda,66,0.7383536982828149,0.737359766732722
svd,StandardScaler,True,dt,66,0.7888840439821901,0.7888840439821901
svd,StandardScaler,True,rf,66,0.8119238613077219,0.8119238613077219
svd,StandardScaler,True,adaboost,66,0.8169692920674383,0.8169692920674383
svd,StandardScaler,True,mlp,66,0.7858168585322348,0.7888652387234721
voiced,StandardScaler,True,svm,66,0.5518768328445748,0.5228934506353861
voiced,StandardScaler,True,knn,66,0.4662952101661779,0.47753176930596286
voiced,StandardScaler,True,gaussianNB,66,0.5661534701857283,0.5661534701857283
voiced,StandardScaler,True,lda,66,0.5298826979472141,0.5331085043988268
voiced,StandardScaler,True,qda,66,0.5201612903225807,0.4656109481915934
voiced,StandardScaler,True,dt,66,0.5739345063538612,0.5739345063538612
voiced,StandardScaler,True,rf,66,0.5399755620723363,0.5490664711632454
voiced,StandardScaler,True,adaboost,66,0.5534799608993157,0.5534799608993157
voiced,StandardScaler,True,mlp,66,0.5560752688172044,0.5685434995112415
svd,StandardScaler,False,svm,66,0.828796713170361,0.8298901317465269
svd,StandardScaler,False,knn,66,0.7213385922168006,0.723015534657571
svd,StandardScaler,False,gaussianNB,66,0.6581236732442093,0.6578886816684355
svd,StandardScaler,False,lda,66,0.8335301056120785,0.8335301056120785
svd,StandardScaler,False,qda,66,0.7378992653949703,0.7346391526660254
svd,StandardScaler,False,dt,66,0.7987838717256355,0.7987838717256355
svd,StandardScaler,False,rf,66,0.8175372480673767,0.8175372480673767
svd,StandardScaler,False,adaboost,66,0.8112093638876405,0.8112093638876405
svd,StandardScaler,False,mlp,66,0.8022930283303852,0.7943702750982256
voiced,StandardScaler,False,svm,66,0.5208133484162896,0.5502103264382676
voiced,StandardScaler,False,knn,66,0.5120170491273432,0.49735221396250806
voiced,StandardScaler,False,gaussianNB,66,0.5398904330963155,0.5398904330963155
voiced,StandardScaler,False,lda,66,0.5560730446024563,0.5560730446024563
voiced,StandardScaler,False,qda,66,0.49740328054298644,0.5082488687782806
voiced,StandardScaler,False,dt,66,0.5400979314802845,0.5400979314802845
voiced,StandardScaler,False,rf,66,0.5200099385908209,0.5200099385908209
voiced,StandardScaler,False,adaboost,66,0.5704452165481577,0.5704452165481577
voiced,StandardScaler,False,mlp,66,0.5605456528765352,0.5835582579185521
svd,StandardScaler,True,svm,67,0.8306136538851915,0.830887502174307
svd,StandardScaler,True,knn,67,0.728919081645363,0.7256458517854375
svd,StandardScaler,True,gaussianNB,67,0.6618788336345588,0.6623890377161914
svd,StandardScaler,True,lda,67,0.8239307983909946,0.8239307983909946
svd,StandardScaler,True,qda,67,0.7459049256813705,0.745908092271233
svd,StandardScaler,True,dt,67,0.7891811423763441,0.7891811423763441
svd,StandardScaler,True,rf,67,0.8266535354866871,0.8266535354866871
svd,StandardScaler,True,adaboost,67,0.821651380244619,0.821651380244619
svd,StandardScaler,True,mlp,67,0.7936623899546473,0.7911009038217326
voiced,StandardScaler,True,svm,67,0.5741055718475073,0.5582844574780059
voiced,StandardScaler,True,knn,67,0.5315982404692082,0.5071798631476051
voiced,StandardScaler,True,gaussianNB,67,0.5461534701857282,0.5461534701857282
voiced,StandardScaler,True,lda,67,0.50613880742913,0.50613880742913
voiced,StandardScaler,True,qda,67,0.45420821114369503,0.5276099706744868
voiced,StandardScaler,True,dt,67,0.580058651026393,0.580058651026393
voiced,StandardScaler,True,rf,67,0.5101906158357771,0.5101906158357771
voiced,StandardScaler,True,adaboost,67,0.5571358748778104,0.5571358748778104
voiced,StandardScaler,True,mlp,67,0.6026979472140763,0.5451661779081134
svd,StandardScaler,False,svm,67,0.822766669538062,0.8215897987897627
svd,StandardScaler,False,knn,67,0.7291191670893851,0.7257752326797879
svd,StandardScaler,False,gaussianNB,67,0.6556788624392567,0.6582453435771665
svd,StandardScaler,False,lda,67,0.8202947119011869,0.8202947119011869
svd,StandardScaler,False,qda,67,0.7350600733706487,0.7351649450970883
svd,StandardScaler,False,dt,67,0.7948723765121251,0.7948723765121251
svd,StandardScaler,False,rf,67,0.8239117489851479,0.8239117489851479
svd,StandardScaler,False,adaboost,67,0.8151257620318152,0.8151257620318152
svd,StandardScaler,False,mlp,67,0.7825263397955503,0.7841124890285698
voiced,StandardScaler,False,svm,67,0.5338477177471486,0.5365262891757199
voiced,StandardScaler,False,knn,67,0.4863293549429698,0.5138293549429698
voiced,StandardScaler,False,gaussianNB,67,0.5692053688721146,0.5692053688721146
voiced,StandardScaler,False,lda,67,0.52270135225306,0.52270135225306
voiced,StandardScaler,False,qda,67,0.47665039775215295,0.4748263027295286
voiced,StandardScaler,False,dt,67,0.5729227615363763,0.5729227615363763
voiced,StandardScaler,False,rf,67,0.535864133494589,0.535864133494589
voiced,StandardScaler,False,adaboost,67,0.5615703651187521,0.5615703651187521
voiced,StandardScaler,False,mlp,67,0.5485273526283964,0.5664065204245471
svd,StandardScaler,True,svm,68,0.8342785168303163,0.8319903288278425
svd,StandardScaler,True,knn,68,0.7084119551840381,0.7269718776316377
svd,StandardScaler,True,gaussianNB,68,0.6573336169464851,0.6573336169464851
svd,StandardScaler,True,lda,68,0.8239371315707193,0.8239371315707193
svd,StandardScaler,True,qda,68,0.7403446680545918,0.7408601049986001
svd,StandardScaler,True,dt,68,0.7855049821134881,0.7855049821134881
svd,StandardScaler,True,rf,68,0.8147312030027406,0.8147312030027406
svd,StandardScaler,True,adaboost,68,0.8162717308137155,0.8162717308137155
svd,StandardScaler,True,mlp,68,0.7905998872083932,0.7878052118728236
voiced,StandardScaler,True,svm,68,0.5552541544477029,0.5701026392961877
voiced,StandardScaler,True,knn,68,0.4952346041055719,0.48813294232649074
voiced,StandardScaler,True,gaussianNB,68,0.5618670576735093,0.5618670576735093
voiced,StandardScaler,True,lda,68,0.5674389051808406,0.5674389051808406
voiced,StandardScaler,True,qda,68,0.4733333333333333,0.44140273704789834
voiced,StandardScaler,True,dt,68,0.6029814271749755,0.6029814271749755
voiced,StandardScaler,True,rf,68,0.5335923753665689,0.5335923753665689
voiced,StandardScaler,True,adaboost,68,0.5835923753665689,0.5835923753665689
voiced,StandardScaler,True,mlp,68,0.5823753665689151,0.5766177908113392
svd,StandardScaler,False,svm,68,0.8283893435257653,0.829146919283341
svd,StandardScaler,False,knn,68,0.728559491830765,0.7254026530191144
svd,StandardScaler,False,gaussianNB,68,0.6556503880518246,0.6561851474101135
svd,StandardScaler,False,lda,68,0.8263924547157572,0.8263924547157572
svd,StandardScaler,False,qda,68,0.7460369160919205,0.7466408271194327
svd,StandardScaler,False,dt,68,0.7876224046134622,0.7876224046134622
svd,StandardScaler,False,rf,68,0.8209995284085971,0.8174564048654736
svd,StandardScaler,False,adaboost,68,0.8148408974390315,0.8148408974390315
svd,StandardScaler,False,mlp,68,0.7925573235400305,0.7872868990180025
voiced,StandardScaler,False,svm,68,0.5931222438219591,0.5681734915937952
voiced,StandardScaler,False,knn,68,0.5441894237956857,0.5441576544897229
voiced,StandardScaler,False,gaussianNB,68,0.5300921177178293,0.5300921177178293
voiced,StandardScaler,False,lda,68,0.5667097813634816,0.5700431146968149
voiced,StandardScaler,False,qda,68,0.5536371763909715,0.517040859993896
voiced,StandardScaler,False,dt,68,0.5543537937394674,0.5543537937394674
voiced,StandardScaler,False,rf,68,0.577625009399203,0.577625009399203
voiced,StandardScaler,False,adaboost,68,0.5582932263814616,0.5582932263814616
voiced,StandardScaler,False,mlp,68,0.5597775374530594,0.5626409106390131
svd,StandardScaler,True,svm,69,0.8202842522798901,0.8197714317670697
svd,StandardScaler,True,knn,69,0.7139233485525743,0.7064287148692818
svd,StandardScaler,True,gaussianNB,69,0.6593423080009776,0.6596103732690428
svd,StandardScaler,True,lda,69,0.825055656811382,0.825055656811382
svd,StandardScaler,True,qda,69,0.7350188778869258,0.7339932368612848
svd,StandardScaler,True,dt,69,0.7789934583773188,0.7789934583773188
svd,StandardScaler,True,rf,69,0.8233575621034728,0.8233575621034728
svd,StandardScaler,True,adaboost,69,0.8140071651358458,0.8140071651358458
svd,StandardScaler,True,mlp,69,0.8006014650562088,0.8036459505597999
voiced,StandardScaler,True,svm,69,0.5743010752688171,0.5641495601173021
voiced,StandardScaler,True,knn,69,0.5562316715542523,0.5510166177908113
voiced,StandardScaler,True,gaussianNB,69,0.5456598240469208,0.5456598240469208
voiced,StandardScaler,True,lda,69,0.4686705767350928,0.4718963831867057
voiced,StandardScaler,True,qda,69,0.5438172043010754,0.5317106549364613
voiced,StandardScaler,True,dt,69,0.5601466275659824,0.5601466275659824
voiced,StandardScaler,True,rf,69,0.5432649071358748,0.5432649071358748
voiced,StandardScaler,True,adaboost,69,0.5658846529814272,0.5658846529814272
voiced,StandardScaler,True,mlp,69,0.5534799608993157,0.6187194525904204
svd,StandardScaler,False,svm,69,0.8242410645885411,0.824251106777411
svd,StandardScaler,False,knn,69,0.7305819975435088,0.7202005013610188
svd,StandardScaler,False,gaussianNB,69,0.6517473480295489,0.6517473480295489
svd,StandardScaler,False,lda,69,0.8180192293418335,0.8180192293418335
svd,StandardScaler,False,qda,69,0.738246778637399,0.7388535607922571
svd,StandardScaler,False,dt,69,0.7969054348185642,0.7969054348185642
svd,StandardScaler,False,rf,69,0.8242495745294798,0.8242495745294798
svd,StandardScaler,False,adaboost,69,0.8128364828771868,0.8128364828771868
svd,StandardScaler,False,mlp,69,0.8017897134495657,0.7900400148765943
voiced,StandardScaler,False,svm,69,0.5982817255154982,0.5848334496534294
voiced,StandardScaler,False,knn,69,0.5225702559323249,0.55026413535161
voiced,StandardScaler,False,gaussianNB,69,0.5729194341009757,0.5729194341009757
voiced,StandardScaler,False,lda,69,0.4680771611641287,0.4680771611641287
voiced,StandardScaler,False,qda,69,0.47848687146734814,0.4870550158912228
voiced,StandardScaler,False,dt,69,0.5517079849001755,0.5517079849001755
voiced,StandardScaler,False,rf,69,0.5417894388381204,0.5383411629760514
voiced,StandardScaler,False,adaboost,69,0.4966772619865926,0.4966772619865926
voiced,StandardScaler,False,mlp,69,0.5588909203906668,0.5867246958106491
svd,StandardScaler,True,svm,70,0.8256015830770466,0.8250913789954138
svd,StandardScaler,True,knn,70,0.7197175833980631,0.7205134977708587
svd,StandardScaler,True,gaussianNB,70,0.6568711931470929,0.6571159483918481
svd,StandardScaler,True,lda,70,0.822680367614937,0.822680367614937
svd,StandardScaler,True,qda,70,0.7398827344956025,0.741150514334811
svd,StandardScaler,True,dt,70,0.8015738387385062,0.8015738387385062
svd,StandardScaler,True,rf,70,0.817729246398821,0.8144308781004528
svd,StandardScaler,True,adaboost,70,0.8041046267436671,0.8041046267436671
svd,StandardScaler,True,mlp,70,0.791156295540156,0.7813148719691795
voiced,StandardScaler,True,svm,70,0.557683284457478,0.5413391984359727
voiced,StandardScaler,True,knn,70,0.520562072336266,0.5008406647116324
voiced,StandardScaler,True,gaussianNB,70,0.5490566959921799,0.5490566959921799
voiced,StandardScaler,True,lda,70,0.4713734115347018,0.4747067448680351
voiced,StandardScaler,True,qda,70,0.5248729227761485,0.4972971652003911
voiced,StandardScaler,True,dt,70,0.5948240469208211,0.604824046920821
voiced,StandardScaler,True,rf,70,0.554652981427175,0.554652981427175
voiced,StandardScaler,True,adaboost,70,0.5736999022482893,0.5736999022482893
voiced,StandardScaler,True,mlp,70,0.5727468230694038,0.535366568914956
svd,StandardScaler,False,svm,70,0.8246694120146246,0.8246694120146246
svd,StandardScaler,False,knn,70,0.7192981324337249,0.7297937208440899
svd,StandardScaler,False,gaussianNB,70,0.6574513366390397,0.6584672194773236
svd,StandardScaler,False,lda,70,0.8166647326417047,0.8166647326417047
svd,StandardScaler,False,qda,70,0.7371249996473248,0.7364178459317755
svd,StandardScaler,False,dt,70,0.7981913478723996,0.7981913478723996
svd,StandardScaler,False,rf,70,0.8184607516638712,0.8184607516638712
svd,StandardScaler,False,adaboost,70,0.8236874423837237,0.8236874423837237
svd,StandardScaler,False,mlp,70,0.7800664792493895,0.7942321382331186
voiced,StandardScaler,False,svm,70,0.5556852381852382,0.5869406381906381
voiced,StandardScaler,False,knn,70,0.5001457551457552,0.48947859572859576
voiced,StandardScaler,False,gaussianNB,70,0.5287478174978174,0.5287478174978174
voiced,StandardScaler,False,lda,70,0.553458410958411,0.553458410958411
voiced,StandardScaler,False,qda,70,0.45504421254421257,0.4865614340614341
voiced,StandardScaler,False,dt,70,0.6481914931914933,0.6481914931914933
voiced,StandardScaler,False,rf,70,0.5460019597519598,0.5460019597519598
voiced,StandardScaler,False,adaboost,70,0.5546663246663247,0.5546663246663247
voiced,StandardScaler,False,mlp,70,0.5797798822798823,0.5884016771516772
svd,StandardScaler,True,svm,71,0.837025844021482,0.8360028194270288
svd,StandardScaler,True,knn,71,0.7236272615062146,0.7345011495229599
svd,StandardScaler,True,gaussianNB,71,0.6583406306525171,0.6573382996501862
svd,StandardScaler,True,lda,71,0.8222345048626402,0.8222345048626402
svd,StandardScaler,True,qda,71,0.7381042004160869,0.7393539030943612
svd,StandardScaler,True,dt,71,0.7972882878662595,0.7972882878662595
svd,StandardScaler,True,rf,71,0.8213603771728091,0.8213603771728091
svd,StandardScaler,True,adaboost,71,0.8165125314525532,0.8165125314525532
svd,StandardScaler,True,mlp,71,0.8005368858694922,0.7936392742117933
voiced,StandardScaler,True,svm,71,0.5258406647116325,0.5315982404692083
voiced,StandardScaler,True,knn,71,0.48400293255131965,0.48835288367546437
voiced,StandardScaler,True,gaussianNB,71,0.5461974584555229,0.5461974584555229
voiced,StandardScaler,True,lda,71,0.42572336265884647,0.42572336265884647
voiced,StandardScaler,True,qda,71,0.5487976539589443,0.5199462365591399
voiced,StandardScaler,True,dt,71,0.5243695014662756,0.5243695014662756
voiced,StandardScaler,True,rf,71,0.518939393939394,0.518939393939394
voiced,StandardScaler,True,adaboost,71,0.5920967741935483,0.5920967741935483
voiced,StandardScaler,True,mlp,71,0.52341642228739,0.5067057673509285
svd,StandardScaler,False,svm,71,0.8308513874463689,0.8310878032280913
svd,StandardScaler,False,knn,71,0.7281532313303949,0.7319275116774212
svd,StandardScaler,False,gaussianNB,71,0.6526776129393236,0.6542240046919009
svd,StandardScaler,False,lda,71,0.8205757667879588,0.8205757667879588
svd,StandardScaler,False,qda,71,0.7411757756560987,0.7432072434688481
svd,StandardScaler,False,dt,71,0.7906998263765154,0.7906998263765154
svd,StandardScaler,False,rf,71,0.8173619736941278,0.8173619736941278
svd,StandardScaler,False,adaboost,71,0.8106938127158909,0.8106938127158909
svd,StandardScaler,False,mlp,71,0.794407033924848,0.7918936203281502
voiced,StandardScaler,False,svm,71,0.5956811385031466,0.5889426327560201
voiced,StandardScaler,False,knn,71,0.4957107843137255,0.4844622471004317
voiced,StandardScaler,False,gaussianNB,71,0.5584093007229416,0.5584093007229416
voiced,StandardScaler,False,lda,71,0.6043173987101472,0.6043173987101472
voiced,StandardScaler,False,qda,71,0.46730336896031616,0.42597548369480426
voiced,StandardScaler,False,dt,71,0.5698579146512717,0.5698579146512717
voiced,StandardScaler,False,rf,71,0.5565470757268425,0.5565470757268425
voiced,StandardScaler,False,adaboost,71,0.5870853487283508,0.5870853487283508
voiced,StandardScaler,False,mlp,71,0.5730790684974256,0.5545346387892027
svd,StandardScaler,True,svm,72,0.8299375306627214,0.8301849023386646
svd,StandardScaler,True,knn,72,0.7309574758211617,0.7263512187557988
svd,StandardScaler,True,gaussianNB,72,0.659645487191834,0.659645487191834
svd,StandardScaler,True,lda,72,0.8272681317228756,0.8272681317228756
svd,StandardScaler,True,qda,72,0.7375417276289686,0.7370160628175896
svd,StandardScaler,True,dt,72,0.7759173069751041,0.7759173069751041
svd,StandardScaler,True,rf,72,0.8215616789608067,0.8215616789608067
svd,StandardScaler,True,adaboost,72,0.8152486463009909,0.8152486463009909
svd,StandardScaler,True,mlp,72,0.781679805109467,0.7794227764238669
voiced,StandardScaler,True,svm,72,0.5646041055718475,0.5518768328445747
voiced,StandardScaler,True,knn,72,0.463782991202346,0.47120723362658845
voiced,StandardScaler,True,gaussianNB,72,0.549594330400782,0.549594330400782
voiced,StandardScaler,True,lda,72,0.5480596285434995,0.5513929618768328
voiced,StandardScaler,True,qda,72,0.5555376344086022,0.4992424242424242
voiced,StandardScaler,True,dt,72,0.6106011730205279,0.6106011730205279
voiced,StandardScaler,True,rf,72,0.5314271749755621,0.5190029325513197
voiced,StandardScaler,True,adaboost,72,0.5502199413489737,0.5502199413489737
voiced,StandardScaler,True,mlp,72,0.58183284457478,0.6016177908113391
svd,StandardScaler,False,svm,72,0.8221849425958879,0.8231983645722641
svd,StandardScaler,False,knn,72,0.722731578728258,0.7202700332063606
svd,StandardScaler,False,gaussianNB,72,0.6574794042655596,0.6571440252819248
svd,StandardScaler,False,lda,72,0.8232458772146801,0.8232458772146801
svd,StandardScaler,False,qda,72,0.7380028581452567,0.7408349731970562
svd,StandardScaler,False,dt,72,0.7913704934399003,0.7913704934399003
svd,StandardScaler,False,rf,72,0.8237965102759958,0.8237965102759958
svd,StandardScaler,False,adaboost,72,0.8205771118383666,0.8205771118383666
svd,StandardScaler,False,mlp,72,0.7737975730464333,0.7885342403576642
voiced,StandardScaler,False,svm,72,0.5887051337051337,0.5962405262405261
voiced,StandardScaler,False,knn,72,0.4971935328185328,0.5100341412841413
voiced,StandardScaler,False,gaussianNB,72,0.5810164628914629,0.5810164628914629
voiced,StandardScaler,False,lda,72,0.5699521843271842,0.5735236128986129
voiced,StandardScaler,False,qda,72,0.44489114114114114,0.46458824896324896
voiced,StandardScaler,False,dt,72,0.5719531138281139,0.5719531138281139
voiced,StandardScaler,False,rf,72,0.5591243922493921,0.5591243922493921
voiced,StandardScaler,False,adaboost,72,0.5974184899184899,0.5974184899184899
voiced,StandardScaler,False,mlp,72,0.5888714607464607,0.5770583083083083
svd,StandardScaler,True,svm,73,0.8306335594612584,0.8303798546055907
svd,StandardScaler,True,knn,73,0.7205621259874258,0.7149689986494784
svd,StandardScaler,True,gaussianNB,73,0.6591263770762135,0.6598994135635357
svd,StandardScaler,True,lda,73,0.8295141881019743,0.8295141881019743
svd,StandardScaler,True,qda,73,0.7410860386432907,0.7408237563962755
svd,StandardScaler,True,dt,73,0.7850449804648278,0.7850449804648278
svd,StandardScaler,True,rf,73,0.8204981732190021,0.8204981732190021
svd,StandardScaler,True,adaboost,73,0.8187104516711932,0.8187104516711932
svd,StandardScaler,True,mlp,73,0.7834960532016149,0.7832377255605173
voiced,StandardScaler,True,svm,73,0.5699511241446726,0.6122238514173998
voiced,StandardScaler,True,knn,73,0.4659286412512219,0.48926197458455534
voiced,StandardScaler,True,gaussianNB,73,0.5644428152492669,0.5644428152492669
voiced,StandardScaler,True,lda,73,0.5396432062561095,0.5396432062561095
voiced,StandardScaler,True,qda,73,0.5067644183773216,0.48888563049853373
voiced,StandardScaler,True,dt,73,0.5676344086021505,0.6174877810361681
voiced,StandardScaler,True,rf,73,0.5533724340175954,0.5515542521994135
voiced,StandardScaler,True,adaboost,73,0.5647165200391007,0.5647165200391007
voiced,StandardScaler,True,mlp,73,0.5598875855327468,0.6162952101661779
svd,StandardScaler,False,svm,73,0.8359039814000828,0.8362518093238649
svd,StandardScaler,False,knn,73,0.7285422290200358,0.7218127447880761
svd,StandardScaler,False,gaussianNB,73,0.6589576688131016,0.6591854956646943
svd,StandardScaler,False,lda,73,0.8298353175579031,0.8298353175579031
svd,StandardScaler,False,qda,73,0.7361344368009022,0.7373602533682838
svd,StandardScaler,False,dt,73,0.7888215333769415,0.7888215333769415
svd,StandardScaler,False,rf,73,0.8150977285015303,0.8150977285015303
svd,StandardScaler,False,adaboost,73,0.7996009551902968,0.7996009551902968
svd,StandardScaler,False,mlp,73,0.7939967943246471,0.797649201260414
voiced,StandardScaler,False,svm,73,0.5472832771101273,0.567814084415128
voiced,StandardScaler,False,knn,73,0.48015589389877816,0.4634051936186661
voiced,StandardScaler,False,gaussianNB,73,0.5344112752627932,0.5344112752627932
voiced,StandardScaler,False,lda,73,0.5656568514502576,0.5656568514502576
voiced,StandardScaler,False,qda,73,0.5177394631687801,0.503768247442346
voiced,StandardScaler,False,dt,73,0.595162162535265,0.595162162535265
voiced,StandardScaler,False,rf,73,0.504530592703031,0.511405592703031
voiced,StandardScaler,False,adaboost,73,0.5529038030983002,0.5529038030983002
voiced,StandardScaler,False,mlp,73,0.5634405778440408,0.5719541893818458
svd,StandardScaler,True,svm,74,0.8235005143892821,0.8257706252308215
svd,StandardScaler,True,knn,74,0.7167441882000224,0.7309455375594961
svd,StandardScaler,True,gaussianNB,74,0.6575329704828069,0.6572798157858136
svd,StandardScaler,True,lda,74,0.8214319431931209,0.8214319431931209
svd,StandardScaler,True,qda,74,0.7398183931662666,0.737271817604424
svd,StandardScaler,True,dt,74,0.796967523570577,0.796967523570577
svd,StandardScaler,True,rf,74,0.8157168531214332,0.8152014161774248
svd,StandardScaler,True,adaboost,74,0.8134460741003817,0.8134460741003817
svd,StandardScaler,True,mlp,74,0.7821665648056052,0.7877727143812203
voiced,StandardScaler,True,svm,74,0.5659042033235583,0.5739345063538612
voiced,StandardScaler,True,knn,74,0.5061632453567937,0.47373900293255133
voiced,StandardScaler,True,gaussianNB,74,0.556217008797654,0.556217008797654
voiced,StandardScaler,True,lda,74,0.5508797653958944,0.5508797653958944
voiced,StandardScaler,True,qda,74,0.5352981427174976,0.5231622678396872
voiced,StandardScaler,True,dt,74,0.5744330400782014,0.5568377321603128
voiced,StandardScaler,True,rf,74,0.5306256109481916,0.5306256109481916
voiced,StandardScaler,True,adaboost,74,0.601989247311828,0.601989247311828
voiced,StandardScaler,True,mlp,74,0.5805376344086022,0.5612952101661779
svd,StandardScaler,False,svm,74,0.8281138272923133,0.8296847109412022
svd,StandardScaler,False,knn,74,0.7255985039022599,0.7324091859403802
svd,StandardScaler,False,gaussianNB,74,0.653429439494252,0.6551096548011502
svd,StandardScaler,False,lda,74,0.8207133547633495,0.8207133547633495
svd,StandardScaler,False,qda,74,0.7339995978106405,0.7343951807829155
svd,StandardScaler,False,dt,74,0.7780912825674716,0.7780912825674716
svd,StandardScaler,False,rf,74,0.816110126854864,0.816110126854864
svd,StandardScaler,False,adaboost,74,0.8266592979826954,0.8266592979826954
svd,StandardScaler,False,mlp,74,0.790131066699028,0.7930704306409105
voiced,StandardScaler,False,svm,74,0.5948488787198464,0.5781822120531798
voiced,StandardScaler,False,knn,74,0.4931634673570158,0.5043618567812116
voiced,StandardScaler,False,gaussianNB,74,0.5568658044464495,0.5568658044464495
voiced,StandardScaler,False,lda,74,0.54079567386019,0.54079567386019
voiced,StandardScaler,False,qda,74,0.4895716290877582,0.48843235617429165
voiced,StandardScaler,False,dt,74,0.5699720530365692,0.5699720530365692
voiced,StandardScaler,False,rf,74,0.5459924484118032,0.5456468262919876
voiced,StandardScaler,False,adaboost,74,0.5497568739504224,0.5461854453789938
voiced,StandardScaler,False,mlp,74,0.6148972890908375,0.6072703282380701
svd,StandardScaler,True,svm,75,0.8220758685153451,0.8200421134663228
svd,StandardScaler,True,knn,75,0.7244035245016706,0.7226383848793881
svd,StandardScaler,True,gaussianNB,75,0.6576140362727058,0.6594205630792326
svd,StandardScaler,True,lda,75,0.8280458509138988,0.8280458509138988
svd,StandardScaler,True,qda,75,0.7417013030589912,0.7424588788165669
svd,StandardScaler,True,dt,75,0.8015832204872553,0.8015832204872553
svd,StandardScaler,True,rf,75,0.8142568572830295,0.8142568572830295
svd,StandardScaler,True,adaboost,75,0.8167359848439455,0.8167359848439455
svd,StandardScaler,True,mlp,75,0.7968722172048235,0.7954262077435469
voiced,StandardScaler,True,svm,75,0.5754496578690127,0.6004496578690127
voiced,StandardScaler,True,knn,75,0.4948240469208211,0.48255131964809383
voiced,StandardScaler,True,gaussianNB,75,0.5583186705767351,0.5583186705767351
voiced,StandardScaler,True,lda,75,0.4994281524926686,0.5027614858260019
voiced,StandardScaler,True,qda,75,0.5325122189638318,0.489633431085044
voiced,StandardScaler,True,dt,75,0.5655767350928642,0.5655767350928642
voiced,StandardScaler,True,rf,75,0.5603030303030303,0.5603030303030303
voiced,StandardScaler,True,adaboost,75,0.5986559139784946,0.5986559139784946
voiced,StandardScaler,True,mlp,75,0.5886119257086999,0.5871603128054741
svd,StandardScaler,False,svm,75,0.8199604596566406,0.820508542291823
svd,StandardScaler,False,knn,75,0.7257542659555903,0.7338310240549797
svd,StandardScaler,False,gaussianNB,75,0.6612179659968678,0.6612179659968678
svd,StandardScaler,False,lda,75,0.8159385289561566,0.8159385289561566
svd,StandardScaler,False,qda,75,0.744361046034898,0.7448227478459087
svd,StandardScaler,False,dt,75,0.7867795633311826,0.7867795633311826
svd,StandardScaler,False,rf,75,0.8261088386452474,0.8269421719785808
svd,StandardScaler,False,adaboost,75,0.8179907541828341,0.8179907541828341
svd,StandardScaler,False,mlp,75,0.7984614172956019,0.7924996742684327
voiced,StandardScaler,False,svm,75,0.5913613637320533,0.5595742284535389
voiced,StandardScaler,False,knn,75,0.47639736939305904,0.5162909504288815
voiced,StandardScaler,False,gaussianNB,75,0.5565319211439901,0.5565319211439901
voiced,StandardScaler,False,lda,75,0.49998880429914905,0.49998880429914905
voiced,StandardScaler,False,qda,75,0.5232616832401316,0.49289798324281076
voiced,StandardScaler,False,dt,75,0.5886850936419903,0.5809927859496826
voiced,StandardScaler,False,rf,75,0.5219014486471384,0.5287980003712762
voiced,StandardScaler,False,adaboost,75,0.6326408242141001,0.6326408242141001
voiced,StandardScaler,False,mlp,75,0.5828813021269919,0.5954586672905638
svd,StandardScaler,True,svm,76,0.8174832274232493,0.8197617377170268
svd,StandardScaler,True,knn,76,0.7269156234532461,0.7236373985883254
svd,StandardScaler,True,gaussianNB,76,0.6583733060832297,0.6583733060832297
svd,StandardScaler,True,lda,76,0.8260190227802007,0.8260190227802007
svd,StandardScaler,True,qda,76,0.7302060117272767,0.7335017635944572
svd,StandardScaler,True,dt,76,0.7908593750851113,0.7908593750851113
svd,StandardScaler,True,rf,76,0.8230869838994158,0.82232940814184
svd,StandardScaler,True,adaboost,76,0.8195935870745032,0.8195935870745032
svd,StandardScaler,True,mlp,76,0.7802407661404389,0.7847778212336556
voiced,StandardScaler,True,svm,76,0.6106891495601173,0.625386119257087
voiced,StandardScaler,True,knn,76,0.5438074291300098,0.5133088954056696
voiced,StandardScaler,True,gaussianNB,76,0.5550928641251222,0.5550928641251222
voiced,StandardScaler,True,lda,76,0.5824584555229716,0.5824584555229716
voiced,StandardScaler,True,qda,76,0.5222189638318671,0.4647653958944281
voiced,StandardScaler,True,dt,76,0.5381573802541545,0.5381573802541545
voiced,StandardScaler,True,rf,76,0.5569208211143695,0.5569208211143695
voiced,StandardScaler,True,adaboost,76,0.5754105571847508,0.5754105571847508
voiced,StandardScaler,True,mlp,76,0.5798875855327468,0.6204936461388074
svd,StandardScaler,False,svm,76,0.8280748192095648,0.8284427873341557
svd,StandardScaler,False,knn,76,0.7192644404028987,0.7379148080263184
svd,StandardScaler,False,gaussianNB,76,0.6567111137739854,0.6560308499295707
svd,StandardScaler,False,lda,76,0.8185715655328487,0.8185715655328487
svd,StandardScaler,False,qda,76,0.7354238522973525,0.7360350264138124
svd,StandardScaler,False,dt,76,0.7942064975275989,0.7942064975275989
svd,StandardScaler,False,rf,76,0.8131089149854052,0.8133472795620051
svd,StandardScaler,False,adaboost,76,0.813219854187347,0.813219854187347
svd,StandardScaler,False,mlp,76,0.7803330236759249,0.7815072952723747
voiced,StandardScaler,False,svm,76,0.571314027370479,0.5787431573802542
voiced,StandardScaler,False,knn,76,0.5091842619745846,0.5029281524926686
voiced,StandardScaler,False,gaussianNB,76,0.5566891495601173,0.5566891495601173
voiced,StandardScaler,False,lda,76,0.5091402737047899,0.5091402737047899
voiced,StandardScaler,False,qda,76,0.5242905669599218,0.5191131476050831
voiced,StandardScaler,False,dt,76,0.5912763929618768,0.5912763929618768
voiced,StandardScaler,False,rf,76,0.5254039589442815,0.5254039589442815
voiced,StandardScaler,False,adaboost,76,0.6009293743890518,0.6009293743890518
voiced,StandardScaler,False,mlp,76,0.5728003421309873,0.5715217497556206
svd,StandardScaler,True,svm,77,0.8284028294497215,0.8286475846944767
svd,StandardScaler,True,knn,77,0.72382197591576,0.7372594762562048
svd,StandardScaler,True,gaussianNB,77,0.6629233398371894,0.6629233398371894
svd,StandardScaler,True,lda,77,0.8168290905750013,0.8168290905750013
svd,StandardScaler,True,qda,77,0.7415996035952416,0.7421066410870119
svd,StandardScaler,True,dt,77,0.799667159449057,0.799667159449057
svd,StandardScaler,True,rf,77,0.8207017192186221,0.8212119233002548
svd,StandardScaler,True,adaboost,77,0.818939746186202,0.818939746186202
svd,StandardScaler,True,mlp,77,0.7981922058312462,0.7982813133794595
voiced,StandardScaler,True,svm,77,0.5753225806451613,0.5977468230694036
voiced,StandardScaler,True,knn,77,0.5049706744868034,0.47990713587487777
voiced,StandardScaler,True,gaussianNB,77,0.5457820136852395,0.5457820136852395
voiced,StandardScaler,True,lda,77,0.5444281524926686,0.5477614858260019
voiced,StandardScaler,True,qda,77,0.525210166177908,0.4964418377321603
voiced,StandardScaler,True,dt,77,0.6053421309872923,0.6286754643206256
voiced,StandardScaler,True,rf,77,0.556969696969697,0.556969696969697
voiced,StandardScaler,True,adaboost,77,0.5689149560117301,0.5689149560117301
voiced,StandardScaler,True,mlp,77,0.6052346041055718,0.6078103616813293
svd,StandardScaler,False,svm,77,0.8142266434318174,0.8134141434318174
svd,StandardScaler,False,knn,77,0.7167657144604346,0.7227311908955839
svd,StandardScaler,False,gaussianNB,77,0.6547551945219109,0.6571848829336275
svd,StandardScaler,False,lda,77,0.8160997059914873,0.8160997059914873
svd,StandardScaler,False,qda,77,0.7351277788221529,0.7388137182827001
svd,StandardScaler,False,dt,77,0.8047527608913787,0.8047527608913787
svd,StandardScaler,False,rf,77,0.8154985459647243,0.8154985459647243
svd,StandardScaler,False,adaboost,77,0.8216284372264646,0.8216284372264646
svd,StandardScaler,False,mlp,77,0.7904417203579109,0.7969156868533974
voiced,StandardScaler,False,svm,77,0.5220508851960466,0.5135660367111979
voiced,StandardScaler,False,knn,77,0.5193037905941131,0.5198658629303791
voiced,StandardScaler,False,gaussianNB,77,0.5506932225480614,0.5506932225480614
voiced,StandardScaler,False,lda,77,0.5426520582165744,0.5426520582165744
voiced,StandardScaler,False,qda,77,0.4884457478005865,0.49012762028891055
voiced,StandardScaler,False,dt,77,0.5801493428912784,0.5801493428912784
voiced,StandardScaler,False,rf,77,0.5141310959052895,0.5141310959052895
voiced,StandardScaler,False,adaboost,77,0.5592049527533398,0.5558716194200064
voiced,StandardScaler,False,mlp,77,0.5660959052894536,0.5746480938416423
svd,StandardScaler,True,svm,78,0.8317111877580798,0.8289224733826697
svd,StandardScaler,True,knn,78,0.7188484234776492,0.7214050489677535
svd,StandardScaler,True,gaussianNB,78,0.659348879038083,0.6598616995509035
svd,StandardScaler,True,lda,78,0.8259932306878872,0.8259932306878872
svd,StandardScaler,True,qda,78,0.736049023677159,0.7340029744882525
svd,StandardScaler,True,dt,78,0.7921211939641601,0.7921211939641601
svd,StandardScaler,True,rf,78,0.8165636562637653,0.8165636562637653
svd,StandardScaler,True,adaboost,78,0.8102187361892923,0.8102187361892923
svd,StandardScaler,True,mlp,78,0.802779047560945,0.7933678480734097
voiced,StandardScaler,True,svm,78,0.5839540566959922,0.6055131964809384
voiced,StandardScaler,True,knn,78,0.4786119257086999,0.510733137829912
voiced,StandardScaler,True,gaussianNB,78,0.5584261974584555,0.5584261974584555
voiced,StandardScaler,True,lda,78,0.5520723362658847,0.5520723362658847
voiced,StandardScaler,True,qda,78,0.5119208211143695,0.46185728250244373
voiced,StandardScaler,True,dt,78,0.5849511241446725,0.5849511241446725
voiced,StandardScaler,True,rf,78,0.5639589442815249,0.5639589442815249
voiced,StandardScaler,True,adaboost,78,0.5706451612903225,0.5706451612903225
voiced,StandardScaler,True,mlp,78,0.5909237536656892,0.5791495601173022
svd,StandardScaler,False,svm,78,0.8431343951958004,0.8426197461214668
svd,StandardScaler,False,knn,78,0.732936505939189,0.7265022698955337
svd,StandardScaler,False,gaussianNB,78,0.6604042145863266,0.6583850020890296
svd,StandardScaler,False,lda,78,0.827437100724936,0.827437100724936
svd,StandardScaler,False,qda,78,0.7482419929614303,0.7435901275863148
svd,StandardScaler,False,dt,78,0.8040544590950832,0.8040544590950832
svd,StandardScaler,False,rf,78,0.8247696407061456,0.8247696407061456
svd,StandardScaler,False,adaboost,78,0.8135316777274992,0.8135316777274992
svd,StandardScaler,False,mlp,78,0.8061460053999119,0.7984515332568274
voiced,StandardScaler,False,svm,78,0.5805561955965182,0.5873534306195596
voiced,StandardScaler,False,knn,78,0.5016157834101383,0.48717965949820796
voiced,StandardScaler,False,gaussianNB,78,0.5585512672811059,0.5585512672811059
voiced,StandardScaler,False,lda,78,0.5596569380440348,0.5596569380440348
voiced,StandardScaler,False,qda,78,0.4977643369175627,0.540596198156682
voiced,StandardScaler,False,dt,78,0.6388360855094726,0.6388360855094726
voiced,StandardScaler,False,rf,78,0.543247567844342,0.543247567844342
voiced,StandardScaler,False,adaboost,78,0.60905273937532,0.60905273937532
voiced,StandardScaler,False,mlp,78,0.5836760752688172,0.5818903609831029
svd,StandardScaler,True,svm,79,0.8283647268761772,0.8278461233423066
svd,StandardScaler,True,knn,79,0.7167397433537019,0.7190394973982761
svd,StandardScaler,True,gaussianNB,79,0.6590556589902282,0.6590556589902282
svd,StandardScaler,True,lda,79,0.8246779084238189,0.8246779084238189
svd,StandardScaler,True,qda,79,0.7449552356040906,0.7462371979165872
svd,StandardScaler,True,dt,79,0.781688916318142,0.781688916318142
svd,StandardScaler,True,rf,79,0.8098068997523742,0.8098068997523742
svd,StandardScaler,True,adaboost,79,0.8180040007248295,0.8180040007248295
svd,StandardScaler,True,mlp,79,0.8009642992412894,0.8040423226355614
voiced,StandardScaler,True,svm,79,0.5854301075268817,0.6019892473118279
voiced,StandardScaler,True,knn,79,0.5032013685239491,0.5256891495601174
voiced,StandardScaler,True,gaussianNB,79,0.5430351906158357,0.5430351906158357
voiced,StandardScaler,True,lda,79,0.4753372434017595,0.47867057673509283
voiced,StandardScaler,True,qda,79,0.5551808406647116,0.48945259042033235
voiced,StandardScaler,True,dt,79,0.604843597262952,0.604843597262952
voiced,StandardScaler,True,rf,79,0.5572482893450635,0.5572482893450635
voiced,StandardScaler,True,adaboost,79,0.5652101661779081,0.5652101661779081
voiced,StandardScaler,True,mlp,79,0.6475953079178887,0.6392619745845552
svd,StandardScaler,False,svm,79,0.8314796889045656,0.8296470049910131
svd,StandardScaler,False,knn,79,0.7093413152027125,0.7137324687890841
svd,StandardScaler,False,gaussianNB,79,0.659405518931575,0.659405518931575
svd,StandardScaler,False,lda,79,0.8262520294460195,0.8262520294460195
svd,StandardScaler,False,qda,79,0.7435718888389694,0.7412973451647018
svd,StandardScaler,False,dt,79,0.7884033427686958,0.7884033427686958
svd,StandardScaler,False,rf,79,0.8223797524578057,0.8203605291417837
svd,StandardScaler,False,adaboost,79,0.8237995026020954,0.8237995026020954
svd,StandardScaler,False,mlp,79,0.7981845293621153,0.7966294129855696
voiced,StandardScaler,False,svm,79,0.5630170367267141,0.5630170367267141
voiced,StandardScaler,False,knn,79,0.5127119117441697,0.5070876972489875
voiced,StandardScaler,False,gaussianNB,79,0.54309104873621,0.54309104873621
voiced,StandardScaler,False,lda,79,0.5594763301214914,0.5594763301214914
voiced,StandardScaler,False,qda,79,0.4334115347018573,0.4984946236559139
voiced,StandardScaler,False,dt,79,0.599661360145231,0.599661360145231
voiced,StandardScaler,False,rf,79,0.5729143974305264,0.5729143974305264
voiced,StandardScaler,False,adaboost,79,0.5631140902108644,0.5631140902108644
voiced,StandardScaler,False,mlp,79,0.5879939952520596,0.569010613042871
svd,StandardScaler,True,svm,80,0.8151770966220256,0.8144221372956381
svd,StandardScaler,True,knn,80,0.7258644862952387,0.732943316225759
svd,StandardScaler,True,gaussianNB,80,0.6562789427947553,0.6567917633075757
svd,StandardScaler,True,lda,80,0.8262311025942433,0.8262311025942433
svd,StandardScaler,True,qda,80,0.7350332382993233,0.7360355693016544
svd,StandardScaler,True,dt,80,0.7891815726984757,0.7891815726984757
svd,StandardScaler,True,rf,80,0.8147597458884265,0.8180581141867946
svd,StandardScaler,True,adaboost,80,0.8106715421982598,0.8106715421982598
svd,StandardScaler,True,mlp,80,0.785506498227327,0.7741454782948786
voiced,StandardScaler,True,svm,80,0.5622043010752689,0.5407966764418377
voiced,StandardScaler,True,knn,80,0.5472922776148583,0.5155816226783969
voiced,StandardScaler,True,gaussianNB,80,0.5775610948191593,0.5775610948191593
voiced,StandardScaler,True,lda,80,0.5520234604105572,0.5520234604105572
voiced,StandardScaler,True,qda,80,0.5074535679374389,0.5271652003910068
voiced,StandardScaler,True,dt,80,0.568782991202346,0.568782991202346
voiced,StandardScaler,True,rf,80,0.5627663734115348,0.5627663734115348
voiced,StandardScaler,True,adaboost,80,0.5718475073313783,0.5718475073313783
voiced,StandardScaler,True,mlp,80,0.5464467253176931,0.5902785923753665
svd,StandardScaler,False,svm,80,0.8247216723782191,0.8246220769845062
svd,StandardScaler,False,knn,80,0.7284247667326683,0.7303596375818382
svd,StandardScaler,False,gaussianNB,80,0.6567191291089086,0.656955544890631
svd,StandardScaler,False,lda,80,0.82529276744374,0.82529276744374
svd,StandardScaler,False,qda,80,0.7349521157351615,0.7337138045953076
svd,StandardScaler,False,dt,80,0.7849834218306873,0.7849834218306873
svd,StandardScaler,False,rf,80,0.8127396740301249,0.8127396740301249
svd,StandardScaler,False,adaboost,80,0.8029595733178094,0.8029595733178094
svd,StandardScaler,False,mlp,80,0.7928794623297483,0.7978290175151945
voiced,StandardScaler,False,svm,80,0.5671639471639472,0.5404011266511267
voiced,StandardScaler,False,knn,80,0.49216151903651906,0.49506216006216003
voiced,StandardScaler,False,gaussianNB,80,0.5643599456099456,0.5643599456099456
voiced,StandardScaler,False,lda,80,0.5423217754467753,0.5423217754467753
voiced,StandardScaler,False,qda,80,0.5240428321678322,0.4880210761460761
voiced,StandardScaler,False,dt,80,0.62872668997669,0.62872668997669
voiced,StandardScaler,False,rf,80,0.5912286324786324,0.5943536324786324
voiced,StandardScaler,False,adaboost,80,0.5818235236985236,0.5818235236985236
voiced,StandardScaler,False,mlp,80,0.5950844988344988,0.5386766705516706
svd,StandardScaler,True,svm,81,0.8176934788221594,0.8171987354702731
svd,StandardScaler,True,knn,81,0.7269521064177553,0.7297415488909491
svd,StandardScaler,True,gaussianNB,81,0.65940541465078,0.6591038114920339
svd,StandardScaler,True,lda,81,0.8241813366568002,0.8241813366568002
svd,StandardScaler,True,qda,81,0.7411892106439544,0.7409153623548389
svd,StandardScaler,True,dt,81,0.7754861768547701,0.7754861768547701
svd,StandardScaler,True,rf,81,0.8211018116743307,0.8211018116743307
svd,StandardScaler,True,adaboost,81,0.8195318785177019,0.8195318785177019
svd,StandardScaler,True,mlp,81,0.7968692122127237,0.7900096432102975
voiced,StandardScaler,True,svm,81,0.6004936461388073,0.5614467253176929
voiced,StandardScaler,True,knn,81,0.5314711632453568,0.4945454545454545
voiced,StandardScaler,True,gaussianNB,81,0.5515395894428152,0.5515395894428152
voiced,StandardScaler,True,lda,81,0.4802932551319648,0.4836265884652981
voiced,StandardScaler,True,qda,81,0.5275757575757576,0.5304545454545455
voiced,StandardScaler,True,dt,81,0.5946725317693059,0.5946725317693059
voiced,StandardScaler,True,rf,81,0.5165347018572826,0.5165347018572826
voiced,StandardScaler,True,adaboost,81,0.6000635386119257,0.6000635386119257
voiced,StandardScaler,True,mlp,81,0.576446725317693,0.6029618768328445
svd,StandardScaler,False,svm,81,0.8224656658172066,0.8232054349384917
svd,StandardScaler,False,knn,81,0.7254234504473152,0.7211650104351293
svd,StandardScaler,False,gaussianNB,81,0.6566425267982311,0.6552507001890133
svd,StandardScaler,False,lda,81,0.8226768991433809,0.8226768991433809
svd,StandardScaler,False,qda,81,0.7366448238591801,0.7365241269317604
svd,StandardScaler,False,dt,81,0.7957023157584041,0.7957023157584041
svd,StandardScaler,False,rf,81,0.8163326554025481,0.8163326554025481
svd,StandardScaler,False,adaboost,81,0.8160522066726896,0.8160522066726896
svd,StandardScaler,False,mlp,81,0.8004020007678875,0.7844305022730843
voiced,StandardScaler,False,svm,81,0.5788905180840664,0.5805571847507331
voiced,StandardScaler,False,knn,81,0.5122238514173998,0.5138905180840665
voiced,StandardScaler,False,gaussianNB,81,0.5470381231671554,0.5470381231671554
voiced,StandardScaler,False,lda,81,0.44291300097751707,0.4462463343108505
voiced,StandardScaler,False,qda,81,0.5240713587487782,0.5128152492668622
voiced,StandardScaler,False,dt,81,0.6110557184750733,0.6019648093841642
voiced,StandardScaler,False,rf,81,0.5576392961876833,0.5576392961876833
voiced,StandardScaler,False,adaboost,81,0.5665102639296187,0.5665102639296187
voiced,StandardScaler,False,mlp,81,0.5770087976539588,0.6035679374389052
svd,StandardScaler,True,svm,82,0.8248102914896809,0.8242974709768603
svd,StandardScaler,True,knn,82,0.7245791358768459,0.7154378899907797
svd,StandardScaler,True,gaussianNB,82,0.6557691690352541,0.6557691690352541
svd,StandardScaler,True,lda,82,0.8242464060839196,0.8242464060839196
svd,StandardScaler,True,qda,82,0.7375234561875784,0.7372553909195131
svd,StandardScaler,True,dt,82,0.7939361946668381,0.7939361946668381
svd,StandardScaler,True,rf,82,0.8259754059099753,0.8259754059099753
svd,StandardScaler,True,adaboost,82,0.8145386728865465,0.8145386728865465
svd,StandardScaler,True,mlp,82,0.7848009097409315,0.7926473490159422
voiced,StandardScaler,True,svm,82,0.596080156402737,0.571080156402737
voiced,StandardScaler,True,knn,82,0.5227663734115348,0.48586510263929616
voiced,StandardScaler,True,gaussianNB,82,0.5589002932551319,0.5589002932551319
voiced,StandardScaler,True,lda,82,0.494535679374389,0.4978690127077224
voiced,StandardScaler,True,qda,82,0.5234164222873899,0.5457820136852394
voiced,StandardScaler,True,dt,82,0.587683284457478,0.587683284457478
voiced,StandardScaler,True,rf,82,0.5472922776148582,0.5472922776148582
voiced,StandardScaler,True,adaboost,82,0.6111681329423264,0.6111681329423264
voiced,StandardScaler,True,mlp,82,0.5868377321603128,0.6158211143695015
svd,StandardScaler,False,svm,82,0.8313462588519396,0.832686891600669
svd,StandardScaler,False,knn,82,0.7201356145979347,0.7200619657589423
svd,StandardScaler,False,gaussianNB,82,0.6629855776251896,0.6629855776251896
svd,StandardScaler,False,lda,82,0.8255250522978089,0.8255250522978089
svd,StandardScaler,False,qda,82,0.7422414406177875,0.740472477381152
svd,StandardScaler,False,dt,82,0.7846643351616138,0.7846643351616138
svd,StandardScaler,False,rf,82,0.8217124161935164,0.8217124161935164
svd,StandardScaler,False,adaboost,82,0.8125431148783798,0.8125431148783798
svd,StandardScaler,False,mlp,82,0.8000599077479974,0.7960347729388972
voiced,StandardScaler,False,svm,82,0.5609781725298967,0.5734215720422616
voiced,StandardScaler,False,knn,82,0.5425037733658423,0.5321589457796354
voiced,StandardScaler,False,gaussianNB,82,0.5683710669917567,0.5683710669917567
voiced,StandardScaler,False,lda,82,0.5497132241959829,0.5497132241959829
voiced,StandardScaler,False,qda,82,0.4972593753628237,0.5113450597933357
voiced,StandardScaler,False,dt,82,0.5326024613955649,0.5326024613955649
voiced,StandardScaler,False,rf,82,0.5375287356321838,0.5375287356321838
voiced,StandardScaler,False,adaboost,82,0.6058034366655056,0.6058034366655056
voiced,StandardScaler,False,mlp,82,0.6292348775107396,0.6062579821200511
svd,StandardScaler,True,svm,83,0.8207185489900866,0.821994728281533
svd,StandardScaler,True,knn,83,0.7358086061521176,0.7383389928864302
svd,StandardScaler,True,gaussianNB,83,0.6611348901915968,0.6611348901915968
svd,StandardScaler,True,lda,83,0.8244354573089578,0.8244354573089578
svd,StandardScaler,True,qda,83,0.7393447755443393,0.7388261720104687
svd,StandardScaler,True,dt,83,0.7925084838825297,0.7925084838825297
svd,StandardScaler,True,rf,83,0.8235704135922239,0.8235704135922239
svd,StandardScaler,True,adaboost,83,0.8212510662728765,0.8212510662728765
svd,StandardScaler,True,mlp,83,0.7930571173646419,0.7910412615374447
voiced,StandardScaler,True,svm,83,0.5639149560117303,0.5645210166177909
voiced,StandardScaler,True,knn,83,0.5184799608993156,0.5311681329423266
voiced,StandardScaler,True,gaussianNB,83,0.5546383186705768,0.5546383186705768
voiced,StandardScaler,True,lda,83,0.5185190615835777,0.5185190615835777
voiced,StandardScaler,True,qda,83,0.49978494623655917,0.5080400782013685
voiced,StandardScaler,True,dt,83,0.5461632453567937,0.5461632453567937
voiced,StandardScaler,True,rf,83,0.5264711632453568,0.5264711632453568
voiced,StandardScaler,True,adaboost,83,0.5442179863147606,0.5408846529814271
voiced,StandardScaler,True,mlp,83,0.5926392961876833,0.608396871945259
svd,StandardScaler,False,svm,83,0.8259145566557298,0.8271137925408295
svd,StandardScaler,False,knn,83,0.7190569761380233,0.7270278605337165
svd,StandardScaler,False,gaussianNB,83,0.6620487282837862,0.6615082440095417
svd,StandardScaler,False,lda,83,0.8242076737318502,0.8242076737318502
svd,StandardScaler,False,qda,83,0.7384425473602378,0.7378705320145694
svd,StandardScaler,False,dt,83,0.7752245990319945,0.7752245990319945
svd,StandardScaler,False,rf,83,0.8251703293422186,0.8251703293422186
svd,StandardScaler,False,adaboost,83,0.8066971490080315,0.8066971490080315
svd,StandardScaler,False,mlp,83,0.7917715213024004,0.7868562778415893
voiced,StandardScaler,False,svm,83,0.5729494643287747,0.5780804324985359
voiced,StandardScaler,False,knn,83,0.48949555473262363,0.4929676836573388
voiced,StandardScaler,False,gaussianNB,83,0.5610256458101286,0.5610256458101286
voiced,StandardScaler,False,lda,83,0.525281179548421,0.525281179548421
voiced,StandardScaler,False,qda,83,0.5399985048476428,0.5018163110835524
voiced,StandardScaler,False,dt,83,0.5517246092030575,0.5517246092030575
voiced,StandardScaler,False,rf,83,0.5891665996838411,0.5891665996838411
voiced,StandardScaler,False,adaboost,83,0.5510268467165018,0.5510268467165018
voiced,StandardScaler,False,mlp,83,0.5963724637431534,0.596995174365864
svd,StandardScaler,True,svm,84,0.8243566230207453,0.8243566230207453
svd,StandardScaler,True,knn,84,0.7273941925032437,0.7329668041881783
svd,StandardScaler,True,gaussianNB,84,0.6601000616976626,0.6585791271614608
svd,StandardScaler,True,lda,84,0.8249376341579178,0.8249376341579178
svd,StandardScaler,True,qda,84,0.7408404518055554,0.7400621824558575
svd,StandardScaler,True,dt,84,0.8103646172075833,0.8103646172075833
svd,StandardScaler,True,rf,84,0.8225033853823385,0.8225033853823385
svd,StandardScaler,True,adaboost,84,0.8152325754942986,0.8152325754942986
svd,StandardScaler,True,mlp,84,0.8024619237541811,0.7898008643483017
voiced,StandardScaler,True,svm,84,0.5817253176930597,0.5765738025415444
voiced,StandardScaler,True,knn,84,0.46844086021505377,0.4962072336265885
voiced,StandardScaler,True,gaussianNB,84,0.5338367546432063,0.5338367546432063
voiced,StandardScaler,True,lda,84,0.5305767350928641,0.5305767350928641
voiced,StandardScaler,True,qda,84,0.4623313782991202,0.48210166177908115
voiced,StandardScaler,True,dt,84,0.5492375366568915,0.5492375366568915
voiced,StandardScaler,True,rf,84,0.5324437927663734,0.5277663734115347
voiced,StandardScaler,True,adaboost,84,0.5649315738025414,0.5649315738025414
voiced,StandardScaler,True,mlp,84,0.5665102639296189,0.5704301075268818
svd,StandardScaler,False,svm,84,0.8249169560241573,0.8251982060241574
svd,StandardScaler,False,knn,84,0.7349703014604261,0.7265002431059243
svd,StandardScaler,False,gaussianNB,84,0.6603853477014514,0.6598975554778048
svd,StandardScaler,False,lda,84,0.819403711052661,0.819403711052661
svd,StandardScaler,False,qda,84,0.7470547200921257,0.7440813571431137
svd,StandardScaler,False,dt,84,0.7909643489866256,0.7909643489866256
svd,StandardScaler,False,rf,84,0.8226744436327433,0.8226744436327433
svd,StandardScaler,False,adaboost,84,0.8184608402438643,0.8184608402438643
svd,StandardScaler,False,mlp,84,0.7898698599248617,0.7964979832195973
voiced,StandardScaler,False,svm,84,0.5476210373269197,0.5696798608563315
voiced,StandardScaler,False,knn,84,0.4755510827569651,0.4928453906395083
voiced,StandardScaler,False,gaussianNB,84,0.5645950588597648,0.5645950588597648
voiced,StandardScaler,False,lda,84,0.5463648603354485,0.5463648603354485
voiced,StandardScaler,False,qda,84,0.5169498457733752,0.4798610375080964
voiced,StandardScaler,False,dt,84,0.623007147418912,0.623007147418912
voiced,StandardScaler,False,rf,84,0.5993890723302489,0.5993890723302489
voiced,StandardScaler,False,adaboost,84,0.5930796860208625,0.5930796860208625
voiced,StandardScaler,False,mlp,84,0.579144574438692,0.5529050996698055
svd,StandardScaler,True,svm,85,0.8232837518715381,0.8232837518715381
svd,StandardScaler,True,knn,85,0.7220782743247302,0.7271585212315856
svd,StandardScaler,True,gaussianNB,85,0.6570685403291728,0.6570685403291728
svd,StandardScaler,True,lda,85,0.8117669208290801,0.8117669208290801
svd,StandardScaler,True,qda,85,0.7393669852503004,0.7386094094927247
svd,StandardScaler,True,dt,85,0.7824580581178181,0.7824580581178181
svd,StandardScaler,True,rf,85,0.823077440552904,0.823077440552904
svd,StandardScaler,True,adaboost,85,0.8137708093433285,0.8137708093433285
svd,StandardScaler,True,mlp,85,0.7824788715464833,0.7837335692297525
voiced,StandardScaler,True,svm,85,0.5999511241446726,0.5940420332355817
voiced,StandardScaler,True,knn,85,0.5241104594330401,0.5106695992179864
voiced,StandardScaler,True,gaussianNB,85,0.5503470185728251,0.5503470185728251
voiced,StandardScaler,True,lda,85,0.5260703812316715,0.5260703812316715
voiced,StandardScaler,True,qda,85,0.518030303030303,0.5046969696969696
voiced,StandardScaler,True,dt,85,0.591793743890518,0.591793743890518
voiced,StandardScaler,True,rf,85,0.5447605083088954,0.5447605083088954
voiced,StandardScaler,True,adaboost,85,0.5589149560117302,0.5589149560117302
voiced,StandardScaler,True,mlp,85,0.640386119257087,0.6073118279569891
svd,StandardScaler,False,svm,85,0.8289881487615464,0.8287349713051153
svd,StandardScaler,False,knn,85,0.7168651436751328,0.7274728268482646
svd,StandardScaler,False,gaussianNB,85,0.65982897320496,0.65982897320496
svd,StandardScaler,False,lda,85,0.8199763928008353,0.8199763928008353
svd,StandardScaler,False,qda,85,0.7360986003364137,0.733509206779962
svd,StandardScaler,False,dt,85,0.7694222459097546,0.7694222459097546
svd,StandardScaler,False,rf,85,0.8241252878247198,0.8256290472232163
svd,StandardScaler,False,adaboost,85,0.8133220114688552,0.8133220114688552
svd,StandardScaler,False,mlp,85,0.796817193782185,0.8009460824206748
voiced,StandardScaler,False,svm,85,0.5621818267938958,0.5714121438905921
voiced,StandardScaler,False,knn,85,0.4981045821994098,0.46733436821798896
voiced,StandardScaler,False,gaussianNB,85,0.5271641146210111,0.5271641146210111
voiced,StandardScaler,False,lda,85,0.5246631601157462,0.5281114359778153
voiced,StandardScaler,False,qda,85,0.5012467632941771,0.5126794326363292
voiced,StandardScaler,False,dt,85,0.5465677426022253,0.5465677426022253
voiced,StandardScaler,False,rf,85,0.5518688064808754,0.5518688064808754
voiced,StandardScaler,False,adaboost,85,0.5666897255043807,0.5666897255043807
voiced,StandardScaler,False,mlp,85,0.5153152092160713,0.5390789454798076
svd,StandardScaler,True,svm,86,0.821837386532043,0.8203222350168916
svd,StandardScaler,True,knn,86,0.7288791669980329,0.7223523604712263
svd,StandardScaler,True,gaussianNB,86,0.6603922849233645,0.6583119098277223
svd,StandardScaler,True,lda,86,0.8183511254285518,0.8183511254285518
svd,StandardScaler,True,qda,86,0.7421670278104303,0.7416542072976098
svd,StandardScaler,True,dt,86,0.7765896698721126,0.7765896698721126
svd,StandardScaler,True,rf,86,0.8167287438116227,0.8169734990563781
svd,StandardScaler,True,adaboost,86,0.8167602753480617,0.8167602753480617
svd,StandardScaler,True,mlp,86,0.7827286217962335,0.7798876822922625
voiced,StandardScaler,True,svm,86,0.5355522971652004,0.5354447702834799
voiced,StandardScaler,True,knn,86,0.5085874877810361,0.5110557184750734
voiced,StandardScaler,True,gaussianNB,86,0.5419745845552297,0.5419745845552297
voiced,StandardScaler,True,lda,86,0.5488025415444769,0.5521358748778102
voiced,StandardScaler,True,qda,86,0.4562903225806451,0.49352394916911047
voiced,StandardScaler,True,dt,86,0.5494525904203323,0.5327859237536657
voiced,StandardScaler,True,rf,86,0.511099706744868,0.511099706744868
voiced,StandardScaler,True,adaboost,86,0.59930596285435,0.59930596285435
voiced,StandardScaler,True,mlp,86,0.5870039100684263,0.5710948191593352
svd,StandardScaler,False,svm,86,0.8145195177620577,0.8150750733176133
svd,StandardScaler,False,knn,86,0.7282582383674842,0.7252001443644953
svd,StandardScaler,False,gaussianNB,86,0.659429903143776,0.66001927790164
svd,StandardScaler,False,lda,86,0.818028009081542,0.818028009081542
svd,StandardScaler,False,qda,86,0.7424839789572208,0.742953462525296
svd,StandardScaler,False,dt,86,0.7759019183048071,0.7759019183048071
svd,StandardScaler,False,rf,86,0.8161757655737156,0.8161757655737156
svd,StandardScaler,False,adaboost,86,0.8085310926232943,0.8085310926232943
svd,StandardScaler,False,mlp,86,0.7895012859912123,0.7849136491060301
voiced,StandardScaler,False,svm,86,0.5992268189327012,0.5993902176255117
voiced,StandardScaler,False,knn,86,0.4764253992195169,0.478655522037875
voiced,StandardScaler,False,gaussianNB,86,0.5504575163398693,0.5504575163398693
voiced,StandardScaler,False,lda,86,0.5335411429529076,0.5364823194234958
voiced,StandardScaler,False,qda,86,0.47292495630730924,0.4848464770523594
voiced,StandardScaler,False,dt,86,0.6141691804927099,0.6141691804927099
voiced,StandardScaler,False,rf,86,0.5941029830735712,0.5941029830735712
voiced,StandardScaler,False,adaboost,86,0.5772588522588523,0.5772588522588523
voiced,StandardScaler,False,mlp,86,0.5891634944576121,0.5834018051665111
svd,StandardScaler,True,svm,87,0.8237587240095419,0.823756107578354
svd,StandardScaler,True,knn,87,0.7325370122425738,0.7292421827536331
svd,StandardScaler,True,gaussianNB,87,0.6560485479623975,0.6596322706737101
svd,StandardScaler,True,lda,87,0.8201212600558293,0.8201212600558293
svd,StandardScaler,True,qda,87,0.7345227219163969,0.733266508119289
svd,StandardScaler,True,dt,87,0.7941306131164365,0.7994336434194668
svd,StandardScaler,True,rf,87,0.8235914794039113,0.8235914794039113
svd,StandardScaler,True,adaboost,87,0.8160410981239771,0.8160410981239771
svd,StandardScaler,True,mlp,87,0.806352736685343,0.7953624165728854
voiced,StandardScaler,True,svm,87,0.5589149560117301,0.5397165200391006
voiced,StandardScaler,True,knn,87,0.5305327468230694,0.49830889540566964
voiced,StandardScaler,True,gaussianNB,87,0.5575610948191594,0.5575610948191594
voiced,StandardScaler,True,lda,87,0.4422629521016618,0.4422629521016618
voiced,StandardScaler,True,qda,87,0.4760508308895406,0.5115200391006842
voiced,StandardScaler,True,dt,87,0.5593695014662756,0.5593695014662756
voiced,StandardScaler,True,rf,87,0.5180938416422287,0.5180938416422287
voiced,StandardScaler,True,adaboost,87,0.552878787878788,0.5496529814271749
voiced,StandardScaler,True,mlp,87,0.5603225806451613,0.5769892473118279
svd,StandardScaler,False,svm,87,0.8278328050369715,0.8268489170847342
svd,StandardScaler,False,knn,87,0.7231735765256652,0.7276595511587116
svd,StandardScaler,False,gaussianNB,87,0.6587686271884664,0.6587686271884664
svd,StandardScaler,False,lda,87,0.8233551574068526,0.8233551574068526
svd,StandardScaler,False,qda,87,0.7408037644258366,0.7407612510100734
svd,StandardScaler,False,dt,87,0.790778707574075,0.790778707574075
svd,StandardScaler,False,rf,87,0.8241443355252646,0.8241443355252646
svd,StandardScaler,False,adaboost,87,0.8165118850760414,0.8165118850760414
svd,StandardScaler,False,mlp,87,0.7870077120344977,0.7930835151611628
voiced,StandardScaler,False,svm,87,0.521132977145213,0.5147963067707227
voiced,StandardScaler,False,knn,87,0.5645701641085401,0.5732114153304365
voiced,StandardScaler,False,gaussianNB,87,0.5635116860645226,0.5635116860645226
voiced,StandardScaler,False,lda,87,0.5401640634732959,0.5433898699249088
voiced,StandardScaler,False,qda,87,0.4718511657666273,0.4784315184259567
voiced,StandardScaler,False,dt,87,0.5717493531064164,0.5717493531064164
voiced,StandardScaler,False,rf,87,0.5179907467393564,0.4929907467393563
voiced,StandardScaler,False,adaboost,87,0.5661211400143548,0.5661211400143548
voiced,StandardScaler,False,mlp,87,0.5480578913115065,0.5422353804889957
svd,StandardScaler,True,svm,88,0.8207896392956371,0.823572570649997
svd,StandardScaler,True,knn,88,0.7355926915687003,0.7289759894776252
svd,StandardScaler,True,gaussianNB,88,0.6593799039927721,0.6611623926782052
svd,StandardScaler,True,lda,88,0.820718430969249,0.820718430969249
svd,StandardScaler,True,qda,88,0.7381596357114351,0.7417234528466807
svd,StandardScaler,True,dt,88,0.7976273853373089,0.7976273853373089
svd,StandardScaler,True,rf,88,0.8158010855011945,0.8158010855011945
svd,StandardScaler,True,adaboost,88,0.820153577792618,0.820153577792618
svd,StandardScaler,True,mlp,88,0.7964714420439611,0.7921200337285397
voiced,StandardScaler,True,svm,88,0.5655376344086022,0.5438709677419354
voiced,StandardScaler,True,knn,88,0.5172873900293254,0.5588709677419355
voiced,StandardScaler,True,gaussianNB,88,0.5532062561094819,0.5532062561094819
voiced,StandardScaler,True,lda,88,0.47468719452590413,0.47468719452590413
voiced,StandardScaler,True,qda,88,0.5259384164222874,0.5266911045943304
voiced,StandardScaler,True,dt,88,0.6031329423264907,0.6031329423264907
voiced,StandardScaler,True,rf,88,0.599672531769306,0.599672531769306
voiced,StandardScaler,True,adaboost,88,0.5752785923753667,0.5752785923753667
voiced,StandardScaler,True,mlp,88,0.5754936461388074,0.5621603128054742
svd,StandardScaler,False,svm,88,0.8346363448449624,0.8346031950030077
svd,StandardScaler,False,knn,88,0.7123455664333238,0.7130680517744453
svd,StandardScaler,False,gaussianNB,88,0.6570375035911384,0.6570375035911384
svd,StandardScaler,False,lda,88,0.827910919819639,0.827910919819639
svd,StandardScaler,False,qda,88,0.7375508570948685,0.7364305564029716
svd,StandardScaler,False,dt,88,0.8006643165201609,0.8006643165201609
svd,StandardScaler,False,rf,88,0.8167897736946191,0.8167897736946191
svd,StandardScaler,False,adaboost,88,0.8181515053954161,0.8181515053954161
svd,StandardScaler,False,mlp,88,0.779338307269726,0.7773205705030743
voiced,StandardScaler,False,svm,88,0.5075312891882364,0.5368416340158226
voiced,StandardScaler,False,knn,88,0.4943479727582162,0.4960375528047941
voiced,StandardScaler,False,gaussianNB,88,0.554276209525956,0.554276209525956
voiced,StandardScaler,False,lda,88,0.47994511840987497,0.48339339427194383
voiced,StandardScaler,False,qda,88,0.49634366891466286,0.4913448391440278
voiced,StandardScaler,False,dt,88,0.5209387153771028,0.5209387153771028
voiced,StandardScaler,False,rf,88,0.5247529624139664,0.5105168513028554
voiced,StandardScaler,False,adaboost,88,0.6171825355547466,0.6171825355547466
voiced,StandardScaler,False,mlp,88,0.5847915294175436,0.5870107935599822
svd,StandardScaler,True,svm,89,0.8255486298507018,0.8247852710720759
svd,StandardScaler,True,knn,89,0.7192118241627512,0.7169642353284665
svd,StandardScaler,True,gaussianNB,89,0.6570368308536247,0.6578124837721349
svd,StandardScaler,True,lda,89,0.8152264819876598,0.8152264819876598
svd,StandardScaler,True,qda,89,0.7332290900666039,0.7362599432555813
svd,StandardScaler,True,dt,89,0.789821142143934,0.789821142143934
svd,StandardScaler,True,rf,89,0.8255967514855194,0.8268729307769658
svd,StandardScaler,True,adaboost,89,0.8157008422330124,0.8157008422330124
svd,StandardScaler,True,mlp,89,0.7929214351624385,0.7858210655211746
voiced,StandardScaler,True,svm,89,0.6054301075268816,0.5637194525904203
voiced,StandardScaler,True,knn,89,0.5925708699902248,0.6066177908113393
voiced,StandardScaler,True,gaussianNB,89,0.5577761485826002,0.5577761485826002
voiced,StandardScaler,True,lda,89,0.5561827956989248,0.5561827956989248
voiced,StandardScaler,True,qda,89,0.5337634408602151,0.51158357771261
voiced,StandardScaler,True,dt,89,0.5645210166177907,0.5645210166177907
voiced,StandardScaler,True,rf,89,0.5346480938416422,0.5446480938416423
voiced,StandardScaler,True,adaboost,89,0.5577077223851419,0.5577077223851419
voiced,StandardScaler,True,mlp,89,0.595386119257087,0.6019452590420332
svd,StandardScaler,False,svm,89,0.837752598359182,0.8378619415459703
svd,StandardScaler,False,knn,89,0.720388594378109,0.7321138327027372
svd,StandardScaler,False,gaussianNB,89,0.6554795550663368,0.656526675485185
svd,StandardScaler,False,lda,89,0.8278932783864514,0.8278932783864514
svd,StandardScaler,False,qda,89,0.7439655006974529,0.7439658178975037
svd,StandardScaler,False,dt,89,0.7965168787782562,0.7965168787782562
svd,StandardScaler,False,rf,89,0.8203128555737835,0.8203128555737835
svd,StandardScaler,False,adaboost,89,0.8075919880967586,0.8075919880967586
svd,StandardScaler,False,mlp,89,0.7897997888067063,0.7922299738403066
voiced,StandardScaler,False,svm,89,0.5622697130455752,0.5421547705168395
voiced,StandardScaler,False,knn,89,0.49655333172574545,0.48343641990193714
voiced,StandardScaler,False,gaussianNB,89,0.5508849770918737,0.5508849770918737
voiced,StandardScaler,False,lda,89,0.5160421188007394,0.5193754521340729
voiced,StandardScaler,False,qda,89,0.4665551402620368,0.5057523510971786
voiced,StandardScaler,False,dt,89,0.528176794469898,0.528176794469898
voiced,StandardScaler,False,rf,89,0.5348559199421269,0.5348559199421269
voiced,StandardScaler,False,adaboost,89,0.5518929346515554,0.5518929346515554
voiced,StandardScaler,False,mlp,89,0.5774244433727194,0.555642834177317
svd,StandardScaler,True,svm,90,0.8323947608189701,0.8323973772501582
svd,StandardScaler,True,knn,90,0.7342853093834555,0.7286728266281156
svd,StandardScaler,True,gaussianNB,90,0.6580943592939231,0.6586200241053023
svd,StandardScaler,True,lda,90,0.823915649962542,0.823915649962542
svd,StandardScaler,True,qda,90,0.7337319205694343,0.7339766758141895
svd,StandardScaler,True,dt,90,0.7898339265242209,0.7898339265242209
svd,StandardScaler,True,rf,90,0.8195144695362797,0.8195144695362797
svd,StandardScaler,True,adaboost,90,0.8112887657598673,0.8112887657598673
svd,StandardScaler,True,mlp,90,0.7853766153875206,0.7960261294503389
voiced,StandardScaler,True,svm,90,0.5619892473118279,0.5811876832844576
voiced,StandardScaler,True,knn,90,0.4907575757575757,0.4995405669599219
voiced,StandardScaler,True,gaussianNB,90,0.5520185728250244,0.5520185728250244
voiced,StandardScaler,True,lda,90,0.5450537634408602,0.5482795698924732
voiced,StandardScaler,True,qda,90,0.5000146627565982,0.5004692082111436
voiced,StandardScaler,True,dt,90,0.5406451612903226,0.5406451612903226
voiced,StandardScaler,True,rf,90,0.5267497556207233,0.5267497556207233
voiced,StandardScaler,True,adaboost,90,0.5722922776148582,0.5722922776148582
voiced,StandardScaler,True,mlp,90,0.5715102639296188,0.5804301075268816
svd,StandardScaler,False,svm,90,0.8218812784042537,0.8212964830826163
svd,StandardScaler,False,knn,90,0.7256881608619346,0.7241518415216268
svd,StandardScaler,False,gaussianNB,90,0.6585967555759187,0.6605769535957207
svd,StandardScaler,False,lda,90,0.8221484077588308,0.8221484077588308
svd,StandardScaler,False,qda,90,0.7408397262892976,0.7411070101424968
svd,StandardScaler,False,dt,90,0.7926219894408373,0.7926219894408373
svd,StandardScaler,False,rf,90,0.8211629551212644,0.8211629551212644
svd,StandardScaler,False,adaboost,90,0.8203325482532774,0.8203325482532774
svd,StandardScaler,False,mlp,90,0.8033841109529455,0.7995256478345292
voiced,StandardScaler,False,svm,90,0.5915178571428571,0.5811474867724867
voiced,StandardScaler,False,knn,90,0.4969279100529101,0.5283829365079364
voiced,StandardScaler,False,gaussianNB,90,0.5375264550264551,0.5375264550264551
voiced,StandardScaler,False,lda,90,0.5077116402116402,0.5077116402116402
voiced,StandardScaler,False,qda,90,0.5171891534391534,0.5127513227513227
voiced,StandardScaler,False,dt,90,0.5732936507936508,0.5732936507936508
voiced,StandardScaler,False,rf,90,0.5499272486772486,0.5499272486772486
voiced,StandardScaler,False,adaboost,90,0.6032275132275132,0.6032275132275132
voiced,StandardScaler,False,mlp,90,0.5735714285714286,0.567037037037037
svd,StandardScaler,True,svm,91,0.8212745851022841,0.8220347772910477
svd,StandardScaler,True,knn,91,0.7219847800327626,0.7242286521185104
svd,StandardScaler,True,gaussianNB,91,0.6588267366947849,0.6585819814500296
svd,StandardScaler,True,lda,91,0.8257222366873403,0.8257222366873403
svd,StandardScaler,True,qda,91,0.7382961803736068,0.7398113318887584
svd,StandardScaler,True,dt,91,0.8090109853795786,0.8090109853795786
svd,StandardScaler,True,rf,91,0.8197642797043014,0.8197642797043014
svd,StandardScaler,True,adaboost,91,0.8088467602916893,0.8088467602916893
svd,StandardScaler,True,mlp,91,0.790268775208797,0.785367426103522
voiced,StandardScaler,True,svm,91,0.589692082111437,0.586466275659824
voiced,StandardScaler,True,knn,91,0.5302541544477027,0.5176783968719453
voiced,StandardScaler,True,gaussianNB,91,0.5507233626588465,0.5507233626588465
voiced,StandardScaler,True,lda,91,0.4830205278592376,0.4830205278592376
voiced,StandardScaler,True,qda,91,0.48886608015640276,0.5175757575757576
voiced,StandardScaler,True,dt,91,0.6470723362658847,0.5890420332355817
voiced,StandardScaler,True,rf,91,0.5083528836754643,0.5077663734115346
voiced,StandardScaler,True,adaboost,91,0.5814565004887585,0.5814565004887585
voiced,StandardScaler,True,mlp,91,0.530039100684262,0.5507966764418377
svd,StandardScaler,False,svm,91,0.825073188524416,0.8255539577551853
svd,StandardScaler,False,knn,91,0.7279614820995357,0.7207370362473442
svd,StandardScaler,False,gaussianNB,91,0.655093207474925,0.655093207474925
svd,StandardScaler,False,lda,91,0.8131308255119778,0.8131308255119778
svd,StandardScaler,False,qda,91,0.7390273150330973,0.7397518743348648
svd,StandardScaler,False,dt,91,0.7783079757481878,0.7783079757481878
svd,StandardScaler,False,rf,91,0.814765301618485,0.814765301618485
svd,StandardScaler,False,adaboost,91,0.810787379563021,0.810787379563021
svd,StandardScaler,False,mlp,91,0.7832291404303471,0.7853856766948385
voiced,StandardScaler,False,svm,91,0.5463215297774121,0.5569513574660634
voiced,StandardScaler,False,knn,91,0.5247545346810052,0.5354200701259525
voiced,StandardScaler,False,gaussianNB,91,0.5332154202007143,0.5332154202007143
voiced,StandardScaler,False,lda,91,0.4782916919681625,0.4782916919681625
voiced,StandardScaler,False,qda,91,0.5004981864540687,0.4711235333294157
voiced,StandardScaler,False,dt,91,0.5321314959550254,0.5321314959550254
voiced,StandardScaler,False,rf,91,0.5021311123517006,0.5021311123517006
voiced,StandardScaler,False,adaboost,91,0.5421143725555491,0.5421143725555491
voiced,StandardScaler,False,mlp,91,0.5598588176529352,0.5692772668507964
svd,StandardScaler,True,svm,92,0.8335390781519463,0.8337896164177516
svd,StandardScaler,True,knn,92,0.7270058476601552,0.7279518809071699
svd,StandardScaler,True,gaussianNB,92,0.6540140048973201,0.6550498737903317
svd,StandardScaler,True,lda,92,0.8242037406432173,0.8242037406432173
svd,StandardScaler,True,qda,92,0.740641454147452,0.7393529807161214
svd,StandardScaler,True,dt,92,0.7802954297610787,0.7802954297610787
svd,StandardScaler,True,rf,92,0.8231020288326721,0.8223444530750965
svd,StandardScaler,True,adaboost,92,0.8215565060167023,0.8215565060167023
svd,StandardScaler,True,mlp,92,0.7807528748968225,0.793737747167409
voiced,StandardScaler,True,svm,92,0.6144330400782013,0.5836314760508309
voiced,StandardScaler,True,knn,92,0.5108406647116325,0.5265982404692082
voiced,StandardScaler,True,gaussianNB,92,0.5568035190615837,0.5568035190615837
voiced,StandardScaler,True,lda,92,0.5275464320625611,0.5308797653958944
voiced,StandardScaler,True,qda,92,0.509266862170088,0.45826979472140766
voiced,StandardScaler,True,dt,92,0.567375366568915,0.5723753665689151
voiced,StandardScaler,True,rf,92,0.5761241446725318,0.5761241446725318
voiced,StandardScaler,True,adaboost,92,0.5753665689149561,0.5753665689149561
voiced,StandardScaler,True,mlp,92,0.6076148582600196,0.617507331378299
svd,StandardScaler,False,svm,92,0.8318930999740368,0.8313722666407036
svd,StandardScaler,False,knn,92,0.7185871811589959,0.7257677879760746
svd,StandardScaler,False,gaussianNB,92,0.6609019078620062,0.6601611671212654
svd,StandardScaler,False,lda,92,0.8241373643586349,0.8241373643586349
svd,StandardScaler,False,qda,92,0.7458050513215425,0.7429726534958216
svd,StandardScaler,False,dt,92,0.7863624254036223,0.7863624254036223
svd,StandardScaler,False,rf,92,0.8213443821984037,0.8213443821984037
svd,StandardScaler,False,adaboost,92,0.8115036648681855,0.8115036648681855
svd,StandardScaler,False,mlp,92,0.7881663771338777,0.7880232489517779
voiced,StandardScaler,False,svm,92,0.5477377708189721,0.5929789954205972
voiced,StandardScaler,False,knn,92,0.5010370953974959,0.5025161718765723
voiced,StandardScaler,False,gaussianNB,92,0.5687229770600183,0.5687229770600183
voiced,StandardScaler,False,lda,92,0.49682139205498493,0.49682139205498493
voiced,StandardScaler,False,qda,92,0.5093790846404861,0.4726780499194293
voiced,StandardScaler,False,dt,92,0.5912343422243311,0.5912343422243311
voiced,StandardScaler,False,rf,92,0.5807707525449463,0.5807707525449463
voiced,StandardScaler,False,adaboost,92,0.5674601742343677,0.5674601742343677
voiced,StandardScaler,False,mlp,92,0.6018868117422066,0.5780978229532179
svd,StandardScaler,True,svm,93,0.8252578047180009,0.8267729562331525
svd,StandardScaler,True,knn,93,0.7246017613792968,0.7261724825519809
svd,StandardScaler,True,gaussianNB,93,0.6593757714477453,0.6629862086296111
svd,StandardScaler,True,lda,93,0.8215651433263211,0.8215651433263211
svd,StandardScaler,True,qda,93,0.7375779854460334,0.7388541647374799
svd,StandardScaler,True,dt,93,0.793944221899511,0.793944221899511
svd,StandardScaler,True,rf,93,0.8276260017699494,0.8276260017699494
svd,StandardScaler,True,adaboost,93,0.8237804870520247,0.8237804870520247
svd,StandardScaler,True,mlp,93,0.7842357460787123,0.7872647109342855
voiced,StandardScaler,True,svm,93,0.5596676441837732,0.5719843597262952
voiced,StandardScaler,True,knn,93,0.5063147605083088,0.5120723362658847
voiced,StandardScaler,True,gaussianNB,93,0.5478641251221896,0.5478641251221896
voiced,StandardScaler,True,lda,93,0.4968328445747801,0.500058651026393
voiced,StandardScaler,True,qda,93,0.45773216031280556,0.4552639296187683
voiced,StandardScaler,True,dt,93,0.5791691104594331,0.5589345063538612
voiced,StandardScaler,True,rf,93,0.5483724340175953,0.5483724340175953
voiced,StandardScaler,True,adaboost,93,0.48758064516129035,0.48758064516129035
voiced,StandardScaler,True,mlp,93,0.5559677419354838,0.5552737047898338
svd,StandardScaler,False,svm,93,0.8275352061866664,0.8280046278676523
svd,StandardScaler,False,knn,93,0.7234883621734522,0.7187398806568641
svd,StandardScaler,False,gaussianNB,93,0.6542643593972989,0.6556929953095495
svd,StandardScaler,False,lda,93,0.8145039447849548,0.8145039447849548
svd,StandardScaler,False,qda,93,0.7411391504717768,0.7398775864188453
svd,StandardScaler,False,dt,93,0.786515699055675,0.786515699055675
svd,StandardScaler,False,rf,93,0.8207414660953741,0.8148533724063695
svd,StandardScaler,False,adaboost,93,0.8185883420085516,0.8185883420085516
svd,StandardScaler,False,mlp,93,0.7856753888351721,0.7814587524513327
voiced,StandardScaler,False,svm,93,0.5456000676132521,0.5274835517761481
voiced,StandardScaler,False,knn,93,0.4694415622128604,0.4644603508954422
voiced,StandardScaler,False,gaussianNB,93,0.5684830143374768,0.5684830143374768
voiced,StandardScaler,False,lda,93,0.46045333385343523,0.4566071800072814
voiced,StandardScaler,False,qda,93,0.47348797697682077,0.5163552556301034
voiced,StandardScaler,False,dt,93,0.6009443317556908,0.6009443317556908
voiced,StandardScaler,False,rf,93,0.5348190695376294,0.5348190695376294
voiced,StandardScaler,False,adaboost,93,0.6039927142386574,0.6039927142386574
voiced,StandardScaler,False,mlp,93,0.5342940699710477,0.5636416020873425
svd,StandardScaler,True,svm,94,0.8177800298574562,0.8175326581815131
svd,StandardScaler,True,knn,94,0.719826581996702,0.7266725186845143
svd,StandardScaler,True,gaussianNB,94,0.6594213510952879,0.6594213510952879
svd,StandardScaler,True,lda,94,0.823746117568364,0.823746117568364
svd,StandardScaler,True,qda,94,0.7393675354089748,0.7380764455464565
svd,StandardScaler,True,dt,94,0.7935262175120409,0.7935262175120409
svd,StandardScaler,True,rf,94,0.8104734669183958,0.8104734669183958
svd,StandardScaler,True,adaboost,94,0.8172865938133114,0.8172865938133114
svd,StandardScaler,True,mlp,94,0.7922432892443796,0.7904949485265733
voiced,StandardScaler,True,svm,94,0.6045405669599218,0.5920527859237537
voiced,StandardScaler,True,knn,94,0.5314907135874878,0.5397605083088954
voiced,StandardScaler,True,gaussianNB,94,0.5787976539589443,0.5787976539589443
voiced,StandardScaler,True,lda,94,0.5670234604105572,0.5670234604105572
voiced,StandardScaler,True,qda,94,0.49716520039100687,0.5144428152492668
voiced,StandardScaler,True,dt,94,0.581099706744868,0.572008797653959
voiced,StandardScaler,True,rf,94,0.5844574780058651,0.5753665689149561
voiced,StandardScaler,True,adaboost,94,0.5877908113391983,0.5877908113391983
voiced,StandardScaler,True,mlp,94,0.5988709677419355,0.6005376344086022
svd,StandardScaler,False,svm,94,0.8295807308309007,0.8300909349125334
svd,StandardScaler,False,knn,94,0.7213469555323867,0.7338004547976746
svd,StandardScaler,False,gaussianNB,94,0.6588864425869596,0.6594155431160601
svd,StandardScaler,False,lda,94,0.8222542953961505,0.8222542953961505
svd,StandardScaler,False,qda,94,0.7398410030434408,0.7385732232042324
svd,StandardScaler,False,dt,94,0.7843822247499006,0.7843822247499006
svd,StandardScaler,False,rf,94,0.8148921175107136,0.8148921175107136
svd,StandardScaler,False,adaboost,94,0.8127266200126035,0.8127266200126035
svd,StandardScaler,False,mlp,94,0.8042523093019366,0.7997377409927633
voiced,StandardScaler,False,svm,94,0.6063716961143432,0.5680426422705834
voiced,StandardScaler,False,knn,94,0.5339617599176423,0.5300799935358759
voiced,StandardScaler,False,gaussianNB,94,0.544991396131102,0.544991396131102
voiced,StandardScaler,False,lda,94,0.5241147741147741,0.5241147741147741
voiced,StandardScaler,False,qda,94,0.4735411878426584,0.4962731481481482
voiced,StandardScaler,False,dt,94,0.5573079766094471,0.5573079766094471
voiced,StandardScaler,False,rf,94,0.5341184700375876,0.5341184700375876
voiced,StandardScaler,False,adaboost,94,0.558481918408389,0.558481918408389
voiced,StandardScaler,False,mlp,94,0.577895583447054,0.5966212681653859
svd,StandardScaler,True,svm,95,0.8303615395872758,0.8316377188787222
svd,StandardScaler,True,knn,95,0.7290507366134411,0.7251923775969578
svd,StandardScaler,True,gaussianNB,95,0.6576012664180604,0.6581140869308809
svd,StandardScaler,True,lda,95,0.827497544258722,0.827497544258722
svd,StandardScaler,True,qda,95,0.7426143630996412,0.7418567873420654
svd,StandardScaler,True,dt,95,0.8096940082817946,0.8096940082817946
svd,StandardScaler,True,rf,95,0.82835989528465,0.82835989528465
svd,StandardScaler,True,adaboost,95,0.8170087310000069,0.8170087310000069
svd,StandardScaler,True,mlp,95,0.7966231351345855,0.7961409237799641
voiced,StandardScaler,True,svm,95,0.5917448680351907,0.5659872922776149
voiced,StandardScaler,True,knn,95,0.4986314760508309,0.4946920821114369
voiced,StandardScaler,True,gaussianNB,95,0.5737927663734115,0.5737927663734115
voiced,StandardScaler,True,lda,95,0.4907673509286413,0.4907673509286413
voiced,StandardScaler,True,qda,95,0.5060166177908113,0.5104789833822092
voiced,StandardScaler,True,dt,95,0.5756011730205278,0.5756011730205278
voiced,StandardScaler,True,rf,95,0.5142179863147606,0.5142179863147606
voiced,StandardScaler,True,adaboost,95,0.5776783968719453,0.5776783968719453
voiced,StandardScaler,True,mlp,95,0.5701221896383186,0.5717888563049853
svd,StandardScaler,False,svm,95,0.830600979041891,0.8311304063733189
svd,StandardScaler,False,knn,95,0.7211177508854543,0.7183599800582142
svd,StandardScaler,False,gaussianNB,95,0.6603273544184044,0.6608298669812185
svd,StandardScaler,False,lda,95,0.8266796917448204,0.8266796917448204
svd,StandardScaler,False,qda,95,0.7394690160659951,0.73612590099518
svd,StandardScaler,False,dt,95,0.78344292279027,0.78344292279027
svd,StandardScaler,False,rf,95,0.824235075567983,0.824235075567983
svd,StandardScaler,False,adaboost,95,0.8022957468222597,0.8022957468222597
svd,StandardScaler,False,mlp,95,0.7965802755517104,0.7972272653801482
voiced,StandardScaler,False,svm,95,0.584881378504481,0.6331835534800431
voiced,StandardScaler,False,knn,95,0.5191068348160378,0.5380284393816177
voiced,StandardScaler,False,gaussianNB,95,0.5546619967635149,0.5546619967635149
voiced,StandardScaler,False,lda,95,0.500202501088412,0.500202501088412
voiced,StandardScaler,False,qda,95,0.5178868534217206,0.5257505370183264
voiced,StandardScaler,False,dt,95,0.6072776970025547,0.6072776970025547
voiced,StandardScaler,False,rf,95,0.5629154293682281,0.5629154293682281
voiced,StandardScaler,False,adaboost,95,0.5493327367603933,0.5493327367603933
voiced,StandardScaler,False,mlp,95,0.6114570446947107,0.5902963304089964
svd,StandardScaler,True,svm,96,0.8304447460936011,0.8306921177695441
svd,StandardScaler,True,knn,96,0.7269541127719972,0.7315487438769882
svd,StandardScaler,True,gaussianNB,96,0.656566363480213,0.6570765675618457
svd,StandardScaler,True,lda,96,0.8133038662537027,0.8133038662537027
svd,StandardScaler,True,qda,96,0.7355330365744761,0.7357804082504191
svd,StandardScaler,True,dt,96,0.7749840599240818,0.7749840599240818
svd,StandardScaler,True,rf,96,0.8271212684080732,0.8250843467691886
svd,StandardScaler,True,adaboost,96,0.8139277952146001,0.8139277952146001
svd,StandardScaler,True,mlp,96,0.7820336769736989,0.7919086384353561
voiced,StandardScaler,True,svm,96,0.5812316715542523,0.622702834799609
voiced,StandardScaler,True,knn,96,0.5297360703812316,0.5091935483870967
voiced,StandardScaler,True,gaussianNB,96,0.5647458455522971,0.5647458455522971
voiced,StandardScaler,True,lda,96,0.5377370478983382,0.5410703812316715
voiced,StandardScaler,True,qda,96,0.5016471163245357,0.5049755620723364
voiced,StandardScaler,True,dt,96,0.5907526881720431,0.5907526881720431
voiced,StandardScaler,True,rf,96,0.5833088954056697,0.5833088954056697
voiced,StandardScaler,True,adaboost,96,0.551793743890518,0.551793743890518
voiced,StandardScaler,True,mlp,96,0.5720967741935483,0.6071603128054741
svd,StandardScaler,False,svm,96,0.8233055179343969,0.8230414431131976
svd,StandardScaler,False,knn,96,0.7290662974980446,0.7289784748612534
svd,StandardScaler,False,gaussianNB,96,0.6554429949653594,0.6562560030954406
svd,StandardScaler,False,lda,96,0.813736349116828,0.813736349116828
svd,StandardScaler,False,qda,96,0.7360451044864174,0.7372068270381534
svd,StandardScaler,False,dt,96,0.7989003827837168,0.7989003827837168
svd,StandardScaler,False,rf,96,0.8226896810559085,0.8226896810559085
svd,StandardScaler,False,adaboost,96,0.8157281151350556,0.8157281151350556
svd,StandardScaler,False,mlp,96,0.794647211715543,0.7910156053537463
voiced,StandardScaler,False,svm,96,0.5459317743188711,0.551069002681906
voiced,StandardScaler,False,knn,96,0.5128856806276161,0.4893568438729729
voiced,StandardScaler,False,gaussianNB,96,0.5546056094443191,0.5546056094443191
voiced,StandardScaler,False,lda,96,0.5515201644233902,0.5545504674536932
voiced,StandardScaler,False,qda,96,0.5383134070230844,0.4852124219866155
voiced,StandardScaler,False,dt,96,0.5913369426272652,0.585471839987969
voiced,StandardScaler,False,rf,96,0.6122470361180039,0.6031561270270948
voiced,StandardScaler,False,adaboost,96,0.5796403238338722,0.5766100208035692
voiced,StandardScaler,False,mlp,96,0.5172408953054115,0.5539877685038975
svd,StandardScaler,True,svm,97,0.8298922324494843,0.8291346566919084
svd,StandardScaler,True,knn,97,0.7117685095711268,0.7053747688153359
svd,StandardScaler,True,gaussianNB,97,0.6549921034981013,0.6555049240109219
svd,StandardScaler,True,lda,97,0.8295721962515856,0.8295721962515856
svd,StandardScaler,True,qda,97,0.7436315883316974,0.7438847430286907
svd,StandardScaler,True,dt,97,0.7828128087833649,0.7828128087833649
svd,StandardScaler,True,rf,97,0.8223031839116899,0.8256136684108331
svd,StandardScaler,True,adaboost,97,0.8203007661186505,0.8203007661186505
svd,StandardScaler,True,mlp,97,0.7928455277910021,0.7931104264692052
voiced,StandardScaler,True,svm,97,0.5230303030303031,0.5485923753665689
voiced,StandardScaler,True,knn,97,0.517355816226784,0.49765884652981435
voiced,StandardScaler,True,gaussianNB,97,0.5534701857282502,0.5534701857282502
voiced,StandardScaler,True,lda,97,0.5141055718475073,0.5141055718475073
voiced,StandardScaler,True,qda,97,0.5088856304985337,0.5258455522971652
voiced,StandardScaler,True,dt,97,0.5551026392961876,0.5551026392961876
voiced,StandardScaler,True,rf,97,0.5416862170087977,0.5598680351906158
voiced,StandardScaler,True,adaboost,97,0.5364125122189639,0.5364125122189639
voiced,StandardScaler,True,mlp,97,0.5546285434995113,0.5712952101661779
svd,StandardScaler,False,svm,97,0.8306961459725184,0.8299221572880819
svd,StandardScaler,False,knn,97,0.725825935846358,0.7249886225304918
svd,StandardScaler,False,gaussianNB,97,0.6592798859022518,0.6578790579575008
svd,StandardScaler,False,lda,97,0.8296590339183154,0.8296590339183154
svd,StandardScaler,False,qda,97,0.7366843369266289,0.7378690995910286
svd,StandardScaler,False,dt,97,0.7984310654406321,0.7984310654406321
svd,StandardScaler,False,rf,97,0.8218793290639855,0.8218793290639855
svd,StandardScaler,False,adaboost,97,0.8160158840525511,0.8160158840525511
svd,StandardScaler,False,mlp,97,0.798131588394533,0.7934246368778848
voiced,StandardScaler,False,svm,97,0.6159128147837827,0.6325859982311595
voiced,StandardScaler,False,knn,97,0.48880471380471374,0.5452830144765628
voiced,StandardScaler,False,gaussianNB,97,0.5700849508914025,0.5700849508914025
voiced,StandardScaler,False,lda,97,0.522421682260392,0.5254519852906949
voiced,StandardScaler,False,qda,97,0.4819692314853605,0.5245791245791246
voiced,StandardScaler,False,dt,97,0.564354993871123,0.5560216605377896
voiced,StandardScaler,False,rf,97,0.5375760678986485,0.5375760678986485
voiced,StandardScaler,False,adaboost,97,0.5260489689521947,0.5260489689521947
voiced,StandardScaler,False,mlp,97,0.6362127418579032,0.6231992738444352
svd,StandardScaler,True,svm,98,0.8286759496410532,0.8294450914407294
svd,StandardScaler,True,knn,98,0.7267521428044874,0.7320685675647508
svd,StandardScaler,True,gaussianNB,98,0.6611508266361047,0.6621531576384357
svd,StandardScaler,True,lda,98,0.829367194056398,0.829367194056398
svd,StandardScaler,True,qda,98,0.7356103256975668,0.7356187251498048
svd,StandardScaler,True,dt,98,0.7775126926871747,0.7775126926871747
svd,StandardScaler,True,rf,98,0.8297192810824218,0.8297192810824218
svd,StandardScaler,True,adaboost,98,0.8178217583942775,0.8178217583942775
svd,StandardScaler,True,mlp,98,0.7940667928944919,0.7915084733514395
voiced,StandardScaler,True,svm,98,0.598069403714565,0.6032844574780059
voiced,StandardScaler,True,knn,98,0.5047605083088954,0.5164711632453568
voiced,StandardScaler,True,gaussianNB,98,0.5510019550342131,0.5510019550342131
voiced,StandardScaler,True,lda,98,0.5241006842619745,0.5274340175953078
voiced,StandardScaler,True,qda,98,0.5141788856304986,0.49032746823069406
voiced,StandardScaler,True,dt,98,0.596080156402737,0.5869892473118279
voiced,StandardScaler,True,rf,98,0.5860606060606061,0.5860606060606061
voiced,StandardScaler,True,adaboost,98,0.5456695992179863,0.5456695992179863
voiced,StandardScaler,True,mlp,98,0.6129178885630499,0.5821603128054742
svd,StandardScaler,False,svm,98,0.8394474263032368,0.8402877624376905
svd,StandardScaler,False,knn,98,0.7280499523267427,0.7181384547820866
svd,StandardScaler,False,gaussianNB,98,0.6572232330944506,0.6557303632192278
svd,StandardScaler,False,lda,98,0.8106249251393413,0.8106249251393413
svd,StandardScaler,False,qda,98,0.7378162410724804,0.7373224929130612
svd,StandardScaler,False,dt,98,0.7818027724039176,0.7818027724039176
svd,StandardScaler,False,rf,98,0.8255662160430223,0.8255662160430223
svd,StandardScaler,False,adaboost,98,0.8123304499438884,0.8123304499438884
svd,StandardScaler,False,mlp,98,0.7976921889855161,0.7925349481002522
voiced,StandardScaler,False,svm,98,0.5708328318064626,0.5813983683659141
voiced,StandardScaler,False,knn,98,0.47098013210589273,0.46338108983646514
voiced,StandardScaler,False,gaussianNB,98,0.5544462028843368,0.5544462028843368
voiced,StandardScaler,False,lda,98,0.5568805957396221,0.5568805957396221
voiced,StandardScaler,False,qda,98,0.5112652222692791,0.5306391867091664
voiced,StandardScaler,False,dt,98,0.6468794812354649,0.6468794812354649
voiced,StandardScaler,False,rf,98,0.5874609180542244,0.5786373886424596
voiced,StandardScaler,False,adaboost,98,0.5995962337189518,0.5995962337189518
voiced,StandardScaler,False,mlp,98,0.5855486146713327,0.5881536566881393
svd,StandardScaler,True,svm,99,0.8217894718876181,0.8225554470974318
svd,StandardScaler,True,knn,99,0.7251562232750891,0.7274035742519931
svd,StandardScaler,True,gaussianNB,99,0.6573524821234745,0.6573524821234745
svd,StandardScaler,True,lda,99,0.8264987956427433,0.8264987956427433
svd,StandardScaler,True,qda,99,0.7410899496722834,0.7408355167188319
svd,StandardScaler,True,dt,99,0.7804149213200468,0.7804149213200468
svd,StandardScaler,True,rf,99,0.819743019612158,0.819743019612158
svd,StandardScaler,True,adaboost,99,0.8045331404328131,0.8045331404328131
svd,StandardScaler,True,mlp,99,0.8073480499870904,0.8007415757633861
voiced,StandardScaler,True,svm,99,0.5988269794721408,0.6002785923753666
voiced,StandardScaler,True,knn,99,0.5004740957966765,0.5022482893450635
voiced,StandardScaler,True,gaussianNB,99,0.5534701857282502,0.5534701857282502
voiced,StandardScaler,True,lda,99,0.5157673509286413,0.5157673509286413
voiced,StandardScaler,True,qda,99,0.48402737047898337,0.4829227761485826
voiced,StandardScaler,True,dt,99,0.6144965786901271,0.6144965786901271
voiced,StandardScaler,True,rf,99,0.5760606060606062,0.5760606060606062
voiced,StandardScaler,True,adaboost,99,0.6249315738025416,0.6249315738025416
voiced,StandardScaler,True,mlp,99,0.5429423264907136,0.527834799608993
svd,StandardScaler,False,svm,99,0.8119510871577624,0.8119794403875777
svd,StandardScaler,False,knn,99,0.7222100739101149,0.721838694589246
svd,StandardScaler,False,gaussianNB,99,0.6535268504362624,0.6550589850332991
svd,StandardScaler,False,lda,99,0.8108147903518306,0.8108147903518306
svd,StandardScaler,False,qda,99,0.7338488353506598,0.7347671652788907
svd,StandardScaler,False,dt,99,0.7885780487639371,0.799508741833244
svd,StandardScaler,False,rf,99,0.8246120594838828,0.825845270717094
svd,StandardScaler,False,adaboost,99,0.8197286080614751,0.8197286080614751
svd,StandardScaler,False,mlp,99,0.7905154141501793,0.7843660754116488
voiced,StandardScaler,False,svm,99,0.5478658857107133,0.5483949862398138
voiced,StandardScaler,False,knn,99,0.48409502693985457,0.5214335911534187
voiced,StandardScaler,False,gaussianNB,99,0.5342273084514464,0.5342273084514464
voiced,StandardScaler,False,lda,99,0.5287930173275001,0.5287930173275001
voiced,StandardScaler,False,qda,99,0.5101260656648587,0.506180959844753
voiced,StandardScaler,False,dt,99,0.5866936559608973,0.5866936559608973
voiced,StandardScaler,False,rf,99,0.5076696698894975,0.49169744766727524
voiced,StandardScaler,False,adaboost,99,0.5310316774540913,0.5275834015920223
voiced,StandardScaler,False,mlp,99,0.5426529377391447,0.5298874744348883
