dataset,scaler,stratify,classifier,seed,uar_correct,uar_leakage
svd,RobustScaler,True,svm,0,0.803963027158229,0.8039656435894168
svd,RobustScaler,True,knn,0,0.687362956926752,0.6873812120267955
svd,RobustScaler,True,gaussianNB,0,0.6646511503763413,0.6646511503763413
svd,RobustScaler,True,lda,0,0.8218468409090001,0.8218468409090001
svd,RobustScaler,True,qda,0,0.6896710414267666,0.6938047648462045
svd,RobustScaler,True,dt,0,0.7800061951861297,0.7800061951861297
svd,RobustScaler,True,rf,0,0.8149939754901588,0.8149939754901588
svd,RobustScaler,True,adaboost,0,0.8061810472333919,0.8061810472333919
svd,RobustScaler,True,mlp,0,0.7967383470764059,0.8032826806054724
voiced,RobustScaler,True,svm,0,0.5382209188660801,0.5315542521994134
voiced,RobustScaler,True,knn,0,0.4951270772238514,0.4708211143695015
voiced,RobustScaler,True,gaussianNB,0,0.5416520039100684,0.5416520039100684
voiced,RobustScaler,True,lda,0,0.5478250244379277,0.5478250244379277
voiced,RobustScaler,True,qda,0,0.5399217986314759,0.47948191593352885
voiced,RobustScaler,True,dt,0,0.6126392961876832,0.6117302052785923
voiced,RobustScaler,True,rf,0,0.6002590420332357,0.6002590420332357
voiced,RobustScaler,True,adaboost,0,0.558069403714565,0.558069403714565
voiced,RobustScaler,True,mlp,0,0.5388709677419354,0.5390224828934507
svd,RobustScaler,False,svm,0,0.7990360852254069,0.7977142126535344
svd,RobustScaler,False,knn,0,0.6703253967015517,0.6693587053020831
svd,RobustScaler,False,gaussianNB,0,0.6650745994303584,0.6645938301995893
svd,RobustScaler,False,lda,0,0.8153597918066664,0.8153597918066664
svd,RobustScaler,False,qda,0,0.6916543691880287,0.6909478058508685
svd,RobustScaler,False,dt,0,0.7958587565661147,0.7958587565661147
svd,RobustScaler,False,rf,0,0.8252948568508585,0.8252948568508585
svd,RobustScaler,False,adaboost,0,0.8205098009408051,0.8205098009408051
svd,RobustScaler,False,mlp,0,0.7833593806043364,0.7707431466251959
voiced,RobustScaler,False,svm,0,0.5347669046285565,0.5312178223148746
voiced,RobustScaler,False,knn,0,0.4867270030673813,0.4570428632824351
voiced,RobustScaler,False,gaussianNB,0,0.5428720820336503,0.5428720820336503
voiced,RobustScaler,False,lda,0,0.507931685944756,0.507931685944756
voiced,RobustScaler,False,qda,0,0.5148793450246453,0.5354361927005142
voiced,RobustScaler,False,dt,0,0.5621586971148984,0.5621586971148984
voiced,RobustScaler,False,rf,0,0.5036872619408771,0.5036872619408771
voiced,RobustScaler,False,adaboost,0,0.5371305529842794,0.5371305529842794
voiced,RobustScaler,False,mlp,0,0.5611688605702788,0.5417607932019779
svd,RobustScaler,True,svm,1,0.808553645554736,0.8087984007994914
svd,RobustScaler,True,knn,1,0.6880429185500068,0.6969336261702674
svd,RobustScaler,True,gaussianNB,1,0.6632925689359714,0.6632925689359714
svd,RobustScaler,True,lda,1,0.8336219414899894,0.8336219414899894
svd,RobustScaler,True,qda,1,0.6874509550790904,0.6874509550790904
svd,RobustScaler,True,dt,1,0.7841617851432464,0.784671989224879
svd,RobustScaler,True,rf,1,0.8260742801364394,0.8260742801364394
svd,RobustScaler,True,adaboost,1,0.8099562760031679,0.8099562760031679
svd,RobustScaler,True,mlp,1,0.7996821154127588,0.7900773454099518
voiced,RobustScaler,True,svm,1,0.5504740957966765,0.543763440860215
voiced,RobustScaler,True,knn,1,0.5168132942326491,0.5043010752688172
voiced,RobustScaler,True,gaussianNB,1,0.5551319648093841,0.5551319648093841
voiced,RobustScaler,True,lda,1,0.5340175953079179,0.5340175953079179
voiced,RobustScaler,True,qda,1,0.476544477028348,0.4865151515151515
voiced,RobustScaler,True,dt,1,0.5895650048875855,0.5895650048875855
voiced,RobustScaler,True,rf,1,0.5558406647116325,0.5558406647116325
voiced,RobustScaler,True,adaboost,1,0.6044525904203324,0.6044525904203324
voiced,RobustScaler,True,mlp,1,0.5307526881720429,0.5157966764418377
svd,RobustScaler,False,svm,1,0.8103066012245147,0.8077518560329375
svd,RobustScaler,False,knn,1,0.6914120021001557,0.6887154991034008
svd,RobustScaler,False,gaussianNB,1,0.661478207903213,0.661478207903213
svd,RobustScaler,False,lda,1,0.827980686288971,0.827980686288971
svd,RobustScaler,False,qda,1,0.6918810487483077,0.6900853405272818
svd,RobustScaler,False,dt,1,0.7832095851055437,0.7832095851055437
svd,RobustScaler,False,rf,1,0.8139794061841739,0.8139794061841739
svd,RobustScaler,False,adaboost,1,0.8105933856297629,0.8105933856297629
svd,RobustScaler,False,mlp,1,0.789588669143078,0.788386028892965
voiced,RobustScaler,False,svm,1,0.5560154991467561,0.5265710547023117
voiced,RobustScaler,False,knn,1,0.4420807674589654,0.4449483195089424
voiced,RobustScaler,False,gaussianNB,1,0.5775769463922968,0.5775769463922968
voiced,RobustScaler,False,lda,1,0.4788566319767654,0.4788566319767654
voiced,RobustScaler,False,qda,1,0.4325502407204299,0.5246498998056284
voiced,RobustScaler,False,dt,1,0.6268555421836847,0.6268555421836847
voiced,RobustScaler,False,rf,1,0.6257787754617565,0.6257787754617565
voiced,RobustScaler,False,adaboost,1,0.5781387810475686,0.5852816381904258
voiced,RobustScaler,False,mlp,1,0.554399080094297,0.511050493197323
svd,RobustScaler,True,svm,2,0.7966929471836778,0.7941521546428854
svd,RobustScaler,True,knn,2,0.6735875520335716,0.6712682047142243
svd,RobustScaler,True,gaussianNB,2,0.6608226724202734,0.6608226724202734
svd,RobustScaler,True,lda,2,0.816594623115888,0.816594623115888
svd,RobustScaler,True,qda,2,0.6879403312064162,0.6874482042857178
svd,RobustScaler,True,dt,2,0.7881230038591,0.7881230038591
svd,RobustScaler,True,rf,2,0.8195939592940682,0.8195939592940682
svd,RobustScaler,True,adaboost,2,0.8185478026154144,0.8185478026154144
svd,RobustScaler,True,mlp,2,0.7852546817050634,0.7796092711359888
voiced,RobustScaler,True,svm,2,0.5046676441837732,0.5017497556207234
voiced,RobustScaler,True,knn,2,0.495791788856305,0.5078739002932551
voiced,RobustScaler,True,gaussianNB,2,0.5597018572825024,0.5597018572825024
voiced,RobustScaler,True,lda,2,0.5659872922776149,0.5659872922776149
voiced,RobustScaler,True,qda,2,0.4531573802541544,0.4995112414467253
voiced,RobustScaler,True,dt,2,0.5620087976539588,0.5620087976539588
voiced,RobustScaler,True,rf,2,0.5594965786901271,0.5594965786901271
voiced,RobustScaler,True,adaboost,2,0.6122678396871946,0.6122678396871946
voiced,RobustScaler,True,mlp,2,0.5393010752688172,0.5353176930596285
svd,RobustScaler,False,svm,2,0.809762952070567,0.8097918772123002
svd,RobustScaler,False,knn,2,0.6812062546122446,0.6658837878176801
svd,RobustScaler,False,gaussianNB,2,0.6576677887575695,0.6582252636319412
svd,RobustScaler,False,lda,2,0.8227698104952923,0.8227698104952923
svd,RobustScaler,False,qda,2,0.6875943369499973,0.6898657040865338
svd,RobustScaler,False,dt,2,0.7938197043829119,0.7938197043829119
svd,RobustScaler,False,rf,2,0.8261981809482896,0.8261981809482896
svd,RobustScaler,False,adaboost,2,0.8176999980012762,0.8176999980012762
svd,RobustScaler,False,mlp,2,0.7914203705195935,0.7870428551615114
voiced,RobustScaler,False,svm,2,0.5580836312204908,0.5647502978871575
voiced,RobustScaler,False,knn,2,0.5295120416690626,0.4951981316964714
voiced,RobustScaler,False,gaussianNB,2,0.5183106499849858,0.5183106499849858
voiced,RobustScaler,False,lda,2,0.4882760655255912,0.4882760655255912
voiced,RobustScaler,False,qda,2,0.4858605664488017,0.5069150326797385
voiced,RobustScaler,False,dt,2,0.6175383883106843,0.6182791290514251
voiced,RobustScaler,False,rf,2,0.5483149857205835,0.5483149857205835
voiced,RobustScaler,False,adaboost,2,0.599097577610386,0.599097577610386
voiced,RobustScaler,False,mlp,2,0.5937427221295819,0.5944556850925448
svd,RobustScaler,True,svm,3,0.7997514208801013,0.7992386003672808
svd,RobustScaler,True,knn,3,0.6873599101734325,0.683944842870688
svd,RobustScaler,True,gaussianNB,3,0.6636080422667119,0.6636080422667119
svd,RobustScaler,True,lda,3,0.8242754991282798,0.8242754991282798
svd,RobustScaler,True,qda,3,0.6864637725052121,0.6839075192346731
svd,RobustScaler,True,dt,3,0.7873596614218206,0.7873596614218206
svd,RobustScaler,True,rf,3,0.8249091057978737,0.8249091057978737
svd,RobustScaler,True,adaboost,3,0.8157778335804509,0.8157778335804509
svd,RobustScaler,True,mlp,3,0.7834578925255042,0.778653738119387
voiced,RobustScaler,True,svm,3,0.5548435972629522,0.5339149560117302
voiced,RobustScaler,True,knn,3,0.4502785923753666,0.4470527859237537
voiced,RobustScaler,True,gaussianNB,3,0.5349657869012707,0.5349657869012707
voiced,RobustScaler,True,lda,3,0.4582991202346041,0.4582991202346041
voiced,RobustScaler,True,qda,3,0.5272776148582599,0.5368670576735093
voiced,RobustScaler,True,dt,3,0.6046285434995113,0.6046285434995113
voiced,RobustScaler,True,rf,3,0.5298875855327468,0.5298875855327468
voiced,RobustScaler,True,adaboost,3,0.5351270772238514,0.5351270772238514
voiced,RobustScaler,True,mlp,3,0.4901466275659824,0.5339784946236559
svd,RobustScaler,False,svm,3,0.8105438623514702,0.8066709564849532
svd,RobustScaler,False,knn,3,0.6779415189769076,0.6749293931727192
svd,RobustScaler,False,gaussianNB,3,0.6629832788175414,0.6629832788175414
svd,RobustScaler,False,lda,3,0.8283680372398525,0.8283680372398525
svd,RobustScaler,False,qda,3,0.6874106335227692,0.6888309515410255
svd,RobustScaler,False,dt,3,0.7768439326800011,0.7768439326800011
svd,RobustScaler,False,rf,3,0.8183526421939165,0.8183526421939165
svd,RobustScaler,False,adaboost,3,0.8219933723169813,0.8219933723169813
svd,RobustScaler,False,mlp,3,0.797845631700059,0.794929339440419
voiced,RobustScaler,False,svm,3,0.5338056388056389,0.5361846965295242
voiced,RobustScaler,False,knn,3,0.468111868973938,0.47430605792674757
voiced,RobustScaler,False,gaussianNB,3,0.5550936994040443,0.5550936994040443
voiced,RobustScaler,False,lda,3,0.571557924833787,0.571557924833787
voiced,RobustScaler,False,qda,3,0.5146046673632881,0.5172972621248484
voiced,RobustScaler,False,dt,3,0.5396584450032725,0.5396584450032725
voiced,RobustScaler,False,rf,3,0.54597335614577,0.54597335614577
voiced,RobustScaler,False,adaboost,3,0.5371249822973961,0.5371249822973961
voiced,RobustScaler,False,mlp,3,0.5969056422504698,0.5747688901137178
svd,RobustScaler,True,svm,4,0.8085762274802624,0.809336419669026
svd,RobustScaler,True,knn,4,0.6840142391232904,0.6889929064029391
svd,RobustScaler,True,gaussianNB,4,0.659983184754177,0.6594703642413566
svd,RobustScaler,True,lda,4,0.8317962372051794,0.8317962372051794
svd,RobustScaler,True,qda,4,0.6854384437808647,0.6841706639416563
svd,RobustScaler,True,dt,4,0.7965153857411219,0.7965153857411219
svd,RobustScaler,True,rf,4,0.8319673601571094,0.8319673601571094
svd,RobustScaler,True,adaboost,4,0.8213508338262974,0.8213508338262974
svd,RobustScaler,True,mlp,4,0.7847086955211273,0.7837171425448416
voiced,RobustScaler,True,svm,4,0.5964027370478984,0.6153421309872923
voiced,RobustScaler,True,knn,4,0.5298044965786902,0.5098484848484849
voiced,RobustScaler,True,gaussianNB,4,0.5523411534701858,0.5523411534701858
voiced,RobustScaler,True,lda,4,0.476891495601173,0.476891495601173
voiced,RobustScaler,True,qda,4,0.5116666666666666,0.5149853372434018
voiced,RobustScaler,True,dt,4,0.5847800586510263,0.5764467253176931
voiced,RobustScaler,True,rf,4,0.5963831867057674,0.5963831867057674
voiced,RobustScaler,True,adaboost,4,0.5260361681329424,0.5260361681329424
voiced,RobustScaler,True,mlp,4,0.5873118279569892,0.5781769305962855
svd,RobustScaler,False,svm,4,0.8038688825735332,0.8028189581509111
svd,RobustScaler,False,knn,4,0.6792761375941109,0.6685112542955578
svd,RobustScaler,False,gaussianNB,4,0.6616810304789367,0.6616810304789367
svd,RobustScaler,False,lda,4,0.818585906279653,0.818585906279653
svd,RobustScaler,False,qda,4,0.6807180540234442,0.6809861391298272
svd,RobustScaler,False,dt,4,0.7828552376161011,0.7828552376161011
svd,RobustScaler,False,rf,4,0.8219347236069773,0.8219347236069773
svd,RobustScaler,False,adaboost,4,0.8212074216132539,0.8212074216132539
svd,RobustScaler,False,mlp,4,0.786171285632825,0.7876055438080888
voiced,RobustScaler,False,svm,4,0.5085723388587683,0.4939834794423226
voiced,RobustScaler,False,knn,4,0.538978494623656,0.5160105143280894
voiced,RobustScaler,False,gaussianNB,4,0.5517548719356283,0.5517548719356283
voiced,RobustScaler,False,lda,4,0.5035903019857414,0.5035903019857414
voiced,RobustScaler,False,qda,4,0.5149207624040771,0.5193864079931932
voiced,RobustScaler,False,dt,4,0.610179706278149,0.610179706278149
voiced,RobustScaler,False,rf,4,0.5634592335732492,0.5551259002399158
voiced,RobustScaler,False,adaboost,4,0.5755412598154533,0.5755412598154533
voiced,RobustScaler,False,mlp,4,0.5774626532162684,0.5536141361419448
svd,RobustScaler,True,svm,5,0.8022340273321735,0.8007150991502137
svd,RobustScaler,True,knn,5,0.6901196803923084,0.6833242584387623
svd,RobustScaler,True,gaussianNB,5,0.6661604444265296,0.6666706485081622
svd,RobustScaler,True,lda,5,0.8280027533353597,0.8280027533353597
svd,RobustScaler,True,qda,5,0.6941321455716222,0.6936044144877297
svd,RobustScaler,True,dt,5,0.7732609012216428,0.7732609012216428
svd,RobustScaler,True,rf,5,0.8093858631372262,0.8093858631372262
svd,RobustScaler,True,adaboost,5,0.8162172614735319,0.8162172614735319
svd,RobustScaler,True,mlp,5,0.7952053562577008,0.7915999739991016
voiced,RobustScaler,True,svm,5,0.5443010752688172,0.5723313782991202
voiced,RobustScaler,True,knn,5,0.5329374389051809,0.538631476050831
voiced,RobustScaler,True,gaussianNB,5,0.5610019550342131,0.5576686217008798
voiced,RobustScaler,True,lda,5,0.5195992179863149,0.5195992179863149
voiced,RobustScaler,True,qda,5,0.5329814271749755,0.48465786901270774
voiced,RobustScaler,True,dt,5,0.5115542521994134,0.5115542521994134
voiced,RobustScaler,True,rf,5,0.551427174975562,0.551427174975562
voiced,RobustScaler,True,adaboost,5,0.5631573802541545,0.5631573802541545
voiced,RobustScaler,True,mlp,5,0.5168768328445748,0.5177859237536657
svd,RobustScaler,False,svm,5,0.8111677284173513,0.8108531727785607
svd,RobustScaler,False,knn,5,0.6979154760710751,0.6890805161275895
svd,RobustScaler,False,gaussianNB,5,0.6549838228097464,0.6568442879260253
svd,RobustScaler,False,lda,5,0.83651403576735,0.83651403576735
svd,RobustScaler,False,qda,5,0.688929055450991,0.6883703962331139
svd,RobustScaler,False,dt,5,0.7757716438214893,0.7757716438214893
svd,RobustScaler,False,rf,5,0.8175085592084628,0.8175085592084628
svd,RobustScaler,False,adaboost,5,0.8079437509624231,0.8079437509624231
svd,RobustScaler,False,mlp,5,0.7886147422279114,0.7805329421037314
voiced,RobustScaler,False,svm,5,0.5292866872162494,0.5334075663371286
voiced,RobustScaler,False,knn,5,0.45897768505568026,0.48355047208021096
voiced,RobustScaler,False,gaussianNB,5,0.5734819658084069,0.5734819658084069
voiced,RobustScaler,False,lda,5,0.5244758962492718,0.5244758962492718
voiced,RobustScaler,False,qda,5,0.49258832864882074,0.5026192767841986
voiced,RobustScaler,False,dt,5,0.5851328786918986,0.5851328786918986
voiced,RobustScaler,False,rf,5,0.5449074295897564,0.5449074295897564
voiced,RobustScaler,False,adaboost,5,0.6034524639682332,0.6034524639682332
voiced,RobustScaler,False,mlp,5,0.5486472033059744,0.5547119634275297
svd,RobustScaler,True,svm,6,0.8030245309034839,0.801998889877843
svd,RobustScaler,True,knn,6,0.687722196015544,0.676038211152715
svd,RobustScaler,True,gaussianNB,6,0.6628296385548295,0.6638319695571604
svd,RobustScaler,True,lda,6,0.8247234281530901,0.8247234281530901
svd,RobustScaler,True,qda,6,0.6856720487800094,0.6866801628033907
svd,RobustScaler,True,dt,6,0.7833136165906067,0.7833136165906067
svd,RobustScaler,True,rf,6,0.821499107944037,0.821499107944037
svd,RobustScaler,True,adaboost,6,0.8210050327716629,0.8210050327716629
svd,RobustScaler,True,mlp,6,0.7952183784953688,0.7903383330591619
voiced,RobustScaler,True,svm,6,0.49767839687194526,0.5035434995112414
voiced,RobustScaler,True,knn,6,0.4790420332355817,0.5410752688172044
voiced,RobustScaler,True,gaussianNB,6,0.5624486803519062,0.5624486803519062
voiced,RobustScaler,True,lda,6,0.4670185728250244,0.4670185728250244
voiced,RobustScaler,True,qda,6,0.5077174975562072,0.5260606060606061
voiced,RobustScaler,True,dt,6,0.5913147605083088,0.5906011730205278
voiced,RobustScaler,True,rf,6,0.550733137829912,0.5416422287390029
voiced,RobustScaler,True,adaboost,6,0.5873998044965787,0.5873998044965787
voiced,RobustScaler,True,mlp,6,0.5129374389051808,0.5127859237536657
svd,RobustScaler,False,svm,6,0.8043059947933241,0.8052858795389607
svd,RobustScaler,False,knn,6,0.6766131762955099,0.6733287456168542
svd,RobustScaler,False,gaussianNB,6,0.6604742768405732,0.6604742768405732
svd,RobustScaler,False,lda,6,0.82387491541805,0.82387491541805
svd,RobustScaler,False,qda,6,0.6928054219916481,0.6908400435697478
svd,RobustScaler,False,dt,6,0.7904512905486912,0.7904512905486912
svd,RobustScaler,False,rf,6,0.8128027477938671,0.8128027477938671
svd,RobustScaler,False,adaboost,6,0.8153950656563671,0.8153950656563671
svd,RobustScaler,False,mlp,6,0.7780705146558523,0.7877527342678375
voiced,RobustScaler,False,svm,6,0.48181739716222466,0.4856844995587388
voiced,RobustScaler,False,knn,6,0.4635538268357742,0.5054626348034056
voiced,RobustScaler,False,gaussianNB,6,0.5214874742116121,0.5214874742116121
voiced,RobustScaler,False,lda,6,0.529065945623755,0.529065945623755
voiced,RobustScaler,False,qda,6,0.48487826642593373,0.47270565614987525
voiced,RobustScaler,False,dt,6,0.5475959410584157,0.5475959410584157
voiced,RobustScaler,False,rf,6,0.5185875409993057,0.5185875409993057
voiced,RobustScaler,False,adaboost,6,0.6200587517058105,0.6200587517058105
voiced,RobustScaler,False,mlp,6,0.5154352014899682,0.5027407382640648
svd,RobustScaler,True,svm,7,0.8042319403606208,0.8057470918757723
svd,RobustScaler,True,knn,7,0.6816929871291922,0.6780703738282801
svd,RobustScaler,True,gaussianNB,7,0.6630518863179713,0.6615367348028199
svd,RobustScaler,True,lda,7,0.8274853100371093,0.8274853100371093
svd,RobustScaler,True,qda,7,0.688190631614841,0.6874123622651431
svd,RobustScaler,True,dt,7,0.7898096814127348,0.7898096814127348
svd,RobustScaler,True,rf,7,0.8224259491871269,0.8224259491871269
svd,RobustScaler,True,adaboost,7,0.8079485073269153,0.8079485073269153
svd,RobustScaler,True,mlp,7,0.7877208614722246,0.795121793873157
voiced,RobustScaler,True,svm,7,0.546080156402737,0.526989247311828
voiced,RobustScaler,True,knn,7,0.47529814271749754,0.5125708699902248
voiced,RobustScaler,True,gaussianNB,7,0.5418035190615836,0.5418035190615836
voiced,RobustScaler,True,lda,7,0.574169110459433,0.574169110459433
voiced,RobustScaler,True,qda,7,0.5629227761485825,0.5164760508308894
voiced,RobustScaler,True,dt,7,0.6281769305962854,0.6281769305962854
voiced,RobustScaler,True,rf,7,0.5720332355816227,0.5720332355816227
voiced,RobustScaler,True,adaboost,7,0.6107575757575758,0.6107575757575758
voiced,RobustScaler,True,mlp,7,0.5677028347996089,0.5578543499511242
svd,RobustScaler,False,svm,7,0.8096046286539185,0.813653233984088
svd,RobustScaler,False,knn,7,0.6957563829975372,0.6856531528053758
svd,RobustScaler,False,gaussianNB,7,0.6634863834229131,0.6634863834229131
svd,RobustScaler,False,lda,7,0.8298304362367588,0.8298304362367588
svd,RobustScaler,False,qda,7,0.6900209794645439,0.6887386283947913
svd,RobustScaler,False,dt,7,0.7864146616098441,0.7864146616098441
svd,RobustScaler,False,rf,7,0.8123701939150166,0.8123701939150166
svd,RobustScaler,False,adaboost,7,0.8097615356091404,0.8097615356091404
svd,RobustScaler,False,mlp,7,0.7874443536027961,0.7931927049002327
voiced,RobustScaler,False,svm,7,0.5337121212121212,0.5474567099567099
voiced,RobustScaler,False,knn,7,0.5417694805194805,0.49585227272727267
voiced,RobustScaler,False,gaussianNB,7,0.5318335137085137,0.5318335137085137
voiced,RobustScaler,False,lda,7,0.464367784992785,0.464367784992785
voiced,RobustScaler,False,qda,7,0.49927940115440117,0.4984163059163059
voiced,RobustScaler,False,dt,7,0.6446545815295817,0.6375117243867245
voiced,RobustScaler,False,rf,7,0.5853228715728716,0.5853228715728716
voiced,RobustScaler,False,adaboost,7,0.5781673881673882,0.5781673881673882
voiced,RobustScaler,False,mlp,7,0.5258315295815296,0.5313726551226552
svd,RobustScaler,True,svm,8,0.8083645198857848,0.807606944128209
svd,RobustScaler,True,knn,8,0.6725370848707818,0.6715659131853243
svd,RobustScaler,True,gaussianNB,8,0.6603169731032328,0.6612959940822536
svd,RobustScaler,True,lda,8,0.8268097805502386,0.8268097805502386
svd,RobustScaler,True,qda,8,0.6879947569696752,0.6874845528880424
svd,RobustScaler,True,dt,8,0.7942686448411639,0.7942686448411639
svd,RobustScaler,True,rf,8,0.8167539421683369,0.8167539421683369
svd,RobustScaler,True,adaboost,8,0.8098983277718282,0.8098983277718282
svd,RobustScaler,True,mlp,8,0.7756216811178642,0.7718571722715671
voiced,RobustScaler,True,svm,8,0.5695210166177909,0.5339149560117302
voiced,RobustScaler,True,knn,8,0.49051808406647124,0.451080156402737
voiced,RobustScaler,True,gaussianNB,8,0.5403519061583577,0.5403519061583577
voiced,RobustScaler,True,lda,8,0.5164613880742912,0.5164613880742912
voiced,RobustScaler,True,qda,8,0.44488269794721413,0.49467253176930603
voiced,RobustScaler,True,dt,8,0.5082013685239491,0.5082013685239491
voiced,RobustScaler,True,rf,8,0.5421847507331379,0.5421847507331379
voiced,RobustScaler,True,adaboost,8,0.5429423264907136,0.5429423264907136
voiced,RobustScaler,True,mlp,8,0.5463391984359727,0.5406891495601174
svd,RobustScaler,False,svm,8,0.7923082114368434,0.7923082114368434
svd,RobustScaler,False,knn,8,0.6775852751407783,0.6862908223707849
svd,RobustScaler,False,gaussianNB,8,0.6591939731290829,0.6591939731290829
svd,RobustScaler,False,lda,8,0.8224895119001367,0.8224895119001367
svd,RobustScaler,False,qda,8,0.6919512437005227,0.6909660220256459
svd,RobustScaler,False,dt,8,0.7917157507224991,0.7917157507224991
svd,RobustScaler,False,rf,8,0.8187482292558539,0.8187482292558539
svd,RobustScaler,False,adaboost,8,0.816142802377423,0.816142802377423
svd,RobustScaler,False,mlp,8,0.7859022909767696,0.7847965054834483
voiced,RobustScaler,False,svm,8,0.5489079916499271,0.5662752122429542
voiced,RobustScaler,False,knn,8,0.4777465366175043,0.46522792619566805
voiced,RobustScaler,False,gaussianNB,8,0.5529341089018508,0.5529341089018508
voiced,RobustScaler,False,lda,8,0.5044056123088382,0.5044056123088382
voiced,RobustScaler,False,qda,8,0.5167434715821813,0.4446967190515577
voiced,RobustScaler,False,dt,8,0.6119423229100648,0.6119423229100648
voiced,RobustScaler,False,rf,8,0.5292229455132682,0.5292229455132682
voiced,RobustScaler,False,adaboost,8,0.5911954353889838,0.5911954353889838
voiced,RobustScaler,False,mlp,8,0.51639203090816,0.5433191360610715
svd,RobustScaler,True,svm,9,0.8210443845503823,0.8182349765828502
svd,RobustScaler,True,knn,9,0.7026987679713961,0.6826964184488722
svd,RobustScaler,True,gaussianNB,9,0.6615934646959729,0.6615934646959729
svd,RobustScaler,True,lda,9,0.8260063128438265,0.8260063128438265
svd,RobustScaler,True,qda,9,0.6872093664241975,0.6861889582609321
svd,RobustScaler,True,dt,9,0.7943523252465455,0.7943523252465455
svd,RobustScaler,True,rf,9,0.8185557862711624,0.8185557862711624
svd,RobustScaler,True,adaboost,9,0.8159588739141629,0.8159588739141629
svd,RobustScaler,True,mlp,9,0.7931670964440867,0.7918655408568168
voiced,RobustScaler,True,svm,9,0.5470283479960899,0.5527859237536656
voiced,RobustScaler,True,knn,9,0.4758211143695014,0.49858748778103623
voiced,RobustScaler,True,gaussianNB,9,0.5463049853372435,0.5463049853372435
voiced,RobustScaler,True,lda,9,0.5137145650048875,0.5137145650048875
voiced,RobustScaler,True,qda,9,0.5052639296187683,0.48829423264907135
voiced,RobustScaler,True,dt,9,0.5065982404692082,0.5065982404692082
voiced,RobustScaler,True,rf,9,0.5052981427174975,0.5052981427174975
voiced,RobustScaler,True,adaboost,9,0.5813831867057674,0.5813831867057674
voiced,RobustScaler,True,mlp,9,0.541813294232649,0.5659042033235581
svd,RobustScaler,False,svm,9,0.8110665749661493,0.8128804373021833
svd,RobustScaler,False,knn,9,0.6980050673654556,0.6868932058177675
svd,RobustScaler,False,gaussianNB,9,0.6658339823365163,0.6649087854861226
svd,RobustScaler,False,lda,9,0.8294962062698439,0.8294962062698439
svd,RobustScaler,False,qda,9,0.6889252807990581,0.6891524060424066
svd,RobustScaler,False,dt,9,0.7913658916240841,0.7913658916240841
svd,RobustScaler,False,rf,9,0.8280511658963379,0.8280511658963379
svd,RobustScaler,False,adaboost,9,0.8065960304309827,0.8065960304309827
svd,RobustScaler,False,mlp,9,0.7882167918616908,0.7979054383679423
voiced,RobustScaler,False,svm,9,0.5131102842796391,0.5658873056453702
voiced,RobustScaler,False,knn,9,0.4909940164375648,0.4935403127338612
voiced,RobustScaler,False,gaussianNB,9,0.58115626159981,0.58115626159981
voiced,RobustScaler,False,lda,9,0.5219726107226108,0.5219726107226108
voiced,RobustScaler,False,qda,9,0.4714647240453692,0.4570333758236984
voiced,RobustScaler,False,dt,9,0.6497095377740537,0.6497095377740537
voiced,RobustScaler,False,rf,9,0.5611219530171143,0.5611219530171143
voiced,RobustScaler,False,adaboost,9,0.6094851549287033,0.6094851549287033
voiced,RobustScaler,False,mlp,9,0.5815267722122561,0.58003978249946
svd,RobustScaler,True,svm,10,0.8153664165714328,0.8145914917507067
svd,RobustScaler,True,knn,10,0.6755922122225285,0.687250940626077
svd,RobustScaler,True,gaussianNB,10,0.6636360349937231,0.6628784592361474
svd,RobustScaler,True,lda,10,0.8211440467929018,0.8211440467929018
svd,RobustScaler,True,qda,10,0.6936288992723016,0.6908284409156819
svd,RobustScaler,True,dt,10,0.7871263959595475,0.7871263959595475
svd,RobustScaler,True,rf,10,0.8210176991311124,0.8210176991311124
svd,RobustScaler,True,adaboost,10,0.8162100222569144,0.8162100222569144
svd,RobustScaler,True,mlp,10,0.7875100163377154,0.7798956659480105
voiced,RobustScaler,True,svm,10,0.5974828934506353,0.5708162267839688
voiced,RobustScaler,True,knn,10,0.47040078201368535,0.5401417399804498
voiced,RobustScaler,True,gaussianNB,10,0.5356109481915934,0.5356109481915934
voiced,RobustScaler,True,lda,10,0.5264369501466275,0.5264369501466275
voiced,RobustScaler,True,qda,10,0.4893597262952102,0.554980449657869
voiced,RobustScaler,True,dt,10,0.6033284457478005,0.6033284457478005
voiced,RobustScaler,True,rf,10,0.5498240469208212,0.5498240469208212
voiced,RobustScaler,True,adaboost,10,0.6219452590420332,0.6219452590420332
voiced,RobustScaler,True,mlp,10,0.604149560117302,0.589149560117302
svd,RobustScaler,False,svm,10,0.8080030540731269,0.8071368948697326
svd,RobustScaler,False,knn,10,0.6807778708549653,0.6835349118091003
svd,RobustScaler,False,gaussianNB,10,0.6634758857181714,0.6629495699286976
svd,RobustScaler,False,lda,10,0.8243108873095618,0.8243108873095618
svd,RobustScaler,False,qda,10,0.6880104975941356,0.6880370791996645
svd,RobustScaler,False,dt,10,0.7873356642685854,0.7873356642685854
svd,RobustScaler,False,rf,10,0.8260889949938329,0.8260889949938329
svd,RobustScaler,False,adaboost,10,0.8119414785727395,0.8119414785727395
svd,RobustScaler,False,mlp,10,0.783588213454471,0.789131507573701
voiced,RobustScaler,False,svm,10,0.5995405669599218,0.6228739002932552
voiced,RobustScaler,False,knn,10,0.5016862170087977,0.5262952101661779
voiced,RobustScaler,False,gaussianNB,10,0.5469550342130988,0.5469550342130988
voiced,RobustScaler,False,lda,10,0.5616373411534702,0.5616373411534702
voiced,RobustScaler,False,qda,10,0.46314271749755626,0.4923900293255132
voiced,RobustScaler,False,dt,10,0.6226832844574781,0.6226832844574781
voiced,RobustScaler,False,rf,10,0.5762756598240469,0.5762756598240469
voiced,RobustScaler,False,adaboost,10,0.5912316715542522,0.5912316715542522
voiced,RobustScaler,False,mlp,10,0.5862512218963831,0.5729178885630499
svd,RobustScaler,True,svm,11,0.806074249269451,0.8063344652439527
svd,RobustScaler,True,knn,11,0.6762704180588586,0.6742445123034
svd,RobustScaler,True,gaussianNB,11,0.6590684742375036,0.6590684742375036
svd,RobustScaler,True,lda,11,0.8229102122886202,0.8229102122886202
svd,RobustScaler,True,qda,11,0.6912032133624282,0.6912032133624282
svd,RobustScaler,True,dt,11,0.788383964272732,0.788383964272732
svd,RobustScaler,True,rf,11,0.8156589648083651,0.8111135102629106
svd,RobustScaler,True,adaboost,11,0.8117096553028942,0.8117096553028942
svd,RobustScaler,True,mlp,11,0.7838514575210322,0.7804652599309089
voiced,RobustScaler,True,svm,11,0.5149511241446725,0.555058651026393
voiced,RobustScaler,True,knn,11,0.5017497556207233,0.503049853372434
voiced,RobustScaler,True,gaussianNB,11,0.5462463343108503,0.5462463343108503
voiced,RobustScaler,True,lda,11,0.5168572825024438,0.5168572825024438
voiced,RobustScaler,True,qda,11,0.4775366568914956,0.4633235581622678
voiced,RobustScaler,True,dt,11,0.6492619745845553,0.6722922776148583
voiced,RobustScaler,True,rf,11,0.5554105571847507,0.5554105571847507
voiced,RobustScaler,True,adaboost,11,0.5896089931573802,0.5896089931573802
voiced,RobustScaler,True,mlp,11,0.5680058651026394,0.5488709677419356
svd,RobustScaler,False,svm,11,0.8109137620294569,0.8020209775690482
svd,RobustScaler,False,knn,11,0.6832219605350642,0.6826370791906577
svd,RobustScaler,False,gaussianNB,11,0.6650381216018652,0.6645818537184842
svd,RobustScaler,False,lda,11,0.8107160951558559,0.8107160951558559
svd,RobustScaler,False,qda,11,0.6890555003665242,0.6878166208723693
svd,RobustScaler,False,dt,11,0.8012713534823345,0.8012713534823345
svd,RobustScaler,False,rf,11,0.8192447788846555,0.8192447788846555
svd,RobustScaler,False,adaboost,11,0.8148585068367021,0.8148585068367021
svd,RobustScaler,False,mlp,11,0.7858976637301566,0.7921732788547061
voiced,RobustScaler,False,svm,11,0.5612640797602847,0.5810099892025888
voiced,RobustScaler,False,knn,11,0.5072987163548571,0.5107395765699109
voiced,RobustScaler,False,gaussianNB,11,0.5373441332950264,0.5373441332950264
voiced,RobustScaler,False,lda,11,0.4804981219557874,0.4804981219557874
voiced,RobustScaler,False,qda,11,0.48899086615241816,0.49740498839955755
voiced,RobustScaler,False,dt,11,0.5385681625791552,0.5385681625791552
voiced,RobustScaler,False,rf,11,0.5065645544630365,0.5065645544630365
voiced,RobustScaler,False,adaboost,11,0.5890434054726078,0.5890434054726078
voiced,RobustScaler,False,mlp,11,0.5832196320416891,0.5655550218960544
svd,RobustScaler,True,svm,12,0.802076135424009,0.8015659313423763
svd,RobustScaler,True,knn,12,0.6715996889333858,0.6677534461176773
svd,RobustScaler,True,gaussianNB,12,0.6608794458903511,0.6613689563798615
svd,RobustScaler,True,lda,12,0.8211574267244931,0.8211574267244931
svd,RobustScaler,True,qda,12,0.6890246340355392,0.6874830059072152
svd,RobustScaler,True,dt,12,0.7939641129499362,0.7939641129499362
svd,RobustScaler,True,rf,12,0.8193510923827173,0.8193510923827173
svd,RobustScaler,True,adaboost,12,0.815074981361786,0.815074981361786
svd,RobustScaler,True,mlp,12,0.788047840926794,0.7826896567627211
voiced,RobustScaler,True,svm,12,0.5196041055718474,0.5682404692082113
voiced,RobustScaler,True,knn,12,0.4803421309872922,0.4666666666666667
voiced,RobustScaler,True,gaussianNB,12,0.5476686217008798,0.5476686217008798
voiced,RobustScaler,True,lda,12,0.4995796676441838,0.4995796676441838
voiced,RobustScaler,True,qda,12,0.5136608015640274,0.4595259042033236
voiced,RobustScaler,True,dt,12,0.576446725317693,0.576446725317693
voiced,RobustScaler,True,rf,12,0.5264711632453568,0.5264711632453568
voiced,RobustScaler,True,adaboost,12,0.5540664711632453,0.5540664711632453
voiced,RobustScaler,True,mlp,12,0.5417253176930596,0.5151026392961876
svd,RobustScaler,False,svm,12,0.8020821358432819,0.8063018418996764
svd,RobustScaler,False,knn,12,0.6837757373485174,0.6807903978421177
svd,RobustScaler,False,gaussianNB,12,0.6587446303396657,0.6587446303396657
svd,RobustScaler,False,lda,12,0.8236029285484786,0.8236029285484786
svd,RobustScaler,False,qda,12,0.6918599621943425,0.6926007029350832
svd,RobustScaler,False,dt,12,0.7993722751636978,0.7993722751636978
svd,RobustScaler,False,rf,12,0.8224999448233541,0.8224999448233541
svd,RobustScaler,False,adaboost,12,0.8240489341640117,0.8240489341640117
svd,RobustScaler,False,mlp,12,0.7920678525772502,0.7807505235026213
voiced,RobustScaler,False,svm,12,0.5240565589397626,0.5630455590633566
voiced,RobustScaler,False,knn,12,0.5274756829192312,0.4730884378722255
voiced,RobustScaler,False,gaussianNB,12,0.5292290726669203,0.5292290726669203
voiced,RobustScaler,False,lda,12,0.4788098440615126,0.4788098440615126
voiced,RobustScaler,False,qda,12,0.46703586627807986,0.5457702128238835
voiced,RobustScaler,False,dt,12,0.6332455150676786,0.6332455150676786
voiced,RobustScaler,False,rf,12,0.5299767959299383,0.5299767959299383
voiced,RobustScaler,False,adaboost,12,0.5593511066550556,0.5593511066550556
voiced,RobustScaler,False,mlp,12,0.5537321318682553,0.556980284577615
svd,RobustScaler,True,svm,13,0.799835905642885,0.7995911503981297
svd,RobustScaler,True,knn,13,0.6710627703812,0.6815074002696686
svd,RobustScaler,True,gaussianNB,13,0.6602993117387883,0.6615697080091846
svd,RobustScaler,True,lda,13,0.8209050001252838,0.8209050001252838
svd,RobustScaler,True,qda,13,0.6913062510009075,0.690793430488087
svd,RobustScaler,True,dt,13,0.7987223754072172,0.7987223754072172
svd,RobustScaler,True,rf,13,0.8236254930093535,0.8236254930093535
svd,RobustScaler,True,adaboost,13,0.8101542169208473,0.8101542169208473
svd,RobustScaler,True,mlp,13,0.7822630314069791,0.7789756789920368
voiced,RobustScaler,True,svm,13,0.572741935483871,0.5580449657869013
voiced,RobustScaler,True,knn,13,0.4844965786901271,0.4903616813294233
voiced,RobustScaler,True,gaussianNB,13,0.5541153470185728,0.5574486803519061
voiced,RobustScaler,True,lda,13,0.4791202346041056,0.4791202346041056
voiced,RobustScaler,True,qda,13,0.4974682306940371,0.4917106549364614
voiced,RobustScaler,True,dt,13,0.5697311827956989,0.5697311827956989
voiced,RobustScaler,True,rf,13,0.5409921798631476,0.5409921798631476
voiced,RobustScaler,True,adaboost,13,0.5494183773216033,0.5494183773216033
voiced,RobustScaler,True,mlp,13,0.5854496578690127,0.5770527859237536
svd,RobustScaler,False,svm,13,0.8026836736730212,0.8045350254459003
svd,RobustScaler,False,knn,13,0.6854901233200936,0.6904584621053657
svd,RobustScaler,False,gaussianNB,13,0.6614256110089429,0.6592760047097304
svd,RobustScaler,False,lda,13,0.8183201628406638,0.8183201628406638
svd,RobustScaler,False,qda,13,0.6903962491161846,0.6881488707276351
svd,RobustScaler,False,dt,13,0.7867131420574578,0.7867131420574578
svd,RobustScaler,False,rf,13,0.8207658998290979,0.8199184422019794
svd,RobustScaler,False,adaboost,13,0.8135832591296197,0.8135832591296197
svd,RobustScaler,False,mlp,13,0.776468435947808,0.7911068515720434
voiced,RobustScaler,False,svm,13,0.557053889596993,0.5641967467398501
voiced,RobustScaler,False,knn,13,0.45491631213613976,0.5041245751375062
voiced,RobustScaler,False,gaussianNB,13,0.5461883901539074,0.5461883901539074
voiced,RobustScaler,False,lda,13,0.47633446534308604,0.47633446534308604
voiced,RobustScaler,False,qda,13,0.5013322525175974,0.5133164967216691
voiced,RobustScaler,False,dt,13,0.5815460521279487,0.5738537444356411
voiced,RobustScaler,False,rf,13,0.5876329130639475,0.5876329130639475
voiced,RobustScaler,False,adaboost,13,0.5958095065853686,0.5958095065853686
voiced,RobustScaler,False,mlp,13,0.5347200093967336,0.5291186543341715
svd,RobustScaler,True,svm,14,0.8050990049572382,0.8050990049572384
svd,RobustScaler,True,knn,14,0.6814386885379252,0.6703803866072132
svd,RobustScaler,True,gaussianNB,14,0.66155583783719,0.6628495441308963
svd,RobustScaler,True,lda,14,0.8189172550459356,0.8189172550459356
svd,RobustScaler,True,qda,14,0.6899953300062351,0.6897272647381699
svd,RobustScaler,True,dt,14,0.7925958229338818,0.7925958229338818
svd,RobustScaler,True,rf,14,0.8167323261979751,0.8167323261979751
svd,RobustScaler,True,adaboost,14,0.8228339472232602,0.8228339472232602
svd,RobustScaler,True,mlp,14,0.798929460216265,0.7974161371162461
voiced,RobustScaler,True,svm,14,0.5647360703812316,0.5679618768328446
voiced,RobustScaler,True,knn,14,0.5325708699902248,0.4828299120234604
voiced,RobustScaler,True,gaussianNB,14,0.5464125122189638,0.5464125122189638
voiced,RobustScaler,True,lda,14,0.48713587487781035,0.48713587487781035
voiced,RobustScaler,True,qda,14,0.5291837732160313,0.5555669599217985
voiced,RobustScaler,True,dt,14,0.590752688172043,0.590752688172043
voiced,RobustScaler,True,rf,14,0.5187878787878788,0.5187878787878788
voiced,RobustScaler,True,adaboost,14,0.5430303030303031,0.5430303030303031
voiced,RobustScaler,True,mlp,14,0.5662316715542521,0.5764027370478984
svd,RobustScaler,False,svm,14,0.8054951756773251,0.8055598300013459
svd,RobustScaler,False,knn,14,0.6814249535992289,0.6768791304674893
svd,RobustScaler,False,gaussianNB,14,0.6650698684393151,0.6650698684393151
svd,RobustScaler,False,lda,14,0.8240262712272738,0.8240262712272738
svd,RobustScaler,False,qda,14,0.6901727281189547,0.6903710500106404
svd,RobustScaler,False,dt,14,0.7971631604515907,0.7971631604515907
svd,RobustScaler,False,rf,14,0.8206204113542259,0.8168516829639071
svd,RobustScaler,False,adaboost,14,0.8210753440314423,0.8210753440314423
svd,RobustScaler,False,mlp,14,0.7839860255932112,0.7839068116731012
voiced,RobustScaler,False,svm,14,0.549708664990923,0.5461372364194943
voiced,RobustScaler,False,knn,14,0.4661110673562009,0.47740955752009706
voiced,RobustScaler,False,gaussianNB,14,0.5466913915864138,0.5466913915864138
voiced,RobustScaler,False,lda,14,0.6123624079387427,0.6123624079387427
voiced,RobustScaler,False,qda,14,0.5239097360586515,0.5354491197685024
voiced,RobustScaler,False,dt,14,0.608126560746138,0.608126560746138
voiced,RobustScaler,False,rf,14,0.5660951019842844,0.5931784353176177
voiced,RobustScaler,False,adaboost,14,0.5668818540870821,0.5668818540870821
voiced,RobustScaler,False,mlp,14,0.5426395529294583,0.5295803898702953
svd,RobustScaler,True,svm,15,0.8091511886877208,0.8099087644452967
svd,RobustScaler,True,knn,15,0.6888562419042243,0.6895750469087437
svd,RobustScaler,True,gaussianNB,15,0.6661258370854881,0.6661258370854881
svd,RobustScaler,True,lda,15,0.8214692577506101,0.8214692577506101
svd,RobustScaler,True,qda,15,0.6910265761138172,0.6912739477897603
svd,RobustScaler,True,dt,15,0.7904003539172569,0.7904003539172569
svd,RobustScaler,True,rf,15,0.8151960652942115,0.8151960652942115
svd,RobustScaler,True,adaboost,15,0.8090974165783326,0.8090974165783326
svd,RobustScaler,True,mlp,15,0.785298151503168,0.7824827226572046
voiced,RobustScaler,True,svm,15,0.4994086021505376,0.5070918866080156
voiced,RobustScaler,True,knn,15,0.46787390029325515,0.4617937438905181
voiced,RobustScaler,True,gaussianNB,15,0.5405034213098728,0.5405034213098728
voiced,RobustScaler,True,lda,15,0.5340566959921799,0.5340566959921799
voiced,RobustScaler,True,qda,15,0.49091397849462365,0.5403519061583578
voiced,RobustScaler,True,dt,15,0.6243695014662756,0.6243695014662756
voiced,RobustScaler,True,rf,15,0.5609677419354838,0.5609677419354838
voiced,RobustScaler,True,adaboost,15,0.5342375366568914,0.5342375366568914
voiced,RobustScaler,True,mlp,15,0.49198435972629523,0.5112267839687193
svd,RobustScaler,False,svm,15,0.8033753283614266,0.8029122651515328
svd,RobustScaler,False,knn,15,0.6871787480358045,0.6833781759123116
svd,RobustScaler,False,gaussianNB,15,0.6631366561576231,0.6631366561576231
svd,RobustScaler,False,lda,15,0.8137359058967573,0.8137359058967573
svd,RobustScaler,False,qda,15,0.685358634872282,0.6863920459056931
svd,RobustScaler,False,dt,15,0.79524394415704,0.79524394415704
svd,RobustScaler,False,rf,15,0.8244819800545968,0.8244819800545968
svd,RobustScaler,False,adaboost,15,0.8124379376082734,0.8124379376082734
svd,RobustScaler,False,mlp,15,0.7826148914470749,0.7742494273559132
voiced,RobustScaler,False,svm,15,0.5930324913417238,0.5817717724947981
voiced,RobustScaler,False,knn,15,0.4789660201784785,0.516388432767743
voiced,RobustScaler,False,gaussianNB,15,0.5567921708744845,0.5567921708744845
voiced,RobustScaler,False,lda,15,0.5294789116869205,0.5294789116869205
voiced,RobustScaler,False,qda,15,0.4636447771319851,0.4918217077282705
voiced,RobustScaler,False,dt,15,0.5535363326575785,0.5535363326575785
voiced,RobustScaler,False,rf,15,0.5845285018199368,0.541126742289145
voiced,RobustScaler,False,adaboost,15,0.5784403144747972,0.5784403144747972
voiced,RobustScaler,False,mlp,15,0.5401868759099016,0.5368782908271228
svd,RobustScaler,True,svm,16,0.809408475929741,0.8086509001721651
svd,RobustScaler,True,knn,16,0.6771153328677866,0.6834661539841476
svd,RobustScaler,True,gaussianNB,16,0.6629002531456184,0.6613696409007204
svd,RobustScaler,True,lda,16,0.8216788246286612,0.8216788246286612
svd,RobustScaler,True,qda,16,0.6895145911885279,0.6889991542445195
svd,RobustScaler,True,dt,16,0.7849156314423491,0.7849156314423491
svd,RobustScaler,True,rf,16,0.8238925923222542,0.8238925923222542
svd,RobustScaler,True,adaboost,16,0.8192695962706867,0.8192695962706867
svd,RobustScaler,True,mlp,16,0.7932188313322446,0.7987304625581616
voiced,RobustScaler,True,svm,16,0.5816177908113391,0.5584359726295209
voiced,RobustScaler,True,knn,16,0.49542521994134897,0.4844525904203324
voiced,RobustScaler,True,gaussianNB,16,0.5736412512218964,0.5736412512218964
voiced,RobustScaler,True,lda,16,0.5285826001955034,0.5285826001955034
voiced,RobustScaler,True,qda,16,0.49860215053763435,0.5166666666666667
voiced,RobustScaler,True,dt,16,0.629325513196481,0.5950146627565982
voiced,RobustScaler,True,rf,16,0.5729423264907136,0.5696089931573802
voiced,RobustScaler,True,adaboost,16,0.6021603128054741,0.6021603128054741
voiced,RobustScaler,True,mlp,16,0.566989247311828,0.5769452590420332
svd,RobustScaler,False,svm,16,0.8162159500115438,0.8161990417989834
svd,RobustScaler,False,knn,16,0.6880098632696602,0.6896270249004707
svd,RobustScaler,False,gaussianNB,16,0.6598240507391081,0.6598240507391081
svd,RobustScaler,False,lda,16,0.8148568885837619,0.8148568885837619
svd,RobustScaler,False,qda,16,0.6908772456415325,0.6896129038540929
svd,RobustScaler,False,dt,16,0.7808198236412223,0.7808198236412223
svd,RobustScaler,False,rf,16,0.8140778127505941,0.8140778127505941
svd,RobustScaler,False,adaboost,16,0.81707412706282,0.81707412706282
svd,RobustScaler,False,mlp,16,0.7870981328401065,0.7903973875196754
voiced,RobustScaler,False,svm,16,0.5734004908967427,0.5807936532899051
voiced,RobustScaler,False,knn,16,0.45005703441985306,0.44313513406466926
voiced,RobustScaler,False,gaussianNB,16,0.537082350433175,0.537082350433175
voiced,RobustScaler,False,lda,16,0.41678290807975965,0.41678290807975965
voiced,RobustScaler,False,qda,16,0.49592197490998097,0.4712717999974371
voiced,RobustScaler,False,dt,16,0.6503749232609802,0.6503749232609802
voiced,RobustScaler,False,rf,16,0.5639373844546258,0.5699979905152319
voiced,RobustScaler,False,adaboost,16,0.6216945606450854,0.6216945606450854
voiced,RobustScaler,False,mlp,16,0.5632676435674936,0.5435646745391873
svd,RobustScaler,True,svm,17,0.8032070274327635,0.8042151414561447
svd,RobustScaler,True,knn,17,0.6770268934990854,0.6793354192154628
svd,RobustScaler,True,gaussianNB,17,0.6622742107038727,0.6627870312166932
svd,RobustScaler,True,lda,17,0.8160746814072878,0.8160746814072878
svd,RobustScaler,True,qda,17,0.6861541257724464,0.688191047411331
svd,RobustScaler,True,dt,17,0.7811531416602299,0.7811531416602299
svd,RobustScaler,True,rf,17,0.8296536614966277,0.8296536614966277
svd,RobustScaler,True,adaboost,17,0.8166603298555316,0.8166603298555316
svd,RobustScaler,True,mlp,17,0.7765815246186021,0.776843018849562
voiced,RobustScaler,True,svm,17,0.5447996089931574,0.5331329423264907
voiced,RobustScaler,True,knn,17,0.4725513196480938,0.4609481915933529
voiced,RobustScaler,True,gaussianNB,17,0.5485777126099707,0.5485777126099707
voiced,RobustScaler,True,lda,17,0.5060459433040079,0.5060459433040079
voiced,RobustScaler,True,qda,17,0.48863636363636365,0.5133333333333333
voiced,RobustScaler,True,dt,17,0.5724389051808407,0.5724389051808407
voiced,RobustScaler,True,rf,17,0.5560606060606061,0.5560606060606061
voiced,RobustScaler,True,adaboost,17,0.593958944281525,0.593958944281525
voiced,RobustScaler,True,mlp,17,0.5158602150537634,0.5167693059628543
svd,RobustScaler,False,svm,17,0.8018757764122068,0.8012197324866237
svd,RobustScaler,False,knn,17,0.6781392901477845,0.6782076460878921
svd,RobustScaler,False,gaussianNB,17,0.6620415208793742,0.6614705490853808
svd,RobustScaler,False,lda,17,0.8264398494867635,0.8264398494867635
svd,RobustScaler,False,qda,17,0.6919204387768663,0.6914179262140522
svd,RobustScaler,False,dt,17,0.7796149563390795,0.7796149563390795
svd,RobustScaler,False,rf,17,0.8120796838596609,0.8120796838596609
svd,RobustScaler,False,adaboost,17,0.815361701120392,0.815361701120392
svd,RobustScaler,False,mlp,17,0.7877592964405747,0.791059753386348
voiced,RobustScaler,False,svm,17,0.5761860181738478,0.558644001367125
voiced,RobustScaler,False,knn,17,0.5252710102608683,0.5125217328310635
voiced,RobustScaler,False,gaussianNB,17,0.5427867897822259,0.5427867897822259
voiced,RobustScaler,False,lda,17,0.4934205711462304,0.4934205711462304
voiced,RobustScaler,False,qda,17,0.5290472289711641,0.5138807777753011
voiced,RobustScaler,False,dt,17,0.6319380205663168,0.6319380205663168
voiced,RobustScaler,False,rf,17,0.49760260868273043,0.49760260868273043
voiced,RobustScaler,False,adaboost,17,0.5716518437613772,0.5716518437613772
voiced,RobustScaler,False,mlp,17,0.5574981053429329,0.5843611847922194
svd,RobustScaler,True,svm,18,0.8015569218131923,0.8076484493332912
svd,RobustScaler,True,knn,18,0.6876131102630557,0.6852832972189569
svd,RobustScaler,True,gaussianNB,18,0.6595524540889863,0.6595524540889863
svd,RobustScaler,True,lda,18,0.8267411287367669,0.8267411287367669
svd,RobustScaler,True,qda,18,0.6886799478238954,0.6891746911757817
svd,RobustScaler,True,dt,18,0.7790861483118844,0.7790861483118844
svd,RobustScaler,True,rf,18,0.8263958923664486,0.8258830718536281
svd,RobustScaler,True,adaboost,18,0.8066627084293387,0.8066627084293387
svd,RobustScaler,True,mlp,18,0.797196580228205,0.8025307099298375
voiced,RobustScaler,True,svm,18,0.5564907135874878,0.5467057673509286
voiced,RobustScaler,True,knn,18,0.4740469208211143,0.5316177908113392
voiced,RobustScaler,True,gaussianNB,18,0.5565200391006843,0.5597458455522972
voiced,RobustScaler,True,lda,18,0.5657282502443792,0.5657282502443792
voiced,RobustScaler,True,qda,18,0.5517155425219941,0.518900293255132
voiced,RobustScaler,True,dt,18,0.5597360703812316,0.5597360703812316
voiced,RobustScaler,True,rf,18,0.5372727272727273,0.5372727272727273
voiced,RobustScaler,True,adaboost,18,0.6009726295210167,0.6009726295210167
voiced,RobustScaler,True,mlp,18,0.5346089931573802,0.538049853372434
svd,RobustScaler,False,svm,18,0.8009478205084577,0.7993965939572311
svd,RobustScaler,False,knn,18,0.6837039486570141,0.6775530817681168
svd,RobustScaler,False,gaussianNB,18,0.6611334506055837,0.6611334506055837
svd,RobustScaler,False,lda,18,0.8256017916959474,0.8256017916959474
svd,RobustScaler,False,qda,18,0.6872614581574477,0.6878370171694828
svd,RobustScaler,False,dt,18,0.7932877217979676,0.7932877217979676
svd,RobustScaler,False,rf,18,0.8157459765898321,0.8157459765898321
svd,RobustScaler,False,adaboost,18,0.8166119626429916,0.8166119626429916
svd,RobustScaler,False,mlp,18,0.7830022031913515,0.7880685923821549
voiced,RobustScaler,False,svm,18,0.5197771019829844,0.5009320581379405
voiced,RobustScaler,False,knn,18,0.45058703551350615,0.46239189731836794
voiced,RobustScaler,False,gaussianNB,18,0.5380840646281823,0.5380840646281823
voiced,RobustScaler,False,lda,18,0.4987248780631134,0.4987248780631134
voiced,RobustScaler,False,qda,18,0.4682378405907818,0.5015311975606094
voiced,RobustScaler,False,dt,18,0.5954855112208054,0.5954855112208054
voiced,RobustScaler,False,rf,18,0.5076660512689923,0.5076660512689923
voiced,RobustScaler,False,adaboost,18,0.5623592665504431,0.5623592665504431
voiced,RobustScaler,False,mlp,18,0.5445920990773931,0.5294957575104633
svd,RobustScaler,True,svm,19,0.793603297829034,0.8032256547523723
svd,RobustScaler,True,knn,19,0.686264206531382,0.6779180288994902
svd,RobustScaler,True,gaussianNB,19,0.6646789651642433,0.6646789651642433
svd,RobustScaler,True,lda,19,0.8203481160787595,0.8203481160787595
svd,RobustScaler,True,qda,19,0.6907338626477121,0.6899762868901363
svd,RobustScaler,True,dt,19,0.7959632443165704,0.7959632443165704
svd,RobustScaler,True,rf,19,0.8203176249413981,0.8203176249413981
svd,RobustScaler,True,adaboost,19,0.8279693479911583,0.8279693479911583
svd,RobustScaler,True,mlp,19,0.7825110712624344,0.7928585663700168
voiced,RobustScaler,True,svm,19,0.5431769305962855,0.5464027370478983
voiced,RobustScaler,True,knn,19,0.5075073313782992,0.48261485826001954
voiced,RobustScaler,True,gaussianNB,19,0.5626050830889542,0.5626050830889542
voiced,RobustScaler,True,lda,19,0.45964320625610944,0.45964320625610944
voiced,RobustScaler,True,qda,19,0.4981182795698925,0.4819745845552297
voiced,RobustScaler,True,dt,19,0.6215786901270772,0.6215786901270772
voiced,RobustScaler,True,rf,19,0.541642228739003,0.541642228739003
voiced,RobustScaler,True,adaboost,19,0.5561241446725318,0.5561241446725318
voiced,RobustScaler,True,mlp,19,0.5132649071358749,0.5281133919843597
svd,RobustScaler,False,svm,19,0.8042926451282106,0.8050096184753384
svd,RobustScaler,False,knn,19,0.675241869577309,0.6789581518266281
svd,RobustScaler,False,gaussianNB,19,0.6643374847137666,0.6643374847137666
svd,RobustScaler,False,lda,19,0.8250765933654505,0.8250765933654505
svd,RobustScaler,False,qda,19,0.690789340517453,0.6890979311166532
svd,RobustScaler,False,dt,19,0.7853515624893463,0.7853515624893463
svd,RobustScaler,False,rf,19,0.8232739331621767,0.8232739331621767
svd,RobustScaler,False,adaboost,19,0.8172468573451557,0.8172468573451557
svd,RobustScaler,False,mlp,19,0.7846062662661579,0.7798054277828015
voiced,RobustScaler,False,svm,19,0.5516842350734175,0.5634658442688198
voiced,RobustScaler,False,knn,19,0.47565247052107457,0.49529190521195526
voiced,RobustScaler,False,gaussianNB,19,0.5419105630187387,0.5419105630187387
voiced,RobustScaler,False,lda,19,0.4965150218709729,0.4965150218709729
voiced,RobustScaler,False,qda,19,0.4948826439288062,0.4706066110536355
voiced,RobustScaler,False,dt,19,0.5756931377391611,0.5756931377391611
voiced,RobustScaler,False,rf,19,0.564868336613331,0.564868336613331
voiced,RobustScaler,False,adaboost,19,0.5705190720631488,0.5705190720631488
voiced,RobustScaler,False,mlp,19,0.5607071873868315,0.5636771750835988
svd,RobustScaler,True,svm,20,0.8097858048894035,0.8090282291318278
svd,RobustScaler,True,knn,20,0.682184952452128,0.6886663881374896
svd,RobustScaler,True,gaussianNB,20,0.6628188006105127,0.6628188006105127
svd,RobustScaler,True,lda,20,0.8239152777429768,0.8239152777429768
svd,RobustScaler,True,qda,20,0.6932746987654295,0.6932746987654295
svd,RobustScaler,True,dt,20,0.7682966397470213,0.7682966397470213
svd,RobustScaler,True,rf,20,0.8239752613798415,0.8239752613798415
svd,RobustScaler,True,adaboost,20,0.8245980609721068,0.8245980609721068
svd,RobustScaler,True,mlp,20,0.7809836855256702,0.7830151800217231
voiced,RobustScaler,True,svm,20,0.5460166177908112,0.5426832844574779
voiced,RobustScaler,True,knn,20,0.5171407624633432,0.49138318670576736
voiced,RobustScaler,True,gaussianNB,20,0.5552003910068426,0.5552003910068426
voiced,RobustScaler,True,lda,20,0.5987976539589442,0.5987976539589442
voiced,RobustScaler,True,qda,20,0.5011045943304008,0.49220918866080154
voiced,RobustScaler,True,dt,20,0.6131378299120235,0.5676832844574781
voiced,RobustScaler,True,rf,20,0.5479863147605084,0.5479863147605084
voiced,RobustScaler,True,adaboost,20,0.603763440860215,0.6004301075268816
voiced,RobustScaler,True,mlp,20,0.6025513196480938,0.5667937438905181
svd,RobustScaler,False,svm,20,0.8110882173775457,0.8105857048147316
svd,RobustScaler,False,knn,20,0.6777921076228743,0.6914206950131341
svd,RobustScaler,False,gaussianNB,20,0.6619299975048106,0.6619299975048106
svd,RobustScaler,False,lda,20,0.8252067768245006,0.8252067768245006
svd,RobustScaler,False,qda,20,0.6861321307073766,0.6856296181445625
svd,RobustScaler,False,dt,20,0.7907933815165902,0.7907933815165902
svd,RobustScaler,False,rf,20,0.8147714894317335,0.8147714894317335
svd,RobustScaler,False,adaboost,20,0.810806502313843,0.810806502313843
svd,RobustScaler,False,mlp,20,0.7856401607733394,0.779312936251946
voiced,RobustScaler,False,svm,20,0.5927853728339971,0.5864576078570386
voiced,RobustScaler,False,knn,20,0.5326823508559752,0.545469196363409
voiced,RobustScaler,False,gaussianNB,20,0.5546633181808703,0.5546633181808703
voiced,RobustScaler,False,lda,20,0.5878677513188899,0.5878677513188899
voiced,RobustScaler,False,qda,20,0.49044608972621306,0.525944361615614
voiced,RobustScaler,False,dt,20,0.5876734887503389,0.5876734887503389
voiced,RobustScaler,False,rf,20,0.5933455621702776,0.5933455621702776
voiced,RobustScaler,False,adaboost,20,0.5732294034239006,0.5732294034239006
voiced,RobustScaler,False,mlp,20,0.598081523552349,0.5942353697061952
svd,RobustScaler,True,svm,21,0.8022979964419441,0.803058738789382
svd,RobustScaler,True,knn,21,0.6739861410853777,0.6725194979502505
svd,RobustScaler,True,gaussianNB,21,0.6615364824197976,0.6620493029326181
svd,RobustScaler,True,lda,21,0.823722197468108,0.823722197468108
svd,RobustScaler,True,qda,21,0.6871950495887246,0.6881973805910556
svd,RobustScaler,True,dt,21,0.7808305180824264,0.7808305180824264
svd,RobustScaler,True,rf,21,0.8280852589794792,0.8280852589794792
svd,RobustScaler,True,adaboost,21,0.8047288534802167,0.8047288534802167
svd,RobustScaler,True,mlp,21,0.773903949558257,0.7812742728009905
voiced,RobustScaler,True,svm,21,0.5515982404692081,0.5842570869990225
voiced,RobustScaler,True,knn,21,0.4892619745845552,0.5160117302052786
voiced,RobustScaler,True,gaussianNB,21,0.5564809384164223,0.5564809384164223
voiced,RobustScaler,True,lda,21,0.5062023460410556,0.5062023460410556
voiced,RobustScaler,True,qda,21,0.5151808406647117,0.4808015640273705
voiced,RobustScaler,True,dt,21,0.579692082111437,0.579692082111437
voiced,RobustScaler,True,rf,21,0.5600830889540567,0.5567497556207234
voiced,RobustScaler,True,adaboost,21,0.5973118279569893,0.5973118279569893
voiced,RobustScaler,True,mlp,21,0.5715738025415444,0.5481769305962854
svd,RobustScaler,False,svm,21,0.801872395245519,0.8005712495826712
svd,RobustScaler,False,knn,21,0.6831541481391792,0.6848861947382815
svd,RobustScaler,False,gaussianNB,21,0.6597273970704662,0.6597273970704662
svd,RobustScaler,False,lda,21,0.814309574588434,0.814309574588434
svd,RobustScaler,False,qda,21,0.6925401235201661,0.6916656876723261
svd,RobustScaler,False,dt,21,0.7790763449064086,0.7790763449064086
svd,RobustScaler,False,rf,21,0.8233190793838705,0.8233190793838705
svd,RobustScaler,False,adaboost,21,0.8181418818856947,0.8181418818856947
svd,RobustScaler,False,mlp,21,0.7865869612623102,0.780097989167258
voiced,RobustScaler,False,svm,21,0.5441265309291874,0.5772992949843044
voiced,RobustScaler,False,knn,21,0.4955666724167672,0.4967192674498177
voiced,RobustScaler,False,gaussianNB,21,0.542272495934735,0.542272495934735
voiced,RobustScaler,False,lda,21,0.4790967294003347,0.4790967294003347
voiced,RobustScaler,False,qda,21,0.49824850460524084,0.4969571962930597
voiced,RobustScaler,False,dt,21,0.5809196095913363,0.5809196095913363
voiced,RobustScaler,False,rf,21,0.536640373471493,0.536640373471493
voiced,RobustScaler,False,adaboost,21,0.5115311763224476,0.5115311763224476
voiced,RobustScaler,False,mlp,21,0.5736746393672391,0.5868732925658922
svd,RobustScaler,True,svm,22,0.8042882381159373,0.8040408664399941
svd,RobustScaler,True,knn,22,0.6855356638998951,0.6827229114033913
svd,RobustScaler,True,gaussianNB,22,0.6611019315108737,0.6611019315108737
svd,RobustScaler,True,lda,22,0.8165315763843571,0.8165315763843571
svd,RobustScaler,True,qda,22,0.6892211932015639,0.6897313972831967
svd,RobustScaler,True,dt,22,0.7847052620226012,0.7847052620226012
svd,RobustScaler,True,rf,22,0.8259153914061221,0.8259153914061221
svd,RobustScaler,True,adaboost,22,0.8210826941143189,0.8210826941143189
svd,RobustScaler,True,mlp,22,0.7933160550826853,0.7935880150383967
voiced,RobustScaler,True,svm,22,0.5070283479960899,0.5046041055718474
voiced,RobustScaler,True,knn,22,0.45748778103616805,0.47770283479960896
voiced,RobustScaler,True,gaussianNB,22,0.536217008797654,0.536217008797654
voiced,RobustScaler,True,lda,22,0.505464320625611,0.505464320625611
voiced,RobustScaler,True,qda,22,0.4981036168132942,0.5156940371456501
voiced,RobustScaler,True,dt,22,0.5968377321603129,0.5968377321603129
voiced,RobustScaler,True,rf,22,0.5340029325513196,0.5555180840664712
voiced,RobustScaler,True,adaboost,22,0.5595161290322581,0.5595161290322581
voiced,RobustScaler,True,mlp,22,0.5175708699902248,0.548069403714565
svd,RobustScaler,False,svm,22,0.8097243811913909,0.8102609108717562
svd,RobustScaler,False,knn,22,0.6902003657359101,0.6764937822291266
svd,RobustScaler,False,gaussianNB,22,0.6640154469337651,0.6640154469337651
svd,RobustScaler,False,lda,22,0.8266340080480656,0.8266340080480656
svd,RobustScaler,False,qda,22,0.6915894021326856,0.6895836372925028
svd,RobustScaler,False,dt,22,0.7876964298270315,0.7876964298270315
svd,RobustScaler,False,rf,22,0.8285488177503806,0.8285488177503806
svd,RobustScaler,False,adaboost,22,0.8238072571458254,0.8238072571458254
svd,RobustScaler,False,mlp,22,0.789547615895919,0.7855864267426365
voiced,RobustScaler,False,svm,22,0.5497275898543647,0.5647048539695598
voiced,RobustScaler,False,knn,22,0.5055512540198139,0.48003338108814786
voiced,RobustScaler,False,gaussianNB,22,0.5466707903320479,0.5466707903320479
voiced,RobustScaler,False,lda,22,0.5416450587951602,0.5416450587951602
voiced,RobustScaler,False,qda,22,0.5160003248948482,0.5090294526298583
voiced,RobustScaler,False,dt,22,0.6125922184644295,0.6125922184644295
voiced,RobustScaler,False,rf,22,0.49565831058731663,0.49565831058731663
voiced,RobustScaler,False,adaboost,22,0.508935418874567,0.508935418874567
voiced,RobustScaler,False,mlp,22,0.566699965011324,0.5488927147902807
svd,RobustScaler,True,svm,23,0.8165617987973495,0.815046647282198
svd,RobustScaler,True,knn,23,0.6900516531814243,0.6824295134164272
svd,RobustScaler,True,gaussianNB,23,0.6635311689401111,0.6640594501826781
svd,RobustScaler,True,lda,23,0.8265295990813983,0.8265295990813983
svd,RobustScaler,True,qda,23,0.687912338479405,0.687912338479405
svd,RobustScaler,True,dt,23,0.8049502405990955,0.8049502405990955
svd,RobustScaler,True,rf,23,0.8233637609210127,0.8233637609210127
svd,RobustScaler,True,adaboost,23,0.8186374603223022,0.8186374603223022
svd,RobustScaler,True,mlp,23,0.7828217438686359,0.7751589450171783
voiced,RobustScaler,True,svm,23,0.6072873900293254,0.5675904203323558
voiced,RobustScaler,True,knn,23,0.46142228739002933,0.4729374389051809
voiced,RobustScaler,True,gaussianNB,23,0.5461094819159336,0.5461094819159336
voiced,RobustScaler,True,lda,23,0.5202932551319648,0.5202932551319648
voiced,RobustScaler,True,qda,23,0.5172727272727273,0.48151515151515156
voiced,RobustScaler,True,dt,23,0.5866813294232649,0.5866813294232649
voiced,RobustScaler,True,rf,23,0.5513391984359727,0.5613391984359727
voiced,RobustScaler,True,adaboost,23,0.5763391984359727,0.5763391984359727
voiced,RobustScaler,True,mlp,23,0.5522678396871945,0.547375366568915
svd,RobustScaler,False,svm,23,0.8087159817224243,0.8071076417573103
svd,RobustScaler,False,knn,23,0.6871541610558555,0.6744880154248162
svd,RobustScaler,False,gaussianNB,23,0.6615883083620839,0.6615883083620839
svd,RobustScaler,False,lda,23,0.8297796650062873,0.8297796650062873
svd,RobustScaler,False,qda,23,0.6876495975069354,0.6881809513420967
svd,RobustScaler,False,dt,23,0.7775947686099306,0.7775947686099306
svd,RobustScaler,False,rf,23,0.8242526063781208,0.8242526063781208
svd,RobustScaler,False,adaboost,23,0.809693438087615,0.809693438087615
svd,RobustScaler,False,mlp,23,0.77606306165155,0.7823897075604614
voiced,RobustScaler,False,svm,23,0.5483410439208548,0.5483410439208548
voiced,RobustScaler,False,knn,23,0.45273706896551724,0.475933908045977
voiced,RobustScaler,False,gaussianNB,23,0.5429988497320254,0.5429988497320254
voiced,RobustScaler,False,lda,23,0.5149166582397952,0.5149166582397952
voiced,RobustScaler,False,qda,23,0.5116066252064584,0.5041378678329457
voiced,RobustScaler,False,dt,23,0.6074015741396164,0.6074015741396164
voiced,RobustScaler,False,rf,23,0.5920103776923854,0.5920103776923854
voiced,RobustScaler,False,adaboost,23,0.5335845383759733,0.5335845383759733
voiced,RobustScaler,False,mlp,23,0.5725809401017965,0.5646215913304344
svd,RobustScaler,True,svm,24,0.8106538517825322,0.8111608892743026
svd,RobustScaler,True,knn,24,0.68393315880775,0.6887834430200843
svd,RobustScaler,True,gaussianNB,24,0.6628551492128374,0.6633679697256578
svd,RobustScaler,True,lda,24,0.8242266185286905,0.8242266185286905
svd,RobustScaler,True,qda,24,0.6892385422647147,0.6887257217518942
svd,RobustScaler,True,dt,24,0.7934698144458231,0.7934698144458231
svd,RobustScaler,True,rf,24,0.8180346098830287,0.8180346098830287
svd,RobustScaler,True,adaboost,24,0.8100514770580203,0.8100514770580203
svd,RobustScaler,True,mlp,24,0.7835662211289256,0.7969782852552754
voiced,RobustScaler,True,svm,24,0.5489736070381233,0.5646236559139786
voiced,RobustScaler,True,knn,24,0.44023460410557186,0.44356793743890516
voiced,RobustScaler,True,gaussianNB,24,0.5420821114369502,0.5420821114369502
voiced,RobustScaler,True,lda,24,0.4917448680351907,0.4917448680351907
voiced,RobustScaler,True,qda,24,0.5476197458455523,0.4902492668621701
voiced,RobustScaler,True,dt,24,0.6071603128054741,0.6071603128054741
voiced,RobustScaler,True,rf,24,0.540039100684262,0.540039100684262
voiced,RobustScaler,True,adaboost,24,0.5238954056695992,0.5238954056695992
voiced,RobustScaler,True,mlp,24,0.5318768328445749,0.545425219941349
svd,RobustScaler,False,svm,24,0.797021504085202,0.79625888843604
svd,RobustScaler,False,knn,24,0.6787991072551112,0.6845634244853072
svd,RobustScaler,False,gaussianNB,24,0.6636466493089895,0.6636466493089895
svd,RobustScaler,False,lda,24,0.8157482085196136,0.8157482085196136
svd,RobustScaler,False,qda,24,0.6898512840866786,0.6859832810858256
svd,RobustScaler,False,dt,24,0.7881051791695439,0.7881051791695439
svd,RobustScaler,False,rf,24,0.8150974359355757,0.8150974359355757
svd,RobustScaler,False,adaboost,24,0.8088675986419955,0.8088675986419955
svd,RobustScaler,False,mlp,24,0.7907841376811665,0.7998861706962378
voiced,RobustScaler,False,svm,24,0.47878922153115705,0.4836816946494366
voiced,RobustScaler,False,knn,24,0.4485955308132728,0.45170508255185676
voiced,RobustScaler,False,gaussianNB,24,0.5747153384250158,0.5747153384250158
voiced,RobustScaler,False,lda,24,0.577024024362734,0.577024024362734
voiced,RobustScaler,False,qda,24,0.48382645580226225,0.4471338876177586
voiced,RobustScaler,False,dt,24,0.5782087468982631,0.5782087468982631
voiced,RobustScaler,False,rf,24,0.514795191367772,0.514795191367772
voiced,RobustScaler,False,adaboost,24,0.597237688386882,0.597237688386882
voiced,RobustScaler,False,mlp,24,0.5067103931015222,0.47461152422845976
svd,RobustScaler,True,svm,25,0.8054981278263721,0.8044926302341789
svd,RobustScaler,True,knn,25,0.6894569044187364,0.6800703531292408
svd,RobustScaler,True,gaussianNB,25,0.6605126098910178,0.6605126098910178
svd,RobustScaler,True,lda,25,0.8200984838498468,0.8200984838498468
svd,RobustScaler,True,qda,25,0.6955437837335328,0.6945233755702677
svd,RobustScaler,True,dt,25,0.780706906688368,0.780706906688368
svd,RobustScaler,True,rf,25,0.8163770998176669,0.8163770998176669
svd,RobustScaler,True,adaboost,25,0.8206880269857368,0.8206880269857368
svd,RobustScaler,True,mlp,25,0.792025751420517,0.7892368591059976
voiced,RobustScaler,True,svm,25,0.5266617790811339,0.5201026392961877
voiced,RobustScaler,True,knn,25,0.4661876832844575,0.4875317693059629
voiced,RobustScaler,True,gaussianNB,25,0.545503421309873,0.545503421309873
voiced,RobustScaler,True,lda,25,0.5234750733137831,0.5234750733137831
voiced,RobustScaler,True,qda,25,0.48984848484848487,0.4963636363636364
voiced,RobustScaler,True,dt,25,0.5943939393939395,0.5943939393939395
voiced,RobustScaler,True,rf,25,0.5549315738025415,0.5549315738025415
voiced,RobustScaler,True,adaboost,25,0.6028787878787878,0.6028787878787878
voiced,RobustScaler,True,mlp,25,0.5549315738025415,0.5921603128054741
svd,RobustScaler,False,svm,25,0.8129611317357387,0.8111987712891675
svd,RobustScaler,False,knn,25,0.6787903699274764,0.6752907993896958
svd,RobustScaler,False,gaussianNB,25,0.6632042872241188,0.6632042872241188
svd,RobustScaler,False,lda,25,0.8289180789381696,0.8289180789381696
svd,RobustScaler,False,qda,25,0.6839330565035104,0.6829713991132816
svd,RobustScaler,False,dt,25,0.7763231922462179,0.7763231922462179
svd,RobustScaler,False,rf,25,0.8275677354153741,0.8275677354153741
svd,RobustScaler,False,adaboost,25,0.8128540613779325,0.8128540613779325
svd,RobustScaler,False,mlp,25,0.7865241748359195,0.7843713342575633
voiced,RobustScaler,False,svm,25,0.4815566448801743,0.4878957714398891
voiced,RobustScaler,False,knn,25,0.5052043473955239,0.5165433996831056
voiced,RobustScaler,False,gaussianNB,25,0.562429045355516,0.562429045355516
voiced,RobustScaler,False,lda,25,0.5578513071895425,0.5578513071895425
voiced,RobustScaler,False,qda,25,0.4322520796197267,0.48708283818577935
voiced,RobustScaler,False,dt,25,0.638399138443256,0.638399138443256
voiced,RobustScaler,False,rf,25,0.516426247771836,0.506176247771836
voiced,RobustScaler,False,adaboost,25,0.5916412160823926,0.5916412160823926
voiced,RobustScaler,False,mlp,25,0.5292284858387799,0.5626000198059022
svd,RobustScaler,True,svm,26,0.8093039657543475,0.808036185915139
svd,RobustScaler,True,knn,26,0.68329024483332,0.6839984061739788
svd,RobustScaler,True,gaussianNB,26,0.6605154641795863,0.6610282846924068
svd,RobustScaler,True,lda,26,0.836884883564273,0.836884883564273
svd,RobustScaler,True,qda,26,0.6920240301319909,0.6925342342136236
svd,RobustScaler,True,dt,26,0.7592760765225324,0.7592760765225324
svd,RobustScaler,True,rf,26,0.8182403565173468,0.8182403565173468
svd,RobustScaler,True,adaboost,26,0.8233513469445857,0.8233513469445857
svd,RobustScaler,True,mlp,26,0.7882734186932661,0.7980070928707789
voiced,RobustScaler,True,svm,26,0.575234604105572,0.5661436950146628
voiced,RobustScaler,True,knn,26,0.4886314760508309,0.48975562072336265
voiced,RobustScaler,True,gaussianNB,26,0.5346383186705768,0.5346383186705768
voiced,RobustScaler,True,lda,26,0.59133431085044,0.59133431085044
voiced,RobustScaler,True,qda,26,0.507605083088954,0.4566275659824047
voiced,RobustScaler,True,dt,26,0.5821163245356794,0.5821163245356794
voiced,RobustScaler,True,rf,26,0.5230303030303031,0.5230303030303031
voiced,RobustScaler,True,adaboost,26,0.5704740957966765,0.5704740957966765
voiced,RobustScaler,True,mlp,26,0.5779618768328446,0.6019452590420332
svd,RobustScaler,False,svm,26,0.8133012443668572,0.803729074301639
svd,RobustScaler,False,knn,26,0.6825435589520649,0.6856766939452745
svd,RobustScaler,False,gaussianNB,26,0.6609477396614954,0.6609477396614954
svd,RobustScaler,False,lda,26,0.8194980920189959,0.8194980920189959
svd,RobustScaler,False,qda,26,0.6895871292247538,0.6886269880700622
svd,RobustScaler,False,dt,26,0.7841878514225575,0.7841878514225575
svd,RobustScaler,False,rf,26,0.8192472744521861,0.8192472744521861
svd,RobustScaler,False,adaboost,26,0.80564472553737,0.80564472553737
svd,RobustScaler,False,mlp,26,0.7925415083673137,0.7900314011765488
voiced,RobustScaler,False,svm,26,0.5474324237853649,0.544402120755062
voiced,RobustScaler,False,knn,26,0.5135080899492664,0.4842882901412313
voiced,RobustScaler,False,gaussianNB,26,0.5450279132632073,0.5450279132632073
voiced,RobustScaler,False,lda,26,0.5064492713169184,0.5064492713169184
voiced,RobustScaler,False,qda,26,0.5044131407807878,0.5227833245186186
voiced,RobustScaler,False,dt,26,0.5051628616481557,0.5051628616481557
voiced,RobustScaler,False,rf,26,0.48430848073495136,0.48430848073495136
voiced,RobustScaler,False,adaboost,26,0.6051705435087789,0.6051705435087789
voiced,RobustScaler,False,mlp,26,0.510695920092979,0.5336044625309331
svd,RobustScaler,True,svm,27,0.8070478594469872,0.8075606799598077
svd,RobustScaler,True,knn,27,0.6877723548715915,0.676123736314576
svd,RobustScaler,True,gaussianNB,27,0.6625564584452261,0.6625564584452261
svd,RobustScaler,True,lda,27,0.8255031700397023,0.8255031700397023
svd,RobustScaler,True,qda,27,0.69348939501066,0.6940048319546684
svd,RobustScaler,True,dt,27,0.7981346752121017,0.7981346752121017
svd,RobustScaler,True,rf,27,0.8165532504572853,0.8165532504572853
svd,RobustScaler,True,adaboost,27,0.8168208835875139,0.8168208835875139
svd,RobustScaler,True,mlp,27,0.8007252089967466,0.7951714624888017
voiced,RobustScaler,True,svm,27,0.5682844574780059,0.5398435972629521
voiced,RobustScaler,True,knn,27,0.49928152492668615,0.5068572825024438
voiced,RobustScaler,True,gaussianNB,27,0.538186705767351,0.538186705767351
voiced,RobustScaler,True,lda,27,0.5086901270772237,0.5086901270772237
voiced,RobustScaler,True,qda,27,0.515830889540567,0.479902248289345
voiced,RobustScaler,True,dt,27,0.5389784946236559,0.5389784946236559
voiced,RobustScaler,True,rf,27,0.5648240469208211,0.5648240469208211
voiced,RobustScaler,True,adaboost,27,0.5583088954056696,0.5583088954056696
voiced,RobustScaler,True,mlp,27,0.5523118279569892,0.5282209188660802
svd,RobustScaler,False,svm,27,0.8021009915728727,0.7995634446885583
svd,RobustScaler,False,knn,27,0.6839974070809287,0.6825270329463676
svd,RobustScaler,False,gaussianNB,27,0.6626558515714805,0.6616354434082151
svd,RobustScaler,False,lda,27,0.8303118897062542,0.8303118897062542
svd,RobustScaler,False,qda,27,0.687758913978277,0.6864774204846251
svd,RobustScaler,False,dt,27,0.7885870176840369,0.7885870176840369
svd,RobustScaler,False,rf,27,0.812480973790851,0.812480973790851
svd,RobustScaler,False,adaboost,27,0.8134658702594461,0.8134658702594461
svd,RobustScaler,False,mlp,27,0.7843130073692302,0.7821945642408025
voiced,RobustScaler,False,svm,27,0.6070756299143723,0.5980996633521988
voiced,RobustScaler,False,knn,27,0.5469659427793303,0.5405791027768715
voiced,RobustScaler,False,gaussianNB,27,0.5386821066019849,0.5386821066019849
voiced,RobustScaler,False,lda,27,0.5368026591393731,0.5368026591393731
voiced,RobustScaler,False,qda,27,0.5165157496323826,0.5594928178650289
voiced,RobustScaler,False,dt,27,0.6023112124521861,0.6023112124521861
voiced,RobustScaler,False,rf,27,0.5360894929951725,0.5360894929951725
voiced,RobustScaler,False,adaboost,27,0.6120805188726082,0.6120805188726082
voiced,RobustScaler,False,mlp,27,0.5298199501647778,0.5191979082445615
svd,RobustScaler,True,svm,28,0.812211490799277,0.8104361233096238
svd,RobustScaler,True,knn,28,0.6929870057241923,0.6930065989989653
svd,RobustScaler,True,gaussianNB,28,0.6643340864878488,0.6643340864878488
svd,RobustScaler,True,lda,28,0.8356740115573267,0.8356740115573267
svd,RobustScaler,True,qda,28,0.6925178075287126,0.6945541790089227
svd,RobustScaler,True,dt,28,0.7942312867067501,0.7942312867067501
svd,RobustScaler,True,rf,28,0.8302176812645733,0.8302176812645733
svd,RobustScaler,True,adaboost,28,0.8141967828609049,0.8141967828609049
svd,RobustScaler,True,mlp,28,0.7906731182303701,0.7949769841209318
voiced,RobustScaler,True,svm,28,0.5635434995112415,0.5693010752688172
voiced,RobustScaler,True,knn,28,0.4902541544477028,0.4911632453567937
voiced,RobustScaler,True,gaussianNB,28,0.556911045943304,0.556911045943304
voiced,RobustScaler,True,lda,28,0.545791788856305,0.545791788856305
voiced,RobustScaler,True,qda,28,0.5724437927663735,0.5072531769305962
voiced,RobustScaler,True,dt,28,0.5879814271749757,0.5879814271749757
voiced,RobustScaler,True,rf,28,0.5826392961876834,0.5826392961876834
voiced,RobustScaler,True,adaboost,28,0.5588514173998045,0.5588514173998045
voiced,RobustScaler,True,mlp,28,0.5702737047898339,0.5496676441837732
svd,RobustScaler,False,svm,28,0.8107783316991221,0.8100068424035957
svd,RobustScaler,False,knn,28,0.6810078254081816,0.6588853712394467
svd,RobustScaler,False,gaussianNB,28,0.6602066948586249,0.6616630055382366
svd,RobustScaler,False,lda,28,0.8221196781986377,0.8221196781986377
svd,RobustScaler,False,qda,28,0.6858635793035361,0.6861949760795774
svd,RobustScaler,False,dt,28,0.7832437075833614,0.7832437075833614
svd,RobustScaler,False,rf,28,0.8204149893239515,0.8204149893239515
svd,RobustScaler,False,adaboost,28,0.8160395609781161,0.8160395609781161
svd,RobustScaler,False,mlp,28,0.7851830148423298,0.7821627342936276
voiced,RobustScaler,False,svm,28,0.5682192956386505,0.5582192956386505
voiced,RobustScaler,False,knn,28,0.4844555631047567,0.4650874312366248
voiced,RobustScaler,False,gaussianNB,28,0.5409342360148812,0.5409342360148812
voiced,RobustScaler,False,lda,28,0.5293789513950803,0.5293789513950803
voiced,RobustScaler,False,qda,28,0.5931487009107977,0.5146493537824182
voiced,RobustScaler,False,dt,28,0.5439150776045938,0.5439150776045938
voiced,RobustScaler,False,rf,28,0.5460894854846468,0.5622433316384929
voiced,RobustScaler,False,adaboost,28,0.5754258756476499,0.5754258756476499
voiced,RobustScaler,False,mlp,28,0.5859334057519541,0.5922297020482504
svd,RobustScaler,True,svm,29,0.8060320740691516,0.8042488572859348
svd,RobustScaler,True,knn,29,0.6807979298055633,0.6894151613562738
svd,RobustScaler,True,gaussianNB,29,0.6626062614230552,0.6626062614230552
svd,RobustScaler,True,lda,29,0.823642351832101,0.823642351832101
svd,RobustScaler,True,qda,29,0.6951171583777909,0.6940941337833377
svd,RobustScaler,True,dt,29,0.7828197356986889,0.7828197356986889
svd,RobustScaler,True,rf,29,0.8169000301770204,0.8169000301770204
svd,RobustScaler,True,adaboost,29,0.8131060124898729,0.8131060124898729
svd,RobustScaler,True,mlp,29,0.7852842649898266,0.7986997335634195
voiced,RobustScaler,True,svm,29,0.530039100684262,0.5439784946236559
voiced,RobustScaler,True,knn,29,0.49378787878787883,0.4880303030303031
voiced,RobustScaler,True,gaussianNB,29,0.5619550342130987,0.5619550342130987
voiced,RobustScaler,True,lda,29,0.5171749755620724,0.5171749755620724
voiced,RobustScaler,True,qda,29,0.44120723362658837,0.48079178885630497
voiced,RobustScaler,True,dt,29,0.6049071358748779,0.6049071358748779
voiced,RobustScaler,True,rf,29,0.5722922776148582,0.5722922776148582
voiced,RobustScaler,True,adaboost,29,0.5647165200391007,0.5647165200391007
voiced,RobustScaler,True,mlp,29,0.5298875855327468,0.563069403714565
svd,RobustScaler,False,svm,29,0.8119376743536056,0.8137471869004573
svd,RobustScaler,False,knn,29,0.6738198236359482,0.6766625544874597
svd,RobustScaler,False,gaussianNB,29,0.6594010693635127,0.6594010693635127
svd,RobustScaler,False,lda,29,0.826614718418495,0.826614718418495
svd,RobustScaler,False,qda,29,0.6913667407032972,0.6898374083225717
svd,RobustScaler,False,dt,29,0.7748685301670991,0.7748685301670991
svd,RobustScaler,False,rf,29,0.8207141274205959,0.8207141274205959
svd,RobustScaler,False,adaboost,29,0.811050348368109,0.811050348368109
svd,RobustScaler,False,mlp,29,0.7938454555848982,0.7917715957483394
voiced,RobustScaler,False,svm,29,0.5058902952676672,0.5183145376919096
voiced,RobustScaler,False,knn,29,0.49418064659881555,0.4938112745098039
voiced,RobustScaler,False,gaussianNB,29,0.5474852054702624,0.5474852054702624
voiced,RobustScaler,False,lda,29,0.5162721977842946,0.5162721977842946
voiced,RobustScaler,False,qda,29,0.4913480392156863,0.5136519607843137
voiced,RobustScaler,False,dt,29,0.6157700343089337,0.6157700343089337
voiced,RobustScaler,False,rf,29,0.5757924836601307,0.5757924836601307
voiced,RobustScaler,False,adaboost,29,0.5592484019512007,0.5592484019512007
voiced,RobustScaler,False,mlp,29,0.4974516632166063,0.4799026436087631
svd,RobustScaler,True,svm,30,0.8131513252287517,0.8139146840073777
svd,RobustScaler,True,knn,30,0.6805388141484106,0.682325985537545
svd,RobustScaler,True,gaussianNB,30,0.663036425588225,0.663036425588225
svd,RobustScaler,True,lda,30,0.8236837989346167,0.8236837989346167
svd,RobustScaler,True,qda,30,0.6856556220950987,0.6846352139318334
svd,RobustScaler,True,dt,30,0.7867350915169891,0.7867350915169891
svd,RobustScaler,True,rf,30,0.8195119130233633,0.8195119130233633
svd,RobustScaler,True,adaboost,30,0.8159641067765386,0.8159641067765386
svd,RobustScaler,True,mlp,30,0.7835445615816391,0.7974506409620914
voiced,RobustScaler,True,svm,30,0.5559237536656891,0.5591495601173021
voiced,RobustScaler,True,knn,30,0.48995601173020537,0.47183773216031283
voiced,RobustScaler,True,gaussianNB,30,0.5564320625610948,0.5647653958944281
voiced,RobustScaler,True,lda,30,0.43516129032258066,0.43516129032258066
voiced,RobustScaler,True,qda,30,0.5086363636363636,0.49567937438905185
voiced,RobustScaler,True,dt,30,0.583763440860215,0.583763440860215
voiced,RobustScaler,True,rf,30,0.5421212121212122,0.5421212121212122
voiced,RobustScaler,True,adaboost,30,0.606080156402737,0.606080156402737
voiced,RobustScaler,True,mlp,30,0.5303812316715544,0.5765738025415444
svd,RobustScaler,False,svm,30,0.8060838606490547,0.8075555996498451
svd,RobustScaler,False,knn,30,0.6879267649179133,0.6896952016219362
svd,RobustScaler,False,gaussianNB,30,0.6609651243021467,0.6594550486714681
svd,RobustScaler,False,lda,30,0.8211469409878209,0.8211469409878209
svd,RobustScaler,False,qda,30,0.6907273240695038,0.6888768303722248
svd,RobustScaler,False,dt,30,0.7866814776119273,0.7866814776119273
svd,RobustScaler,False,rf,30,0.8229098803642174,0.8229098803642174
svd,RobustScaler,False,adaboost,30,0.8242972143739926,0.8242972143739926
svd,RobustScaler,False,mlp,30,0.7845986883401795,0.79218708261992
voiced,RobustScaler,False,svm,30,0.5312303572863918,0.5321394481954828
voiced,RobustScaler,False,knn,30,0.49056747849851307,0.45455846595932803
voiced,RobustScaler,False,gaussianNB,30,0.5608232356723736,0.5608232356723736
voiced,RobustScaler,False,lda,30,0.47454696165903065,0.47454696165903065
voiced,RobustScaler,False,qda,30,0.47543560606060603,0.4933899505666747
voiced,RobustScaler,False,dt,30,0.6601853247327385,0.6601853247327385
voiced,RobustScaler,False,rf,30,0.5586248593360662,0.5586248593360662
voiced,RobustScaler,False,adaboost,30,0.5376765834739973,0.5376765834739973
voiced,RobustScaler,False,mlp,30,0.5725603347801623,0.5854609758058034
svd,RobustScaler,True,svm,31,0.8014787702301334,0.8017261419060766
svd,RobustScaler,True,knn,31,0.6785535674794125,0.6795644758730909
svd,RobustScaler,True,gaussianNB,31,0.6609526896222644,0.6617335754031501
svd,RobustScaler,True,lda,31,0.8317958649856141,0.8317958649856141
svd,RobustScaler,True,qda,31,0.683305099117531,0.6863644951921943
svd,RobustScaler,True,dt,31,0.7942339467148627,0.7942339467148627
svd,RobustScaler,True,rf,31,0.8217292485776675,0.8171604840089028
svd,RobustScaler,True,adaboost,31,0.8172053936612279,0.8172053936612279
svd,RobustScaler,True,mlp,31,0.7872514944161618,0.7862133649701806
voiced,RobustScaler,True,svm,31,0.6063587487781036,0.6012512218963832
voiced,RobustScaler,True,knn,31,0.49451612903225806,0.48648582600195506
voiced,RobustScaler,True,gaussianNB,31,0.5406549364613881,0.5406549364613881
voiced,RobustScaler,True,lda,31,0.5399071358748777,0.5399071358748777
voiced,RobustScaler,True,qda,31,0.5252199413489735,0.5531867057673509
voiced,RobustScaler,True,dt,31,0.6124242424242424,0.6124242424242424
voiced,RobustScaler,True,rf,31,0.606080156402737,0.606080156402737
voiced,RobustScaler,True,adaboost,31,0.4775708699902248,0.4775708699902248
voiced,RobustScaler,True,mlp,31,0.540752688172043,0.534672531769306
svd,RobustScaler,False,svm,31,0.810867022303132,0.8113596331405704
svd,RobustScaler,False,knn,31,0.6777971398340484,0.6813351334255728
svd,RobustScaler,False,gaussianNB,31,0.6613283845422371,0.6613283845422371
svd,RobustScaler,False,lda,31,0.8202474098775007,0.8202474098775007
svd,RobustScaler,False,qda,31,0.6928613840504438,0.6913044616188024
svd,RobustScaler,False,dt,31,0.8016096882149302,0.8016096882149302
svd,RobustScaler,False,rf,31,0.8253531068992279,0.8253531068992279
svd,RobustScaler,False,adaboost,31,0.8145073891834148,0.8145073891834148
svd,RobustScaler,False,mlp,31,0.7833498322029848,0.7913086118871965
voiced,RobustScaler,False,svm,31,0.5410356065503125,0.5405594160741221
voiced,RobustScaler,False,knn,31,0.5056635303694128,0.5086264933323756
voiced,RobustScaler,False,gaussianNB,31,0.564742617132323,0.564742617132323
voiced,RobustScaler,False,lda,31,0.5273820596614713,0.5273820596614713
voiced,RobustScaler,False,qda,31,0.4946016184251478,0.4587037037037037
voiced,RobustScaler,False,dt,31,0.5773875212478153,0.5773875212478153
voiced,RobustScaler,False,rf,31,0.4967527951351481,0.4967527951351481
voiced,RobustScaler,False,adaboost,31,0.5351679325576384,0.5351679325576384
voiced,RobustScaler,False,mlp,31,0.5339020715123656,0.5466699286552228
svd,RobustScaler,True,svm,32,0.8083016347520164,0.8108662874747935
svd,RobustScaler,True,knn,32,0.6833133460505325,0.6853843557387723
svd,RobustScaler,True,gaussianNB,32,0.6609474131829639,0.6609474131829639
svd,RobustScaler,True,lda,32,0.8256854123702542,0.8256854123702542
svd,RobustScaler,True,qda,32,0.6881631291282327,0.6873848597785348
svd,RobustScaler,True,dt,32,0.7872698838783898,0.7872698838783898
svd,RobustScaler,True,rf,32,0.8156348068507283,0.8156348068507283
svd,RobustScaler,True,adaboost,32,0.8174340345223661,0.8174340345223661
svd,RobustScaler,True,mlp,32,0.7900914516236217,0.7960949719128564
voiced,RobustScaler,True,svm,32,0.602375366568915,0.5817253176930596
voiced,RobustScaler,True,knn,32,0.5097311827956988,0.483802541544477
voiced,RobustScaler,True,gaussianNB,32,0.5627321603128055,0.5627321603128055
voiced,RobustScaler,True,lda,32,0.5246920821114369,0.5246920821114369
voiced,RobustScaler,True,qda,32,0.44069403714565,0.49626099706744864
voiced,RobustScaler,True,dt,32,0.5684359726295211,0.5684359726295211
voiced,RobustScaler,True,rf,32,0.595752688172043,0.595752688172043
voiced,RobustScaler,True,adaboost,32,0.5555180840664711,0.5555180840664711
voiced,RobustScaler,True,mlp,32,0.5295601173020528,0.5767253176930597
svd,RobustScaler,False,svm,32,0.8103285967470948,0.8067971972502394
svd,RobustScaler,False,knn,32,0.6793341369645509,0.6820110802271956
svd,RobustScaler,False,gaussianNB,32,0.6629352176518678,0.6629352176518678
svd,RobustScaler,False,lda,32,0.8042134134300072,0.8042134134300072
svd,RobustScaler,False,qda,32,0.6936488479024161,0.6914411261427025
svd,RobustScaler,False,dt,32,0.7924238716365343,0.7872931402989064
svd,RobustScaler,False,rf,32,0.8139632034133026,0.8139632034133026
svd,RobustScaler,False,adaboost,32,0.8179721567531116,0.8179721567531116
svd,RobustScaler,False,mlp,32,0.7905918017966667,0.7906923199889462
voiced,RobustScaler,False,svm,32,0.5775814985492405,0.5372589179040792
voiced,RobustScaler,False,knn,32,0.5068373442566991,0.4820771462706947
voiced,RobustScaler,False,gaussianNB,32,0.5706775900324288,0.5706775900324288
voiced,RobustScaler,False,lda,32,0.4348864994026284,0.4348864994026284
voiced,RobustScaler,False,qda,32,0.48175456562553337,0.5145835466803209
voiced,RobustScaler,False,dt,32,0.5460752688172044,0.5460752688172044
voiced,RobustScaler,False,rf,32,0.5438410991636797,0.5438410991636797
voiced,RobustScaler,False,adaboost,32,0.566699948796723,0.566699948796723
voiced,RobustScaler,False,mlp,32,0.5754616828810377,0.5722589179040792
svd,RobustScaler,True,svm,33,0.7996282833850991,0.8003916421637249
svd,RobustScaler,True,knn,33,0.6910223346264786,0.6892590833376002
svd,RobustScaler,True,gaussianNB,33,0.6635613623018204,0.6635613623018204
svd,RobustScaler,True,lda,33,0.8175404021641753,0.8175404021641753
svd,RobustScaler,True,qda,33,0.6905286661720688,0.6910414866848891
svd,RobustScaler,True,dt,33,0.7830454314859985,0.7830454314859985
svd,RobustScaler,True,rf,33,0.8169199956713588,0.8169199956713588
svd,RobustScaler,True,adaboost,33,0.8184235212261385,0.8184235212261385
svd,RobustScaler,True,mlp,33,0.7801370603224475,0.7872220291522363
voiced,RobustScaler,True,svm,33,0.5992424242424242,0.5695454545454546
voiced,RobustScaler,True,knn,33,0.4899120234604105,0.4926148582600195
voiced,RobustScaler,True,gaussianNB,33,0.5787927663734116,0.5787927663734116
voiced,RobustScaler,True,lda,33,0.4988856304985337,0.4988856304985337
voiced,RobustScaler,True,qda,33,0.5844868035190617,0.4747409579667644
voiced,RobustScaler,True,dt,33,0.5226783968719453,0.5226783968719453
voiced,RobustScaler,True,rf,33,0.5604105571847506,0.5604105571847506
voiced,RobustScaler,True,adaboost,33,0.607683284457478,0.607683284457478
voiced,RobustScaler,True,mlp,33,0.5806451612903226,0.5756451612903225
svd,RobustScaler,False,svm,33,0.7927883994154066,0.7880662851773362
svd,RobustScaler,False,knn,33,0.6837337942230456,0.6784524348937773
svd,RobustScaler,False,gaussianNB,33,0.6602204836468887,0.6599380571964637
svd,RobustScaler,False,lda,33,0.8218060018601754,0.8218060018601754
svd,RobustScaler,False,qda,33,0.6859524417618598,0.6864973137365071
svd,RobustScaler,False,dt,33,0.7898748434174659,0.7898748434174659
svd,RobustScaler,False,rf,33,0.8159891930753954,0.8159891930753954
svd,RobustScaler,False,adaboost,33,0.8039744081513188,0.8039744081513188
svd,RobustScaler,False,mlp,33,0.7701183645327189,0.7830441583486933
voiced,RobustScaler,False,svm,33,0.5786256340373986,0.5790538269361799
voiced,RobustScaler,False,knn,33,0.5425697630403512,0.5256778711484593
voiced,RobustScaler,False,gaussianNB,33,0.5620942539177832,0.5620942539177832
voiced,RobustScaler,False,lda,33,0.4933117571352866,0.4933117571352866
voiced,RobustScaler,False,qda,33,0.5233273525626466,0.5152209099856159
voiced,RobustScaler,False,dt,33,0.5929122567946097,0.5929122567946097
voiced,RobustScaler,False,rf,33,0.6012556590203648,0.5945889923536981
voiced,RobustScaler,False,adaboost,33,0.6149626769626769,0.6149626769626769
voiced,RobustScaler,False,mlp,33,0.5623531682943448,0.5564708153531683
svd,RobustScaler,True,svm,34,0.8079042803797438,0.8091746766501402
svd,RobustScaler,True,knn,34,0.6606110792152232,0.6647362252433135
svd,RobustScaler,True,gaussianNB,34,0.665160357635821,0.665160357635821
svd,RobustScaler,True,lda,34,0.832879336221757,0.832879336221757
svd,RobustScaler,True,qda,34,0.6905119707627887,0.6902645990868456
svd,RobustScaler,True,dt,34,0.7792002908033442,0.7792002908033442
svd,RobustScaler,True,rf,34,0.815711384217382,0.815711384217382
svd,RobustScaler,True,adaboost,34,0.8094424150912701,0.8094424150912701
svd,RobustScaler,True,mlp,34,0.7908655303257266,0.7842389126685745
voiced,RobustScaler,True,svm,34,0.541060606060606,0.5593939393939394
voiced,RobustScaler,True,knn,34,0.47055718475073316,0.47298142717497554
voiced,RobustScaler,True,gaussianNB,34,0.553900293255132,0.553900293255132
voiced,RobustScaler,True,lda,34,0.5526099706744867,0.5526099706744867
voiced,RobustScaler,True,qda,34,0.5164516129032258,0.5150928641251221
voiced,RobustScaler,True,dt,34,0.6146236559139785,0.6055327468230695
voiced,RobustScaler,True,rf,34,0.5747605083088955,0.5747605083088955
voiced,RobustScaler,True,adaboost,34,0.5874193548387097,0.5874193548387097
voiced,RobustScaler,True,mlp,34,0.5862512218963832,0.5623118279569892
svd,RobustScaler,False,svm,34,0.8052609735012817,0.8026540799585243
svd,RobustScaler,False,knn,34,0.688818168964632,0.6898185691139114
svd,RobustScaler,False,gaussianNB,34,0.6642535502213603,0.6642535502213603
svd,RobustScaler,False,lda,34,0.8226850915369901,0.8226850915369901
svd,RobustScaler,False,qda,34,0.6941996496342258,0.6944904282888168
svd,RobustScaler,False,dt,34,0.7958498175144264,0.7958498175144264
svd,RobustScaler,False,rf,34,0.8217851972541401,0.8217851972541401
svd,RobustScaler,False,adaboost,34,0.8148327245039944,0.8148327245039944
svd,RobustScaler,False,mlp,34,0.7990763138480312,0.8001018603484533
voiced,RobustScaler,False,svm,34,0.5705868972899333,0.574717681117112
voiced,RobustScaler,False,knn,34,0.5229601518026565,0.5300189753320683
voiced,RobustScaler,False,gaussianNB,34,0.5406028317034011,0.5406028317034011
voiced,RobustScaler,False,lda,34,0.559177005789909,0.559177005789909
voiced,RobustScaler,False,qda,34,0.445268573930813,0.5264854279180655
voiced,RobustScaler,False,dt,34,0.5869932613243808,0.5869932613243808
voiced,RobustScaler,False,rf,34,0.5508602150537634,0.5508602150537634
voiced,RobustScaler,False,adaboost,34,0.5959525373424804,0.5959525373424804
voiced,RobustScaler,False,mlp,34,0.5790560988663456,0.5765202160268574
svd,RobustScaler,True,svm,35,0.8105736339269599,0.8113396091367738
svd,RobustScaler,True,knn,35,0.6684527159499897,0.6826399427544466
svd,RobustScaler,True,gaussianNB,35,0.6643544677786772,0.6638751851565374
svd,RobustScaler,True,lda,35,0.8246805248550068,0.8246805248550068
svd,RobustScaler,True,qda,35,0.6889607393696815,0.6904758908848331
svd,RobustScaler,True,dt,35,0.7877966344814762,0.7877966344814762
svd,RobustScaler,True,rf,35,0.8220755834496293,0.8220755834496293
svd,RobustScaler,True,adaboost,35,0.8131231672725676,0.8131231672725676
svd,RobustScaler,True,mlp,35,0.7857629974532918,0.7875565020221509
voiced,RobustScaler,True,svm,35,0.5169696969696969,0.5599071358748777
voiced,RobustScaler,True,knn,35,0.48839687194525905,0.48103616813294237
voiced,RobustScaler,True,gaussianNB,35,0.5402443792766374,0.5402443792766374
voiced,RobustScaler,True,lda,35,0.5268963831867057,0.5268963831867057
voiced,RobustScaler,True,qda,35,0.44672043010752693,0.4184799608993157
voiced,RobustScaler,True,dt,35,0.5967693059628543,0.5967693059628543
voiced,RobustScaler,True,rf,35,0.5016862170087977,0.5016862170087977
voiced,RobustScaler,True,adaboost,35,0.5548533724340177,0.5548533724340177
voiced,RobustScaler,True,mlp,35,0.5277859237536657,0.5352101661779082
svd,RobustScaler,False,svm,35,0.809049910554646,0.8082788772881969
svd,RobustScaler,False,knn,35,0.6694763630763035,0.6713522202687499
svd,RobustScaler,False,gaussianNB,35,0.6634438684807951,0.6640876109837939
svd,RobustScaler,False,lda,35,0.8222340507315297,0.8222340507315297
svd,RobustScaler,False,qda,35,0.685872407364314,0.6844450253437653
svd,RobustScaler,False,dt,35,0.7798012613259713,0.7798012613259713
svd,RobustScaler,False,rf,35,0.8145661064527097,0.8145661064527097
svd,RobustScaler,False,adaboost,35,0.813285738559889,0.813285738559889
svd,RobustScaler,False,mlp,35,0.7958438276411623,0.7859207396129
voiced,RobustScaler,False,svm,35,0.5590423791894381,0.5563883175647881
voiced,RobustScaler,False,knn,35,0.4940987933634992,0.45324552898082315
voiced,RobustScaler,False,gaussianNB,35,0.5331862418627125,0.5331862418627125
voiced,RobustScaler,False,lda,35,0.5200710237474944,0.5200710237474944
voiced,RobustScaler,False,qda,35,0.5178660391895686,0.45767707782413664
voiced,RobustScaler,False,dt,35,0.59512531586061,0.59512531586061
voiced,RobustScaler,False,rf,35,0.5343975142504555,0.5343975142504555
voiced,RobustScaler,False,adaboost,35,0.5546466768525592,0.5546466768525592
voiced,RobustScaler,False,mlp,35,0.5213113520466461,0.5297828315475374
svd,RobustScaler,True,svm,36,0.810821005602903,0.8115785813604788
svd,RobustScaler,True,knn,36,0.6854158128312979,0.6905303856448894
svd,RobustScaler,True,gaussianNB,36,0.6612422528398538,0.6609741875717885
svd,RobustScaler,True,lda,36,0.8300713844497924,0.8300713844497924
svd,RobustScaler,True,qda,36,0.6922297767663089,0.6929873525238847
svd,RobustScaler,True,dt,36,0.7808687695437968,0.7808687695437968
svd,RobustScaler,True,rf,36,0.8164503907579153,0.8164503907579153
svd,RobustScaler,True,adaboost,36,0.8078528868441627,0.8078528868441627
svd,RobustScaler,True,mlp,36,0.7903309740060012,0.789825646908526
voiced,RobustScaler,True,svm,36,0.5501466275659823,0.5709042033235582
voiced,RobustScaler,True,knn,36,0.5259677419354839,0.5184359726295209
voiced,RobustScaler,True,gaussianNB,36,0.5615395894428152,0.5615395894428152
voiced,RobustScaler,True,lda,36,0.5251857282502443,0.5251857282502443
voiced,RobustScaler,True,qda,36,0.5064027370478984,0.516524926686217
voiced,RobustScaler,True,dt,36,0.5868817204301074,0.5868817204301074
voiced,RobustScaler,True,rf,36,0.5593890518084066,0.5593890518084066
voiced,RobustScaler,True,adaboost,36,0.5906011730205278,0.5906011730205278
voiced,RobustScaler,True,mlp,36,0.49793743890518094,0.5568768328445748
svd,RobustScaler,False,svm,36,0.7958030803177352,0.7938208894158818
svd,RobustScaler,False,knn,36,0.6714188980803086,0.6759295777747629
svd,RobustScaler,False,gaussianNB,36,0.661974932767642,0.6622458946824396
svd,RobustScaler,False,lda,36,0.8198181545054869,0.8198181545054869
svd,RobustScaler,False,qda,36,0.6923160259002292,0.6915900485602272
svd,RobustScaler,False,dt,36,0.7730934083515577,0.7730934083515577
svd,RobustScaler,False,rf,36,0.8266052276750999,0.8266052276750999
svd,RobustScaler,False,adaboost,36,0.8121962534106769,0.8121962534106769
svd,RobustScaler,False,mlp,36,0.7740833767769979,0.7822395889298139
voiced,RobustScaler,False,svm,36,0.5861810762766645,0.5712387685843568
voiced,RobustScaler,False,knn,36,0.5066673400129282,0.4958668390433096
voiced,RobustScaler,False,gaussianNB,36,0.5675366031027795,0.5675366031027795
voiced,RobustScaler,False,lda,36,0.5875900129282482,0.5875900129282482
voiced,RobustScaler,False,qda,36,0.5221964285714286,0.49418277310924374
voiced,RobustScaler,False,dt,36,0.5991327569489334,0.5960077569489334
voiced,RobustScaler,False,rf,36,0.5612377181641888,0.5612377181641888
voiced,RobustScaler,False,adaboost,36,0.5665529250161604,0.5665529250161604
voiced,RobustScaler,False,mlp,36,0.5651043956043955,0.5766904492566257
svd,RobustScaler,True,svm,37,0.8100490694329299,0.8072526837030655
svd,RobustScaler,True,knn,37,0.6800812509918289,0.6786192306421313
svd,RobustScaler,True,gaussianNB,37,0.6602936031616512,0.6602936031616512
svd,RobustScaler,True,lda,37,0.8249886990508581,0.8249886990508581
svd,RobustScaler,True,qda,37,0.700153029449649,0.6983776619599957
svd,RobustScaler,True,dt,37,0.7946204794841654,0.7946204794841654
svd,RobustScaler,True,rf,37,0.8163877598228743,0.8163877598228743
svd,RobustScaler,True,adaboost,37,0.81615573085584,0.81615573085584
svd,RobustScaler,True,mlp,37,0.7965722481807542,0.7961267413066759
voiced,RobustScaler,True,svm,37,0.5516617790811339,0.5457966764418377
voiced,RobustScaler,True,knn,37,0.47700879765395887,0.5015982404692082
voiced,RobustScaler,True,gaussianNB,37,0.5635581622678397,0.5552248289345064
voiced,RobustScaler,True,lda,37,0.5944916911045943,0.5944916911045943
voiced,RobustScaler,True,qda,37,0.44523949169110455,0.46303519061583576
voiced,RobustScaler,True,dt,37,0.5708162267839687,0.5708162267839687
voiced,RobustScaler,True,rf,37,0.5332649071358749,0.5332649071358749
voiced,RobustScaler,True,adaboost,37,0.621275659824047,0.621275659824047
voiced,RobustScaler,True,mlp,37,0.5488709677419354,0.5496725317693059
svd,RobustScaler,False,svm,37,0.796145155779594,0.7950503872688135
svd,RobustScaler,False,knn,37,0.6773131715089074,0.6723777021053386
svd,RobustScaler,False,gaussianNB,37,0.6609467020183153,0.6594688695059999
svd,RobustScaler,False,lda,37,0.8238200217225586,0.8238200217225586
svd,RobustScaler,False,qda,37,0.6854910782942604,0.6835254644625207
svd,RobustScaler,False,dt,37,0.7972892246978601,0.7972892246978601
svd,RobustScaler,False,rf,37,0.8095629557376673,0.8095629557376673
svd,RobustScaler,False,adaboost,37,0.813556568288041,0.813556568288041
svd,RobustScaler,False,mlp,37,0.7899264629361955,0.7859554513447862
voiced,RobustScaler,False,svm,37,0.5076260433115272,0.5484526562147529
voiced,RobustScaler,False,knn,37,0.5053230036092939,0.5384196650124069
voiced,RobustScaler,False,gaussianNB,37,0.5384298161515904,0.5384298161515904
voiced,RobustScaler,False,lda,37,0.5735371080532371,0.5735371080532371
voiced,RobustScaler,False,qda,37,0.47772163320550415,0.5320347394540943
voiced,RobustScaler,False,dt,37,0.6217082111436951,0.6217082111436951
voiced,RobustScaler,False,rf,37,0.5845574385292127,0.5845574385292127
voiced,RobustScaler,False,adaboost,37,0.5862711482066321,0.5862711482066321
voiced,RobustScaler,False,mlp,37,0.548530481615159,0.5437962440785021
svd,RobustScaler,True,svm,38,0.8047806028940162,0.800526523639937
svd,RobustScaler,True,knn,38,0.6755535032034488,0.6822201698701154
svd,RobustScaler,True,gaussianNB,38,0.6684320713819079,0.6684320713819079
svd,RobustScaler,True,lda,38,0.8173305829031019,0.8173305829031019
svd,RobustScaler,True,qda,38,0.6894207845952666,0.6886632088376908
svd,RobustScaler,True,dt,38,0.789706019171668,0.789706019171668
svd,RobustScaler,True,rf,38,0.8177134134495093,0.8177134134495093
svd,RobustScaler,True,adaboost,38,0.8070674218547719,0.8070674218547719
svd,RobustScaler,True,mlp,38,0.7847695416179603,0.7791705132381249
voiced,RobustScaler,True,svm,38,0.5332013685239492,0.5326148582600195
voiced,RobustScaler,True,knn,38,0.4769208211143695,0.423455522971652
voiced,RobustScaler,True,gaussianNB,38,0.5469305962854351,0.5469305962854351
voiced,RobustScaler,True,lda,38,0.3886656891495601,0.3886656891495601
voiced,RobustScaler,True,qda,38,0.44461876832844577,0.47455034213098735
voiced,RobustScaler,True,dt,38,0.5147800586510265,0.5147800586510265
voiced,RobustScaler,True,rf,38,0.5845650048875854,0.5754740957966764
voiced,RobustScaler,True,adaboost,38,0.585366568914956,0.585366568914956
voiced,RobustScaler,True,mlp,38,0.49772238514173994,0.5133724340175954
svd,RobustScaler,False,svm,38,0.7979950247137657,0.7981667001191438
svd,RobustScaler,False,knn,38,0.6787996215238998,0.683344682947564
svd,RobustScaler,False,gaussianNB,38,0.662250932697027,0.6615343055593312
svd,RobustScaler,False,lda,38,0.8245799088611891,0.8245799088611891
svd,RobustScaler,False,qda,38,0.6900643559749362,0.6913512429070027
svd,RobustScaler,False,dt,38,0.7984523652505731,0.7984523652505731
svd,RobustScaler,False,rf,38,0.822209613626774,0.822209613626774
svd,RobustScaler,False,adaboost,38,0.815861975326874,0.815861975326874
svd,RobustScaler,False,mlp,38,0.7868575301999333,0.7895731974793032
voiced,RobustScaler,False,svm,38,0.5566138836599072,0.5509041028493199
voiced,RobustScaler,False,knn,38,0.49749008870254696,0.5007084795071447
voiced,RobustScaler,False,gaussianNB,38,0.5514265316163258,0.5514265316163258
voiced,RobustScaler,False,lda,38,0.5162677547702575,0.5162677547702575
voiced,RobustScaler,False,qda,38,0.42412320669689973,0.4701436959869941
voiced,RobustScaler,False,dt,38,0.608112878269302,0.608112878269302
voiced,RobustScaler,False,rf,38,0.5932452368728788,0.5932452368728788
voiced,RobustScaler,False,adaboost,38,0.5993475478451842,0.5993475478451842
voiced,RobustScaler,False,mlp,38,0.614683070220473,0.5945681276917372
svd,RobustScaler,True,svm,39,0.799945675916232,0.799187549999982
svd,RobustScaler,True,knn,39,0.6861764952604646,0.6737405978245674
svd,RobustScaler,True,gaussianNB,39,0.663334134059325,0.6638469545721455
svd,RobustScaler,True,lda,39,0.8183158335666516,0.8183158335666516
svd,RobustScaler,True,qda,39,0.6886748493237043,0.6876576077503014
svd,RobustScaler,True,dt,39,0.7991292150234354,0.7991292150234354
svd,RobustScaler,True,rf,39,0.818545930623357,0.818545930623357
svd,RobustScaler,True,adaboost,39,0.8146998657467577,0.8146998657467577
svd,RobustScaler,True,mlp,39,0.7722788171479555,0.7783164854048169
voiced,RobustScaler,True,svm,39,0.5119843597262952,0.5119843597262952
voiced,RobustScaler,True,knn,39,0.4902541544477028,0.4364662756598241
voiced,RobustScaler,True,gaussianNB,39,0.5516911045943304,0.5516911045943304
voiced,RobustScaler,True,lda,39,0.5374389051808407,0.5374389051808407
voiced,RobustScaler,True,qda,39,0.4553958944281525,0.5259628543499512
voiced,RobustScaler,True,dt,39,0.58613880742913,0.58613880742913
voiced,RobustScaler,True,rf,39,0.5309677419354839,0.5309677419354839
voiced,RobustScaler,True,adaboost,39,0.5504887585532747,0.5504887585532747
voiced,RobustScaler,True,mlp,39,0.5349951124144672,0.5865738025415445
svd,RobustScaler,False,svm,39,0.8071692902115158,0.815709754474144
svd,RobustScaler,False,knn,39,0.6714389250433759,0.6754071226209906
svd,RobustScaler,False,gaussianNB,39,0.659697857824323,0.659697857824323
svd,RobustScaler,False,lda,39,0.8234986087649634,0.8234986087649634
svd,RobustScaler,False,qda,39,0.6854466635449713,0.6857432707017692
svd,RobustScaler,False,dt,39,0.7940370730611879,0.7940370730611879
svd,RobustScaler,False,rf,39,0.8256809552977545,0.8256809552977545
svd,RobustScaler,False,adaboost,39,0.8180425084953139,0.8180425084953139
svd,RobustScaler,False,mlp,39,0.7747364003828487,0.7925171066408824
voiced,RobustScaler,False,svm,39,0.5568716931216932,0.5631216931216931
voiced,RobustScaler,False,knn,39,0.5242162698412698,0.5132837301587301
voiced,RobustScaler,False,gaussianNB,39,0.5510780423280424,0.5510780423280424
voiced,RobustScaler,False,lda,39,0.5310449735449735,0.5310449735449735
voiced,RobustScaler,False,qda,39,0.5239351851851852,0.5029728835978836
voiced,RobustScaler,False,dt,39,0.5681712962962963,0.5681712962962963
voiced,RobustScaler,False,rf,39,0.5944940476190477,0.5944940476190477
voiced,RobustScaler,False,adaboost,39,0.5917526455026454,0.5917526455026454
voiced,RobustScaler,False,mlp,39,0.545433201058201,0.5564715608465608
svd,RobustScaler,True,svm,40,0.8118841391251423,0.8118815226939544
svd,RobustScaler,True,knn,40,0.6829923584231109,0.6852397094000148
svd,RobustScaler,True,gaussianNB,40,0.6635664608020115,0.6628193507691872
svd,RobustScaler,True,lda,40,0.8299966373139765,0.8299966373139765
svd,RobustScaler,True,qda,40,0.6914950207916402,0.6917397760363955
svd,RobustScaler,True,dt,40,0.7736849864058152,0.7736849864058152
svd,RobustScaler,True,rf,40,0.8210305270883242,0.8210305270883242
svd,RobustScaler,True,adaboost,40,0.8334759842120804,0.8334759842120804
svd,RobustScaler,True,mlp,40,0.7869685784952961,0.7868008145979793
voiced,RobustScaler,True,svm,40,0.5695845552297165,0.5523118279569892
voiced,RobustScaler,True,knn,40,0.5184604105571848,0.516485826001955
voiced,RobustScaler,True,gaussianNB,40,0.5578250244379277,0.5578250244379277
voiced,RobustScaler,True,lda,40,0.5857282502443792,0.5857282502443792
voiced,RobustScaler,True,qda,40,0.4977126099706745,0.5027126099706745
voiced,RobustScaler,True,dt,40,0.560386119257087,0.5694770283479962
voiced,RobustScaler,True,rf,40,0.6092424242424243,0.6092424242424243
voiced,RobustScaler,True,adaboost,40,0.549130009775171,0.5457966764418377
voiced,RobustScaler,True,mlp,40,0.6103421309872922,0.5696285434995112
svd,RobustScaler,False,svm,40,0.8013583034561386,0.8021101831553867
svd,RobustScaler,False,knn,40,0.6723502949967564,0.672175857156493
svd,RobustScaler,False,gaussianNB,40,0.6635795103530984,0.6635795103530984
svd,RobustScaler,False,lda,40,0.8267677920014878,0.8267677920014878
svd,RobustScaler,False,qda,40,0.6882686515892329,0.6877896773633693
svd,RobustScaler,False,dt,40,0.7879397063343495,0.7879397063343495
svd,RobustScaler,False,rf,40,0.8190383903316508,0.8190383903316508
svd,RobustScaler,False,adaboost,40,0.8150868474092923,0.8150868474092923
svd,RobustScaler,False,mlp,40,0.7823261928582059,0.7853909814419527
voiced,RobustScaler,False,svm,40,0.5196145386871194,0.5030674612126225
voiced,RobustScaler,False,knn,40,0.5015875253778479,0.5409131795623731
voiced,RobustScaler,False,gaussianNB,40,0.553929023485475,0.553929023485475
voiced,RobustScaler,False,lda,40,0.46257160626112237,0.46257160626112237
voiced,RobustScaler,False,qda,40,0.5117784231897134,0.5088775158533223
voiced,RobustScaler,False,dt,40,0.629765897185252,0.629765897185252
voiced,RobustScaler,False,rf,40,0.5781892278868085,0.5781892278868085
voiced,RobustScaler,False,adaboost,40,0.5716682958618442,0.5716682958618442
voiced,RobustScaler,False,mlp,40,0.5302089912775396,0.5499108172293655
svd,RobustScaler,True,svm,41,0.804037166032804,0.8088789908746289
svd,RobustScaler,True,knn,41,0.7018720955525753,0.6912078488577944
svd,RobustScaler,True,gaussianNB,41,0.663109269864995,0.6628600098556477
svd,RobustScaler,True,lda,41,0.8211644880020016,0.8211644880020016
svd,RobustScaler,True,qda,41,0.6925430058854269,0.6925223122933046
svd,RobustScaler,True,dt,41,0.7833036574476051,0.7833036574476051
svd,RobustScaler,True,rf,41,0.8215737951615815,0.8215737951615815
svd,RobustScaler,True,adaboost,41,0.8073897349469868,0.8073897349469868
svd,RobustScaler,True,mlp,41,0.7998150922142199,0.7886742392467583
voiced,RobustScaler,True,svm,41,0.5006060606060606,0.5203030303030303
voiced,RobustScaler,True,knn,41,0.49586510263929623,0.49510752688172044
voiced,RobustScaler,True,gaussianNB,41,0.5569550342130987,0.5569550342130987
voiced,RobustScaler,True,lda,41,0.5230156402737047,0.5230156402737047
voiced,RobustScaler,True,qda,41,0.5017350928641251,0.48727761485826004
voiced,RobustScaler,True,dt,41,0.5697360703812316,0.5697360703812316
voiced,RobustScaler,True,rf,41,0.5421212121212122,0.5421212121212122
voiced,RobustScaler,True,adaboost,41,0.594692082111437,0.594692082111437
voiced,RobustScaler,True,mlp,41,0.5221847507331379,0.5527908113391984
svd,RobustScaler,False,svm,41,0.8182925935347161,0.8182925935347161
svd,RobustScaler,False,knn,41,0.6778154231784377,0.6754338489936575
svd,RobustScaler,False,gaussianNB,41,0.6622455097489424,0.6622455097489424
svd,RobustScaler,False,lda,41,0.8208462171782995,0.8208462171782995
svd,RobustScaler,False,qda,41,0.6877190094427045,0.6856909061863525
svd,RobustScaler,False,dt,41,0.7712360881500095,0.7712360881500095
svd,RobustScaler,False,rf,41,0.8222493155359757,0.8222493155359757
svd,RobustScaler,False,adaboost,41,0.818556252399873,0.818556252399873
svd,RobustScaler,False,mlp,41,0.7758676740199123,0.7718077558917068
voiced,RobustScaler,False,svm,41,0.5225991066723825,0.5330368171100929
voiced,RobustScaler,False,knn,41,0.46466480677687577,0.4475988052496673
voiced,RobustScaler,False,gaussianNB,41,0.5539763907867357,0.5539763907867357
voiced,RobustScaler,False,lda,41,0.4864261592494351,0.4864261592494351
voiced,RobustScaler,False,qda,41,0.5373487695254937,0.5006160689565862
voiced,RobustScaler,False,dt,41,0.5729425443649582,0.5729425443649582
voiced,RobustScaler,False,rf,41,0.5906129989104126,0.5906129989104126
voiced,RobustScaler,False,adaboost,41,0.6002963487661763,0.6002963487661763
voiced,RobustScaler,False,mlp,41,0.5575714483473104,0.5421531740928293
svd,RobustScaler,True,svm,42,0.8126893172258495,0.8124419455499062
svd,RobustScaler,True,knn,42,0.6750706962975229,0.6800804629757737
svd,RobustScaler,True,gaussianNB,42,0.6653630720424614,0.6653630720424614
svd,RobustScaler,True,lda,42,0.8298498212075092,0.8298498212075092
svd,RobustScaler,True,qda,42,0.6932841386167449,0.6927739345351123
svd,RobustScaler,True,dt,42,0.7965515999812619,0.7965515999812619
svd,RobustScaler,True,rf,42,0.8155410038888775,0.8155410038888775
svd,RobustScaler,True,adaboost,42,0.8155458645316879,0.8155458645316879
svd,RobustScaler,True,mlp,42,0.7959183945825168,0.7987138579341415
voiced,RobustScaler,True,svm,42,0.49354349951124143,0.4868768328445747
voiced,RobustScaler,True,knn,42,0.4717693059628544,0.44272238514173995
voiced,RobustScaler,True,gaussianNB,42,0.5496383186705768,0.5496383186705768
voiced,RobustScaler,True,lda,42,0.5147556207233627,0.5147556207233627
voiced,RobustScaler,True,qda,42,0.5303323558162267,0.486969696969697
voiced,RobustScaler,True,dt,42,0.5436510263929619,0.5436510263929619
voiced,RobustScaler,True,rf,42,0.5538954056695993,0.5538954056695993
voiced,RobustScaler,True,adaboost,42,0.5817497556207234,0.5817497556207234
voiced,RobustScaler,True,mlp,42,0.515752688172043,0.5188709677419355
svd,RobustScaler,False,svm,42,0.8074775406142012,0.8075331657011153
svd,RobustScaler,False,knn,42,0.6868529547191674,0.6918734136858966
svd,RobustScaler,False,gaussianNB,42,0.6613514105548358,0.6613514105548358
svd,RobustScaler,False,lda,42,0.8152108336498542,0.8152108336498542
svd,RobustScaler,False,qda,42,0.6916060668174948,0.6910713074592062
svd,RobustScaler,False,dt,42,0.7903527067535439,0.7903527067535439
svd,RobustScaler,False,rf,42,0.8202786786582756,0.8202786786582756
svd,RobustScaler,False,adaboost,42,0.8236590557298221,0.8236590557298221
svd,RobustScaler,False,mlp,42,0.7928279003048082,0.786703045344824
voiced,RobustScaler,False,svm,42,0.5442613636363636,0.5533522727272727
voiced,RobustScaler,False,knn,42,0.518996212121212,0.507594696969697
voiced,RobustScaler,False,gaussianNB,42,0.5330492424242423,0.5330492424242423
voiced,RobustScaler,False,lda,42,0.5132007575757576,0.5132007575757576
voiced,RobustScaler,False,qda,42,0.5246401515151515,0.5072222222222222
voiced,RobustScaler,False,dt,42,0.5633838383838384,0.5633838383838384
voiced,RobustScaler,False,rf,42,0.5494949494949495,0.5494949494949495
voiced,RobustScaler,False,adaboost,42,0.5610416666666667,0.5610416666666667
voiced,RobustScaler,False,mlp,42,0.5645833333333333,0.5230618686868687
svd,RobustScaler,True,svm,43,0.8083048612601502,0.8067839267239485
svd,RobustScaler,True,knn,43,0.6702601506091146,0.6707894722507591
svd,RobustScaler,True,gaussianNB,43,0.6590048174290268,0.6579883039534076
svd,RobustScaler,True,lda,43,0.8181077083585263,0.8181077083585263
svd,RobustScaler,True,qda,43,0.6874560535792815,0.6871879883112163
svd,RobustScaler,True,dt,43,0.7992859485116847,0.7992859485116847
svd,RobustScaler,True,rf,43,0.8187408828902832,0.8187408828902832
svd,RobustScaler,True,adaboost,43,0.8210923718230152,0.8210923718230152
svd,RobustScaler,True,mlp,43,0.7921240482527288,0.7931431781595359
voiced,RobustScaler,True,svm,43,0.5130303030303031,0.4956060606060606
voiced,RobustScaler,True,knn,43,0.4916422287390029,0.48174975562072336
voiced,RobustScaler,True,gaussianNB,43,0.5590566959921798,0.5590566959921798
voiced,RobustScaler,True,lda,43,0.6410752688172042,0.6410752688172042
voiced,RobustScaler,True,qda,43,0.5030498533724341,0.47039100684261975
voiced,RobustScaler,True,dt,43,0.5284799608993158,0.5284799608993158
voiced,RobustScaler,True,rf,43,0.5193695014662756,0.5260361681329423
voiced,RobustScaler,True,adaboost,43,0.5757771260997068,0.5757771260997068
voiced,RobustScaler,True,mlp,43,0.5639784946236559,0.5697800586510264
svd,RobustScaler,False,svm,43,0.8100196493965488,0.8091156243435875
svd,RobustScaler,False,knn,43,0.6739289804091975,0.6767439389119829
svd,RobustScaler,False,gaussianNB,43,0.6641837829691103,0.6641837829691103
svd,RobustScaler,False,lda,43,0.8202380788884337,0.8202380788884337
svd,RobustScaler,False,qda,43,0.6893132808990318,0.6865046083355606
svd,RobustScaler,False,dt,43,0.8041614391978748,0.8041614391978748
svd,RobustScaler,False,rf,43,0.8160196237188648,0.8168743245735657
svd,RobustScaler,False,adaboost,43,0.8189353773338883,0.8189353773338883
svd,RobustScaler,False,mlp,43,0.7851840350585124,0.7913832344479641
voiced,RobustScaler,False,svm,43,0.5397548143147828,0.5323440251432138
voiced,RobustScaler,False,knn,43,0.5344008376626318,0.5263925925543409
voiced,RobustScaler,False,gaussianNB,43,0.532867343675104,0.532867343675104
voiced,RobustScaler,False,lda,43,0.5344402930707975,0.5344402930707975
voiced,RobustScaler,False,qda,43,0.5245975969983037,0.5156166937165432
voiced,RobustScaler,False,dt,43,0.6068349206247524,0.6068349206247524
voiced,RobustScaler,False,rf,43,0.5868989758523881,0.5868989758523881
voiced,RobustScaler,False,adaboost,43,0.5611755368233154,0.5611755368233154
voiced,RobustScaler,False,mlp,43,0.5675541970951903,0.5536164107436109
svd,RobustScaler,True,svm,44,0.8081430147460681,0.8086474358066505
svd,RobustScaler,True,knn,44,0.6643434464481357,0.6749944330478681
svd,RobustScaler,True,gaussianNB,44,0.6630463411543019,0.6630463411543019
svd,RobustScaler,True,lda,44,0.8221738802818411,0.8221738802818411
svd,RobustScaler,True,qda,44,0.6925408052507289,0.6920279847379084
svd,RobustScaler,True,dt,44,0.7865026739890426,0.7865026739890426
svd,RobustScaler,True,rf,44,0.826635414748828,0.826635414748828
svd,RobustScaler,True,adaboost,44,0.8222869950841597,0.8222869950841597
svd,RobustScaler,True,mlp,44,0.7802141115881575,0.7729885545207246
voiced,RobustScaler,True,svm,44,0.49854349951124144,0.5268768328445748
voiced,RobustScaler,True,knn,44,0.4947556207233627,0.5485434995112415
voiced,RobustScaler,True,gaussianNB,44,0.5618670576735093,0.5618670576735093
voiced,RobustScaler,True,lda,44,0.543841642228739,0.543841642228739
voiced,RobustScaler,True,qda,44,0.4661534701857283,0.4858308895405671
voiced,RobustScaler,True,dt,44,0.5845845552297165,0.5979178885630498
voiced,RobustScaler,True,rf,44,0.5405180840664712,0.5321847507331379
voiced,RobustScaler,True,adaboost,44,0.623782991202346,0.623782991202346
voiced,RobustScaler,True,mlp,44,0.6197360703812317,0.62291788856305
svd,RobustScaler,False,svm,44,0.8061602212339418,0.8041310179832919
svd,RobustScaler,False,knn,44,0.6854656860829078,0.6864964434031802
svd,RobustScaler,False,gaussianNB,44,0.65979257775038,0.6605677715488296
svd,RobustScaler,False,lda,44,0.8280351707156932,0.8280351707156932
svd,RobustScaler,False,qda,44,0.6896485096279678,0.6883733031751158
svd,RobustScaler,False,dt,44,0.7885103160049608,0.7885103160049608
svd,RobustScaler,False,rf,44,0.8073596999790176,0.8073596999790176
svd,RobustScaler,False,adaboost,44,0.8034248347916142,0.8034248347916142
svd,RobustScaler,False,mlp,44,0.7943835867597734,0.7931684531318788
voiced,RobustScaler,False,svm,44,0.59627176679457,0.5868778274006304
voiced,RobustScaler,False,knn,44,0.49019862537660097,0.5425199630427662
voiced,RobustScaler,False,gaussianNB,44,0.5233173037566808,0.5233173037566808
voiced,RobustScaler,False,lda,44,0.5536860111832304,0.5536860111832304
voiced,RobustScaler,False,qda,44,0.489713495008267,0.5118752042667504
voiced,RobustScaler,False,dt,44,0.534516464872416,0.534516464872416
voiced,RobustScaler,False,rf,44,0.5518484487950561,0.5518484487950561
voiced,RobustScaler,False,adaboost,44,0.5335157383711333,0.5335157383711333
voiced,RobustScaler,False,mlp,44,0.5507164118788146,0.5609545071169098
svd,RobustScaler,True,svm,45,0.795381281749875,0.801488507857101
svd,RobustScaler,True,knn,45,0.6901745963959705,0.6866049962396745
svd,RobustScaler,True,gaussianNB,45,0.6620171613192333,0.6615043408064127
svd,RobustScaler,True,lda,45,0.8223835216038051,0.8223835216038051
svd,RobustScaler,True,qda,45,0.6909873732229239,0.6909873732229239
svd,RobustScaler,True,dt,45,0.7952264819876598,0.7952264819876598
svd,RobustScaler,True,rf,45,0.8223218711495701,0.8223218711495701
svd,RobustScaler,True,adaboost,45,0.8075947371421744,0.8075947371421744
svd,RobustScaler,True,mlp,45,0.7954678327851719,0.7977342268781745
voiced,RobustScaler,True,svm,45,0.5227223851417401,0.5210557184750734
voiced,RobustScaler,True,knn,45,0.5531720430107527,0.529731182795699
voiced,RobustScaler,True,gaussianNB,45,0.5561534701857282,0.5561534701857282
voiced,RobustScaler,True,lda,45,0.5362658846529814,0.5362658846529814
voiced,RobustScaler,True,qda,45,0.525674486803519,0.50841642228739
voiced,RobustScaler,True,dt,45,0.5764027370478984,0.5764027370478984
voiced,RobustScaler,True,rf,45,0.5378299120234604,0.5378299120234604
voiced,RobustScaler,True,adaboost,45,0.589672531769306,0.589672531769306
voiced,RobustScaler,True,mlp,45,0.5686510263929618,0.5311192570869989
svd,RobustScaler,False,svm,45,0.793851018402998,0.7956321620882946
svd,RobustScaler,False,knn,45,0.686745603579347,0.6845584136991272
svd,RobustScaler,False,gaussianNB,45,0.659137109659968,0.6591683474577033
svd,RobustScaler,False,lda,45,0.8259859800855809,0.8259859800855809
svd,RobustScaler,False,qda,45,0.6911715019578892,0.6893985948074077
svd,RobustScaler,False,dt,45,0.7940629036132867,0.7940629036132867
svd,RobustScaler,False,rf,45,0.8155714142674402,0.8155714142674402
svd,RobustScaler,False,adaboost,45,0.8166616259438216,0.8166616259438216
svd,RobustScaler,False,mlp,45,0.7920694265680541,0.792525317242247
voiced,RobustScaler,False,svm,45,0.5591141469746782,0.5545945924551238
voiced,RobustScaler,False,knn,45,0.48629706034354997,0.5146078290954951
voiced,RobustScaler,False,gaussianNB,45,0.5442344467676536,0.5442344467676536
voiced,RobustScaler,False,lda,45,0.5182043781996344,0.5182043781996344
voiced,RobustScaler,False,qda,45,0.5164360728876858,0.5121334784759831
voiced,RobustScaler,False,dt,45,0.5947397305414384,0.5947397305414384
voiced,RobustScaler,False,rf,45,0.558536182525746,0.5518695158590794
voiced,RobustScaler,False,adaboost,45,0.5677935972243373,0.5677935972243373
voiced,RobustScaler,False,mlp,45,0.579826462981112,0.5656889917658419
svd,RobustScaler,True,svm,46,0.8050211656754731,0.8017280302394807
svd,RobustScaler,True,knn,46,0.678365778169486,0.6770145557822767
svd,RobustScaler,True,gaussianNB,46,0.6590210661748284,0.6590210661748284
svd,RobustScaler,True,lda,46,0.8297520164314058,0.8297520164314058
svd,RobustScaler,True,qda,46,0.690524711566151,0.6897522252375033
svd,RobustScaler,True,dt,46,0.7912497135725053,0.7912497135725053
svd,RobustScaler,True,rf,46,0.8240683235339723,0.8240683235339723
svd,RobustScaler,True,adaboost,46,0.8266275654552645,0.8266275654552645
svd,RobustScaler,True,mlp,46,0.783748419882553,0.7898232084164473
voiced,RobustScaler,True,svm,46,0.5226148582600196,0.5687194525904203
voiced,RobustScaler,True,knn,46,0.5447165200391006,0.5443255131964809
voiced,RobustScaler,True,gaussianNB,46,0.5494868035190617,0.5494868035190617
voiced,RobustScaler,True,lda,46,0.48195992179863156,0.48195992179863156
voiced,RobustScaler,True,qda,46,0.5373704789833822,0.5431329423264907
voiced,RobustScaler,True,dt,46,0.6061241446725317,0.6052150537634409
voiced,RobustScaler,True,rf,46,0.5665347018572825,0.5656256109481916
voiced,RobustScaler,True,adaboost,46,0.5494525904203323,0.5494525904203323
voiced,RobustScaler,True,mlp,46,0.5782649071358748,0.5847165200391007
svd,RobustScaler,False,svm,46,0.807539381764391,0.8080586209792824
svd,RobustScaler,False,knn,46,0.6825815862496072,0.6679050206336825
svd,RobustScaler,False,gaussianNB,46,0.6610550135045326,0.6610550135045326
svd,RobustScaler,False,lda,46,0.8252780089960323,0.8252780089960323
svd,RobustScaler,False,qda,46,0.6865959148818235,0.6864759649030432
svd,RobustScaler,False,dt,46,0.7834270607902706,0.7834270607902706
svd,RobustScaler,False,rf,46,0.8191612254321854,0.8191612254321854
svd,RobustScaler,False,adaboost,46,0.8210973042306747,0.8210973042306747
svd,RobustScaler,False,mlp,46,0.7917834095574543,0.7873475695992215
voiced,RobustScaler,False,svm,46,0.5752297941007619,0.5716881274340953
voiced,RobustScaler,False,knn,46,0.4812117236109172,0.5148670266412203
voiced,RobustScaler,False,gaussianNB,46,0.5440530012102592,0.5440530012102592
voiced,RobustScaler,False,lda,46,0.5531024918928145,0.5531024918928145
voiced,RobustScaler,False,qda,46,0.49205977788639077,0.5335838317894769
voiced,RobustScaler,False,dt,46,0.6094484786420271,0.6094484786420271
voiced,RobustScaler,False,rf,46,0.5740005275489146,0.5668576704060575
voiced,RobustScaler,False,adaboost,46,0.6248805644773386,0.6248805644773386
voiced,RobustScaler,False,mlp,46,0.5429213990907539,0.5135726407702215
svd,RobustScaler,True,svm,47,0.8091004796729988,0.8088557244282436
svd,RobustScaler,True,knn,47,0.6823151475932283,0.6770755362412941
svd,RobustScaler,True,gaussianNB,47,0.6606090764923916,0.6621242280075432
svd,RobustScaler,True,lda,47,0.8259714367784161,0.8259714367784161
svd,RobustScaler,True,qda,47,0.6930109004045755,0.6935237209173961
svd,RobustScaler,True,dt,47,0.7775149368987972,0.7775149368987972
svd,RobustScaler,True,rf,47,0.8142616580075686,0.8142616580075686
svd,RobustScaler,True,adaboost,47,0.8137178561169837,0.8137178561169837
svd,RobustScaler,True,mlp,47,0.7935719006547796,0.7860027141161274
voiced,RobustScaler,True,svm,47,0.540405669599218,0.5378739002932551
voiced,RobustScaler,True,knn,47,0.5347800586510264,0.52272238514174
voiced,RobustScaler,True,gaussianNB,47,0.5512170087976539,0.5512170087976539
voiced,RobustScaler,True,lda,47,0.4889931573802541,0.4889931573802541
voiced,RobustScaler,True,qda,47,0.5343743890518085,0.4970527859237537
voiced,RobustScaler,True,dt,47,0.5269208211143696,0.5269208211143696
voiced,RobustScaler,True,rf,47,0.48114369501466275,0.48114369501466275
voiced,RobustScaler,True,adaboost,47,0.6011241446725317,0.6011241446725317
voiced,RobustScaler,True,mlp,47,0.5521358748778104,0.5422434017595308
svd,RobustScaler,False,svm,47,0.8086097265568435,0.8083721671669961
svd,RobustScaler,False,knn,47,0.6753550993327216,0.6825406351481682
svd,RobustScaler,False,gaussianNB,47,0.6614443125749786,0.6614443125749786
svd,RobustScaler,False,lda,47,0.8168928285206384,0.8168928285206384
svd,RobustScaler,False,qda,47,0.6926864397466135,0.6931963436781832
svd,RobustScaler,False,dt,47,0.7906027073437327,0.7906027073437327
svd,RobustScaler,False,rf,47,0.8134850563088744,0.8134850563088744
svd,RobustScaler,False,adaboost,47,0.8198455562152528,0.8198455562152528
svd,RobustScaler,False,mlp,47,0.7787397966653244,0.772348552790183
voiced,RobustScaler,False,svm,47,0.5573970906889427,0.5605220906889427
voiced,RobustScaler,False,knn,47,0.5297007226644324,0.5264285387088502
voiced,RobustScaler,False,gaussianNB,47,0.5773272407205944,0.5773272407205944
voiced,RobustScaler,False,lda,47,0.5430887095848164,0.5430887095848164
voiced,RobustScaler,False,qda,47,0.49564290139165,0.4480683978146437
voiced,RobustScaler,False,dt,47,0.6207501750042074,0.6207501750042074
voiced,RobustScaler,False,rf,47,0.5740558717484467,0.5740558717484467
voiced,RobustScaler,False,adaboost,47,0.5832319935656975,0.5832319935656975
voiced,RobustScaler,False,mlp,47,0.5423400718673244,0.5729922259176987
svd,RobustScaler,True,svm,48,0.8056022222052757,0.8045941081818944
svd,RobustScaler,True,knn,48,0.6799017594546494,0.6809387722419347
svd,RobustScaler,True,gaussianNB,48,0.6620746356515168,0.659242467819349
svd,RobustScaler,True,lda,48,0.8254752372309625,0.8254752372309625
svd,RobustScaler,True,qda,48,0.6910414866848891,0.6917990624424648
svd,RobustScaler,True,dt,48,0.7762916509154241,0.7762916509154241
svd,RobustScaler,True,rf,48,0.8154199925846599,0.8154199925846599
svd,RobustScaler,True,adaboost,48,0.8022647999038404,0.8022647999038404
svd,RobustScaler,True,mlp,48,0.7870883696456217,0.7987090553938974
voiced,RobustScaler,True,svm,48,0.5592375366568916,0.5725708699902248
voiced,RobustScaler,True,knn,48,0.4791544477028348,0.46419843597262955
voiced,RobustScaler,True,gaussianNB,48,0.570307917888563,0.570307917888563
voiced,RobustScaler,True,lda,48,0.5845552297165201,0.5845552297165201
voiced,RobustScaler,True,qda,48,0.45033235581622677,0.49937438905180837
voiced,RobustScaler,True,dt,48,0.6240664711632453,0.6240664711632453
voiced,RobustScaler,True,rf,48,0.5539589442815249,0.5539589442815249
voiced,RobustScaler,True,adaboost,48,0.5487438905180841,0.5487438905180841
voiced,RobustScaler,True,mlp,48,0.5938709677419355,0.561446725317693
svd,RobustScaler,False,svm,48,0.802032080506018,0.8012814133712137
svd,RobustScaler,False,knn,48,0.6932017083920309,0.6868738008917099
svd,RobustScaler,False,gaussianNB,48,0.6590272183346094,0.6600528593602505
svd,RobustScaler,False,lda,48,0.8273494437660899,0.8273494437660899
svd,RobustScaler,False,qda,48,0.687624025445533,0.6881883024383815
svd,RobustScaler,False,dt,48,0.7768072979630295,0.7768072979630295
svd,RobustScaler,False,rf,48,0.8239446959181729,0.8239446959181729
svd,RobustScaler,False,adaboost,48,0.8130069619946443,0.8130069619946443
svd,RobustScaler,False,mlp,48,0.7861160443399748,0.7853000587981591
voiced,RobustScaler,False,svm,48,0.5441988558212467,0.5007579956061929
voiced,RobustScaler,False,knn,48,0.4756241825501787,0.5075689532900158
voiced,RobustScaler,False,gaussianNB,48,0.5472544638578795,0.550825892429308
voiced,RobustScaler,False,lda,48,0.5996424578303137,0.5996424578303137
voiced,RobustScaler,False,qda,48,0.48034903567161624,0.48056589660953986
voiced,RobustScaler,False,dt,48,0.6257374367146664,0.6257374367146664
voiced,RobustScaler,False,rf,48,0.5461447126912022,0.5461447126912022
voiced,RobustScaler,False,adaboost,48,0.6163413661326376,0.6163413661326376
voiced,RobustScaler,False,mlp,48,0.5368017392685325,0.5555989825060034
svd,RobustScaler,True,svm,49,0.8113780675885366,0.8106204918309607
svd,RobustScaler,True,knn,49,0.6831433234159515,0.685996734998916
svd,RobustScaler,True,gaussianNB,49,0.6585751870811849,0.6585751870811849
svd,RobustScaler,True,lda,49,0.8246911685188675,0.8246911685188675
svd,RobustScaler,True,qda,49,0.6899955079453444,0.6892198550268344
svd,RobustScaler,True,dt,49,0.7912487476173409,0.7912487476173409
svd,RobustScaler,True,rf,49,0.8185136546477878,0.8185136546477878
svd,RobustScaler,True,adaboost,49,0.8197381589693477,0.8197381589693477
svd,RobustScaler,True,mlp,49,0.7897727372591059,0.7819152821006693
voiced,RobustScaler,True,svm,49,0.5244525904203323,0.5328934506353861
voiced,RobustScaler,True,knn,49,0.46835288367546435,0.4435043988269795
voiced,RobustScaler,True,gaussianNB,49,0.5437927663734115,0.5437927663734115
voiced,RobustScaler,True,lda,49,0.4995796676441838,0.4995796676441838
voiced,RobustScaler,True,qda,49,0.5361339198435973,0.5014809384164223
voiced,RobustScaler,True,dt,49,0.587375366568915,0.587375366568915
voiced,RobustScaler,True,rf,49,0.5269648093841642,0.5269648093841642
voiced,RobustScaler,True,adaboost,49,0.5655376344086022,0.5655376344086022
voiced,RobustScaler,True,mlp,49,0.5417057673509287,0.5233284457478006
svd,RobustScaler,False,svm,49,0.8042103052536375,0.8020989873285865
svd,RobustScaler,False,knn,49,0.6732042823435329,0.6831923371245336
svd,RobustScaler,False,gaussianNB,49,0.6588131688899571,0.6588558012440382
svd,RobustScaler,False,lda,49,0.823000328820725,0.823000328820725
svd,RobustScaler,False,qda,49,0.6914807850574156,0.6895478229513314
svd,RobustScaler,False,dt,49,0.7823286547362714,0.7823286547362714
svd,RobustScaler,False,rf,49,0.8169919930674088,0.8169919930674088
svd,RobustScaler,False,adaboost,49,0.8145610303636946,0.8145610303636946
svd,RobustScaler,False,mlp,49,0.7872883199661868,0.784337913121828
voiced,RobustScaler,False,svm,49,0.5814777750984648,0.5596961659030625
voiced,RobustScaler,False,knn,49,0.5159446587894865,0.4955696889317579
voiced,RobustScaler,False,gaussianNB,49,0.5590678000160758,0.5556195241540068
voiced,RobustScaler,False,lda,49,0.4858530262840607,0.4858530262840607
voiced,RobustScaler,False,qda,49,0.5230329153605016,0.4879527369182542
voiced,RobustScaler,False,dt,49,0.5900717386062214,0.5900717386062214
voiced,RobustScaler,False,rf,49,0.5675419982316534,0.5675419982316534
voiced,RobustScaler,False,adaboost,49,0.6033335342818101,0.6033335342818101
voiced,RobustScaler,False,mlp,49,0.5821654207861104,0.5528106663451491
svd,RobustScaler,True,svm,50,0.8137012660186052,0.8078571101744494
svd,RobustScaler,True,knn,50,0.6777689649499901,0.6731964836326887
svd,RobustScaler,True,gaussianNB,50,0.6674220853664692,0.6681796611240449
svd,RobustScaler,True,lda,50,0.821708229974315,0.821708229974315
svd,RobustScaler,True,qda,50,0.6905589630289739,0.6910717835417944
svd,RobustScaler,True,dt,50,0.8000074443913048,0.8000074443913048
svd,RobustScaler,True,rf,50,0.8123932283637846,0.8123932283637846
svd,RobustScaler,True,adaboost,50,0.8051412836527341,0.8051412836527341
svd,RobustScaler,True,mlp,50,0.7839358369729144,0.7814105051618683
voiced,RobustScaler,True,svm,50,0.5354692082111437,0.5378934506353861
voiced,RobustScaler,True,knn,50,0.46904692082111443,0.46082111436950146
voiced,RobustScaler,True,gaussianNB,50,0.5441642228739003,0.5441642228739003
voiced,RobustScaler,True,lda,50,0.5351417399804497,0.5351417399804497
voiced,RobustScaler,True,qda,50,0.4513196480938417,0.4718035190615836
voiced,RobustScaler,True,dt,50,0.5547800586510264,0.5547800586510264
voiced,RobustScaler,True,rf,50,0.5495454545454546,0.5495454545454546
voiced,RobustScaler,True,adaboost,50,0.5895650048875856,0.5862316715542522
voiced,RobustScaler,True,mlp,50,0.5465102639296188,0.5730694037145649
svd,RobustScaler,False,svm,50,0.7967663286660992,0.7980280612403414
svd,RobustScaler,False,knn,50,0.6930130442298144,0.6958822454031104
svd,RobustScaler,False,gaussianNB,50,0.6589820240205084,0.6589820240205084
svd,RobustScaler,False,lda,50,0.8284326082060985,0.8284326082060985
svd,RobustScaler,False,qda,50,0.6937505493525224,0.6912074580340074
svd,RobustScaler,False,dt,50,0.7924096289186875,0.7924096289186875
svd,RobustScaler,False,rf,50,0.8258330694775271,0.8279492818161209
svd,RobustScaler,False,adaboost,50,0.8207040094780623,0.8207040094780623
svd,RobustScaler,False,mlp,50,0.7907761518910101,0.7984826410554442
voiced,RobustScaler,False,svm,50,0.5426680862241207,0.5341882327442672
voiced,RobustScaler,False,knn,50,0.5006212106858658,0.506686244789693
voiced,RobustScaler,False,gaussianNB,50,0.5641462201591512,0.5641462201591512
voiced,RobustScaler,False,lda,50,0.5242144134601031,0.5242144134601031
voiced,RobustScaler,False,qda,50,0.5111064725504381,0.5124283331610917
voiced,RobustScaler,False,dt,50,0.5917770447942863,0.5529891660064075
voiced,RobustScaler,False,rf,50,0.5163038470150539,0.5163038470150539
voiced,RobustScaler,False,adaboost,50,0.5353083626143971,0.5353083626143971
voiced,RobustScaler,False,mlp,50,0.5230281213039834,0.5379899410933894
svd,RobustScaler,True,svm,51,0.808631112616936,0.8086227131646979
svd,RobustScaler,True,knn,51,0.6885179342649355,0.6860560214049853
svd,RobustScaler,True,gaussianNB,51,0.6546881072399066,0.6546881072399066
svd,RobustScaler,True,lda,51,0.8236495166048057,0.8236495166048057
svd,RobustScaler,True,qda,51,0.6881841640729318,0.6899647644249607
svd,RobustScaler,True,dt,51,0.78733352434552,0.78733352434552
svd,RobustScaler,True,rf,51,0.8116404533307477,0.8116404533307477
svd,RobustScaler,True,adaboost,51,0.8133964654030084,0.8133964654030084
svd,RobustScaler,True,mlp,51,0.7837389800312373,0.7951619028009431
voiced,RobustScaler,True,svm,51,0.56183284457478,0.56183284457478
voiced,RobustScaler,True,knn,51,0.5298191593352883,0.4978494623655914
voiced,RobustScaler,True,gaussianNB,51,0.56227761485826,0.56227761485826
voiced,RobustScaler,True,lda,51,0.4985630498533724,0.4985630498533724
voiced,RobustScaler,True,qda,51,0.5284848484848484,0.529633431085044
voiced,RobustScaler,True,dt,51,0.5856451612903226,0.5765542521994135
voiced,RobustScaler,True,rf,51,0.6054105571847507,0.5963196480938416
voiced,RobustScaler,True,adaboost,51,0.6196089931573802,0.6196089931573802
voiced,RobustScaler,True,mlp,51,0.5352541544477029,0.5368132942326491
svd,RobustScaler,False,svm,51,0.7995715950325459,0.7978135244024689
svd,RobustScaler,False,knn,51,0.6807557436709477,0.6825173946252208
svd,RobustScaler,False,gaussianNB,51,0.663113729132543,0.663113729132543
svd,RobustScaler,False,lda,51,0.8292077551136092,0.8292077551136092
svd,RobustScaler,False,qda,51,0.6946895046985848,0.6918780552447495
svd,RobustScaler,False,dt,51,0.8041732198649342,0.8041732198649342
svd,RobustScaler,False,rf,51,0.8238974059112353,0.8238974059112353
svd,RobustScaler,False,adaboost,51,0.8047080201915773,0.8047080201915773
svd,RobustScaler,False,mlp,51,0.7872336819045461,0.7929288032308484
voiced,RobustScaler,False,svm,51,0.5045139965398586,0.5002699647096199
voiced,RobustScaler,False,knn,51,0.4671416466675088,0.45485949634656536
voiced,RobustScaler,False,gaussianNB,51,0.5477878204171307,0.5477878204171307
voiced,RobustScaler,False,lda,51,0.5062652266316059,0.5062652266316059
voiced,RobustScaler,False,qda,51,0.5023319353060732,0.48167206356861525
voiced,RobustScaler,False,dt,51,0.5631952697685456,0.5631952697685456
voiced,RobustScaler,False,rf,51,0.573417949387777,0.573417949387777
voiced,RobustScaler,False,adaboost,51,0.5393936523246868,0.5393936523246868
voiced,RobustScaler,False,mlp,51,0.5512325916420745,0.551679020213503
svd,RobustScaler,True,svm,52,0.8065777642931404,0.804815241102046
svd,RobustScaler,True,knn,52,0.6837049046918185,0.6824311039741792
svd,RobustScaler,True,gaussianNB,52,0.659575511729274,0.659575511729274
svd,RobustScaler,True,lda,52,0.8165940729572135,0.8165940729572135
svd,RobustScaler,True,qda,52,0.6907628213298879,0.6900052455723121
svd,RobustScaler,True,dt,52,0.785756680614914,0.785756680614914
svd,RobustScaler,True,rf,52,0.8124277322096297,0.8124277322096297
svd,RobustScaler,True,adaboost,52,0.812198125393327,0.812198125393327
svd,RobustScaler,True,mlp,52,0.7804952753535088,0.7807187868474672
voiced,RobustScaler,True,svm,52,0.5510117302052787,0.5476783968719453
voiced,RobustScaler,True,knn,52,0.5314613880742913,0.5060068426197459
voiced,RobustScaler,True,gaussianNB,52,0.5388563049853372,0.5388563049853372
voiced,RobustScaler,True,lda,52,0.5094721407624633,0.5094721407624633
voiced,RobustScaler,True,qda,52,0.5394037145650048,0.4591006842619746
voiced,RobustScaler,True,dt,52,0.6204301075268817,0.6204301075268817
voiced,RobustScaler,True,rf,52,0.5555180840664712,0.5555180840664712
voiced,RobustScaler,True,adaboost,52,0.5676148582600196,0.5676148582600196
voiced,RobustScaler,True,mlp,52,0.6225268817204301,0.605752688172043
svd,RobustScaler,False,svm,52,0.8126180234966313,0.8093138387507608
svd,RobustScaler,False,knn,52,0.6806084552775419,0.6713631774723534
svd,RobustScaler,False,gaussianNB,52,0.6581563421477261,0.6581563421477261
svd,RobustScaler,False,lda,52,0.8194808173291237,0.8194808173291237
svd,RobustScaler,False,qda,52,0.6869508843990022,0.6861731112609439
svd,RobustScaler,False,dt,52,0.778454700481779,0.778454700481779
svd,RobustScaler,False,rf,52,0.8265002368947216,0.8265002368947216
svd,RobustScaler,False,adaboost,52,0.8182475211771305,0.8182475211771305
svd,RobustScaler,False,mlp,52,0.77176103792156,0.7730528856943859
voiced,RobustScaler,False,svm,52,0.5536823579697607,0.5356507487743584
voiced,RobustScaler,False,knn,52,0.5100132091212458,0.5057442425740535
voiced,RobustScaler,False,gaussianNB,52,0.553107465084662,0.553107465084662
voiced,RobustScaler,False,lda,52,0.5101749629217649,0.5101749629217649
voiced,RobustScaler,False,qda,52,0.5008078420467186,0.5349483737074114
voiced,RobustScaler,False,dt,52,0.5994740812837309,0.5994740812837309
voiced,RobustScaler,False,rf,52,0.5564243449511803,0.5564243449511803
voiced,RobustScaler,False,adaboost,52,0.5587351687059696,0.5587351687059696
voiced,RobustScaler,False,mlp,52,0.511369139578956,0.5095619875993902
svd,RobustScaler,True,svm,53,0.7971427046236206,0.7958665253321742
svd,RobustScaler,True,knn,53,0.6844739720475816,0.6768722880173262
svd,RobustScaler,True,gaussianNB,53,0.6614858478489886,0.6614858478489886
svd,RobustScaler,True,lda,53,0.8234392216289708,0.8234392216289708
svd,RobustScaler,True,qda,53,0.692489680439517,0.6924954634605671
svd,RobustScaler,True,dt,53,0.7844741518023961,0.7844741518023961
svd,RobustScaler,True,rf,53,0.8176982051027851,0.8176982051027851
svd,RobustScaler,True,adaboost,53,0.8152124320608507,0.8152124320608507
svd,RobustScaler,True,mlp,53,0.7837596137050881,0.7790691260756691
voiced,RobustScaler,True,svm,53,0.5548875855327469,0.4929178885630499
voiced,RobustScaler,True,knn,53,0.5383724340175954,0.4728739002932551
voiced,RobustScaler,True,gaussianNB,53,0.5660019550342131,0.5660019550342131
voiced,RobustScaler,True,lda,53,0.4653372434017595,0.4653372434017595
voiced,RobustScaler,True,qda,53,0.5009530791788857,0.4935288367546432
voiced,RobustScaler,True,dt,53,0.5866177908113392,0.5866177908113392
voiced,RobustScaler,True,rf,53,0.5300830889540568,0.5300830889540568
voiced,RobustScaler,True,adaboost,53,0.5965102639296187,0.5965102639296187
voiced,RobustScaler,True,mlp,53,0.5559237536656891,0.5484995112414467
svd,RobustScaler,False,svm,53,0.8079473499624784,0.8083347932768798
svd,RobustScaler,False,knn,53,0.6786685411203883,0.6772149635278193
svd,RobustScaler,False,gaussianNB,53,0.6607283258614847,0.661613281613697
svd,RobustScaler,False,lda,53,0.824912054642304,0.824912054642304
svd,RobustScaler,False,qda,53,0.6889537899179546,0.6890717650359297
svd,RobustScaler,False,dt,53,0.7962348695567731,0.7962348695567731
svd,RobustScaler,False,rf,53,0.824180012921909,0.824180012921909
svd,RobustScaler,False,adaboost,53,0.8291598153762593,0.8291598153762593
svd,RobustScaler,False,mlp,53,0.7817743265366136,0.7816100585264731
voiced,RobustScaler,False,svm,53,0.5193961267021612,0.49919410650014095
voiced,RobustScaler,False,knn,53,0.44356831865452556,0.47323342206962893
voiced,RobustScaler,False,gaussianNB,53,0.5462085448076828,0.5455351441342821
voiced,RobustScaler,False,lda,53,0.5146620453301487,0.5146620453301487
voiced,RobustScaler,False,qda,53,0.5099151614668856,0.5076953338806787
voiced,RobustScaler,False,dt,53,0.6271364092484782,0.6271364092484782
voiced,RobustScaler,False,rf,53,0.5554022366522366,0.5554022366522366
voiced,RobustScaler,False,adaboost,53,0.5515071279295417,0.5515071279295417
voiced,RobustScaler,False,mlp,53,0.5503208501268846,0.533704688510723
svd,RobustScaler,True,svm,54,0.8088375873490378,0.8098606119434908
svd,RobustScaler,True,knn,54,0.6930797120001045,0.6893190978414533
svd,RobustScaler,True,gaussianNB,54,0.66280323638557,0.6620456606279943
svd,RobustScaler,True,lda,54,0.8259811144871124,0.8259811144871124
svd,RobustScaler,True,qda,54,0.6876634506896229,0.6866404260951697
svd,RobustScaler,True,dt,54,0.7856094759475349,0.7856094759475349
svd,RobustScaler,True,rf,54,0.819746202543367,0.819746202543367
svd,RobustScaler,True,adaboost,54,0.8164945723124568,0.8164945723124568
svd,RobustScaler,True,mlp,54,0.7888076772373391,0.7898482288340521
voiced,RobustScaler,True,svm,54,0.5345161290322581,0.5552737047898338
voiced,RobustScaler,True,knn,54,0.51772238514174,0.5169208211143695
voiced,RobustScaler,True,gaussianNB,54,0.5537927663734116,0.5537927663734116
voiced,RobustScaler,True,lda,54,0.5433626588465298,0.5433626588465298
voiced,RobustScaler,True,qda,54,0.48947702834799606,0.48434506353861195
voiced,RobustScaler,True,dt,54,0.6063147605083088,0.6063147605083088
voiced,RobustScaler,True,rf,54,0.5342179863147606,0.5492179863147605
voiced,RobustScaler,True,adaboost,54,0.5708651026392962,0.5708651026392962
voiced,RobustScaler,True,mlp,54,0.5449951124144673,0.5466617790811339
svd,RobustScaler,False,svm,54,0.8114736922540262,0.8068930016268239
svd,RobustScaler,False,knn,54,0.6791747270719355,0.683495655785029
svd,RobustScaler,False,gaussianNB,54,0.6598453077960321,0.6598453077960321
svd,RobustScaler,False,lda,54,0.8209749596478086,0.8209749596478086
svd,RobustScaler,False,qda,54,0.6921003563856339,0.6899894455426886
svd,RobustScaler,False,dt,54,0.7938747040919634,0.7938747040919634
svd,RobustScaler,False,rf,54,0.821250768052187,0.820450768052187
svd,RobustScaler,False,adaboost,54,0.8165813306910298,0.8165813306910298
svd,RobustScaler,False,mlp,54,0.7869983877711167,0.7928531933577381
voiced,RobustScaler,False,svm,54,0.5168308702791461,0.5139737274220033
voiced,RobustScaler,False,knn,54,0.5056321839080461,0.4763382594417077
voiced,RobustScaler,False,gaussianNB,54,0.5663464696223317,0.5634893267651888
voiced,RobustScaler,False,lda,54,0.5142610837438424,0.5142610837438424
voiced,RobustScaler,False,qda,54,0.5210098522167488,0.5094663382594418
voiced,RobustScaler,False,dt,54,0.6395730706075533,0.6395730706075533
voiced,RobustScaler,False,rf,54,0.5621592775041051,0.5621592775041051
voiced,RobustScaler,False,adaboost,54,0.5232512315270936,0.5232512315270936
voiced,RobustScaler,False,mlp,54,0.5224384236453201,0.5145812807881773
svd,RobustScaler,True,svm,55,0.8052597656796129,0.8047469451667923
svd,RobustScaler,True,knn,55,0.6778008523646473,0.6792796117005496
svd,RobustScaler,True,gaussianNB,55,0.6615798323813591,0.6605308813324081
svd,RobustScaler,True,lda,55,0.825652424638248,0.825652424638248
svd,RobustScaler,True,qda,55,0.6899749487154068,0.6917374719065014
svd,RobustScaler,True,dt,55,0.7913389100902732,0.7913389100902732
svd,RobustScaler,True,rf,55,0.8146332638644525,0.8146332638644525
svd,RobustScaler,True,adaboost,55,0.8219698712773958,0.8219698712773958
svd,RobustScaler,True,mlp,55,0.7895656088731334,0.7915704488169046
voiced,RobustScaler,True,svm,55,0.5109042033235582,0.5174633431085044
voiced,RobustScaler,True,knn,55,0.45469208211143697,0.47572825024437926
voiced,RobustScaler,True,gaussianNB,55,0.5482942326490714,0.5482942326490714
voiced,RobustScaler,True,lda,55,0.5092766373411534,0.5092766373411534
voiced,RobustScaler,True,qda,55,0.5161143695014664,0.49004398826979473
voiced,RobustScaler,True,dt,55,0.6122482893450635,0.6122482893450635
voiced,RobustScaler,True,rf,55,0.525733137829912,0.525733137829912
voiced,RobustScaler,True,adaboost,55,0.5973998044965787,0.5973998044965787
voiced,RobustScaler,True,mlp,55,0.4917693059628544,0.5067693059628544
svd,RobustScaler,False,svm,55,0.802088660451501,0.8010985614415999
svd,RobustScaler,False,knn,55,0.6900872167843788,0.6827202689620429
svd,RobustScaler,False,gaussianNB,55,0.6617171938974232,0.662502490006881
svd,RobustScaler,False,lda,55,0.8245396548824916,0.8245396548824916
svd,RobustScaler,False,qda,55,0.6863418511213079,0.6855899714220597
svd,RobustScaler,False,dt,55,0.8014564530611306,0.8014564530611306
svd,RobustScaler,False,rf,55,0.8245275686684458,0.8245275686684458
svd,RobustScaler,False,adaboost,55,0.8184401795687741,0.8184401795687741
svd,RobustScaler,False,mlp,55,0.7924543839228523,0.7880388341474852
voiced,RobustScaler,False,svm,55,0.538473630831643,0.5515770791075051
voiced,RobustScaler,False,knn,55,0.5278761637280907,0.48671659645290477
voiced,RobustScaler,False,gaussianNB,55,0.5627999687938836,0.5627999687938836
voiced,RobustScaler,False,lda,55,0.4733469860092578,0.4733469860092578
voiced,RobustScaler,False,qda,55,0.5230282935455348,0.5146551724137931
voiced,RobustScaler,False,dt,55,0.5433304727726634,0.5433304727726634
voiced,RobustScaler,False,rf,55,0.5415293597545119,0.5415293597545119
voiced,RobustScaler,False,adaboost,55,0.5824329068497425,0.5824329068497425
voiced,RobustScaler,False,mlp,55,0.5276500494096843,0.53302322255162
svd,RobustScaler,True,svm,56,0.8106177719045767,0.8103646172075833
svd,RobustScaler,True,knn,56,0.690260136083473,0.6791488664007749
svd,RobustScaler,True,gaussianNB,56,0.6616233457563883,0.6616233457563883
svd,RobustScaler,True,lda,56,0.8264808528439935,0.8264808528439935
svd,RobustScaler,True,qda,56,0.6882116974265285,0.6879643257505853
svd,RobustScaler,True,dt,56,0.7782190237969955,0.7782190237969955
svd,RobustScaler,True,rf,56,0.8172562370381347,0.820812086858979
svd,RobustScaler,True,adaboost,56,0.8083719225158703,0.8083719225158703
svd,RobustScaler,True,mlp,56,0.7943857741676716,0.7956470428880461
voiced,RobustScaler,True,svm,56,0.4863343108504399,0.5189100684261974
voiced,RobustScaler,True,knn,56,0.5194330400782013,0.46205278592375365
voiced,RobustScaler,True,gaussianNB,56,0.539594330400782,0.539594330400782
voiced,RobustScaler,True,lda,56,0.48925219941348974,0.48925219941348974
voiced,RobustScaler,True,qda,56,0.48911045943304005,0.5213929618768328
voiced,RobustScaler,True,dt,56,0.6015298142717498,0.5812952101661779
voiced,RobustScaler,True,rf,56,0.5065786901270772,0.5249120234604107
voiced,RobustScaler,True,adaboost,56,0.538049853372434,0.538049853372434
voiced,RobustScaler,True,mlp,56,0.531119257086999,0.49481915933528836
svd,RobustScaler,False,svm,56,0.8109758882673404,0.8105095435696773
svd,RobustScaler,False,knn,56,0.6850063091416609,0.6841443805411972
svd,RobustScaler,False,gaussianNB,56,0.6613550136905699,0.660869576797366
svd,RobustScaler,False,lda,56,0.8254203163354701,0.8254203163354701
svd,RobustScaler,False,qda,56,0.6907030129054664,0.6902167501563579
svd,RobustScaler,False,dt,56,0.796728851071938,0.796728851071938
svd,RobustScaler,False,rf,56,0.8234631716801152,0.8234631716801152
svd,RobustScaler,False,adaboost,56,0.820714528287734,0.820714528287734
svd,RobustScaler,False,mlp,56,0.7937029901901217,0.7927118615510522
voiced,RobustScaler,False,svm,56,0.4889329938384444,0.4906627918182423
voiced,RobustScaler,False,knn,56,0.49125166592769487,0.455486320162349
voiced,RobustScaler,False,gaussianNB,56,0.5285363701617872,0.5285363701617872
voiced,RobustScaler,False,lda,56,0.5673492983657054,0.5673492983657054
voiced,RobustScaler,False,qda,56,0.4827987909383905,0.49931005744965695
voiced,RobustScaler,False,dt,56,0.6160731847870335,0.6160731847870335
voiced,RobustScaler,False,rf,56,0.5632524040352183,0.5632524040352183
voiced,RobustScaler,False,adaboost,56,0.6224856013934156,0.6224856013934156
voiced,RobustScaler,False,mlp,56,0.5733479798844092,0.5898662741905234
svd,RobustScaler,True,svm,57,0.806293510197545,0.8098599437639786
svd,RobustScaler,True,knn,57,0.6906152426272383,0.684562663799305
svd,RobustScaler,True,gaussianNB,57,0.6646620482389294,0.6636416400756642
svd,RobustScaler,True,lda,57,0.8262292741791107,0.8262292741791107
svd,RobustScaler,True,qda,57,0.6933472616078941,0.6948708125752837
svd,RobustScaler,True,dt,57,0.8019417151369168,0.8019417151369168
svd,RobustScaler,True,rf,57,0.8258493396824912,0.8258493396824912
svd,RobustScaler,True,adaboost,57,0.8164175065211051,0.8164175065211051
svd,RobustScaler,True,mlp,57,0.7949044376198138,0.7875011266450742
voiced,RobustScaler,True,svm,57,0.5003421309872923,0.507008797653959
voiced,RobustScaler,True,knn,57,0.497008797653959,0.490928641251222
voiced,RobustScaler,True,gaussianNB,57,0.5547018572825024,0.5547018572825024
voiced,RobustScaler,True,lda,57,0.5290371456500489,0.5290371456500489
voiced,RobustScaler,True,qda,57,0.521969696969697,0.544286412512219
voiced,RobustScaler,True,dt,57,0.5525073313782991,0.5525073313782991
voiced,RobustScaler,True,rf,57,0.5488954056695993,0.5572287390029326
voiced,RobustScaler,True,adaboost,57,0.6128983382209189,0.6128983382209189
voiced,RobustScaler,True,mlp,57,0.5341739980449658,0.5489589442815249
svd,RobustScaler,False,svm,57,0.8037832023978042,0.8039601623654262
svd,RobustScaler,False,knn,57,0.6799950245426392,0.6792770717925581
svd,RobustScaler,False,gaussianNB,57,0.6653625767397806,0.6653625767397806
svd,RobustScaler,False,lda,57,0.8214577734852148,0.8214577734852148
svd,RobustScaler,False,qda,57,0.6923527348648688,0.6916333104044371
svd,RobustScaler,False,dt,57,0.7904248340377641,0.7904248340377641
svd,RobustScaler,False,rf,57,0.8205160420012746,0.8205160420012746
svd,RobustScaler,False,adaboost,57,0.8132824622038068,0.8132824622038068
svd,RobustScaler,False,mlp,57,0.7873992458679486,0.7881480844475155
voiced,RobustScaler,False,svm,57,0.5126057658816279,0.5329944132001975
voiced,RobustScaler,False,knn,57,0.49546198209157044,0.5403028691738369
voiced,RobustScaler,False,gaussianNB,57,0.5551299355693127,0.5551299355693127
voiced,RobustScaler,False,lda,57,0.527112659926898,0.527112659926898
voiced,RobustScaler,False,qda,57,0.4855693922935303,0.5513850486431131
voiced,RobustScaler,False,dt,57,0.5466940080065775,0.5466940080065775
voiced,RobustScaler,False,rf,57,0.5159844561568698,0.5159844561568698
voiced,RobustScaler,False,adaboost,57,0.5323197411907089,0.5323197411907089
voiced,RobustScaler,False,mlp,57,0.593086475383472,0.5758426081396048
svd,RobustScaler,True,svm,58,0.7984885761276164,0.7969585140413931
svd,RobustScaler,True,knn,58,0.6865845405049331,0.6873264176753816
svd,RobustScaler,True,gaussianNB,58,0.6636254349067872,0.6636254349067872
svd,RobustScaler,True,lda,58,0.8089733458108596,0.8089733458108596
svd,RobustScaler,True,qda,58,0.6925101361742584,0.6925127526054462
svd,RobustScaler,True,dt,58,0.7979596267055372,0.7979596267055372
svd,RobustScaler,True,rf,58,0.8198032883147388,0.8198032883147388
svd,RobustScaler,True,adaboost,58,0.8085452751537812,0.8085452751537812
svd,RobustScaler,True,mlp,58,0.7956569584541231,0.7910729110947214
voiced,RobustScaler,True,svm,58,0.5649315738025414,0.5715982404692082
voiced,RobustScaler,True,knn,58,0.5113343108504399,0.4863343108504399
voiced,RobustScaler,True,gaussianNB,58,0.5735141739980449,0.5735141739980449
voiced,RobustScaler,True,lda,58,0.563108504398827,0.563108504398827
voiced,RobustScaler,True,qda,58,0.48795210166177905,0.4949169110459433
voiced,RobustScaler,True,dt,58,0.6120527859237537,0.6120527859237537
voiced,RobustScaler,True,rf,58,0.5491739980449658,0.5491739980449658
voiced,RobustScaler,True,adaboost,58,0.5761827956989247,0.5761827956989247
voiced,RobustScaler,True,mlp,58,0.5770087976539588,0.5893695014662756
svd,RobustScaler,False,svm,58,0.7984163659912472,0.7993217385337184
svd,RobustScaler,False,knn,58,0.688848622202759,0.6907996841201963
svd,RobustScaler,False,gaussianNB,58,0.6678151489803934,0.6666767154649108
svd,RobustScaler,False,lda,58,0.828323544775533,0.828323544775533
svd,RobustScaler,False,qda,58,0.6910496581348614,0.6915961062222931
svd,RobustScaler,False,dt,58,0.7838093101290228,0.7838093101290228
svd,RobustScaler,False,rf,58,0.8117495971789669,0.8117495971789669
svd,RobustScaler,False,adaboost,58,0.8237975824876639,0.8237975824876639
svd,RobustScaler,False,mlp,58,0.7804980071230033,0.7856577337743315
voiced,RobustScaler,False,svm,58,0.5687725418815519,0.5604392085482186
voiced,RobustScaler,False,knn,58,0.4924842417500927,0.5074842417500927
voiced,RobustScaler,False,gaussianNB,58,0.54032325479489,0.54032325479489
voiced,RobustScaler,False,lda,58,0.5175427242390536,0.5175427242390536
voiced,RobustScaler,False,qda,58,0.5546219705396569,0.5143976472174471
voiced,RobustScaler,False,dt,58,0.5812336940034382,0.5812336940034382
voiced,RobustScaler,False,rf,58,0.5401314591970877,0.5401314591970877
voiced,RobustScaler,False,adaboost,58,0.5620841338861361,0.5620841338861361
voiced,RobustScaler,False,mlp,58,0.5858253278053056,0.5906616779586746
svd,RobustScaler,True,svm,59,0.8058246333818853,0.8038024443749634
svd,RobustScaler,True,knn,59,0.6687271143977795,0.6737626295914192
svd,RobustScaler,True,gaussianNB,59,0.6604938046322997,0.6604938046322997
svd,RobustScaler,True,lda,59,0.8184066950860844,0.8184066950860844
svd,RobustScaler,True,qda,59,0.6876655169621364,0.6876712999831867
svd,RobustScaler,True,dt,59,0.7771359102547761,0.7771359102547761
svd,RobustScaler,True,rf,59,0.82637592687211,0.82637592687211
svd,RobustScaler,True,adaboost,59,0.8202750339446085,0.8202750339446085
svd,RobustScaler,True,mlp,59,0.7819812739060286,0.786036980104592
voiced,RobustScaler,True,svm,59,0.6205131964809384,0.6139540566959922
voiced,RobustScaler,True,knn,59,0.4517937438905181,0.5002785923753665
voiced,RobustScaler,True,gaussianNB,59,0.5393792766373411,0.5393792766373411
voiced,RobustScaler,True,lda,59,0.5537536656891495,0.5537536656891495
voiced,RobustScaler,True,qda,59,0.5009628543499511,0.4941446725317693
voiced,RobustScaler,True,dt,59,0.5860997067448681,0.5860997067448681
voiced,RobustScaler,True,rf,59,0.4969012707722385,0.4969012707722385
voiced,RobustScaler,True,adaboost,59,0.5533284457478006,0.5533284457478006
voiced,RobustScaler,True,mlp,59,0.5526344086021506,0.55183284457478
svd,RobustScaler,False,svm,59,0.805734140561048,0.804988180918268
svd,RobustScaler,False,knn,59,0.6846536616692006,0.673174514302819
svd,RobustScaler,False,gaussianNB,59,0.6627794263088325,0.661075729472105
svd,RobustScaler,False,lda,59,0.8247786673806761,0.8247786673806761
svd,RobustScaler,False,qda,59,0.6893735861604868,0.6920062561439032
svd,RobustScaler,False,dt,59,0.7969980207637523,0.7969980207637523
svd,RobustScaler,False,rf,59,0.8282125159557131,0.828114835858033
svd,RobustScaler,False,adaboost,59,0.8108591272285697,0.8108591272285697
svd,RobustScaler,False,mlp,59,0.7802747318142954,0.7770072638980017
voiced,RobustScaler,False,svm,59,0.573108613833766,0.5358537118729817
voiced,RobustScaler,False,knn,59,0.5284056895606084,0.5296782017002605
voiced,RobustScaler,False,gaussianNB,59,0.5546105145699467,0.5546105145699467
voiced,RobustScaler,False,lda,59,0.6131522166981093,0.6131522166981093
voiced,RobustScaler,False,qda,59,0.46475371695579604,0.5257102523912869
voiced,RobustScaler,False,dt,59,0.5664236253942136,0.5664236253942136
voiced,RobustScaler,False,rf,59,0.5584153262221214,0.5584153262221214
voiced,RobustScaler,False,adaboost,59,0.5903507230599014,0.5903507230599014
voiced,RobustScaler,False,mlp,59,0.5303215648448913,0.5458504109987375
svd,RobustScaler,True,svm,60,0.811070993710034,0.8126094552484956
svd,RobustScaler,True,knn,60,0.6894766919739658,0.6930282149693273
svd,RobustScaler,True,gaussianNB,60,0.66227867189154,0.66227867189154
svd,RobustScaler,True,lda,60,0.8297874862324154,0.8297874862324154
svd,RobustScaler,True,qda,60,0.6982899071121536,0.6954888985968594
svd,RobustScaler,True,dt,60,0.7914403716966422,0.7914403716966422
svd,RobustScaler,True,rf,60,0.8235348094290297,0.8235348094290297
svd,RobustScaler,True,adaboost,60,0.8200360617209036,0.8200360617209036
svd,RobustScaler,True,mlp,60,0.7902052672881463,0.7961946650223639
voiced,RobustScaler,True,svm,60,0.6304056695992181,0.6049511241446727
voiced,RobustScaler,True,knn,60,0.48770283479960896,0.4756207233626589
voiced,RobustScaler,True,gaussianNB,60,0.5559384164222874,0.5559384164222874
voiced,RobustScaler,True,lda,60,0.5580449657869012,0.5580449657869012
voiced,RobustScaler,True,qda,60,0.5150439882697947,0.43560606060606055
voiced,RobustScaler,True,dt,60,0.610386119257087,0.610386119257087
voiced,RobustScaler,True,rf,60,0.5729423264907136,0.5729423264907136
voiced,RobustScaler,True,adaboost,60,0.5661241446725317,0.5661241446725317
voiced,RobustScaler,True,mlp,60,0.5341935483870968,0.5290860215053763
svd,RobustScaler,False,svm,60,0.7997547686333311,0.8010794912695293
svd,RobustScaler,False,knn,60,0.6916904093786084,0.6865965283639948
svd,RobustScaler,False,gaussianNB,60,0.6601573704339231,0.6601573704339231
svd,RobustScaler,False,lda,60,0.8278881695221777,0.8278881695221777
svd,RobustScaler,False,qda,60,0.6885819865952867,0.6890727547397175
svd,RobustScaler,False,dt,60,0.7763070361804021,0.7763070361804021
svd,RobustScaler,False,rf,60,0.8212715161347279,0.8212715161347279
svd,RobustScaler,False,adaboost,60,0.8171093831362647,0.8171093831362647
svd,RobustScaler,False,mlp,60,0.7936009509725729,0.7928806853222665
voiced,RobustScaler,False,svm,60,0.5465775755684478,0.5609397651030511
voiced,RobustScaler,False,knn,60,0.49106267464786735,0.49356488508111224
voiced,RobustScaler,False,gaussianNB,60,0.5733434280391684,0.5733434280391684
voiced,RobustScaler,False,lda,60,0.5115466767850135,0.5115466767850135
voiced,RobustScaler,False,qda,60,0.5144057835335725,0.502869272377386
voiced,RobustScaler,False,dt,60,0.5724208735821312,0.5724208735821312
voiced,RobustScaler,False,rf,60,0.5872215917956283,0.5872215917956283
voiced,RobustScaler,False,adaboost,60,0.5343738563667569,0.5343738563667569
voiced,RobustScaler,False,mlp,60,0.5492888669815648,0.5639375026596121
svd,RobustScaler,True,svm,61,0.8096423932301795,0.807602855160107
svd,RobustScaler,True,knn,61,0.6842405304619046,0.6844996461190573
svd,RobustScaler,True,gaussianNB,61,0.6630748840399876,0.6620628753289604
svd,RobustScaler,True,lda,61,0.8267674709877546,0.8267674709877546
svd,RobustScaler,True,qda,61,0.6914997034953415,0.6886934621176716
svd,RobustScaler,True,dt,61,0.7799992955063838,0.7799992955063838
svd,RobustScaler,True,rf,61,0.8182135676028807,0.8182135676028807
svd,RobustScaler,True,adaboost,61,0.8237626913253958,0.8237626913253958
svd,RobustScaler,True,mlp,61,0.8023130849521254,0.7929175840517171
voiced,RobustScaler,True,svm,61,0.5526344086021506,0.5632404692082111
voiced,RobustScaler,True,knn,61,0.48347507331378303,0.4836265884652982
voiced,RobustScaler,True,gaussianNB,61,0.5593988269794722,0.5593988269794722
voiced,RobustScaler,True,lda,61,0.4975024437927663,0.4975024437927663
voiced,RobustScaler,True,qda,61,0.49518572825024443,0.45726295210166173
voiced,RobustScaler,True,dt,61,0.5313343108504399,0.5313343108504399
voiced,RobustScaler,True,rf,61,0.5738074291300098,0.5802590420332356
voiced,RobustScaler,True,adaboost,61,0.5828347996089932,0.5828347996089932
voiced,RobustScaler,True,mlp,61,0.49267839687194526,0.5192375366568914
svd,RobustScaler,False,svm,61,0.8037108276009002,0.8043710366738368
svd,RobustScaler,False,knn,61,0.6777274665262031,0.6773759823568718
svd,RobustScaler,False,gaussianNB,61,0.6587751463486304,0.6587751463486304
svd,RobustScaler,False,lda,61,0.8143352648396188,0.8143352648396188
svd,RobustScaler,False,qda,61,0.6911920124706944,0.6897835617664692
svd,RobustScaler,False,dt,61,0.7850430246596342,0.7850430246596342
svd,RobustScaler,False,rf,61,0.8204147979162929,0.8204147979162929
svd,RobustScaler,False,adaboost,61,0.8177480718676051,0.8177480718676051
svd,RobustScaler,False,mlp,61,0.7852934010443667,0.7810012461942685
voiced,RobustScaler,False,svm,61,0.5274841176620931,0.548852691616874
voiced,RobustScaler,False,knn,61,0.4961203769657607,0.5262372135342103
voiced,RobustScaler,False,gaussianNB,61,0.5377454704484738,0.5377454704484738
voiced,RobustScaler,False,lda,61,0.5183493845173489,0.5183493845173489
voiced,RobustScaler,False,qda,61,0.5125187573519053,0.5342202810167216
voiced,RobustScaler,False,dt,61,0.5350363065435368,0.5350363065435368
voiced,RobustScaler,False,rf,61,0.5713024714748853,0.5713024714748853
voiced,RobustScaler,False,adaboost,61,0.576337705058506,0.576337705058506
voiced,RobustScaler,False,mlp,61,0.6125676362939989,0.5737819484927383
svd,RobustScaler,True,svm,62,0.8146754699317403,0.8126417148827182
svd,RobustScaler,True,knn,62,0.6773328834015857,0.6702304474878085
svd,RobustScaler,True,gaussianNB,62,0.6623028734261014,0.6643774655006933
svd,RobustScaler,True,lda,62,0.8218425740017888,0.8218425740017888
svd,RobustScaler,True,qda,62,0.6900023168398304,0.6874434471381037
svd,RobustScaler,True,dt,62,0.7837182864391152,0.7837182864391152
svd,RobustScaler,True,rf,62,0.8268855807950682,0.8268855807950682
svd,RobustScaler,True,adaboost,62,0.81647004395096,0.81647004395096
svd,RobustScaler,True,mlp,62,0.7899708724572411,0.7940693040147784
voiced,RobustScaler,True,svm,62,0.5310752688172042,0.5336070381231671
voiced,RobustScaler,True,knn,62,0.47454056695992175,0.4581329423264907
voiced,RobustScaler,True,gaussianNB,62,0.5383626588465298,0.5383626588465298
voiced,RobustScaler,True,lda,62,0.49652492668621695,0.49652492668621695
voiced,RobustScaler,True,qda,62,0.5012463343108504,0.5202492668621701
voiced,RobustScaler,True,dt,62,0.5664027370478983,0.5564027370478983
voiced,RobustScaler,True,rf,62,0.5770332355816227,0.5770332355816227
voiced,RobustScaler,True,adaboost,62,0.55930596285435,0.55930596285435
voiced,RobustScaler,True,mlp,62,0.5028299120234605,0.5159042033235581
svd,RobustScaler,False,svm,62,0.8119801124355381,0.8125687254492368
svd,RobustScaler,False,knn,62,0.6684013276839327,0.6716205039406599
svd,RobustScaler,False,gaussianNB,62,0.6559172670845168,0.6542598085209809
svd,RobustScaler,False,lda,62,0.8244029590254233,0.8244029590254233
svd,RobustScaler,False,qda,62,0.6828390014923803,0.6818070865987632
svd,RobustScaler,False,dt,62,0.7896258126649414,0.7896258126649414
svd,RobustScaler,False,rf,62,0.8228173857884237,0.8228173857884237
svd,RobustScaler,False,adaboost,62,0.8201419801753366,0.8201419801753366
svd,RobustScaler,False,mlp,62,0.7805324597512099,0.7877449198404667
voiced,RobustScaler,False,svm,62,0.5463189413696512,0.5517110982323963
voiced,RobustScaler,False,knn,62,0.4853350478122283,0.4865855911330049
voiced,RobustScaler,False,gaussianNB,62,0.5381856104510769,0.5381856104510769
voiced,RobustScaler,False,lda,62,0.579469839660002,0.579469839660002
voiced,RobustScaler,False,qda,62,0.4686364459576935,0.45370725876557516
voiced,RobustScaler,False,dt,62,0.6195140297498309,0.6111806964164976
voiced,RobustScaler,False,rf,62,0.5428782719984546,0.5684529846421327
voiced,RobustScaler,False,adaboost,62,0.5886600502269873,0.5886600502269873
voiced,RobustScaler,False,mlp,62,0.53335790350623,0.5305007606490871
svd,RobustScaler,True,svm,63,0.8098501462187395,0.8103629667315599
svd,RobustScaler,True,knn,63,0.684228131011119,0.6914847584258708
svd,RobustScaler,True,gaussianNB,63,0.6613252650657231,0.6613252650657231
svd,RobustScaler,True,lda,63,0.8289860412215919,0.8289860412215919
svd,RobustScaler,True,qda,63,0.6909640631996139,0.6917216389571896
svd,RobustScaler,True,dt,63,0.7781310764844026,0.7781310764844026
svd,RobustScaler,True,rf,63,0.8172656024455371,0.8172656024455371
svd,RobustScaler,True,adaboost,63,0.8034536401439345,0.8034536401439345
svd,RobustScaler,True,mlp,63,0.7869910405842794,0.7887315919267938
voiced,RobustScaler,True,svm,63,0.5311192570869989,0.5311192570869989
voiced,RobustScaler,True,knn,63,0.4561436950146628,0.47781036168132945
voiced,RobustScaler,True,gaussianNB,63,0.5515200391006843,0.5515200391006843
voiced,RobustScaler,True,lda,63,0.5767644183773215,0.5767644183773215
voiced,RobustScaler,True,qda,63,0.49709677419354836,0.5242130987292277
voiced,RobustScaler,True,dt,63,0.6196920821114369,0.6196920821114369
voiced,RobustScaler,True,rf,63,0.5480498533724341,0.5480498533724341
voiced,RobustScaler,True,adaboost,63,0.6011241446725318,0.6011241446725318
voiced,RobustScaler,True,mlp,63,0.5849511241446725,0.5749951124144672
svd,RobustScaler,False,svm,63,0.8022367590773458,0.8007136614029691
svd,RobustScaler,False,knn,63,0.684906914547034,0.6925374591951433
svd,RobustScaler,False,gaussianNB,63,0.6622066685125125,0.6622066685125125
svd,RobustScaler,False,lda,63,0.8256458520515503,0.8256458520515503
svd,RobustScaler,False,qda,63,0.6898433618338433,0.6906172176076992
svd,RobustScaler,False,dt,63,0.7816696427141003,0.7816696427141003
svd,RobustScaler,False,rf,63,0.8128917516619583,0.8128917516619583
svd,RobustScaler,False,adaboost,63,0.8096823867237702,0.8096823867237702
svd,RobustScaler,False,mlp,63,0.7926714116381229,0.7939002121442
voiced,RobustScaler,False,svm,63,0.5423925298118847,0.5220221594415142
voiced,RobustScaler,False,knn,63,0.4947619047619048,0.5070572856056728
voiced,RobustScaler,False,gaussianNB,63,0.5627057052863504,0.5627057052863504
voiced,RobustScaler,False,lda,63,0.5051609382254544,0.5051609382254544
voiced,RobustScaler,False,qda,63,0.4332814019910794,0.4763396997267965
voiced,RobustScaler,False,dt,63,0.5673002923002923,0.5673002923002923
voiced,RobustScaler,False,rf,63,0.5301861937345808,0.5301861937345808
voiced,RobustScaler,False,adaboost,63,0.5294316137864525,0.5294316137864525
voiced,RobustScaler,False,mlp,63,0.5212910387103935,0.5488158794610407
svd,RobustScaler,True,svm,64,0.8022330613770091,0.8043102698827889
svd,RobustScaler,True,knn,64,0.6916730670274835,0.6814847584258708
svd,RobustScaler,True,gaussianNB,64,0.6634237772405711,0.6634237772405711
svd,RobustScaler,True,lda,64,0.8216560048457542,0.8216560048457542
svd,RobustScaler,True,qda,64,0.6903145200855124,0.6900464548174472
svd,RobustScaler,True,dt,64,0.7955226144266494,0.7955226144266494
svd,RobustScaler,True,rf,64,0.8147739283617147,0.8152867488745352
svd,RobustScaler,True,adaboost,64,0.8185308856901006,0.8185308856901006
svd,RobustScaler,True,mlp,64,0.7779132735675811,0.7883463374139492
voiced,RobustScaler,True,svm,64,0.5281769305962853,0.5648435972629521
voiced,RobustScaler,True,knn,64,0.4943450635386119,0.49445259042033235
voiced,RobustScaler,True,gaussianNB,64,0.5600244379276637,0.5600244379276637
voiced,RobustScaler,True,lda,64,0.4928690127077224,0.4928690127077224
voiced,RobustScaler,True,qda,64,0.4861485826001955,0.5149120234604105
voiced,RobustScaler,True,dt,64,0.6167888563049854,0.6167888563049854
voiced,RobustScaler,True,rf,64,0.5835483870967741,0.5835483870967741
voiced,RobustScaler,True,adaboost,64,0.5648240469208211,0.5648240469208211
voiced,RobustScaler,True,mlp,64,0.5739345063538611,0.5581769305962855
svd,RobustScaler,False,svm,64,0.8197695357905108,0.82180730190308
svd,RobustScaler,False,knn,64,0.6878724310990247,0.6825534831539386
svd,RobustScaler,False,gaussianNB,64,0.6644221496419587,0.6644221496419587
svd,RobustScaler,False,lda,64,0.8222554811176112,0.8222554811176112
svd,RobustScaler,False,qda,64,0.690326743290981,0.6897862027504404
svd,RobustScaler,False,dt,64,0.7899928954691956,0.7899928954691956
svd,RobustScaler,False,rf,64,0.8259830308160583,0.8259830308160583
svd,RobustScaler,False,adaboost,64,0.8226664117053876,0.8226664117053876
svd,RobustScaler,False,mlp,64,0.7902325421419119,0.7925244923091096
voiced,RobustScaler,False,svm,64,0.5519428882664176,0.5137542794895735
voiced,RobustScaler,False,knn,64,0.48465063803299097,0.46472066604419543
voiced,RobustScaler,False,gaussianNB,64,0.557573723934018,0.557573723934018
voiced,RobustScaler,False,lda,64,0.5287778166822286,0.5287778166822286
voiced,RobustScaler,False,qda,64,0.4882321817615935,0.4723000311235605
voiced,RobustScaler,False,dt,64,0.5645897525676937,0.5645897525676937
voiced,RobustScaler,False,rf,64,0.5705368814192344,0.5460620915032679
voiced,RobustScaler,False,adaboost,64,0.591879474011827,0.5887544740118269
voiced,RobustScaler,False,mlp,64,0.5670909197012138,0.5556637099284158
svd,RobustScaler,True,svm,65,0.8129375513617607,0.8126817802335795
svd,RobustScaler,True,knn,65,0.6816684151907706,0.6796249824330521
svd,RobustScaler,True,gaussianNB,65,0.6618748499773581,0.6639261320286403
svd,RobustScaler,True,lda,65,0.8201585746133183,0.8201585746133183
svd,RobustScaler,True,qda,65,0.6915381183701794,0.6915355019389916
svd,RobustScaler,True,dt,65,0.7954535903936122,0.7954535903936122
svd,RobustScaler,True,rf,65,0.8184812170744559,0.8184812170744559
svd,RobustScaler,True,adaboost,65,0.8095826002423603,0.8095826002423603
svd,RobustScaler,True,mlp,65,0.7840732150437711,0.7856144709525299
voiced,RobustScaler,True,svm,65,0.5124633431085044,0.5091300097751711
voiced,RobustScaler,True,knn,65,0.4606695992179863,0.4485043988269794
voiced,RobustScaler,True,gaussianNB,65,0.5562609970674486,0.5562609970674486
voiced,RobustScaler,True,lda,65,0.5724584555229717,0.5724584555229717
voiced,RobustScaler,True,qda,65,0.5148289345063538,0.4759042033235582
voiced,RobustScaler,True,dt,65,0.550386119257087,0.550386119257087
voiced,RobustScaler,True,rf,65,0.5787634408602151,0.5787634408602151
voiced,RobustScaler,True,adaboost,65,0.544824046920821,0.544824046920821
voiced,RobustScaler,True,mlp,65,0.5366617790811339,0.5432844574780058
svd,RobustScaler,False,svm,65,0.8036014274821308,0.8012634800001008
svd,RobustScaler,False,knn,65,0.6897711010217995,0.6881401281933337
svd,RobustScaler,False,gaussianNB,65,0.662613844913927,0.662613844913927
svd,RobustScaler,False,lda,65,0.8206402108252178,0.8206402108252178
svd,RobustScaler,False,qda,65,0.6912129384836664,0.6899513644095923
svd,RobustScaler,False,dt,65,0.7835234557615632,0.7835234557615632
svd,RobustScaler,False,rf,65,0.8253040176273366,0.8253040176273366
svd,RobustScaler,False,adaboost,65,0.820706464650933,0.820706464650933
svd,RobustScaler,False,mlp,65,0.7860520012536548,0.783847903930409
voiced,RobustScaler,False,svm,65,0.5542178750368405,0.5476445991747716
voiced,RobustScaler,False,knn,65,0.46032051282051284,0.49336796345417033
voiced,RobustScaler,False,gaussianNB,65,0.5593132920719127,0.5593132920719127
voiced,RobustScaler,False,lda,65,0.4675624447391689,0.4675624447391689
voiced,RobustScaler,False,qda,65,0.5422911140583554,0.5284571175950485
voiced,RobustScaler,False,dt,65,0.5533664898320072,0.5533664898320072
voiced,RobustScaler,False,rf,65,0.5413137341585618,0.5413137341585618
voiced,RobustScaler,False,adaboost,65,0.6249907898614795,0.6249907898614795
voiced,RobustScaler,False,mlp,65,0.5360667182434424,0.522647914824639
svd,RobustScaler,True,svm,66,0.8030535059270063,0.8017857260877982
svd,RobustScaler,True,knn,66,0.6904402395133039,0.6950045592357478
svd,RobustScaler,True,gaussianNB,66,0.6583169193583589,0.6583169193583589
svd,RobustScaler,True,lda,66,0.820862334684581,0.820862334684581
svd,RobustScaler,True,qda,66,0.6900440762436401,0.6897786274067628
svd,RobustScaler,True,dt,66,0.7888840439821901,0.7888840439821901
svd,RobustScaler,True,rf,66,0.8119238613077219,0.8119238613077219
svd,RobustScaler,True,adaboost,66,0.8169692920674383,0.8169692920674383
svd,RobustScaler,True,mlp,66,0.793920109334504,0.7939529191274011
voiced,RobustScaler,True,svm,66,0.5293010752688172,0.5206891495601174
voiced,RobustScaler,True,knn,66,0.4935043988269795,0.4651710654936461
voiced,RobustScaler,True,gaussianNB,66,0.557820136852395,0.557820136852395
voiced,RobustScaler,True,lda,66,0.5298826979472141,0.5298826979472141
voiced,RobustScaler,True,qda,66,0.4892033235581622,0.5484066471163245
voiced,RobustScaler,True,dt,66,0.5739345063538612,0.5739345063538612
voiced,RobustScaler,True,rf,66,0.5490664711632454,0.5399755620723363
voiced,RobustScaler,True,adaboost,66,0.5534799608993157,0.5534799608993157
voiced,RobustScaler,True,mlp,66,0.5435434995112415,0.5460752688172044
svd,RobustScaler,False,svm,66,0.8058539161824644,0.8132073057755841
svd,RobustScaler,False,knn,66,0.6765631148433165,0.6821518218422695
svd,RobustScaler,False,gaussianNB,66,0.6644037857653953,0.6660797634190265
svd,RobustScaler,False,lda,66,0.8335301056120785,0.8335301056120785
svd,RobustScaler,False,qda,66,0.6913961734929346,0.6895426091006704
svd,RobustScaler,False,dt,66,0.7987838717256355,0.7987838717256355
svd,RobustScaler,False,rf,66,0.8175372480673767,0.8175372480673767
svd,RobustScaler,False,adaboost,66,0.8112093638876405,0.8112093638876405
svd,RobustScaler,False,mlp,66,0.7855014190167914,0.776849753487862
voiced,RobustScaler,False,svm,66,0.5194971719457013,0.5228059954751131
voiced,RobustScaler,False,knn,66,0.49922398190045253,0.5276042340012929
voiced,RobustScaler,False,gaussianNB,66,0.5361981254040078,0.5361981254040078
voiced,RobustScaler,False,lda,66,0.5560730446024563,0.5560730446024563
voiced,RobustScaler,False,qda,66,0.5201519069166128,0.4998619101486749
voiced,RobustScaler,False,dt,66,0.5400979314802845,0.5400979314802845
voiced,RobustScaler,False,rf,66,0.5200099385908209,0.5200099385908209
voiced,RobustScaler,False,adaboost,66,0.5704452165481577,0.5704452165481577
voiced,RobustScaler,False,mlp,66,0.49677020038784747,0.505231334841629
svd,RobustScaler,True,svm,67,0.8045026220598739,0.8047680708967514
svd,RobustScaler,True,knn,67,0.6890382917700257,0.6939253984837409
svd,RobustScaler,True,gaussianNB,67,0.6624557412779877,0.6644604032826497
svd,RobustScaler,True,lda,67,0.8239307983909946,0.8239307983909946
svd,RobustScaler,True,qda,67,0.6922200990576127,0.6907023311112732
svd,RobustScaler,True,dt,67,0.7891811423763441,0.7891811423763441
svd,RobustScaler,True,rf,67,0.8251150739482256,0.8256278944610461
svd,RobustScaler,True,adaboost,67,0.821651380244619,0.821651380244619
svd,RobustScaler,True,mlp,67,0.7849816214320031,0.7778533770845657
voiced,RobustScaler,True,svm,67,0.5509872922776149,0.5599706744868035
voiced,RobustScaler,True,knn,67,0.4804496578690127,0.468782991202346
voiced,RobustScaler,True,gaussianNB,67,0.5494868035190617,0.5494868035190617
voiced,RobustScaler,True,lda,67,0.50613880742913,0.50613880742913
voiced,RobustScaler,True,qda,67,0.4955474095796676,0.5093988269794721
voiced,RobustScaler,True,dt,67,0.580058651026393,0.580058651026393
voiced,RobustScaler,True,rf,67,0.5101906158357771,0.5101906158357771
voiced,RobustScaler,True,adaboost,67,0.5603616813294232,0.5571358748778104
voiced,RobustScaler,True,mlp,67,0.5568328445747801,0.553455522971652
svd,RobustScaler,False,svm,67,0.7973536274503212,0.7976838374701865
svd,RobustScaler,False,knn,67,0.6743118790468821,0.6796260793314721
svd,RobustScaler,False,gaussianNB,67,0.6600649629851024,0.6600649629851024
svd,RobustScaler,False,lda,67,0.8202947119011869,0.8202947119011869
svd,RobustScaler,False,qda,67,0.6881582036625031,0.6876304063366764
svd,RobustScaler,False,dt,67,0.7948723765121251,0.7948723765121251
svd,RobustScaler,False,rf,67,0.8234215529067166,0.8234215529067166
svd,RobustScaler,False,adaboost,67,0.8151257620318152,0.8151257620318152
svd,RobustScaler,False,mlp,67,0.7825109040605707,0.7783891246199323
voiced,RobustScaler,False,svm,67,0.5137455428821653,0.5137455428821653
voiced,RobustScaler,False,knn,67,0.4406126060846175,0.4441131378109556
voiced,RobustScaler,False,gaussianNB,67,0.5692053688721146,0.5692053688721146
voiced,RobustScaler,False,lda,67,0.52270135225306,0.52270135225306
voiced,RobustScaler,False,qda,67,0.4684072580645161,0.4805131680463749
voiced,RobustScaler,False,dt,67,0.5791727615363763,0.5729227615363763
voiced,RobustScaler,False,rf,67,0.5446876629063536,0.535864133494589
voiced,RobustScaler,False,adaboost,67,0.5615703651187521,0.5615703651187521
voiced,RobustScaler,False,mlp,67,0.5268460808641074,0.5273664428550576
svd,RobustScaler,True,svm,68,0.8103966244587838,0.8086134076755668
svd,RobustScaler,True,knn,68,0.6758361812669338,0.6794283034304844
svd,RobustScaler,True,gaussianNB,68,0.662800857811763,0.6622945484177764
svd,RobustScaler,True,lda,68,0.8239371315707193,0.8239371315707193
svd,RobustScaler,True,qda,68,0.6943183733750801,0.6948311938879006
svd,RobustScaler,True,dt,68,0.7855049821134881,0.7855049821134881
svd,RobustScaler,True,rf,68,0.8147312030027406,0.8137055619770995
svd,RobustScaler,True,adaboost,68,0.8162717308137155,0.8162717308137155
svd,RobustScaler,True,mlp,68,0.792866653520961,0.7834334821848452
voiced,RobustScaler,True,svm,68,0.5817693059628544,0.579345063538612
voiced,RobustScaler,True,knn,68,0.44317693059628543,0.4975904203323559
voiced,RobustScaler,True,gaussianNB,68,0.5618670576735093,0.5618670576735093
voiced,RobustScaler,True,lda,68,0.5674389051808406,0.5674389051808406
voiced,RobustScaler,True,qda,68,0.5217790811339198,0.4773020527859237
voiced,RobustScaler,True,dt,68,0.6029814271749755,0.6029814271749755
voiced,RobustScaler,True,rf,68,0.5335923753665689,0.5335923753665689
voiced,RobustScaler,True,adaboost,68,0.5835923753665689,0.5835923753665689
voiced,RobustScaler,True,mlp,68,0.5889345063538612,0.5698435972629521
svd,RobustScaler,False,svm,68,0.8066982131108453,0.8076139640265965
svd,RobustScaler,False,knn,68,0.6845533766371944,0.6858979009606803
svd,RobustScaler,False,gaussianNB,68,0.6618663871086814,0.6618663871086814
svd,RobustScaler,False,lda,68,0.8263924547157572,0.8263924547157572
svd,RobustScaler,False,qda,68,0.6949164654808891,0.6946883315391986
svd,RobustScaler,False,dt,68,0.7876224046134622,0.7876224046134622
svd,RobustScaler,False,rf,68,0.8174564048654736,0.8174564048654736
svd,RobustScaler,False,adaboost,68,0.8148408974390315,0.8148408974390315
svd,RobustScaler,False,mlp,68,0.7792981584715306,0.7855934994266334
voiced,RobustScaler,False,svm,68,0.5449361517672713,0.5420515363826559
voiced,RobustScaler,False,knn,68,0.48772460224784703,0.5218029882830642
voiced,RobustScaler,False,gaussianNB,68,0.5330332941884175,0.5330332941884175
voiced,RobustScaler,False,lda,68,0.5667097813634816,0.5667097813634816
voiced,RobustScaler,False,qda,68,0.5011484720213373,0.47175424512236663
voiced,RobustScaler,False,dt,68,0.5543537937394674,0.5543537937394674
voiced,RobustScaler,False,rf,68,0.577625009399203,0.577625009399203
voiced,RobustScaler,False,adaboost,68,0.5582932263814616,0.5582932263814616
voiced,RobustScaler,False,mlp,68,0.5486032950288168,0.5443556791089998
svd,RobustScaler,True,svm,69,0.8025360027104848,0.8025360027104848
svd,RobustScaler,True,knn,69,0.6747552828850539,0.6751844229924929
svd,RobustScaler,True,gaussianNB,69,0.6638216381945934,0.665360099733055
svd,RobustScaler,True,lda,69,0.825055656811382,0.825055656811382
svd,RobustScaler,True,qda,69,0.68994792194356,0.6904432154541206
svd,RobustScaler,True,dt,69,0.7789934583773188,0.7789934583773188
svd,RobustScaler,True,rf,69,0.8233575621034728,0.8233575621034728
svd,RobustScaler,True,adaboost,69,0.8140071651358458,0.8140071651358458
svd,RobustScaler,True,mlp,69,0.7919556307015414,0.8036015747248026
voiced,RobustScaler,True,svm,69,0.5393646138807429,0.5425904203323558
voiced,RobustScaler,True,knn,69,0.5371847507331379,0.5163636363636364
voiced,RobustScaler,True,gaussianNB,69,0.5456598240469208,0.5456598240469208
voiced,RobustScaler,True,lda,69,0.4686705767350928,0.4686705767350928
voiced,RobustScaler,True,qda,69,0.5084310850439883,0.4782697947214077
voiced,RobustScaler,True,dt,69,0.5633724340175953,0.5601466275659824
voiced,RobustScaler,True,rf,69,0.5623558162267839,0.5623558162267839
voiced,RobustScaler,True,adaboost,69,0.5691104594330401,0.5658846529814272
voiced,RobustScaler,True,mlp,69,0.5940420332355816,0.5791935483870968
svd,RobustScaler,False,svm,69,0.8072191319652919,0.807751046858909
svd,RobustScaler,False,knn,69,0.6785235190233322,0.6784184207180722
svd,RobustScaler,False,gaussianNB,69,0.6624333922166057,0.6624333922166057
svd,RobustScaler,False,lda,69,0.8180192293418335,0.8180192293418335
svd,RobustScaler,False,qda,69,0.68848024433796,0.6862968975623713
svd,RobustScaler,False,dt,69,0.7969054348185642,0.7969054348185642
svd,RobustScaler,False,rf,69,0.8242495745294798,0.8242495745294798
svd,RobustScaler,False,adaboost,69,0.8128364828771868,0.8128364828771868
svd,RobustScaler,False,mlp,69,0.797396303433645,0.796970241373476
voiced,RobustScaler,False,svm,69,0.5509400851350648,0.5447891065702932
voiced,RobustScaler,False,knn,69,0.4901404538803119,0.48852757120125273
voiced,RobustScaler,False,gaussianNB,69,0.5729194341009757,0.5729194341009757
voiced,RobustScaler,False,lda,69,0.4680771611641287,0.4680771611641287
voiced,RobustScaler,False,qda,69,0.461862493832575,0.4955485309580137
voiced,RobustScaler,False,dt,69,0.5517079849001755,0.5517079849001755
voiced,RobustScaler,False,rf,69,0.5383411629760514,0.5383411629760514
voiced,RobustScaler,False,adaboost,69,0.4966772619865926,0.4966772619865926
voiced,RobustScaler,False,mlp,69,0.5492961333934965,0.538177282544676
svd,RobustScaler,True,svm,70,0.8007197382769901,0.7999595460882266
svd,RobustScaler,True,knn,70,0.6806949230340724,0.6873542905658498
svd,RobustScaler,True,gaussianNB,70,0.6638789618233457,0.6628300107743946
svd,RobustScaler,True,lda,70,0.822680367614937,0.822680367614937
svd,RobustScaler,True,qda,70,0.6918168273021055,0.6910385579524074
svd,RobustScaler,True,dt,70,0.8015738387385062,0.8015738387385062
svd,RobustScaler,True,rf,70,0.8177491519748881,0.8144308781004528
svd,RobustScaler,True,adaboost,70,0.8041046267436671,0.8041046267436671
svd,RobustScaler,True,mlp,70,0.7705965717307046,0.7716117470315943
voiced,RobustScaler,True,svm,70,0.5532209188660802,0.5627908113391984
voiced,RobustScaler,True,knn,70,0.45501955034213104,0.4906891495601172
voiced,RobustScaler,True,gaussianNB,70,0.555615835777126,0.555615835777126
voiced,RobustScaler,True,lda,70,0.4713734115347018,0.4713734115347018
voiced,RobustScaler,True,qda,70,0.503724340175953,0.506930596285435
voiced,RobustScaler,True,dt,70,0.5948240469208211,0.604824046920821
voiced,RobustScaler,True,rf,70,0.554652981427175,0.554652981427175
voiced,RobustScaler,True,adaboost,70,0.5770332355816226,0.5736999022482893
voiced,RobustScaler,True,mlp,70,0.5182209188660801,0.5331133919843598
svd,RobustScaler,False,svm,70,0.8062295913781241,0.807209300167224
svd,RobustScaler,False,knn,70,0.6895872774967529,0.6806003773859588
svd,RobustScaler,False,gaussianNB,70,0.6555471446062489,0.6563471446062489
svd,RobustScaler,False,lda,70,0.8166647326417047,0.8166647326417047
svd,RobustScaler,False,qda,70,0.6882988556418863,0.6887896625201932
svd,RobustScaler,False,dt,70,0.7981913478723996,0.7981913478723996
svd,RobustScaler,False,rf,70,0.8184607516638712,0.8184607516638712
svd,RobustScaler,False,adaboost,70,0.8236874423837237,0.8236874423837237
svd,RobustScaler,False,mlp,70,0.7834273645558778,0.7761264987110682
voiced,RobustScaler,False,svm,70,0.5406157131157132,0.5598464823464824
voiced,RobustScaler,False,knn,70,0.4850187425187425,0.484521762021762
voiced,RobustScaler,False,gaussianNB,70,0.5320811508311507,0.5320811508311507
voiced,RobustScaler,False,lda,70,0.553458410958411,0.553458410958411
voiced,RobustScaler,False,qda,70,0.4934698409698409,0.513030888030888
voiced,RobustScaler,False,dt,70,0.6481914931914933,0.6481914931914933
voiced,RobustScaler,False,rf,70,0.5510019597519598,0.5460019597519598
voiced,RobustScaler,False,adaboost,70,0.5546663246663247,0.5546663246663247
voiced,RobustScaler,False,mlp,70,0.5329896117396117,0.5496450171450171
svd,RobustScaler,True,svm,71,0.8139407884009847,0.816213515673712
svd,RobustScaler,True,knn,71,0.6804591936598479,0.680966959249402
svd,RobustScaler,True,gaussianNB,71,0.6633332715993566,0.6633332715993566
svd,RobustScaler,True,lda,71,0.8222345048626402,0.8222345048626402
svd,RobustScaler,True,qda,71,0.6872034490409626,0.6866990279803802
svd,RobustScaler,True,dt,71,0.7972882878662595,0.7972882878662595
svd,RobustScaler,True,rf,71,0.8213603771728091,0.8213603771728091
svd,RobustScaler,True,adaboost,71,0.8165125314525532,0.8165125314525532
svd,RobustScaler,True,mlp,71,0.7824758393188056,0.7855376738855474
voiced,RobustScaler,True,svm,71,0.4752346041055719,0.5019012707722386
voiced,RobustScaler,True,knn,71,0.4935239491691104,0.5067057673509286
voiced,RobustScaler,True,gaussianNB,71,0.5494232649071359,0.5494232649071359
voiced,RobustScaler,True,lda,71,0.42572336265884647,0.42572336265884647
voiced,RobustScaler,True,qda,71,0.5089931573802542,0.543841642228739
voiced,RobustScaler,True,dt,71,0.5243695014662756,0.5243695014662756
voiced,RobustScaler,True,rf,71,0.518939393939394,0.518939393939394
voiced,RobustScaler,True,adaboost,71,0.5920967741935483,0.5920967741935483
voiced,RobustScaler,True,mlp,71,0.5241739980449658,0.5159481915933528
svd,RobustScaler,False,svm,71,0.8024031951062526,0.8024031951062526
svd,RobustScaler,False,knn,71,0.6822317213481967,0.699422070787088
svd,RobustScaler,False,gaussianNB,71,0.6589494368293993,0.6589494368293993
svd,RobustScaler,False,lda,71,0.8205757667879588,0.8205757667879588
svd,RobustScaler,False,qda,71,0.6859456771137548,0.686040029098688
svd,RobustScaler,False,dt,71,0.7906998263765154,0.7906998263765154
svd,RobustScaler,False,rf,71,0.8180866113752872,0.817334731676039
svd,RobustScaler,False,adaboost,71,0.8106938127158909,0.8106938127158909
svd,RobustScaler,False,mlp,71,0.7996914392281637,0.7903765409009258
voiced,RobustScaler,False,svm,71,0.556836057367244,0.5366894211265407
voiced,RobustScaler,False,knn,71,0.47902383367139956,0.46192447469704057
voiced,RobustScaler,False,gaussianNB,71,0.5568632977063503,0.5568632977063503
voiced,RobustScaler,False,lda,71,0.6043173987101472,0.6043173987101472
voiced,RobustScaler,False,qda,71,0.49803612758100585,0.492500390076455
voiced,RobustScaler,False,dt,71,0.5698579146512717,0.5698579146512717
voiced,RobustScaler,False,rf,71,0.5565470757268425,0.5565470757268425
voiced,RobustScaler,False,adaboost,71,0.5870853487283508,0.5870853487283508
voiced,RobustScaler,False,mlp,71,0.5348173792063244,0.5419526902272847
svd,RobustScaler,True,svm,72,0.7977417202935198,0.8018026593544587
svd,RobustScaler,True,knn,72,0.6768962825614953,0.6852011329274144
svd,RobustScaler,True,gaussianNB,72,0.6656127042713739,0.6656127042713739
svd,RobustScaler,True,lda,72,0.8272681317228756,0.8272681317228756
svd,RobustScaler,True,qda,72,0.691009777209341,0.6912571488852841
svd,RobustScaler,True,dt,72,0.7759173069751041,0.7759173069751041
svd,RobustScaler,True,rf,72,0.8215616789608067,0.8215616789608067
svd,RobustScaler,True,adaboost,72,0.8152486463009909,0.8152486463009909
svd,RobustScaler,True,mlp,72,0.7791129517519921,0.7793608735866098
voiced,RobustScaler,True,svm,72,0.5575708699902248,0.5675708699902249
voiced,RobustScaler,True,knn,72,0.4830254154447703,0.4648435972629521
voiced,RobustScaler,True,gaussianNB,72,0.5594868035190615,0.5594868035190615
voiced,RobustScaler,True,lda,72,0.5480596285434995,0.5480596285434995
voiced,RobustScaler,True,qda,72,0.5159090909090909,0.5428885630498533
voiced,RobustScaler,True,dt,72,0.6106011730205279,0.6106011730205279
voiced,RobustScaler,True,rf,72,0.5190029325513197,0.5190029325513197
voiced,RobustScaler,True,adaboost,72,0.5502199413489737,0.5502199413489737
voiced,RobustScaler,True,mlp,72,0.5575268817204301,0.5780254154447703
svd,RobustScaler,False,svm,72,0.80617219422247,0.8069224590923362
svd,RobustScaler,False,knn,72,0.6861200572316781,0.676005228748372
svd,RobustScaler,False,gaussianNB,72,0.6578994795505586,0.6589198877138239
svd,RobustScaler,False,lda,72,0.8232458772146801,0.8232458772146801
svd,RobustScaler,False,qda,72,0.6923352193731368,0.6930840514233418
svd,RobustScaler,False,dt,72,0.7913704934399003,0.7913704934399003
svd,RobustScaler,False,rf,72,0.8237965102759958,0.8237965102759958
svd,RobustScaler,False,adaboost,72,0.8205771118383666,0.8205771118383666
svd,RobustScaler,False,mlp,72,0.7757984820162322,0.7751259984983195
voiced,RobustScaler,False,svm,72,0.5235960067210066,0.5372732553982553
voiced,RobustScaler,False,knn,72,0.513444515944516,0.4692183254683255
voiced,RobustScaler,False,gaussianNB,72,0.5780534999284999,0.5780534999284999
voiced,RobustScaler,False,lda,72,0.5699521843271842,0.5699521843271842
voiced,RobustScaler,False,qda,72,0.523736414986415,0.49587927212927213
voiced,RobustScaler,False,dt,72,0.5719531138281139,0.5719531138281139
voiced,RobustScaler,False,rf,72,0.5591243922493921,0.5591243922493921
voiced,RobustScaler,False,adaboost,72,0.5974184899184899,0.5974184899184899
voiced,RobustScaler,False,mlp,72,0.5616194766194766,0.579000429000429
svd,RobustScaler,True,svm,73,0.8060607948939463,0.8065555382458328
svd,RobustScaler,True,knn,73,0.6845151812927167,0.6852323358212126
svd,RobustScaler,True,gaussianNB,73,0.6599913154820461,0.6594811114004134
svd,RobustScaler,True,lda,73,0.8295141881019743,0.8295141881019743
svd,RobustScaler,True,qda,73,0.6882030292499213,0.687180004655468
svd,RobustScaler,True,dt,73,0.7850449804648278,0.7850449804648278
svd,RobustScaler,True,rf,73,0.8204981732190021,0.8204981732190021
svd,RobustScaler,True,adaboost,73,0.8187104516711932,0.8187104516711932
svd,RobustScaler,True,mlp,73,0.7860384962184309,0.7810301857357473
voiced,RobustScaler,True,svm,73,0.5699071358748778,0.5674828934506354
voiced,RobustScaler,True,knn,73,0.49476050830889545,0.48157869012707727
voiced,RobustScaler,True,gaussianNB,73,0.5586852394916911,0.5586852394916911
voiced,RobustScaler,True,lda,73,0.5396432062561095,0.5396432062561095
voiced,RobustScaler,True,qda,73,0.46151515151515154,0.4959188660801564
voiced,RobustScaler,True,dt,73,0.6174877810361681,0.6174877810361681
voiced,RobustScaler,True,rf,73,0.5515542521994135,0.5515542521994135
voiced,RobustScaler,True,adaboost,73,0.5647165200391007,0.5647165200391007
voiced,RobustScaler,True,mlp,73,0.5432649071358749,0.5474633431085044
svd,RobustScaler,False,svm,73,0.8194212177935434,0.818981856881325
svd,RobustScaler,False,knn,73,0.6819584066012494,0.6940088443202072
svd,RobustScaler,False,gaussianNB,73,0.6621183384385925,0.6621183384385925
svd,RobustScaler,False,lda,73,0.8298353175579031,0.8298353175579031
svd,RobustScaler,False,qda,73,0.6997061264900487,0.6976971156004408
svd,RobustScaler,False,dt,73,0.7888215333769415,0.7888215333769415
svd,RobustScaler,False,rf,73,0.8150977285015303,0.8150977285015303
svd,RobustScaler,False,adaboost,73,0.7996009551902968,0.7996009551902968
svd,RobustScaler,False,mlp,73,0.7842579095316766,0.7932415124223473
voiced,RobustScaler,False,svm,73,0.49532093661837495,0.4982621130889632
voiced,RobustScaler,False,knn,73,0.4988270057126794,0.4723041098159694
voiced,RobustScaler,False,gaussianNB,73,0.5418186826702007,0.5418186826702007
voiced,RobustScaler,False,lda,73,0.5656568514502576,0.5656568514502576
voiced,RobustScaler,False,qda,73,0.5183045314900154,0.4992904330190857
voiced,RobustScaler,False,dt,73,0.595162162535265,0.595162162535265
voiced,RobustScaler,False,rf,73,0.504530592703031,0.511405592703031
voiced,RobustScaler,False,adaboost,73,0.5529038030983002,0.5529038030983002
voiced,RobustScaler,False,mlp,73,0.5104651842815979,0.5168622870295072
svd,RobustScaler,True,svm,74,0.8052594098013947,0.8034995030414878
svd,RobustScaler,True,knn,74,0.6885419723860291,0.6839349872228826
svd,RobustScaler,True,gaussianNB,74,0.6611692742008991,0.6611692742008991
svd,RobustScaler,True,lda,74,0.8214319431931209,0.8214319431931209
svd,RobustScaler,True,qda,74,0.6883902230085435,0.68687768792458
svd,RobustScaler,True,dt,74,0.796967523570577,0.796967523570577
svd,RobustScaler,True,rf,74,0.8167333665970524,0.8157168531214332
svd,RobustScaler,True,adaboost,74,0.8134460741003817,0.8134460741003817
svd,RobustScaler,True,mlp,74,0.7806901840435101,0.784208659388594
voiced,RobustScaler,True,svm,74,0.5582209188660802,0.5516617790811338
voiced,RobustScaler,True,knn,74,0.5005620723362659,0.5087878787878788
voiced,RobustScaler,True,gaussianNB,74,0.5628836754643206,0.5628836754643206
voiced,RobustScaler,True,lda,74,0.5508797653958944,0.5508797653958944
voiced,RobustScaler,True,qda,74,0.49630009775171063,0.48029814271749754
voiced,RobustScaler,True,dt,74,0.5744330400782014,0.5568377321603128
voiced,RobustScaler,True,rf,74,0.5306256109481916,0.5306256109481916
voiced,RobustScaler,True,adaboost,74,0.601989247311828,0.601989247311828
voiced,RobustScaler,True,mlp,74,0.5822482893450636,0.5413831867057673
svd,RobustScaler,False,svm,74,0.8091458316924733,0.8088227432881909
svd,RobustScaler,False,knn,74,0.6846639701235002,0.6873096053024315
svd,RobustScaler,False,gaussianNB,74,0.6567501324473355,0.6567501324473355
svd,RobustScaler,False,lda,74,0.8207133547633495,0.8207133547633495
svd,RobustScaler,False,qda,74,0.6893630650555105,0.689912515604961
svd,RobustScaler,False,dt,74,0.7780912825674716,0.7780912825674716
svd,RobustScaler,False,rf,74,0.8154251953480145,0.816110126854864
svd,RobustScaler,False,adaboost,74,0.8266592979826954,0.8266592979826954
svd,RobustScaler,False,mlp,74,0.7876496581308865,0.7783208888118864
voiced,RobustScaler,False,svm,74,0.5075170349363898,0.5499773523967072
voiced,RobustScaler,False,knn,74,0.5249137958815379,0.4866757794177149
voiced,RobustScaler,False,gaussianNB,74,0.5568658044464495,0.5568658044464495
voiced,RobustScaler,False,lda,74,0.54079567386019,0.54079567386019
voiced,RobustScaler,False,qda,74,0.44260246921537244,0.5076823713920489
voiced,RobustScaler,False,dt,74,0.5699720530365692,0.5699720530365692
voiced,RobustScaler,False,rf,74,0.5459924484118032,0.5424210198403746
voiced,RobustScaler,False,adaboost,74,0.5497568739504224,0.5461854453789938
voiced,RobustScaler,False,mlp,74,0.5258212217889637,0.5337216546893966
svd,RobustScaler,True,svm,75,0.8048465946993755,0.8025505574033381
svd,RobustScaler,True,knn,75,0.6873467553892854,0.676730733824518
svd,RobustScaler,True,gaussianNB,75,0.663374168543198,0.6625932827623122
svd,RobustScaler,True,lda,75,0.8280458509138988,0.8280458509138988
svd,RobustScaler,True,qda,75,0.6910096428471565,0.6925247943623078
svd,RobustScaler,True,dt,75,0.8015832204872553,0.8015832204872553
svd,RobustScaler,True,rf,75,0.8142568572830295,0.8142568572830295
svd,RobustScaler,True,adaboost,75,0.8167359848439455,0.8167359848439455
svd,RobustScaler,True,mlp,75,0.7847491167502072,0.7852646136124871
voiced,RobustScaler,True,svm,75,0.5372678396871946,0.5566177908113392
voiced,RobustScaler,True,knn,75,0.4913636363636364,0.5069648093841643
voiced,RobustScaler,True,gaussianNB,75,0.561544477028348,0.561544477028348
voiced,RobustScaler,True,lda,75,0.4994281524926686,0.4994281524926686
voiced,RobustScaler,True,qda,75,0.5313391984359727,0.5264516129032257
voiced,RobustScaler,True,dt,75,0.5655767350928642,0.5655767350928642
voiced,RobustScaler,True,rf,75,0.5603030303030303,0.5603030303030303
voiced,RobustScaler,True,adaboost,75,0.5986559139784946,0.5986559139784946
voiced,RobustScaler,True,mlp,75,0.5795845552297165,0.5464027370478983
svd,RobustScaler,False,svm,75,0.7987204474489824,0.8028146503475334
svd,RobustScaler,False,knn,75,0.6760675372404936,0.6780558058390397
svd,RobustScaler,False,gaussianNB,75,0.6596494979484107,0.6604246917468602
svd,RobustScaler,False,lda,75,0.8159385289561566,0.8159385289561566
svd,RobustScaler,False,qda,75,0.6925248301378704,0.694369883453927
svd,RobustScaler,False,dt,75,0.7867795633311826,0.7867795633311826
svd,RobustScaler,False,rf,75,0.8269421719785808,0.8269421719785808
svd,RobustScaler,False,adaboost,75,0.8179907541828341,0.8179907541828341
svd,RobustScaler,False,mlp,75,0.7729906353683197,0.7765845547605401
voiced,RobustScaler,False,svm,75,0.5182884548401789,0.5447925757192998
voiced,RobustScaler,False,knn,75,0.47443058617627587,0.4927928752282201
voiced,RobustScaler,False,gaussianNB,75,0.5339417335538025,0.5339417335538025
voiced,RobustScaler,False,lda,75,0.49998880429914905,0.49998880429914905
voiced,RobustScaler,False,qda,75,0.5130747126436781,0.4999451410658307
voiced,RobustScaler,False,dt,75,0.571513376470273,0.5809927859496826
voiced,RobustScaler,False,rf,75,0.5219014486471384,0.5219014486471384
voiced,RobustScaler,False,adaboost,75,0.6326408242141001,0.6326408242141001
voiced,RobustScaler,False,mlp,75,0.524742046746357,0.5608949551406448
svd,RobustScaler,True,svm,76,0.8071012284698217,0.8071012284698217
svd,RobustScaler,True,knn,76,0.6739888010934904,0.6811746214527021
svd,RobustScaler,True,gaussianNB,76,0.6664104325336605,0.6664104325336605
svd,RobustScaler,True,lda,76,0.8260190227802007,0.8260190227802007
svd,RobustScaler,True,qda,76,0.6851318891940484,0.685644709706869
svd,RobustScaler,True,dt,76,0.7908593750851113,0.7908593750851113
svd,RobustScaler,True,rf,76,0.8230869838994158,0.8230869838994158
svd,RobustScaler,True,adaboost,76,0.8195935870745032,0.8195935870745032
svd,RobustScaler,True,mlp,76,0.7763306141332313,0.7743841382172898
voiced,RobustScaler,True,svm,76,0.5772043010752688,0.5896285434995112
voiced,RobustScaler,True,knn,76,0.4682013685239491,0.5051515151515151
voiced,RobustScaler,True,gaussianNB,76,0.5525610948191593,0.549227761485826
voiced,RobustScaler,True,lda,76,0.5824584555229716,0.5824584555229716
voiced,RobustScaler,True,qda,76,0.5567155425219941,0.4889931573802541
voiced,RobustScaler,True,dt,76,0.5381573802541545,0.5381573802541545
voiced,RobustScaler,True,rf,76,0.5569208211143695,0.5569208211143695
voiced,RobustScaler,True,adaboost,76,0.5754105571847508,0.5754105571847508
voiced,RobustScaler,True,mlp,76,0.5267057673509287,0.5689784946236559
svd,RobustScaler,False,svm,76,0.8047780745505142,0.8059281310841921
svd,RobustScaler,False,knn,76,0.687098447505808,0.6845882804836589
svd,RobustScaler,False,gaussianNB,76,0.6623714438510294,0.6623714438510294
svd,RobustScaler,False,lda,76,0.8185715655328487,0.8185715655328487
svd,RobustScaler,False,qda,76,0.6862735987714779,0.6874252282145374
svd,RobustScaler,False,dt,76,0.7942064975275989,0.7942064975275989
svd,RobustScaler,False,rf,76,0.8133472795620051,0.8133472795620051
svd,RobustScaler,False,adaboost,76,0.813219854187347,0.813219854187347
svd,RobustScaler,False,mlp,76,0.7801020279907919,0.7923822878970939
voiced,RobustScaler,False,svm,76,0.5495415444770283,0.5287204301075269
voiced,RobustScaler,False,knn,76,0.4809462365591398,0.5019217986314761
voiced,RobustScaler,False,gaussianNB,76,0.5599149560117301,0.5599149560117301
voiced,RobustScaler,False,lda,76,0.5091402737047899,0.5091402737047899
voiced,RobustScaler,False,qda,76,0.5145452101661779,0.5221664222873901
voiced,RobustScaler,False,dt,76,0.5912763929618768,0.5912763929618768
voiced,RobustScaler,False,rf,76,0.5254039589442815,0.5254039589442815
voiced,RobustScaler,False,adaboost,76,0.6009293743890518,0.6009293743890518
voiced,RobustScaler,False,mlp,76,0.5106625122189639,0.5047974095796677
svd,RobustScaler,True,svm,77,0.8017442789852822,0.7999670231622249
svd,RobustScaler,True,knn,77,0.6669101654434261,0.6772746373945938
svd,RobustScaler,True,gaussianNB,77,0.6618548245647482,0.6618548245647482
svd,RobustScaler,True,lda,77,0.8168290905750013,0.8168290905750013
svd,RobustScaler,True,qda,77,0.6889735836682401,0.6879686362347213
svd,RobustScaler,True,dt,77,0.799667159449057,0.799667159449057
svd,RobustScaler,True,rf,77,0.8207017192186221,0.8207017192186221
svd,RobustScaler,True,adaboost,77,0.818939746186202,0.818939746186202
svd,RobustScaler,True,mlp,77,0.7791832377001405,0.7821849978447578
voiced,RobustScaler,True,svm,77,0.5847996089931573,0.5526783968719452
voiced,RobustScaler,True,knn,77,0.5044086021505375,0.5036510263929619
voiced,RobustScaler,True,gaussianNB,77,0.5524486803519062,0.5524486803519062
voiced,RobustScaler,True,lda,77,0.5444281524926686,0.5444281524926686
voiced,RobustScaler,True,qda,77,0.4925464320625611,0.4783040078201369
voiced,RobustScaler,True,dt,77,0.6053421309872923,0.6286754643206256
voiced,RobustScaler,True,rf,77,0.556969696969697,0.556969696969697
voiced,RobustScaler,True,adaboost,77,0.5689149560117301,0.5689149560117301
voiced,RobustScaler,True,mlp,77,0.5658797653958945,0.5476979472140763
svd,RobustScaler,False,svm,77,0.7987814600557965,0.8056980027882311
svd,RobustScaler,False,knn,77,0.6802560691529216,0.6714566758205439
svd,RobustScaler,False,gaussianNB,77,0.6621328926025158,0.6619828642187675
svd,RobustScaler,False,lda,77,0.8160997059914873,0.8160997059914873
svd,RobustScaler,False,qda,77,0.6917575220307837,0.6924241886974503
svd,RobustScaler,False,dt,77,0.8047527608913787,0.8047527608913787
svd,RobustScaler,False,rf,77,0.8154985459647243,0.8112513549534885
svd,RobustScaler,False,adaboost,77,0.8216284372264646,0.8216284372264646
svd,RobustScaler,False,mlp,77,0.769056197650994,0.7870573762357108
voiced,RobustScaler,False,svm,77,0.5184948951884436,0.5305487672423156
voiced,RobustScaler,False,knn,77,0.49106223525578374,0.4710350820028239
voiced,RobustScaler,False,gaussianNB,77,0.5506932225480614,0.5506932225480614
voiced,RobustScaler,False,lda,77,0.5426520582165744,0.5426520582165744
voiced,RobustScaler,False,qda,77,0.4706332138590203,0.48760481155642443
voiced,RobustScaler,False,dt,77,0.5801493428912784,0.5801493428912784
voiced,RobustScaler,False,rf,77,0.5141310959052895,0.5141310959052895
voiced,RobustScaler,False,adaboost,77,0.5558716194200064,0.5558716194200064
voiced,RobustScaler,False,mlp,77,0.5041093733029217,0.5087390029325514
svd,RobustScaler,True,svm,78,0.8014995237405269,0.8047745820155854
svd,RobustScaler,True,knn,78,0.6809451653399309,0.6791598822842008
svd,RobustScaler,True,gaussianNB,78,0.6605816339240549,0.6605816339240549
svd,RobustScaler,True,lda,78,0.8259932306878872,0.8259932306878872
svd,RobustScaler,True,qda,78,0.6889674447689715,0.6871868444169426
svd,RobustScaler,True,dt,78,0.7921211939641601,0.7921211939641601
svd,RobustScaler,True,rf,78,0.8188363835364927,0.8188363835364927
svd,RobustScaler,True,adaboost,78,0.8102187361892923,0.8102187361892923
svd,RobustScaler,True,mlp,78,0.7926313381275214,0.7865340275863721
voiced,RobustScaler,True,svm,78,0.5295161290322581,0.5328494623655915
voiced,RobustScaler,True,knn,78,0.4875513196480939,0.4626588465298143
voiced,RobustScaler,True,gaussianNB,78,0.5493352883675464,0.5493352883675464
voiced,RobustScaler,True,lda,78,0.5520723362658847,0.5520723362658847
voiced,RobustScaler,True,qda,78,0.47107038123167155,0.481544477028348
voiced,RobustScaler,True,dt,78,0.5849511241446725,0.5849511241446725
voiced,RobustScaler,True,rf,78,0.5639589442815249,0.5639589442815249
voiced,RobustScaler,True,adaboost,78,0.5706451612903225,0.5706451612903225
voiced,RobustScaler,True,mlp,78,0.5723753665689149,0.565058651026393
svd,RobustScaler,False,svm,78,0.8072493821609312,0.8062430738225924
svd,RobustScaler,False,knn,78,0.6828584171135568,0.679581625604065
svd,RobustScaler,False,gaussianNB,78,0.6677079719583668,0.6677079719583668
svd,RobustScaler,False,lda,78,0.827437100724936,0.827437100724936
svd,RobustScaler,False,qda,78,0.6917866383936643,0.6922106365863623
svd,RobustScaler,False,dt,78,0.8040544590950832,0.8040544590950832
svd,RobustScaler,False,rf,78,0.8247696407061456,0.8247696407061456
svd,RobustScaler,False,adaboost,78,0.8135316777274992,0.8135316777274992
svd,RobustScaler,False,mlp,78,0.7853190971489554,0.7823983467502211
voiced,RobustScaler,False,svm,78,0.5633470942140296,0.5535919098822324
voiced,RobustScaler,False,knn,78,0.4525518433179723,0.4785535074244752
voiced,RobustScaler,False,gaussianNB,78,0.5549798387096774,0.5549798387096774
voiced,RobustScaler,False,lda,78,0.5596569380440348,0.5596569380440348
voiced,RobustScaler,False,qda,78,0.540876216077829,0.5083182923707118
voiced,RobustScaler,False,dt,78,0.6388360855094726,0.6388360855094726
voiced,RobustScaler,False,rf,78,0.543247567844342,0.543247567844342
voiced,RobustScaler,False,adaboost,78,0.60905273937532,0.60905273937532
voiced,RobustScaler,False,mlp,78,0.5526939324116743,0.5209959037378392
svd,RobustScaler,True,svm,79,0.7979030747514935,0.8004386344299104
svd,RobustScaler,True,knn,79,0.6870598685211553,0.6718274074162842
svd,RobustScaler,True,gaussianNB,79,0.6671019129906808,0.6671019129906808
svd,RobustScaler,True,lda,79,0.8246779084238189,0.8246779084238189
svd,RobustScaler,True,qda,79,0.689172862760649,0.689172862760649
svd,RobustScaler,True,dt,79,0.781688916318142,0.781688916318142
svd,RobustScaler,True,rf,79,0.8098068997523742,0.8098068997523742
svd,RobustScaler,True,adaboost,79,0.8180040007248295,0.8180040007248295
svd,RobustScaler,True,mlp,79,0.7804594769098585,0.7880245908217556
voiced,RobustScaler,True,svm,79,0.5699951124144672,0.5848435972629521
voiced,RobustScaler,True,knn,79,0.472336265884653,0.48003910068426203
voiced,RobustScaler,True,gaussianNB,79,0.5560459433040078,0.5560459433040078
voiced,RobustScaler,True,lda,79,0.4753372434017595,0.4753372434017595
voiced,RobustScaler,True,qda,79,0.4923704789833822,0.4986901270772238
voiced,RobustScaler,True,dt,79,0.604843597262952,0.604843597262952
voiced,RobustScaler,True,rf,79,0.5572482893450635,0.5572482893450635
voiced,RobustScaler,True,adaboost,79,0.5652101661779081,0.5652101661779081
voiced,RobustScaler,True,mlp,79,0.5623118279569892,0.5530694037145649
svd,RobustScaler,False,svm,79,0.8036766315173308,0.8053914830024793
svd,RobustScaler,False,knn,79,0.6738199911945577,0.6744022653535698
svd,RobustScaler,False,gaussianNB,79,0.6641543807585988,0.6641543807585988
svd,RobustScaler,False,lda,79,0.8262520294460195,0.8262520294460195
svd,RobustScaler,False,qda,79,0.6879336596137631,0.6873002505572735
svd,RobustScaler,False,dt,79,0.7884033427686958,0.7884033427686958
svd,RobustScaler,False,rf,79,0.8223797524578057,0.8223797524578057
svd,RobustScaler,False,adaboost,79,0.8237995026020954,0.8237995026020954
svd,RobustScaler,False,mlp,79,0.7919811898161111,0.8021970043389611
voiced,RobustScaler,False,svm,79,0.5281685518782293,0.5190776427873203
voiced,RobustScaler,False,knn,79,0.504053903086161,0.4765430805753387
voiced,RobustScaler,False,gaussianNB,79,0.5466624773076386,0.5466624773076386
voiced,RobustScaler,False,lda,79,0.5594763301214914,0.5594763301214914
voiced,RobustScaler,False,qda,79,0.479733277475213,0.49583158776707165
voiced,RobustScaler,False,dt,79,0.599661360145231,0.599661360145231
voiced,RobustScaler,False,rf,79,0.5729143974305264,0.5729143974305264
voiced,RobustScaler,False,adaboost,79,0.5631140902108644,0.5631140902108644
voiced,RobustScaler,False,mlp,79,0.5390776427873202,0.5519780756877531
svd,RobustScaler,True,svm,80,0.8042486793468255,0.8037591688573149
svd,RobustScaler,True,knn,80,0.6907327714088892,0.6831771572665792
svd,RobustScaler,True,gaussianNB,80,0.6628517447655943,0.6628517447655943
svd,RobustScaler,True,lda,80,0.8262311025942433,0.8262311025942433
svd,RobustScaler,True,qda,80,0.6887144680110874,0.6887144680110874
svd,RobustScaler,True,dt,80,0.7891815726984757,0.7891815726984757
svd,RobustScaler,True,rf,80,0.8180581141867946,0.8180581141867946
svd,RobustScaler,True,adaboost,80,0.8106715421982598,0.8106715421982598
svd,RobustScaler,True,mlp,80,0.7931703229522206,0.7911667612649074
voiced,RobustScaler,True,svm,80,0.530733137829912,0.530733137829912
voiced,RobustScaler,True,knn,80,0.49803030303030305,0.4871212121212121
voiced,RobustScaler,True,gaussianNB,80,0.5718035190615836,0.5718035190615836
voiced,RobustScaler,True,lda,80,0.5520234604105572,0.5520234604105572
voiced,RobustScaler,True,qda,80,0.48262952101661777,0.5263098729227762
voiced,RobustScaler,True,dt,80,0.568782991202346,0.568782991202346
voiced,RobustScaler,True,rf,80,0.5627663734115348,0.5627663734115348
voiced,RobustScaler,True,adaboost,80,0.5718475073313783,0.5718475073313783
voiced,RobustScaler,True,mlp,80,0.5508602150537634,0.5330058651026393
svd,RobustScaler,False,svm,80,0.8105158224838727,0.8089640613154879
svd,RobustScaler,False,knn,80,0.6835427699615426,0.6801247786288285
svd,RobustScaler,False,gaussianNB,80,0.6588685031227438,0.6588685031227438
svd,RobustScaler,False,lda,80,0.82529276744374,0.82529276744374
svd,RobustScaler,False,qda,80,0.6873380377667104,0.6881730044853567
svd,RobustScaler,False,dt,80,0.7849834218306873,0.7849834218306873
svd,RobustScaler,False,rf,80,0.8127396740301249,0.8127396740301249
svd,RobustScaler,False,adaboost,80,0.8029595733178094,0.8029595733178094
svd,RobustScaler,False,mlp,80,0.7831906689231396,0.789557231854071
voiced,RobustScaler,False,svm,80,0.5552059052059052,0.566108682983683
voiced,RobustScaler,False,knn,80,0.5173295454545455,0.5162572843822844
voiced,RobustScaler,False,gaussianNB,80,0.5610266122766123,0.5610266122766123
voiced,RobustScaler,False,lda,80,0.5423217754467753,0.5423217754467753
voiced,RobustScaler,False,qda,80,0.48337655400155394,0.4839316239316239
voiced,RobustScaler,False,dt,80,0.62872668997669,0.62872668997669
voiced,RobustScaler,False,rf,80,0.5912286324786324,0.5943536324786324
voiced,RobustScaler,False,adaboost,80,0.5818235236985236,0.5818235236985236
voiced,RobustScaler,False,mlp,80,0.5399043317793317,0.5204156954156953
svd,RobustScaler,True,svm,81,0.7943990941809916,0.7943990941809916
svd,RobustScaler,True,knn,81,0.6898200400108797,0.6845235208266833
svd,RobustScaler,True,gaussianNB,81,0.6569719847582445,0.6569719847582445
svd,RobustScaler,True,lda,81,0.8241813366568002,0.8241813366568002
svd,RobustScaler,True,qda,81,0.6915675672927581,0.6918123225375135
svd,RobustScaler,True,dt,81,0.7754861768547701,0.7754861768547701
svd,RobustScaler,True,rf,81,0.8211018116743307,0.8211018116743307
svd,RobustScaler,True,adaboost,81,0.8195318785177019,0.8195318785177019
svd,RobustScaler,True,mlp,81,0.7788538197534927,0.7814429427352001
voiced,RobustScaler,True,svm,81,0.5515102639296188,0.5731769305962855
voiced,RobustScaler,True,knn,81,0.4484115347018573,0.46538611925708706
voiced,RobustScaler,True,gaussianNB,81,0.5465395894428152,0.5465395894428152
voiced,RobustScaler,True,lda,81,0.4802932551319648,0.4802932551319648
voiced,RobustScaler,True,qda,81,0.5116911045943304,0.5057722385141741
voiced,RobustScaler,True,dt,81,0.6128543499511242,0.5946725317693059
voiced,RobustScaler,True,rf,81,0.5165347018572826,0.5165347018572826
voiced,RobustScaler,True,adaboost,81,0.6000635386119257,0.6000635386119257
voiced,RobustScaler,True,mlp,81,0.511642228739003,0.5589149560117301
svd,RobustScaler,False,svm,81,0.8063419754497907,0.7989788211098923
svd,RobustScaler,False,knn,81,0.6827265641265303,0.687104568839277
svd,RobustScaler,False,gaussianNB,81,0.6601865484109437,0.6601865484109437
svd,RobustScaler,False,lda,81,0.8226768991433809,0.8226768991433809
svd,RobustScaler,False,qda,81,0.6866667083789015,0.6879378093392166
svd,RobustScaler,False,dt,81,0.7957023157584041,0.7957023157584041
svd,RobustScaler,False,rf,81,0.8163326554025481,0.8163326554025481
svd,RobustScaler,False,adaboost,81,0.8160522066726896,0.8160522066726896
svd,RobustScaler,False,mlp,81,0.7988246476134421,0.7981197525974133
voiced,RobustScaler,False,svm,81,0.5589980449657869,0.5606647116324535
voiced,RobustScaler,False,knn,81,0.45183284457478,0.4603812316715542
voiced,RobustScaler,False,gaussianNB,81,0.5470381231671554,0.5470381231671554
voiced,RobustScaler,False,lda,81,0.44291300097751707,0.44291300097751707
voiced,RobustScaler,False,qda,81,0.4971212121212121,0.48166666666666663
voiced,RobustScaler,False,dt,81,0.6019648093841642,0.6019648093841642
voiced,RobustScaler,False,rf,81,0.5576392961876833,0.5576392961876833
voiced,RobustScaler,False,adaboost,81,0.5665102639296187,0.5665102639296187
voiced,RobustScaler,False,mlp,81,0.554692082111437,0.5597996089931574
svd,RobustScaler,True,svm,82,0.8058024236759241,0.8024699673282006
svd,RobustScaler,True,knn,82,0.6831919062398888,0.6796765375663958
svd,RobustScaler,True,gaussianNB,82,0.6645457940823263,0.6650586145951467
svd,RobustScaler,True,lda,82,0.8242464060839196,0.8242464060839196
svd,RobustScaler,True,qda,82,0.6904276948061027,0.6914358088294839
svd,RobustScaler,True,dt,82,0.7939361946668381,0.7939361946668381
svd,RobustScaler,True,rf,82,0.8259754059099753,0.8259754059099753
svd,RobustScaler,True,adaboost,82,0.8145386728865465,0.8145386728865465
svd,RobustScaler,True,mlp,82,0.7925977403185691,0.7908184781412698
voiced,RobustScaler,True,svm,82,0.5546285434995113,0.5488709677419356
voiced,RobustScaler,True,knn,82,0.47521505376344086,0.4677468230694036
voiced,RobustScaler,True,gaussianNB,82,0.5531427174975562,0.5531427174975562
voiced,RobustScaler,True,lda,82,0.494535679374389,0.494535679374389
voiced,RobustScaler,True,qda,82,0.4622922776148582,0.5191544477028348
voiced,RobustScaler,True,dt,82,0.587683284457478,0.587683284457478
voiced,RobustScaler,True,rf,82,0.5472922776148582,0.5472922776148582
voiced,RobustScaler,True,adaboost,82,0.6111681329423264,0.6111681329423264
voiced,RobustScaler,True,mlp,82,0.5868377321603129,0.5652785923753665
svd,RobustScaler,False,svm,82,0.8002581710045918,0.798530671789196
svd,RobustScaler,False,knn,82,0.6847163565292934,0.6905780910551031
svd,RobustScaler,False,gaussianNB,82,0.6643192786036405,0.6643192786036405
svd,RobustScaler,False,lda,82,0.8255250522978089,0.8255250522978089
svd,RobustScaler,False,qda,82,0.692647496020305,0.691451911698526
svd,RobustScaler,False,dt,82,0.7846643351616138,0.7846643351616138
svd,RobustScaler,False,rf,82,0.8217124161935164,0.8217124161935164
svd,RobustScaler,False,adaboost,82,0.8125431148783798,0.8125431148783798
svd,RobustScaler,False,mlp,82,0.7708392776427744,0.7808132354727253
voiced,RobustScaler,False,svm,82,0.5161546499477534,0.5262695924764891
voiced,RobustScaler,False,knn,82,0.5292685475444097,0.5096307906652734
voiced,RobustScaler,False,gaussianNB,82,0.5683710669917567,0.5683710669917567
voiced,RobustScaler,False,lda,82,0.5497132241959829,0.5497132241959829
voiced,RobustScaler,False,qda,82,0.49859921049576217,0.5016295135260652
voiced,RobustScaler,False,dt,82,0.5326024613955649,0.5326024613955649
voiced,RobustScaler,False,rf,82,0.5375287356321838,0.5375287356321838
voiced,RobustScaler,False,adaboost,82,0.6058034366655056,0.6058034366655056
voiced,RobustScaler,False,mlp,82,0.5984465343086033,0.5911093695576455
svd,RobustScaler,True,svm,83,0.808597887027549,0.8091191069926076
svd,RobustScaler,True,knn,83,0.6948772891957189,0.6906082993705678
svd,RobustScaler,True,gaussianNB,83,0.6567299639655146,0.65697471921027
svd,RobustScaler,True,lda,83,0.8244354573089578,0.8244354573089578
svd,RobustScaler,True,qda,83,0.6917615699458667,0.6914961211089892
svd,RobustScaler,True,dt,83,0.7925084838825297,0.7925084838825297
svd,RobustScaler,True,rf,83,0.8235704135922239,0.8235704135922239
svd,RobustScaler,True,adaboost,83,0.8212510662728765,0.8212510662728765
svd,RobustScaler,True,mlp,83,0.7857030428677103,0.7875259527822231
voiced,RobustScaler,True,svm,83,0.5475073313782991,0.5558406647116325
voiced,RobustScaler,True,knn,83,0.49200879765395894,0.4721163245356793
voiced,RobustScaler,True,gaussianNB,83,0.5519990224828935,0.5519990224828935
voiced,RobustScaler,True,lda,83,0.5185190615835777,0.5185190615835777
voiced,RobustScaler,True,qda,83,0.5388172043010753,0.4702003910068425
voiced,RobustScaler,True,dt,83,0.5461632453567937,0.5461632453567937
voiced,RobustScaler,True,rf,83,0.5264711632453568,0.5264711632453568
voiced,RobustScaler,True,adaboost,83,0.5408846529814271,0.5375513196480938
voiced,RobustScaler,True,mlp,83,0.554130009775171,0.5222482893450635
svd,RobustScaler,False,svm,83,0.8106005428156579,0.8122365281663363
svd,RobustScaler,False,knn,83,0.6860841617664415,0.6764403714151728
svd,RobustScaler,False,gaussianNB,83,0.6622639516490607,0.6607148088886732
svd,RobustScaler,False,lda,83,0.8242076737318502,0.8242076737318502
svd,RobustScaler,False,qda,83,0.6912279854971537,0.6901457660698526
svd,RobustScaler,False,dt,83,0.7752245990319945,0.7752245990319945
svd,RobustScaler,False,rf,83,0.8251703293422186,0.8251703293422186
svd,RobustScaler,False,adaboost,83,0.8066971490080315,0.8066971490080315
svd,RobustScaler,False,mlp,83,0.776431269355031,0.789713155032399
voiced,RobustScaler,False,svm,83,0.5292604808984119,0.5377169669411049
voiced,RobustScaler,False,knn,83,0.46784468405158053,0.4699359476730166
voiced,RobustScaler,False,gaussianNB,83,0.5564583381178209,0.5564583381178209
voiced,RobustScaler,False,lda,83,0.525281179548421,0.525281179548421
voiced,RobustScaler,False,qda,83,0.488701169520135,0.5020946414696416
voiced,RobustScaler,False,dt,83,0.5517246092030575,0.5517246092030575
voiced,RobustScaler,False,rf,83,0.5891665996838411,0.5891665996838411
voiced,RobustScaler,False,adaboost,83,0.5510268467165018,0.5510268467165018
voiced,RobustScaler,False,mlp,83,0.549104951561848,0.5602469130486372
svd,RobustScaler,True,svm,84,0.8048204739644216,0.8035500776940253
svd,RobustScaler,True,knn,84,0.6811232587841094,0.677576122532502
svd,RobustScaler,True,gaussianNB,84,0.6602650602759654,0.6602650602759654
svd,RobustScaler,True,lda,84,0.8249376341579178,0.8249376341579178
svd,RobustScaler,True,qda,84,0.6891966793657087,0.6871655407478745
svd,RobustScaler,True,dt,84,0.8103646172075833,0.8103646172075833
svd,RobustScaler,True,rf,84,0.8225033853823385,0.8225033853823385
svd,RobustScaler,True,adaboost,84,0.8152325754942986,0.8152325754942986
svd,RobustScaler,True,mlp,84,0.7931448867381257,0.7877857366188882
voiced,RobustScaler,True,svm,84,0.5796480938416423,0.5829814271749756
voiced,RobustScaler,True,knn,84,0.46839687194525903,0.48571358748778104
voiced,RobustScaler,True,gaussianNB,84,0.5438367546432062,0.5438367546432062
voiced,RobustScaler,True,lda,84,0.5305767350928641,0.5305767350928641
voiced,RobustScaler,True,qda,84,0.4777272727272727,0.4927272727272727
voiced,RobustScaler,True,dt,84,0.5492375366568915,0.5492375366568915
voiced,RobustScaler,True,rf,84,0.5124437927663734,0.5277663734115347
voiced,RobustScaler,True,adaboost,84,0.5649315738025414,0.5649315738025414
voiced,RobustScaler,True,mlp,84,0.5467253176930595,0.561681329423265
svd,RobustScaler,False,svm,84,0.8069047699811416,0.8061467387070902
svd,RobustScaler,False,knn,84,0.6835316072042149,0.6907567022504548
svd,RobustScaler,False,gaussianNB,84,0.6629258628170019,0.6639258628170019
svd,RobustScaler,False,lda,84,0.819403711052661,0.819403711052661
svd,RobustScaler,False,qda,84,0.6895333849560539,0.6900794153420282
svd,RobustScaler,False,dt,84,0.7909643489866256,0.7909643489866256
svd,RobustScaler,False,rf,84,0.8226744436327433,0.8226744436327433
svd,RobustScaler,False,adaboost,84,0.8184608402438643,0.8184608402438643
svd,RobustScaler,False,mlp,84,0.7750327346014549,0.7816117494054193
voiced,RobustScaler,False,svm,84,0.5412767178943649,0.5479433845610315
voiced,RobustScaler,False,knn,84,0.5163226461755873,0.50479641406112
voiced,RobustScaler,False,gaussianNB,84,0.5654782497429556,0.5654782497429556
voiced,RobustScaler,False,lda,84,0.5463648603354485,0.5463648603354485
voiced,RobustScaler,False,qda,84,0.5871232544761957,0.5388618029794501
voiced,RobustScaler,False,dt,84,0.623007147418912,0.623007147418912
voiced,RobustScaler,False,rf,84,0.5993890723302489,0.5993890723302489
voiced,RobustScaler,False,adaboost,84,0.5930796860208625,0.5930796860208625
voiced,RobustScaler,False,mlp,84,0.5299813388048682,0.5340387333034392
svd,RobustScaler,True,svm,85,0.8027287107657882,0.8014609309265797
svd,RobustScaler,True,knn,85,0.6774272982560878,0.6807100278856004
svd,RobustScaler,True,gaussianNB,85,0.6585298017140984,0.6582766470171051
svd,RobustScaler,True,lda,85,0.8117669208290801,0.8117669208290801
svd,RobustScaler,True,qda,85,0.6887170844422752,0.687449304603067
svd,RobustScaler,True,dt,85,0.7824580581178181,0.7824580581178181
svd,RobustScaler,True,rf,85,0.823077440552904,0.823077440552904
svd,RobustScaler,True,adaboost,85,0.8137708093433285,0.8137708093433285
svd,RobustScaler,True,mlp,85,0.7723069297115097,0.7802307924717957
voiced,RobustScaler,True,svm,85,0.5713587487781036,0.5804496578690127
voiced,RobustScaler,True,knn,85,0.5033528836754643,0.5029374389051808
voiced,RobustScaler,True,gaussianNB,85,0.545347018572825,0.545347018572825
voiced,RobustScaler,True,lda,85,0.5260703812316715,0.5260703812316715
voiced,RobustScaler,True,qda,85,0.4995894428152492,0.4890127077223852
voiced,RobustScaler,True,dt,85,0.591793743890518,0.591793743890518
voiced,RobustScaler,True,rf,85,0.5447605083088954,0.5447605083088954
voiced,RobustScaler,True,adaboost,85,0.5589149560117302,0.5589149560117302
voiced,RobustScaler,True,mlp,85,0.5606451612903226,0.5626344086021506
svd,RobustScaler,False,svm,85,0.8129352028113297,0.8124068382070778
svd,RobustScaler,False,knn,85,0.6882345127050138,0.6791779972396701
svd,RobustScaler,False,gaussianNB,85,0.6598564241884302,0.6598564241884302
svd,RobustScaler,False,lda,85,0.8199763928008353,0.8199763928008353
svd,RobustScaler,False,qda,85,0.6892957961835335,0.6900770461835336
svd,RobustScaler,False,dt,85,0.7694222459097546,0.7694222459097546
svd,RobustScaler,False,rf,85,0.8241252878247198,0.8241252878247198
svd,RobustScaler,False,adaboost,85,0.8133220114688552,0.8133220114688552
svd,RobustScaler,False,mlp,85,0.7914705675271787,0.7921994611445051
voiced,RobustScaler,False,svm,85,0.5319773904256663,0.5163523904256663
voiced,RobustScaler,False,knn,85,0.4672879491198456,0.5170985551804518
voiced,RobustScaler,False,gaussianNB,85,0.5399211492530458,0.5399211492530458
voiced,RobustScaler,False,lda,85,0.5246631601157462,0.5246631601157462
voiced,RobustScaler,False,qda,85,0.47833730924248163,0.44868502905140834
voiced,RobustScaler,False,dt,85,0.5465677426022253,0.5465677426022253
voiced,RobustScaler,False,rf,85,0.5518688064808754,0.5518688064808754
voiced,RobustScaler,False,adaboost,85,0.5666897255043807,0.5666897255043807
voiced,RobustScaler,False,mlp,85,0.5160270907253667,0.5288027633286253
svd,RobustScaler,True,svm,86,0.7951647135125871,0.7913479196194573
svd,RobustScaler,True,knn,86,0.6814859186614912,0.6731253806172017
svd,RobustScaler,True,gaussianNB,86,0.6595679747370042,0.6590551542241837
svd,RobustScaler,True,lda,86,0.8183511254285518,0.8183511254285518
svd,RobustScaler,True,qda,86,0.6905449149178702,0.6905449149178702
svd,RobustScaler,True,dt,86,0.7765896698721126,0.7765896698721126
svd,RobustScaler,True,rf,86,0.8185352706181497,0.8167287438116227
svd,RobustScaler,True,adaboost,86,0.8167602753480617,0.8167602753480617
svd,RobustScaler,True,mlp,86,0.7621903795949597,0.764213118760556
voiced,RobustScaler,True,svm,86,0.537414467253177,0.5506402737047897
voiced,RobustScaler,True,knn,86,0.45700879765395896,0.48127077223851417
voiced,RobustScaler,True,gaussianNB,86,0.5419745845552297,0.5419745845552297
voiced,RobustScaler,True,lda,86,0.5488025415444769,0.5488025415444769
voiced,RobustScaler,True,qda,86,0.4612218963831867,0.4677174975562072
voiced,RobustScaler,True,dt,86,0.5511192570869989,0.5344525904203323
voiced,RobustScaler,True,rf,86,0.511099706744868,0.511099706744868
voiced,RobustScaler,True,adaboost,86,0.59930596285435,0.59930596285435
voiced,RobustScaler,True,mlp,86,0.5380009775171065,0.5479569892473117
svd,RobustScaler,False,svm,86,0.8045812020989661,0.8056923132100771
svd,RobustScaler,False,knn,86,0.6716534334624976,0.6772601382463431
svd,RobustScaler,False,gaussianNB,86,0.6620966023462748,0.6616271187781997
svd,RobustScaler,False,lda,86,0.818028009081542,0.818028009081542
svd,RobustScaler,False,qda,86,0.6838092497363589,0.6847276170832978
svd,RobustScaler,False,dt,86,0.7759019183048071,0.7759019183048071
svd,RobustScaler,False,rf,86,0.8161757655737156,0.8166683764111541
svd,RobustScaler,False,adaboost,86,0.8085310926232943,0.8085310926232943
svd,RobustScaler,False,mlp,86,0.7785667198408879,0.7798193708006892
voiced,RobustScaler,False,svm,86,0.56403953889248,0.5665425913955325
voiced,RobustScaler,False,knn,86,0.5071132299073475,0.48926320955732716
voiced,RobustScaler,False,gaussianNB,86,0.5504575163398693,0.5504575163398693
voiced,RobustScaler,False,lda,86,0.5335411429529076,0.5335411429529076
voiced,RobustScaler,False,qda,86,0.5022370059134764,0.5328306878306879
voiced,RobustScaler,False,dt,86,0.6141691804927099,0.6141691804927099
voiced,RobustScaler,False,rf,86,0.5941029830735712,0.5941029830735712
voiced,RobustScaler,False,adaboost,86,0.5772588522588523,0.5772588522588523
voiced,RobustScaler,False,mlp,86,0.5727992051521463,0.5692597380832674
svd,RobustScaler,True,svm,87,0.809649454507688,0.8101622750205084
svd,RobustScaler,True,knn,87,0.6977031837664336,0.694115328510094
svd,RobustScaler,True,gaussianNB,87,0.6567554001796096,0.6567554001796096
svd,RobustScaler,True,lda,87,0.8201212600558293,0.8201212600558293
svd,RobustScaler,True,qda,87,0.6866852613035819,0.6861750572219493
svd,RobustScaler,True,dt,87,0.7994336434194668,0.7941306131164365
svd,RobustScaler,True,rf,87,0.8235914794039113,0.8235914794039113
svd,RobustScaler,True,adaboost,87,0.8160410981239771,0.8160410981239771
svd,RobustScaler,True,mlp,87,0.786059799887499,0.7923714943725848
voiced,RobustScaler,True,svm,87,0.5390664711632454,0.548958944281525
voiced,RobustScaler,True,knn,87,0.4764222873900293,0.474496578690127
voiced,RobustScaler,True,gaussianNB,87,0.5575610948191594,0.5575610948191594
voiced,RobustScaler,True,lda,87,0.4422629521016618,0.4422629521016618
voiced,RobustScaler,True,qda,87,0.4910654936461388,0.47332355816226784
voiced,RobustScaler,True,dt,87,0.5593695014662756,0.5593695014662756
voiced,RobustScaler,True,rf,87,0.5180938416422287,0.5180938416422287
voiced,RobustScaler,True,adaboost,87,0.5496529814271749,0.5496529814271749
voiced,RobustScaler,True,mlp,87,0.5405816226783969,0.5290224828934507
svd,RobustScaler,False,svm,87,0.8102558439728472,0.8122409461332669
svd,RobustScaler,False,knn,87,0.669899110782676,0.6801221649680652
svd,RobustScaler,False,gaussianNB,87,0.6611356826636742,0.6588986544495746
svd,RobustScaler,False,lda,87,0.8233551574068526,0.8233551574068526
svd,RobustScaler,False,qda,87,0.6906708189448432,0.6901657684397926
svd,RobustScaler,False,dt,87,0.790778707574075,0.790778707574075
svd,RobustScaler,False,rf,87,0.8236288716077386,0.8236288716077386
svd,RobustScaler,False,adaboost,87,0.8165118850760414,0.8165118850760414
svd,RobustScaler,False,mlp,87,0.8029548474361178,0.7883963699942701
voiced,RobustScaler,False,svm,87,0.5225801895546056,0.5015691896781996
voiced,RobustScaler,False,knn,87,0.5169258439002599,0.5084937957852307
voiced,RobustScaler,False,gaussianNB,87,0.55597200352484,0.55597200352484
voiced,RobustScaler,False,lda,87,0.5401640634732959,0.5401640634732959
voiced,RobustScaler,False,qda,87,0.46718824186566116,0.4301540963053755
voiced,RobustScaler,False,dt,87,0.5717493531064164,0.5717493531064164
voiced,RobustScaler,False,rf,87,0.4929907467393563,0.4929907467393563
voiced,RobustScaler,False,adaboost,87,0.5661211400143548,0.5661211400143548
voiced,RobustScaler,False,mlp,87,0.5160780611058697,0.5109209385349542
svd,RobustScaler,True,svm,88,0.8154433334749583,0.8136627331229296
svd,RobustScaler,True,knn,88,0.6754617937496891,0.6854354061060712
svd,RobustScaler,True,gaussianNB,88,0.6560431662121956,0.6573316396435261
svd,RobustScaler,True,lda,88,0.820718430969249,0.820718430969249
svd,RobustScaler,True,qda,88,0.6956381840623935,0.6956381840623935
svd,RobustScaler,True,dt,88,0.7976273853373089,0.7976273853373089
svd,RobustScaler,True,rf,88,0.8158010855011945,0.8158010855011945
svd,RobustScaler,True,adaboost,88,0.820153577792618,0.820153577792618
svd,RobustScaler,True,mlp,88,0.8017642444796207,0.788375980616984
voiced,RobustScaler,True,svm,88,0.5381133919843597,0.541446725317693
voiced,RobustScaler,True,knn,88,0.4828299120234604,0.46813782991202346
voiced,RobustScaler,True,gaussianNB,88,0.550674486803519,0.550674486803519
voiced,RobustScaler,True,lda,88,0.47468719452590413,0.47468719452590413
voiced,RobustScaler,True,qda,88,0.5133137829912024,0.48074291300097755
voiced,RobustScaler,True,dt,88,0.6031329423264907,0.6031329423264907
voiced,RobustScaler,True,rf,88,0.6028983382209189,0.599672531769306
voiced,RobustScaler,True,adaboost,88,0.5752785923753667,0.5752785923753667
voiced,RobustScaler,True,mlp,88,0.5504936461388075,0.5506451612903225
svd,RobustScaler,False,svm,88,0.8090556815072926,0.8095556815072926
svd,RobustScaler,False,knn,88,0.6812742294131292,0.6765582909706928
svd,RobustScaler,False,gaussianNB,88,0.658812693612316,0.658812693612316
svd,RobustScaler,False,lda,88,0.827910919819639,0.827910919819639
svd,RobustScaler,False,qda,88,0.6881395420378279,0.6861143307544957
svd,RobustScaler,False,dt,88,0.8006643165201609,0.8006643165201609
svd,RobustScaler,False,rf,88,0.8167897736946191,0.8167897736946191
svd,RobustScaler,False,adaboost,88,0.8181515053954161,0.8181515053954161
svd,RobustScaler,False,mlp,88,0.7834646777360333,0.779271475591304
voiced,RobustScaler,False,svm,88,0.5172944260964037,0.49602745777061197
voiced,RobustScaler,False,knn,88,0.513896231716972,0.49162275055910953
voiced,RobustScaler,False,gaussianNB,88,0.5572173859965442,0.5572173859965442
voiced,RobustScaler,False,lda,88,0.47994511840987497,0.47994511840987497
voiced,RobustScaler,False,qda,88,0.5098568636119347,0.558305081684899
voiced,RobustScaler,False,dt,88,0.5209387153771028,0.5209387153771028
voiced,RobustScaler,False,rf,88,0.5247529624139664,0.5105168513028554
voiced,RobustScaler,False,adaboost,88,0.6171825355547466,0.6171825355547466
voiced,RobustScaler,False,mlp,88,0.5474036691747138,0.5362925580636028
svd,RobustScaler,True,svm,89,0.8055224800644648,0.8050096595516443
svd,RobustScaler,True,knn,89,0.6779158427904338,0.673515748155879
svd,RobustScaler,True,gaussianNB,89,0.6590077461615085,0.6592758114295737
svd,RobustScaler,True,lda,89,0.8152264819876598,0.8152264819876598
svd,RobustScaler,True,qda,89,0.6858977009903946,0.6840990234774313
svd,RobustScaler,True,dt,89,0.789821142143934,0.789821142143934
svd,RobustScaler,True,rf,89,0.8268729307769658,0.8255967514855194
svd,RobustScaler,True,adaboost,89,0.8157008422330124,0.8157008422330124
svd,RobustScaler,True,mlp,89,0.7774129251337538,0.7957407586960477
voiced,RobustScaler,True,svm,89,0.5980058651026392,0.5980058651026392
voiced,RobustScaler,True,knn,89,0.5444525904203324,0.5917693059628544
voiced,RobustScaler,True,gaussianNB,89,0.5611094819159335,0.5611094819159335
voiced,RobustScaler,True,lda,89,0.5561827956989248,0.5561827956989248
voiced,RobustScaler,True,qda,89,0.526603128054741,0.512663734115347
voiced,RobustScaler,True,dt,89,0.5645210166177907,0.5645210166177907
voiced,RobustScaler,True,rf,89,0.5446480938416423,0.5346480938416422
voiced,RobustScaler,True,adaboost,89,0.5577077223851419,0.5577077223851419
voiced,RobustScaler,True,mlp,89,0.5863587487781036,0.604692082111437
svd,RobustScaler,False,svm,89,0.8046388664146817,0.8058537576707325
svd,RobustScaler,False,knn,89,0.6866445660136135,0.6841904918494901
svd,RobustScaler,False,gaussianNB,89,0.6619789381817921,0.661878845788814
svd,RobustScaler,False,lda,89,0.8278932783864514,0.8278932783864514
svd,RobustScaler,False,qda,89,0.6860043143873521,0.6854719514854066
svd,RobustScaler,False,dt,89,0.7965168787782562,0.7965168787782562
svd,RobustScaler,False,rf,89,0.8203128555737835,0.8203128555737835
svd,RobustScaler,False,adaboost,89,0.8075919880967586,0.8075919880967586
svd,RobustScaler,False,mlp,89,0.7974607342251975,0.7863924958891271
voiced,RobustScaler,False,svm,89,0.5191688770999117,0.5221991801302146
voiced,RobustScaler,False,knn,89,0.462606100795756,0.47018346595932803
voiced,RobustScaler,False,gaussianNB,89,0.5425516437585404,0.5425516437585404
voiced,RobustScaler,False,lda,89,0.5160421188007394,0.5160421188007394
voiced,RobustScaler,False,qda,89,0.4716300940438871,0.49165038984004494
voiced,RobustScaler,False,dt,89,0.528176794469898,0.528176794469898
voiced,RobustScaler,False,rf,89,0.5348559199421269,0.5348559199421269
voiced,RobustScaler,False,adaboost,89,0.5518929346515554,0.5518929346515554
voiced,RobustScaler,False,mlp,89,0.5266753074511695,0.5617478498512981
svd,RobustScaler,True,svm,90,0.806572293573384,0.8063249218974409
svd,RobustScaler,True,knn,90,0.678917565531524,0.6832197210277908
svd,RobustScaler,True,gaussianNB,90,0.6600475696604378,0.6605577737420705
svd,RobustScaler,True,lda,90,0.823915649962542,0.823915649962542
svd,RobustScaler,True,qda,90,0.6866583688939196,0.6851283068076961
svd,RobustScaler,True,dt,90,0.7898339265242209,0.7898339265242209
svd,RobustScaler,True,rf,90,0.8195144695362797,0.8195144695362797
svd,RobustScaler,True,adaboost,90,0.8112887657598673,0.8112887657598673
svd,RobustScaler,True,mlp,90,0.7779587497199275,0.7880933769974119
voiced,RobustScaler,True,svm,90,0.5640224828934506,0.5425073313782992
voiced,RobustScaler,True,knn,90,0.5342375366568916,0.5292815249266862
voiced,RobustScaler,True,gaussianNB,90,0.5520185728250244,0.5520185728250244
voiced,RobustScaler,True,lda,90,0.5450537634408602,0.5450537634408602
voiced,RobustScaler,True,qda,90,0.5084359726295211,0.5009237536656891
voiced,RobustScaler,True,dt,90,0.5406451612903226,0.5406451612903226
voiced,RobustScaler,True,rf,90,0.5267497556207233,0.5267497556207233
voiced,RobustScaler,True,adaboost,90,0.5722922776148582,0.5722922776148582
voiced,RobustScaler,True,mlp,90,0.5522043010752689,0.5440224828934508
svd,RobustScaler,False,svm,90,0.8037876009155559,0.8017084606552214
svd,RobustScaler,False,knn,90,0.6934666250338803,0.6929893229533045
svd,RobustScaler,False,gaussianNB,90,0.6591409523761035,0.6591409523761035
svd,RobustScaler,False,lda,90,0.8221484077588308,0.8221484077588308
svd,RobustScaler,False,qda,90,0.6921391663779042,0.6924754267045353
svd,RobustScaler,False,dt,90,0.7926219894408373,0.7926219894408373
svd,RobustScaler,False,rf,90,0.8211629551212644,0.8211629551212644
svd,RobustScaler,False,adaboost,90,0.8203325482532774,0.8203325482532774
svd,RobustScaler,False,mlp,90,0.7854021013960182,0.7882418249781364
voiced,RobustScaler,False,svm,90,0.550109126984127,0.5669378306878307
voiced,RobustScaler,False,knn,90,0.49595238095238087,0.5010449735449736
voiced,RobustScaler,False,gaussianNB,90,0.5437764550264551,0.5437764550264551
voiced,RobustScaler,False,lda,90,0.5077116402116402,0.5077116402116402
voiced,RobustScaler,False,qda,90,0.44149801587301585,0.4955753968253968
voiced,RobustScaler,False,dt,90,0.5732936507936508,0.5732936507936508
voiced,RobustScaler,False,rf,90,0.5232605820105819,0.5499272486772486
voiced,RobustScaler,False,adaboost,90,0.6032275132275132,0.6032275132275132
voiced,RobustScaler,False,mlp,90,0.5355390211640212,0.5716435185185185
svd,RobustScaler,True,svm,91,0.7986969991113939,0.7986969991113939
svd,RobustScaler,True,knn,91,0.6848863713531108,0.6823382796774291
svd,RobustScaler,True,gaussianNB,91,0.6582658689910599,0.6580184973151166
svd,RobustScaler,True,lda,91,0.8257222366873403,0.8257222366873403
svd,RobustScaler,True,qda,91,0.6861106723156887,0.6868682480732644
svd,RobustScaler,True,dt,91,0.8090109853795786,0.8090109853795786
svd,RobustScaler,True,rf,91,0.8197642797043014,0.8197642797043014
svd,RobustScaler,True,adaboost,91,0.8088467602916893,0.8088467602916893
svd,RobustScaler,True,mlp,91,0.7813462981947168,0.7697224458565789
voiced,RobustScaler,True,svm,91,0.5432209188660801,0.5390860215053764
voiced,RobustScaler,True,knn,91,0.4809481915933529,0.46605571847507327
voiced,RobustScaler,True,gaussianNB,91,0.5507233626588465,0.5507233626588465
voiced,RobustScaler,True,lda,91,0.4830205278592376,0.4830205278592376
voiced,RobustScaler,True,qda,91,0.4986168132942326,0.5556304985337244
voiced,RobustScaler,True,dt,91,0.6470723362658847,0.5890420332355817
voiced,RobustScaler,True,rf,91,0.5083528836754643,0.5083528836754643
voiced,RobustScaler,True,adaboost,91,0.5814565004887585,0.5814565004887585
voiced,RobustScaler,True,mlp,91,0.5733919843597263,0.5592570869990224
svd,RobustScaler,False,svm,91,0.810697223536358,0.8096555286119079
svd,RobustScaler,False,knn,91,0.671165749906768,0.6754470380265097
svd,RobustScaler,False,gaussianNB,91,0.6601908919267038,0.6601908919267038
svd,RobustScaler,False,lda,91,0.8131308255119778,0.8131308255119778
svd,RobustScaler,False,qda,91,0.6935466064637498,0.6952544135820047
svd,RobustScaler,False,dt,91,0.7783079757481878,0.7783079757481878
svd,RobustScaler,False,rf,91,0.814765301618485,0.8140190329617687
svd,RobustScaler,False,adaboost,91,0.810787379563021,0.810787379563021
svd,RobustScaler,False,mlp,91,0.7907147876142707,0.7883497726579983
voiced,RobustScaler,False,svm,91,0.5305151139709963,0.5214242048800872
voiced,RobustScaler,False,knn,91,0.4745932009167303,0.49450384582737517
voiced,RobustScaler,False,gaussianNB,91,0.5361565966713026,0.5361565966713026
voiced,RobustScaler,False,lda,91,0.4782916919681625,0.4782916919681625
voiced,RobustScaler,False,qda,91,0.47632906309376893,0.5211892764098647
voiced,RobustScaler,False,dt,91,0.5321314959550254,0.5321314959550254
voiced,RobustScaler,False,rf,91,0.5021311123517006,0.5021311123517006
voiced,RobustScaler,False,adaboost,91,0.5421143725555491,0.5421143725555491
voiced,RobustScaler,False,mlp,91,0.49695722578075524,0.5072391660626955
svd,RobustScaler,True,svm,92,0.8089549418229897,0.8092172240700048
svd,RobustScaler,True,knn,92,0.6794226402459772,0.6807014359686117
svd,RobustScaler,True,gaussianNB,92,0.6615291233666369,0.6615291233666369
svd,RobustScaler,True,lda,92,0.8242037406432173,0.8242037406432173
svd,RobustScaler,True,qda,92,0.6922698856940951,0.6922698856940951
svd,RobustScaler,True,dt,92,0.7802954297610787,0.7802954297610787
svd,RobustScaler,True,rf,92,0.8231020288326721,0.8231020288326721
svd,RobustScaler,True,adaboost,92,0.8215565060167023,0.8215565060167023
svd,RobustScaler,True,mlp,92,0.7840892858504636,0.7878931755267634
voiced,RobustScaler,True,svm,92,0.584692082111437,0.6033088954056696
voiced,RobustScaler,True,knn,92,0.49679374389051806,0.4787390029325513
voiced,RobustScaler,True,gaussianNB,92,0.5568035190615837,0.5568035190615837
voiced,RobustScaler,True,lda,92,0.5275464320625611,0.5275464320625611
voiced,RobustScaler,True,qda,92,0.4548484848484849,0.5002834799608993
voiced,RobustScaler,True,dt,92,0.567375366568915,0.5723753665689151
voiced,RobustScaler,True,rf,92,0.5761241446725318,0.5761241446725318
voiced,RobustScaler,True,adaboost,92,0.5753665689149561,0.5753665689149561
voiced,RobustScaler,True,mlp,92,0.5797996089931573,0.5467253176930595
svd,RobustScaler,False,svm,92,0.8146018648914243,0.8136063277393653
svd,RobustScaler,False,knn,92,0.6858757996601156,0.6828025261102154
svd,RobustScaler,False,gaussianNB,92,0.6612078131958045,0.6612078131958045
svd,RobustScaler,False,lda,92,0.8241373643586349,0.8241373643586349
svd,RobustScaler,False,qda,92,0.6904854586737897,0.6917471201392426
svd,RobustScaler,False,dt,92,0.7863624254036223,0.7863624254036223
svd,RobustScaler,False,rf,92,0.8213443821984037,0.8213443821984037
svd,RobustScaler,False,adaboost,92,0.8115036648681855,0.8115036648681855
svd,RobustScaler,False,mlp,92,0.7848622376262953,0.7796100147751186
voiced,RobustScaler,False,svm,92,0.5425149865583682,0.568742772491382
voiced,RobustScaler,False,knn,92,0.47658049835469196,0.5102490341200019
voiced,RobustScaler,False,gaussianNB,92,0.5642785326155739,0.5642785326155739
voiced,RobustScaler,False,lda,92,0.49682139205498493,0.49682139205498493
voiced,RobustScaler,False,qda,92,0.49173518978858244,0.5106864943238693
voiced,RobustScaler,False,dt,92,0.5912343422243311,0.5912343422243311
voiced,RobustScaler,False,rf,92,0.5807707525449463,0.5807707525449463
voiced,RobustScaler,False,adaboost,92,0.5674601742343677,0.5674601742343677
voiced,RobustScaler,False,mlp,92,0.5467903953665912,0.5718753678653568
svd,RobustScaler,True,svm,93,0.8075675632982066,0.808334088666695
svd,RobustScaler,True,knn,93,0.678404906616466,0.6715518487328738
svd,RobustScaler,True,gaussianNB,93,0.6626545755226234,0.6626545755226234
svd,RobustScaler,True,lda,93,0.8215651433263211,0.8215651433263211
svd,RobustScaler,True,qda,93,0.6902775777475887,0.6887391162091271
svd,RobustScaler,True,dt,93,0.793944221899511,0.793944221899511
svd,RobustScaler,True,rf,93,0.8276260017699494,0.8276260017699494
svd,RobustScaler,True,adaboost,93,0.8237804870520247,0.8237804870520247
svd,RobustScaler,True,mlp,93,0.7835408012561774,0.7863147829996249
voiced,RobustScaler,True,svm,93,0.5118768328445749,0.5267693059628543
voiced,RobustScaler,True,knn,93,0.4747996089931574,0.42077223851417395
voiced,RobustScaler,True,gaussianNB,93,0.5495307917888563,0.5495307917888563
voiced,RobustScaler,True,lda,93,0.4968328445747801,0.4968328445747801
voiced,RobustScaler,True,qda,93,0.5325366568914955,0.5054594330400782
voiced,RobustScaler,True,dt,93,0.5791691104594331,0.5589345063538612
voiced,RobustScaler,True,rf,93,0.5334164222873901,0.5483724340175953
voiced,RobustScaler,True,adaboost,93,0.48758064516129035,0.48758064516129035
voiced,RobustScaler,True,mlp,93,0.5280449657869013,0.5195601173020529
svd,RobustScaler,False,svm,93,0.8078920918217204,0.8052323982163554
svd,RobustScaler,False,knn,93,0.6854367750267798,0.6825355186023985
svd,RobustScaler,False,gaussianNB,93,0.6631092592381146,0.6631092592381146
svd,RobustScaler,False,lda,93,0.8145039447849548,0.8145039447849548
svd,RobustScaler,False,qda,93,0.6860243180379555,0.6870433274780176
svd,RobustScaler,False,dt,93,0.786515699055675,0.786515699055675
svd,RobustScaler,False,rf,93,0.8200372407432613,0.8200372407432613
svd,RobustScaler,False,adaboost,93,0.8185883420085516,0.8185883420085516
svd,RobustScaler,False,mlp,93,0.775506359634561,0.7756862952688527
voiced,RobustScaler,False,svm,93,0.5135098862710425,0.5135098862710425
voiced,RobustScaler,False,knn,93,0.46846149511971014,0.5082023109862865
voiced,RobustScaler,False,gaussianNB,93,0.5684830143374768,0.5684830143374768
voiced,RobustScaler,False,lda,93,0.46045333385343523,0.46045333385343523
voiced,RobustScaler,False,qda,93,0.5113748027946812,0.5565776208803592
voiced,RobustScaler,False,dt,93,0.6009443317556908,0.6009443317556908
voiced,RobustScaler,False,rf,93,0.5348190695376294,0.5348190695376294
voiced,RobustScaler,False,adaboost,93,0.6039927142386574,0.6039927142386574
voiced,RobustScaler,False,mlp,93,0.5161263240928555,0.5288670879492381
svd,RobustScaler,True,svm,94,0.7990266549154226,0.7997842306729984
svd,RobustScaler,True,knn,94,0.678427726399373,0.6644668218005186
svd,RobustScaler,True,gaussianNB,94,0.6587561674966255,0.6587561674966255
svd,RobustScaler,True,lda,94,0.823746117568364,0.823746117568364
svd,RobustScaler,True,qda,94,0.6907374450340644,0.6902193916588681
svd,RobustScaler,True,dt,94,0.7935262175120409,0.7935262175120409
svd,RobustScaler,True,rf,94,0.8104734669183958,0.8104734669183958
svd,RobustScaler,True,adaboost,94,0.8172865938133114,0.8172865938133114
svd,RobustScaler,True,mlp,94,0.789674013736173,0.7908806787541793
voiced,RobustScaler,True,svm,94,0.573782991202346,0.5795845552297165
voiced,RobustScaler,True,knn,94,0.4935239491691104,0.4692815249266862
voiced,RobustScaler,True,gaussianNB,94,0.5787976539589443,0.5787976539589443
voiced,RobustScaler,True,lda,94,0.5670234604105572,0.5670234604105572
voiced,RobustScaler,True,qda,94,0.49549853372434016,0.5070723362658847
voiced,RobustScaler,True,dt,94,0.581099706744868,0.572008797653959
voiced,RobustScaler,True,rf,94,0.5753665689149561,0.5844574780058651
voiced,RobustScaler,True,adaboost,94,0.5877908113391983,0.5877908113391983
voiced,RobustScaler,True,mlp,94,0.5896285434995112,0.5888709677419355
svd,RobustScaler,False,svm,94,0.8110713450338759,0.8090127711982896
svd,RobustScaler,False,knn,94,0.6868261236901771,0.6792904537961801
svd,RobustScaler,False,gaussianNB,94,0.659440542817163,0.659440542817163
svd,RobustScaler,False,lda,94,0.8222542953961505,0.8222542953961505
svd,RobustScaler,False,qda,94,0.6942131473025054,0.6937003267896849
svd,RobustScaler,False,dt,94,0.7843822247499006,0.7843822247499006
svd,RobustScaler,False,rf,94,0.8148921175107136,0.8148921175107136
svd,RobustScaler,False,adaboost,94,0.8127266200126035,0.8127266200126035
svd,RobustScaler,False,mlp,94,0.800318789100043,0.7942078812190886
voiced,RobustScaler,False,svm,94,0.5426331729272906,0.5316482319423497
voiced,RobustScaler,False,knn,94,0.5757118766309943,0.5213322080969139
voiced,RobustScaler,False,gaussianNB,94,0.544991396131102,0.544991396131102
voiced,RobustScaler,False,lda,94,0.5241147741147741,0.5241147741147741
voiced,RobustScaler,False,qda,94,0.48575242703919175,0.48918471234647704
voiced,RobustScaler,False,dt,94,0.5573079766094471,0.5573079766094471
voiced,RobustScaler,False,rf,94,0.5341184700375876,0.5341184700375876
voiced,RobustScaler,False,adaboost,94,0.558481918408389,0.558481918408389
voiced,RobustScaler,False,mlp,94,0.5566723078120137,0.5243183940242764
svd,RobustScaler,True,svm,95,0.8112890344842363,0.8095317441555174
svd,RobustScaler,True,knn,95,0.6880095585984354,0.6883202893072031
svd,RobustScaler,True,gaussianNB,95,0.664877650521053,0.664877650521053
svd,RobustScaler,True,lda,95,0.827497544258722,0.827497544258722
svd,RobustScaler,True,qda,95,0.6889448628434451,0.689702438601021
svd,RobustScaler,True,dt,95,0.8096940082817946,0.8096940082817946
svd,RobustScaler,True,rf,95,0.82835989528465,0.82835989528465
svd,RobustScaler,True,adaboost,95,0.8170087310000069,0.8170087310000069
svd,RobustScaler,True,mlp,95,0.7869624976985936,0.7873135751925283
voiced,RobustScaler,True,svm,95,0.5793646138807429,0.5602737047898338
voiced,RobustScaler,True,knn,95,0.5216862170087977,0.5045405669599218
voiced,RobustScaler,True,gaussianNB,95,0.5680351906158357,0.5680351906158357
voiced,RobustScaler,True,lda,95,0.4907673509286413,0.4907673509286413
voiced,RobustScaler,True,qda,95,0.517468230694037,0.48696969696969694
voiced,RobustScaler,True,dt,95,0.5756011730205278,0.5756011730205278
voiced,RobustScaler,True,rf,95,0.5258846529814272,0.5142179863147606
voiced,RobustScaler,True,adaboost,95,0.5776783968719453,0.5776783968719453
voiced,RobustScaler,True,mlp,95,0.5185874877810362,0.5243450635386119
svd,RobustScaler,False,svm,95,0.8091576273834807,0.8086663641645175
svd,RobustScaler,False,knn,95,0.6855786766004505,0.6886708275619358
svd,RobustScaler,False,gaussianNB,95,0.6621074596433516,0.6621074596433516
svd,RobustScaler,False,lda,95,0.8266796917448204,0.8266796917448204
svd,RobustScaler,False,qda,95,0.6864122177438798,0.6869375816169467
svd,RobustScaler,False,dt,95,0.78344292279027,0.78344292279027
svd,RobustScaler,False,rf,95,0.824235075567983,0.824235075567983
svd,RobustScaler,False,adaboost,95,0.8022957468222597,0.8022957468222597
svd,RobustScaler,False,mlp,95,0.7924533247589315,0.7982728830217678
voiced,RobustScaler,False,svm,95,0.5761344281114205,0.568741954993141
voiced,RobustScaler,False,knn,95,0.5236534393816179,0.5400777752449952
voiced,RobustScaler,False,gaussianNB,95,0.5578878032151277,0.5578878032151277
voiced,RobustScaler,False,lda,95,0.500202501088412,0.500202501088412
voiced,RobustScaler,False,qda,95,0.5532140546834569,0.5470721719772953
voiced,RobustScaler,False,dt,95,0.6072776970025547,0.6072776970025547
voiced,RobustScaler,False,rf,95,0.5629154293682281,0.5629154293682281
voiced,RobustScaler,False,adaboost,95,0.5493327367603933,0.5493327367603933
voiced,RobustScaler,False,mlp,95,0.574326919917527,0.5911501330737574
svd,RobustScaler,True,svm,96,0.8113936626804674,0.8106303039018414
svd,RobustScaler,True,knn,96,0.6808839306821859,0.681209631880297
svd,RobustScaler,True,gaussianNB,96,0.6628256839489118,0.6633385044617324
svd,RobustScaler,True,lda,96,0.8133038662537027,0.8133038662537027
svd,RobustScaler,True,qda,96,0.6881950020172486,0.6887052060988811
svd,RobustScaler,True,dt,96,0.7749840599240818,0.7749840599240818
svd,RobustScaler,True,rf,96,0.8250843467691886,0.8250843467691886
svd,RobustScaler,True,adaboost,96,0.8139277952146001,0.8139277952146001
svd,RobustScaler,True,mlp,96,0.788827998609896,0.7882983791925995
voiced,RobustScaler,True,svm,96,0.5836119257087,0.5678543499511243
voiced,RobustScaler,True,knn,96,0.4952541544477029,0.4997165200391008
voiced,RobustScaler,True,gaussianNB,96,0.555654936461388,0.555654936461388
voiced,RobustScaler,True,lda,96,0.5377370478983382,0.5377370478983382
voiced,RobustScaler,True,qda,96,0.509286412512219,0.4716666666666667
voiced,RobustScaler,True,dt,96,0.5907526881720431,0.5907526881720431
voiced,RobustScaler,True,rf,96,0.5833088954056697,0.5833088954056697
voiced,RobustScaler,True,adaboost,96,0.551793743890518,0.551793743890518
voiced,RobustScaler,True,mlp,96,0.5482209188660802,0.5542375366568916
svd,RobustScaler,False,svm,96,0.7992601870818504,0.7994946286845783
svd,RobustScaler,False,knn,96,0.6729844427247965,0.6647309401983312
svd,RobustScaler,False,gaussianNB,96,0.6627730269457373,0.6626194805211699
svd,RobustScaler,False,lda,96,0.813736349116828,0.813736349116828
svd,RobustScaler,False,qda,96,0.6934275911501686,0.69346690807583
svd,RobustScaler,False,dt,96,0.7989003827837168,0.7989003827837168
svd,RobustScaler,False,rf,96,0.8226896810559085,0.8226896810559085
svd,RobustScaler,False,adaboost,96,0.8157281151350556,0.8157281151350556
svd,RobustScaler,False,mlp,96,0.783426723817412,0.7855529484270158
voiced,RobustScaler,False,svm,96,0.5114096297967266,0.5242910494523396
voiced,RobustScaler,False,knn,96,0.4970727122340026,0.4992766373411534
voiced,RobustScaler,False,gaussianNB,96,0.5511647492292654,0.5511647492292654
voiced,RobustScaler,False,lda,96,0.5515201644233902,0.5515201644233902
voiced,RobustScaler,False,qda,96,0.514192796450861,0.46898012381883347
voiced,RobustScaler,False,dt,96,0.5913369426272652,0.585471839987969
voiced,RobustScaler,False,rf,96,0.6122470361180039,0.6031561270270948
voiced,RobustScaler,False,adaboost,96,0.5766100208035692,0.5766100208035692
voiced,RobustScaler,False,mlp,96,0.5240150888537985,0.5207892824021856
svd,RobustScaler,True,svm,97,0.8062984888611933,0.8057856683483727
svd,RobustScaler,True,knn,97,0.6900213417988773,0.6800535560404699
svd,RobustScaler,True,gaussianNB,97,0.6614982454840689,0.6622577095750486
svd,RobustScaler,True,lda,97,0.8295721962515856,0.8295721962515856
svd,RobustScaler,True,qda,97,0.6876689050680327,0.6874118556833934
svd,RobustScaler,True,dt,97,0.7828128087833649,0.7828128087833649
svd,RobustScaler,True,rf,97,0.8223031839116899,0.8223031839116899
svd,RobustScaler,True,adaboost,97,0.8203007661186505,0.8203007661186505
svd,RobustScaler,True,mlp,97,0.7761699714316943,0.7840046068072241
voiced,RobustScaler,True,svm,97,0.5281573802541544,0.5413391984359726
voiced,RobustScaler,True,knn,97,0.508030303030303,0.5148240469208211
voiced,RobustScaler,True,gaussianNB,97,0.5568035190615837,0.5568035190615837
voiced,RobustScaler,True,lda,97,0.5141055718475073,0.5141055718475073
voiced,RobustScaler,True,qda,97,0.5180351906158357,0.4701173020527859
voiced,RobustScaler,True,dt,97,0.5551026392961876,0.5551026392961876
voiced,RobustScaler,True,rf,97,0.5598680351906158,0.5383528836754643
voiced,RobustScaler,True,adaboost,97,0.5364125122189639,0.5364125122189639
voiced,RobustScaler,True,mlp,97,0.5488709677419356,0.5414027370478982
svd,RobustScaler,False,svm,97,0.8077117091802414,0.8090372117827659
svd,RobustScaler,False,knn,97,0.674922375579972,0.6690577793542525
svd,RobustScaler,False,gaussianNB,97,0.6654320519842005,0.6654320519842005
svd,RobustScaler,False,lda,97,0.8296590339183154,0.8296590339183154
svd,RobustScaler,False,qda,97,0.6843892756772753,0.6860710345743278
svd,RobustScaler,False,dt,97,0.7984310654406321,0.7984310654406321
svd,RobustScaler,False,rf,97,0.8218793290639855,0.8218793290639855
svd,RobustScaler,False,adaboost,97,0.8160158840525511,0.8160158840525511
svd,RobustScaler,False,mlp,97,0.7925128967020895,0.7872365232429879
voiced,RobustScaler,False,svm,97,0.6046941767909509,0.5982425638877251
voiced,RobustScaler,False,knn,97,0.5131144005337553,0.512092352092352
voiced,RobustScaler,False,gaussianNB,97,0.5700849508914025,0.5700849508914025
voiced,RobustScaler,False,lda,97,0.522421682260392,0.522421682260392
voiced,RobustScaler,False,qda,97,0.5126719576719576,0.4868229918229918
voiced,RobustScaler,False,dt,97,0.5560216605377896,0.5560216605377896
voiced,RobustScaler,False,rf,97,0.5375760678986485,0.5375760678986485
voiced,RobustScaler,False,adaboost,97,0.5260489689521947,0.5260489689521947
voiced,RobustScaler,False,mlp,97,0.6005448494158172,0.5860210398920077
svd,RobustScaler,True,svm,98,0.813433988766595,0.8116533884145662
svd,RobustScaler,True,knn,98,0.6705691273466629,0.6720939565705106
svd,RobustScaler,True,gaussianNB,98,0.6674481897600764,0.6666906140025006
svd,RobustScaler,True,lda,98,0.829367194056398,0.829367194056398
svd,RobustScaler,True,qda,98,0.6925565038378562,0.6940716553530076
svd,RobustScaler,True,dt,98,0.7775126926871747,0.7775126926871747
svd,RobustScaler,True,rf,98,0.8297192810824218,0.8297192810824218
svd,RobustScaler,True,adaboost,98,0.8178217583942775,0.8178217583942775
svd,RobustScaler,True,mlp,98,0.7850849114535047,0.7934855584255802
voiced,RobustScaler,True,svm,98,0.5435434995112415,0.526661779081134
voiced,RobustScaler,True,knn,98,0.4829374389051809,0.47207233626588463
voiced,RobustScaler,True,gaussianNB,98,0.5510019550342131,0.5510019550342131
voiced,RobustScaler,True,lda,98,0.5241006842619745,0.5241006842619745
voiced,RobustScaler,True,qda,98,0.4173264907135875,0.549188660801564
voiced,RobustScaler,True,dt,98,0.596080156402737,0.5869892473118279
voiced,RobustScaler,True,rf,98,0.5860606060606061,0.5860606060606061
voiced,RobustScaler,True,adaboost,98,0.5456695992179863,0.5456695992179863
voiced,RobustScaler,True,mlp,98,0.5795210166177908,0.5540860215053763
svd,RobustScaler,False,svm,98,0.8057817420682248,0.8057764278660194
svd,RobustScaler,False,knn,98,0.6758399570394934,0.6778642621048138
svd,RobustScaler,False,gaussianNB,98,0.6582512649420992,0.6574109288076454
svd,RobustScaler,False,lda,98,0.8106249251393413,0.8106249251393413
svd,RobustScaler,False,qda,98,0.688968278091664,0.6909792826819128
svd,RobustScaler,False,dt,98,0.7818027724039176,0.7818027724039176
svd,RobustScaler,False,rf,98,0.8255662160430223,0.8255662160430223
svd,RobustScaler,False,adaboost,98,0.8123304499438884,0.8123304499438884
svd,RobustScaler,False,mlp,98,0.7922569268033707,0.7818216479451262
voiced,RobustScaler,False,svm,98,0.5485050041236653,0.5649096694380671
voiced,RobustScaler,False,knn,98,0.4809983913989999,0.46178565856050646
voiced,RobustScaler,False,gaussianNB,98,0.5485638499431603,0.5485638499431603
voiced,RobustScaler,False,lda,98,0.5568805957396221,0.5568805957396221
voiced,RobustScaler,False,qda,98,0.5745954349909725,0.5255454569095542
voiced,RobustScaler,False,dt,98,0.6468794812354649,0.6468794812354649
voiced,RobustScaler,False,rf,98,0.5874609180542244,0.5874609180542244
voiced,RobustScaler,False,adaboost,98,0.5995962337189518,0.5995962337189518
voiced,RobustScaler,False,mlp,98,0.5495429604202424,0.5474474325539234
svd,RobustScaler,True,svm,99,0.8066251124375443,0.8058675366799685
svd,RobustScaler,True,knn,99,0.6840331642185513,0.6905903420461763
svd,RobustScaler,True,gaussianNB,99,0.6575543631214297,0.6575543631214297
svd,RobustScaler,True,lda,99,0.8264987956427433,0.8264987956427433
svd,RobustScaler,True,qda,99,0.6895065476145084,0.6887340612858607
svd,RobustScaler,True,dt,99,0.7804149213200468,0.7804149213200468
svd,RobustScaler,True,rf,99,0.819743019612158,0.819743019612158
svd,RobustScaler,True,adaboost,99,0.8045331404328131,0.8045331404328131
svd,RobustScaler,True,mlp,99,0.7892828109731054,0.7882208976047581
voiced,RobustScaler,True,svm,99,0.5540224828934507,0.5829618768328446
voiced,RobustScaler,True,knn,99,0.4550830889540567,0.4642815249266862
voiced,RobustScaler,True,gaussianNB,99,0.5568035190615835,0.5568035190615835
voiced,RobustScaler,True,lda,99,0.5157673509286413,0.5157673509286413
voiced,RobustScaler,True,qda,99,0.510483870967742,0.5184652981427176
voiced,RobustScaler,True,dt,99,0.6144965786901271,0.6144965786901271
voiced,RobustScaler,True,rf,99,0.5760606060606062,0.5760606060606062
voiced,RobustScaler,True,adaboost,99,0.6249315738025416,0.6249315738025416
voiced,RobustScaler,True,mlp,99,0.5444574780058651,0.5468817204301076
svd,RobustScaler,False,svm,99,0.7997964224224507,0.7982927595061894
svd,RobustScaler,False,knn,99,0.6847927359533656,0.6797120263277324
svd,RobustScaler,False,gaussianNB,99,0.6547383027817287,0.6547383027817287
svd,RobustScaler,False,lda,99,0.8108147903518306,0.8108147903518306
svd,RobustScaler,False,qda,99,0.6847212778371597,0.6848153476746072
svd,RobustScaler,False,dt,99,0.799508741833244,0.799508741833244
svd,RobustScaler,False,rf,99,0.825845270717094,0.825845270717094
svd,RobustScaler,False,adaboost,99,0.8197286080614751,0.8197286080614751
svd,RobustScaler,False,mlp,99,0.7732862674846048,0.7816686567756511
voiced,RobustScaler,False,svm,99,0.524500385470213,0.524500385470213
voiced,RobustScaler,False,knn,99,0.46187568497913317,0.4599441682200302
voiced,RobustScaler,False,gaussianNB,99,0.5265350007591387,0.5265350007591387
voiced,RobustScaler,False,lda,99,0.5287930173275001,0.5287930173275001
voiced,RobustScaler,False,qda,99,0.4634507693774935,0.4730505485893417
voiced,RobustScaler,False,dt,99,0.5866936559608973,0.5866936559608973
voiced,RobustScaler,False,rf,99,0.5076696698894975,0.5076696698894975
voiced,RobustScaler,False,adaboost,99,0.5275834015920223,0.5275834015920223
voiced,RobustScaler,False,mlp,99,0.5595647192845469,0.5216962340022684
