dataset,scaler,stratify,classifier,seed,uar_correct,uar_leakage
svd,MinMaxScaler,True,svm,0,0.8343801854270774,0.83746265366767
svd,MinMaxScaler,True,knn,0,0.7872782379379979,0.7844908617373176
svd,MinMaxScaler,True,gaussianNB,0,0.6617318232476357,0.6617318232476357
svd,MinMaxScaler,True,lda,0,0.8218468409090001,0.8218468409090001
svd,MinMaxScaler,True,qda,0,0.770538937616364,0.7653294433665208
svd,MinMaxScaler,True,dt,0,0.7800061951861297,0.7800061951861297
svd,MinMaxScaler,True,rf,0,0.8192480547442379,0.8180009684971516
svd,MinMaxScaler,True,adaboost,0,0.8061810472333919,0.8061810472333919
svd,MinMaxScaler,True,mlp,0,0.8133529828949676,0.8121040083144774
voiced,MinMaxScaler,True,svm,0,0.5606451612903226,0.5606451612903227
voiced,MinMaxScaler,True,knn,0,0.5305816226783968,0.5505816226783968
voiced,MinMaxScaler,True,gaussianNB,0,0.5383186705767351,0.5466520039100684
voiced,MinMaxScaler,True,lda,0,0.5478250244379277,0.5478250244379277
voiced,MinMaxScaler,True,qda,0,0.4876588465298142,0.5053030303030303
voiced,MinMaxScaler,True,dt,0,0.6126392961876832,0.6126392961876832
voiced,MinMaxScaler,True,rf,0,0.6002590420332357,0.6002590420332357
voiced,MinMaxScaler,True,adaboost,0,0.558069403714565,0.558069403714565
voiced,MinMaxScaler,True,mlp,0,0.5836559139784947,0.5820967741935483
svd,MinMaxScaler,False,svm,0,0.8318189370705508,0.8334198478483634
svd,MinMaxScaler,False,knn,0,0.7888516820099968,0.7851050081788709
svd,MinMaxScaler,False,gaussianNB,0,0.6589522186570076,0.6589522186570076
svd,MinMaxScaler,False,lda,0,0.8153597918066664,0.8153597918066664
svd,MinMaxScaler,False,qda,0,0.7664287257127527,0.7643531291736922
svd,MinMaxScaler,False,dt,0,0.7958587565661147,0.7958587565661147
svd,MinMaxScaler,False,rf,0,0.8252948568508585,0.8252948568508585
svd,MinMaxScaler,False,adaboost,0,0.8205098009408051,0.8205098009408051
svd,MinMaxScaler,False,mlp,0,0.8083392447054264,0.8082314717642085
voiced,MinMaxScaler,False,svm,0,0.5601143445449619,0.5534842505010747
voiced,MinMaxScaler,False,knn,0,0.5034485351504262,0.5011318196079041
voiced,MinMaxScaler,False,gaussianNB,0,0.5512054153669836,0.5512054153669836
voiced,MinMaxScaler,False,lda,0,0.507931685944756,0.507931685944756
voiced,MinMaxScaler,False,qda,0,0.5369075536532433,0.5655818965517241
voiced,MinMaxScaler,False,dt,0,0.5621586971148984,0.5621586971148984
voiced,MinMaxScaler,False,rf,0,0.5071355378029461,0.5071355378029461
voiced,MinMaxScaler,False,adaboost,0,0.5371305529842794,0.5371305529842794
voiced,MinMaxScaler,False,mlp,0,0.5433429529313845,0.5509261261541573
svd,MinMaxScaler,True,svm,1,0.83639641347384,0.8446093909725316
svd,MinMaxScaler,True,knn,1,0.791967523570577,0.7942046466801103
svd,MinMaxScaler,True,gaussianNB,1,0.6657789520548517,0.6657789520548517
svd,MinMaxScaler,True,lda,1,0.8336219414899894,0.8336219414899894
svd,MinMaxScaler,True,qda,1,0.7723274471802279,0.7664305015231951
svd,MinMaxScaler,True,dt,1,0.7841617851432464,0.7841617851432464
svd,MinMaxScaler,True,rf,1,0.8260742801364394,0.8260742801364394
svd,MinMaxScaler,True,adaboost,1,0.8099562760031679,0.8099562760031679
svd,MinMaxScaler,True,mlp,1,0.8238560367295372,0.8194975235596826
voiced,MinMaxScaler,True,svm,1,0.6010361681329424,0.5803861192570869
voiced,MinMaxScaler,True,knn,1,0.5542424242424242,0.5401515151515153
voiced,MinMaxScaler,True,gaussianNB,1,0.5517986314760508,0.5517986314760508
voiced,MinMaxScaler,True,lda,1,0.5340175953079179,0.5340175953079179
voiced,MinMaxScaler,True,qda,1,0.469496578690127,0.48636363636363633
voiced,MinMaxScaler,True,dt,1,0.5895650048875855,0.5895650048875855
voiced,MinMaxScaler,True,rf,1,0.5558406647116325,0.5558406647116325
voiced,MinMaxScaler,True,adaboost,1,0.6044525904203324,0.6044525904203324
voiced,MinMaxScaler,True,mlp,1,0.6019452590420332,0.6084604105571848
svd,MinMaxScaler,False,svm,1,0.8379046965768137,0.8468503171558146
svd,MinMaxScaler,False,knn,1,0.7830574911574931,0.7903968298413366
svd,MinMaxScaler,False,gaussianNB,1,0.6625928364507297,0.6625928364507297
svd,MinMaxScaler,False,lda,1,0.827980686288971,0.827980686288971
svd,MinMaxScaler,False,qda,1,0.7676327117603059,0.7659158526166061
svd,MinMaxScaler,False,dt,1,0.7832095851055437,0.7832095851055437
svd,MinMaxScaler,False,rf,1,0.8146886260423299,0.8146886260423299
svd,MinMaxScaler,False,adaboost,1,0.8105933856297629,0.8105933856297629
svd,MinMaxScaler,False,mlp,1,0.8135681834118691,0.8154900740497792
voiced,MinMaxScaler,False,svm,1,0.561019468316465,0.5783249852771543
voiced,MinMaxScaler,False,knn,1,0.5112262133285495,0.48353390563624166
voiced,MinMaxScaler,False,gaussianNB,1,0.5775769463922968,0.5775769463922968
voiced,MinMaxScaler,False,lda,1,0.4788566319767654,0.4788566319767654
voiced,MinMaxScaler,False,qda,1,0.45616927216482284,0.4656646035956381
voiced,MinMaxScaler,False,dt,1,0.6268555421836847,0.6268555421836847
voiced,MinMaxScaler,False,rf,1,0.6257787754617565,0.6257787754617565
voiced,MinMaxScaler,False,adaboost,1,0.5781387810475686,0.5781387810475686
voiced,MinMaxScaler,False,mlp,1,0.559552729435933,0.5328330512646419
svd,MinMaxScaler,True,svm,2,0.8428555650093272,0.8436163073567654
svd,MinMaxScaler,True,knn,2,0.791642535944608,0.7972535025861089
svd,MinMaxScaler,True,gaussianNB,2,0.6609802084502193,0.6599443395572075
svd,MinMaxScaler,True,lda,2,0.816594623115888,0.816594623115888
svd,MinMaxScaler,True,qda,2,0.7705640016108937,0.7712255719562153
svd,MinMaxScaler,True,dt,2,0.7881230038591,0.7881230038591
svd,MinMaxScaler,True,rf,2,0.8195939592940682,0.8195939592940682
svd,MinMaxScaler,True,adaboost,2,0.8185478026154144,0.8185478026154144
svd,MinMaxScaler,True,mlp,2,0.8124801661442884,0.8160232896874117
voiced,MinMaxScaler,True,svm,2,0.5477859237536657,0.5451466275659824
voiced,MinMaxScaler,True,knn,2,0.49265395894428154,0.5306842619745845
voiced,MinMaxScaler,True,gaussianNB,2,0.5564760508308895,0.5564760508308895
voiced,MinMaxScaler,True,lda,2,0.5659872922776149,0.5659872922776149
voiced,MinMaxScaler,True,qda,2,0.46324046920821116,0.4593646138807429
voiced,MinMaxScaler,True,dt,2,0.5620087976539588,0.5620087976539588
voiced,MinMaxScaler,True,rf,2,0.5594965786901271,0.5594965786901271
voiced,MinMaxScaler,True,adaboost,2,0.6122678396871946,0.6122678396871946
voiced,MinMaxScaler,True,mlp,2,0.5383724340175954,0.520039100684262
svd,MinMaxScaler,False,svm,2,0.832311727008134,0.8317482610810872
svd,MinMaxScaler,False,knn,2,0.7764897259060622,0.7675968667684573
svd,MinMaxScaler,False,gaussianNB,2,0.6604011353775526,0.6604011353775526
svd,MinMaxScaler,False,lda,2,0.8227698104952923,0.8227698104952923
svd,MinMaxScaler,False,qda,2,0.7679269371606512,0.7668194009155399
svd,MinMaxScaler,False,dt,2,0.7938197043829119,0.7938197043829119
svd,MinMaxScaler,False,rf,2,0.8261981809482896,0.8261981809482896
svd,MinMaxScaler,False,adaboost,2,0.8176999980012762,0.8176999980012762
svd,MinMaxScaler,False,mlp,2,0.8187239550145803,0.8155619006640963
voiced,MinMaxScaler,False,svm,2,0.6395016180144264,0.6002349674799865
voiced,MinMaxScaler,False,knn,2,0.5239969668219193,0.5077905398066689
voiced,MinMaxScaler,False,gaussianNB,2,0.5183106499849858,0.5183106499849858
voiced,MinMaxScaler,False,lda,2,0.4882760655255912,0.4882760655255912
voiced,MinMaxScaler,False,qda,2,0.5305426577603998,0.4794591072010427
voiced,MinMaxScaler,False,dt,2,0.6175383883106843,0.6175383883106843
voiced,MinMaxScaler,False,rf,2,0.5483149857205835,0.5483149857205835
voiced,MinMaxScaler,False,adaboost,2,0.599097577610386,0.599097577610386
voiced,MinMaxScaler,False,mlp,2,0.6248151182923479,0.6111150044084105
svd,MinMaxScaler,True,svm,3,0.8398019519557142,0.8400674007925917
svd,MinMaxScaler,True,knn,3,0.7858044754227961,0.7830060833386897
svd,MinMaxScaler,True,gaussianNB,3,0.6627347044086411,0.6627347044086411
svd,MinMaxScaler,True,lda,3,0.8242754991282798,0.8242754991282798
svd,MinMaxScaler,True,qda,3,0.7616919213102419,0.7631273161589409
svd,MinMaxScaler,True,dt,3,0.7873596614218206,0.7873596614218206
svd,MinMaxScaler,True,rf,3,0.8304802013689692,0.8249091057978737
svd,MinMaxScaler,True,adaboost,3,0.8157778335804509,0.8157778335804509
svd,MinMaxScaler,True,mlp,3,0.8111815828664246,0.8170205657664763
voiced,MinMaxScaler,True,svm,3,0.5549315738025415,0.5687585532746823
voiced,MinMaxScaler,True,knn,3,0.4835679374389052,0.4852541544477029
voiced,MinMaxScaler,True,gaussianNB,3,0.543299120234604,0.543299120234604
voiced,MinMaxScaler,True,lda,3,0.4582991202346041,0.4582991202346041
voiced,MinMaxScaler,True,qda,3,0.5058797653958944,0.501466275659824
voiced,MinMaxScaler,True,dt,3,0.6046285434995113,0.6046285434995113
voiced,MinMaxScaler,True,rf,3,0.5298875855327468,0.5331133919843596
voiced,MinMaxScaler,True,adaboost,3,0.5351270772238514,0.5351270772238514
voiced,MinMaxScaler,True,mlp,3,0.5954692082111437,0.5797556207233627
svd,MinMaxScaler,False,svm,3,0.8387430095067012,0.8352548210445592
svd,MinMaxScaler,False,knn,3,0.7778262886639034,0.7852967212225855
svd,MinMaxScaler,False,gaussianNB,3,0.6618177126310981,0.6618177126310981
svd,MinMaxScaler,False,lda,3,0.8283680372398525,0.8283680372398525
svd,MinMaxScaler,False,qda,3,0.7662280965773812,0.7690913053524261
svd,MinMaxScaler,False,dt,3,0.7768439326800011,0.7768439326800011
svd,MinMaxScaler,False,rf,3,0.8183526421939165,0.8183526421939165
svd,MinMaxScaler,False,adaboost,3,0.8219933723169813,0.8219933723169813
svd,MinMaxScaler,False,mlp,3,0.8121510351864547,0.8098275621894212
voiced,MinMaxScaler,False,svm,3,0.572520085278706,0.5649514278824623
voiced,MinMaxScaler,False,knn,3,0.4944462625497108,0.4939578620613103
voiced,MinMaxScaler,False,gaussianNB,3,0.5607363326328845,0.5607363326328845
voiced,MinMaxScaler,False,lda,3,0.571557924833787,0.571557924833787
voiced,MinMaxScaler,False,qda,3,0.48483137552103067,0.4916998327343155
voiced,MinMaxScaler,False,dt,3,0.5396584450032725,0.5396584450032725
voiced,MinMaxScaler,False,rf,3,0.5390768044216321,0.5390768044216321
voiced,MinMaxScaler,False,adaboost,3,0.5371249822973961,0.5371249822973961
voiced,MinMaxScaler,False,mlp,3,0.5632091088987641,0.5634787817546438
svd,MinMaxScaler,True,svm,4,0.835685457762884,0.8423139038351689
svd,MinMaxScaler,True,knn,4,0.7875965818986538,0.7880803093671143
svd,MinMaxScaler,True,gaussianNB,4,0.6594030506026144,0.6594030506026144
svd,MinMaxScaler,True,lda,4,0.8317962372051794,0.8317962372051794
svd,MinMaxScaler,True,qda,4,0.7646975761425052,0.7660876292010425
svd,MinMaxScaler,True,dt,4,0.7965153857411219,0.7965153857411219
svd,MinMaxScaler,True,rf,4,0.8324801806699298,0.8324801806699298
svd,MinMaxScaler,True,adaboost,4,0.8213508338262974,0.8213508338262974
svd,MinMaxScaler,True,mlp,4,0.8159337064244371,0.8121316451632701
voiced,MinMaxScaler,True,svm,4,0.5816617790811339,0.5898875855327469
voiced,MinMaxScaler,True,knn,4,0.5265347018572825,0.5504740957966765
voiced,MinMaxScaler,True,gaussianNB,4,0.5697653958944281,0.5697653958944281
voiced,MinMaxScaler,True,lda,4,0.476891495601173,0.476891495601173
voiced,MinMaxScaler,True,qda,4,0.5091495601173021,0.49932551319648094
voiced,MinMaxScaler,True,dt,4,0.5847800586510263,0.5847800586510263
voiced,MinMaxScaler,True,rf,4,0.5963831867057674,0.5963831867057674
voiced,MinMaxScaler,True,adaboost,4,0.5292619745845552,0.5292619745845552
voiced,MinMaxScaler,True,mlp,4,0.5982404692082112,0.6058357771260998
svd,MinMaxScaler,False,svm,4,0.8338615046434656,0.8298830615738787
svd,MinMaxScaler,False,knn,4,0.7821418979419569,0.7818154386523748
svd,MinMaxScaler,False,gaussianNB,4,0.6620390680582086,0.6620390680582086
svd,MinMaxScaler,False,lda,4,0.818585906279653,0.818585906279653
svd,MinMaxScaler,False,qda,4,0.7653418349795187,0.7641362052421179
svd,MinMaxScaler,False,dt,4,0.7828552376161011,0.7828552376161011
svd,MinMaxScaler,False,rf,4,0.8270148115466757,0.8270148115466757
svd,MinMaxScaler,False,adaboost,4,0.8212074216132539,0.8212074216132539
svd,MinMaxScaler,False,mlp,4,0.8161104728303605,0.8103852883556169
voiced,MinMaxScaler,False,svm,4,0.5858418509558666,0.5705038556178713
voiced,MinMaxScaler,False,knn,4,0.4863201555581978,0.5323225439743793
voiced,MinMaxScaler,False,gaussianNB,4,0.5487245689053253,0.5487245689053253
voiced,MinMaxScaler,False,lda,4,0.5035903019857414,0.5035903019857414
voiced,MinMaxScaler,False,qda,4,0.47873397922063105,0.48220888307095205
voiced,MinMaxScaler,False,dt,4,0.610179706278149,0.610179706278149
voiced,MinMaxScaler,False,rf,4,0.5634592335732492,0.5634592335732492
voiced,MinMaxScaler,False,adaboost,4,0.5755412598154533,0.5755412598154533
voiced,MinMaxScaler,False,mlp,4,0.6034281736061491,0.5840899543541367
svd,MinMaxScaler,True,svm,5,0.8369798177104611,0.8377472491158423
svd,MinMaxScaler,True,knn,5,0.7954196367064414,0.786030468985758
svd,MinMaxScaler,True,gaussianNB,5,0.6604704800833481,0.6604704800833481
svd,MinMaxScaler,True,lda,5,0.8280027533353597,0.8280027533353597
svd,MinMaxScaler,True,qda,5,0.7662992042490406,0.765939756354151
svd,MinMaxScaler,True,dt,5,0.7732609012216428,0.7732609012216428
svd,MinMaxScaler,True,rf,5,0.8093858631372262,0.8093858631372262
svd,MinMaxScaler,True,adaboost,5,0.8162172614735319,0.8162172614735319
svd,MinMaxScaler,True,mlp,5,0.8066311333159751,0.8048376287471161
voiced,MinMaxScaler,True,svm,5,0.5804936461388074,0.5641495601173021
voiced,MinMaxScaler,True,knn,5,0.5276783968719452,0.5350391006842619
voiced,MinMaxScaler,True,gaussianNB,5,0.5576686217008798,0.5576686217008798
voiced,MinMaxScaler,True,lda,5,0.5195992179863149,0.5195992179863149
voiced,MinMaxScaler,True,qda,5,0.49200879765395894,0.48772238514173993
voiced,MinMaxScaler,True,dt,5,0.5115542521994134,0.5115542521994134
voiced,MinMaxScaler,True,rf,5,0.551427174975562,0.551427174975562
voiced,MinMaxScaler,True,adaboost,5,0.5631573802541545,0.5631573802541545
voiced,MinMaxScaler,True,mlp,5,0.554149560117302,0.5723313782991202
svd,MinMaxScaler,False,svm,5,0.8467153548301578,0.8514291935173975
svd,MinMaxScaler,False,knn,5,0.7776226557445416,0.7836210769299418
svd,MinMaxScaler,False,gaussianNB,5,0.6588993171858977,0.6588993171858977
svd,MinMaxScaler,False,lda,5,0.83651403576735,0.83651403576735
svd,MinMaxScaler,False,qda,5,0.7679884024229617,0.765537136182664
svd,MinMaxScaler,False,dt,5,0.7757716438214893,0.7757716438214893
svd,MinMaxScaler,False,rf,5,0.8161572078571113,0.8161572078571113
svd,MinMaxScaler,False,adaboost,5,0.8079437509624231,0.8079437509624231
svd,MinMaxScaler,False,mlp,5,0.8236359073095226,0.819860342190737
voiced,MinMaxScaler,False,svm,5,0.5737230266298512,0.553752327957327
voiced,MinMaxScaler,False,knn,5,0.5366701723977783,0.5269806313122416
voiced,MinMaxScaler,False,gaussianNB,5,0.5818152991417403,0.5818152991417403
voiced,MinMaxScaler,False,lda,5,0.5244758962492718,0.5244758962492718
voiced,MinMaxScaler,False,qda,5,0.4572660098522167,0.45893588515783107
voiced,MinMaxScaler,False,dt,5,0.5851328786918986,0.5851328786918986
voiced,MinMaxScaler,False,rf,5,0.5449074295897564,0.5449074295897564
voiced,MinMaxScaler,False,adaboost,5,0.6063936404388214,0.6063936404388214
voiced,MinMaxScaler,False,mlp,5,0.5887375988534138,0.5777793135347281
svd,MinMaxScaler,True,svm,6,0.8451604919980056,0.83951946635698
svd,MinMaxScaler,True,knn,6,0.7857466452122941,0.7954085609047441
svd,MinMaxScaler,True,gaussianNB,6,0.6614796345058068,0.6614796345058068
svd,MinMaxScaler,True,lda,6,0.8247234281530901,0.8247234281530901
svd,MinMaxScaler,True,qda,6,0.7662131434541468,0.7635946605194152
svd,MinMaxScaler,True,dt,6,0.7833136165906067,0.7833136165906067
svd,MinMaxScaler,True,rf,6,0.821499107944037,0.821499107944037
svd,MinMaxScaler,True,adaboost,6,0.8210050327716629,0.8210050327716629
svd,MinMaxScaler,True,mlp,6,0.8095974073182362,0.8097804540061901
voiced,MinMaxScaler,True,svm,6,0.568978494623656,0.5349511241446725
voiced,MinMaxScaler,True,knn,6,0.4994770283479961,0.5075024437927664
voiced,MinMaxScaler,True,gaussianNB,6,0.5624486803519062,0.5624486803519062
voiced,MinMaxScaler,True,lda,6,0.4670185728250244,0.4670185728250244
voiced,MinMaxScaler,True,qda,6,0.5024828934506355,0.484325513196481
voiced,MinMaxScaler,True,dt,6,0.5913147605083088,0.5913147605083088
voiced,MinMaxScaler,True,rf,6,0.550733137829912,0.550733137829912
voiced,MinMaxScaler,True,adaboost,6,0.5873998044965787,0.5873998044965787
voiced,MinMaxScaler,True,mlp,6,0.5625904203323557,0.5947996089931574
svd,MinMaxScaler,False,svm,6,0.8363883482207435,0.8419371857316349
svd,MinMaxScaler,False,knn,6,0.7879515752151505,0.7875963717254073
svd,MinMaxScaler,False,gaussianNB,6,0.6587380885833456,0.6587380885833456
svd,MinMaxScaler,False,lda,6,0.82387491541805,0.82387491541805
svd,MinMaxScaler,False,qda,6,0.7735730548619737,0.7657658625291894
svd,MinMaxScaler,False,dt,6,0.7904512905486912,0.7904512905486912
svd,MinMaxScaler,False,rf,6,0.8128027477938671,0.8128027477938671
svd,MinMaxScaler,False,adaboost,6,0.8153950656563671,0.8153950656563671
svd,MinMaxScaler,False,mlp,6,0.8114756178555644,0.8111887102838875
voiced,MinMaxScaler,False,svm,6,0.5194707541725797,0.529148625321039
voiced,MinMaxScaler,False,knn,6,0.5525224407475928,0.5230166828888938
voiced,MinMaxScaler,False,gaussianNB,6,0.5214874742116121,0.5214874742116121
voiced,MinMaxScaler,False,lda,6,0.529065945623755,0.529065945623755
voiced,MinMaxScaler,False,qda,6,0.49722222222222223,0.5129738562091504
voiced,MinMaxScaler,False,dt,6,0.5475959410584157,0.5475959410584157
voiced,MinMaxScaler,False,rf,6,0.5185875409993057,0.5185875409993057
voiced,MinMaxScaler,False,adaboost,6,0.6200587517058105,0.6200587517058105
voiced,MinMaxScaler,False,mlp,6,0.5459386362266687,0.5712169774482148
svd,MinMaxScaler,True,svm,7,0.8334248321652902,0.8328887016291595
svd,MinMaxScaler,True,knn,7,0.7797056923447327,0.7774198829160662
svd,MinMaxScaler,True,gaussianNB,7,0.6642647065765932,0.6642647065765932
svd,MinMaxScaler,True,lda,7,0.8274853100371093,0.8274853100371093
svd,MinMaxScaler,True,qda,7,0.7698263913476563,0.7656337827929977
svd,MinMaxScaler,True,dt,7,0.7898096814127348,0.7898096814127348
svd,MinMaxScaler,True,rf,7,0.8224259491871269,0.8224259491871269
svd,MinMaxScaler,True,adaboost,7,0.8079485073269153,0.8079485073269153
svd,MinMaxScaler,True,mlp,7,0.8076154616012851,0.8073358302911192
voiced,MinMaxScaler,True,svm,7,0.5736559139784946,0.5653225806451612
voiced,MinMaxScaler,True,knn,7,0.5649511241446725,0.5582844574780058
voiced,MinMaxScaler,True,gaussianNB,7,0.5419110459433041,0.5419110459433041
voiced,MinMaxScaler,True,lda,7,0.574169110459433,0.574169110459433
voiced,MinMaxScaler,True,qda,7,0.4988660801564027,0.5103421309872923
voiced,MinMaxScaler,True,dt,7,0.6281769305962854,0.6281769305962854
voiced,MinMaxScaler,True,rf,7,0.5720332355816227,0.5720332355816227
voiced,MinMaxScaler,True,adaboost,7,0.6107575757575758,0.6107575757575758
voiced,MinMaxScaler,True,mlp,7,0.6099120234604105,0.5844134897360704
svd,MinMaxScaler,False,svm,7,0.8374878829241761,0.8401034712554407
svd,MinMaxScaler,False,knn,7,0.7880614224453916,0.7871028718800297
svd,MinMaxScaler,False,gaussianNB,7,0.6628410938805825,0.6628410938805825
svd,MinMaxScaler,False,lda,7,0.8298304362367588,0.8298304362367588
svd,MinMaxScaler,False,qda,7,0.7703796126898653,0.7688131045872957
svd,MinMaxScaler,False,dt,7,0.7864146616098441,0.7864146616098441
svd,MinMaxScaler,False,rf,7,0.8123701939150166,0.8123701939150166
svd,MinMaxScaler,False,adaboost,7,0.8097615356091404,0.8097615356091404
svd,MinMaxScaler,False,mlp,7,0.8225796629134191,0.8146781148150868
voiced,MinMaxScaler,False,svm,7,0.5370553751803752,0.5718578643578643
voiced,MinMaxScaler,False,knn,7,0.5441026334776333,0.5336156204906205
voiced,MinMaxScaler,False,gaussianNB,7,0.5556430375180376,0.5556430375180376
voiced,MinMaxScaler,False,lda,7,0.464367784992785,0.464367784992785
voiced,MinMaxScaler,False,qda,7,0.5106718975468976,0.49084956709956706
voiced,MinMaxScaler,False,dt,7,0.6446545815295817,0.6446545815295817
voiced,MinMaxScaler,False,rf,7,0.5853228715728716,0.5853228715728716
voiced,MinMaxScaler,False,adaboost,7,0.5781673881673882,0.5781673881673882
voiced,MinMaxScaler,False,mlp,7,0.588997113997114,0.6203607503607504
svd,MinMaxScaler,True,svm,8,0.8342369517069625,0.8365270280428405
svd,MinMaxScaler,True,knn,8,0.7830983574767654,0.7848938683998663
svd,MinMaxScaler,True,gaussianNB,8,0.6614546304295487,0.6614546304295487
svd,MinMaxScaler,True,lda,8,0.8268097805502386,0.8268097805502386
svd,MinMaxScaler,True,qda,8,0.7673661888820013,0.7660120813392352
svd,MinMaxScaler,True,dt,8,0.7942686448411639,0.7942686448411639
svd,MinMaxScaler,True,rf,8,0.8167539421683369,0.8167539421683369
svd,MinMaxScaler,True,adaboost,8,0.8098983277718282,0.8098983277718282
svd,MinMaxScaler,True,mlp,8,0.8099223967599105,0.8091404106616757
voiced,MinMaxScaler,True,svm,8,0.5311241446725317,0.5627908113391984
voiced,MinMaxScaler,True,knn,8,0.5112756598240469,0.4780938416422287
voiced,MinMaxScaler,True,gaussianNB,8,0.5403519061583577,0.5403519061583577
voiced,MinMaxScaler,True,lda,8,0.5164613880742912,0.5164613880742912
voiced,MinMaxScaler,True,qda,8,0.4522434017595308,0.5019012707722386
voiced,MinMaxScaler,True,dt,8,0.5082013685239491,0.5082013685239491
voiced,MinMaxScaler,True,rf,8,0.5421847507331379,0.5421847507331379
voiced,MinMaxScaler,True,adaboost,8,0.5429423264907136,0.5429423264907136
voiced,MinMaxScaler,True,mlp,8,0.5759286412512219,0.5559726295210166
svd,MinMaxScaler,False,svm,8,0.829497986219123,0.8378541986765476
svd,MinMaxScaler,False,knn,8,0.7841163817904098,0.7864042818916175
svd,MinMaxScaler,False,gaussianNB,8,0.6633744845994173,0.6633744845994173
svd,MinMaxScaler,False,lda,8,0.8224895119001367,0.8224895119001367
svd,MinMaxScaler,False,qda,8,0.7622867053393715,0.7662847287140917
svd,MinMaxScaler,False,dt,8,0.7917157507224991,0.7917157507224991
svd,MinMaxScaler,False,rf,8,0.8187482292558539,0.8187482292558539
svd,MinMaxScaler,False,adaboost,8,0.816142802377423,0.816142802377423
svd,MinMaxScaler,False,mlp,8,0.8132524641299769,0.8080886798206663
voiced,MinMaxScaler,False,svm,8,0.5782986189437802,0.5875843332294945
voiced,MinMaxScaler,False,knn,8,0.5470579062514547,0.5540217667637022
voiced,MinMaxScaler,False,gaussianNB,8,0.5589947149624568,0.5589947149624568
voiced,MinMaxScaler,False,lda,8,0.5044056123088382,0.5044056123088382
voiced,MinMaxScaler,False,qda,8,0.4970506912442397,0.5570132376583989
voiced,MinMaxScaler,False,dt,8,0.6119423229100648,0.6119423229100648
voiced,MinMaxScaler,False,rf,8,0.5292229455132682,0.5292229455132682
voiced,MinMaxScaler,False,adaboost,8,0.5911954353889838,0.5911954353889838
voiced,MinMaxScaler,False,mlp,8,0.5491298486459777,0.6006416880610429
svd,MinMaxScaler,True,svm,9,0.839593901191502,0.836209354077402
svd,MinMaxScaler,True,knn,9,0.7908577700017178,0.7951838455982404
svd,MinMaxScaler,True,gaussianNB,9,0.6594374364276219,0.6594374364276219
svd,MinMaxScaler,True,lda,9,0.8260063128438265,0.8260063128438265
svd,MinMaxScaler,True,qda,9,0.7662594076225482,0.7646413673567436
svd,MinMaxScaler,True,dt,9,0.7943523252465455,0.7943523252465455
svd,MinMaxScaler,True,rf,9,0.8185557862711624,0.8185557862711624
svd,MinMaxScaler,True,adaboost,9,0.8159588739141629,0.8159588739141629
svd,MinMaxScaler,True,mlp,9,0.816791405613652,0.8122299401797767
voiced,MinMaxScaler,True,svm,9,0.5806451612903226,0.5715542521994135
voiced,MinMaxScaler,True,knn,9,0.5076588465298143,0.530733137829912
voiced,MinMaxScaler,True,gaussianNB,9,0.5521700879765397,0.5521700879765397
voiced,MinMaxScaler,True,lda,9,0.5137145650048875,0.5137145650048875
voiced,MinMaxScaler,True,qda,9,0.4575464320625612,0.5275757575757576
voiced,MinMaxScaler,True,dt,9,0.5065982404692082,0.5065982404692082
voiced,MinMaxScaler,True,rf,9,0.5052981427174975,0.5052981427174975
voiced,MinMaxScaler,True,adaboost,9,0.5813831867057674,0.5813831867057674
voiced,MinMaxScaler,True,mlp,9,0.6115738025415445,0.5904936461388074
svd,MinMaxScaler,False,svm,9,0.8451068679703496,0.8434512135402388
svd,MinMaxScaler,False,knn,9,0.788918998224696,0.7820808178876183
svd,MinMaxScaler,False,gaussianNB,9,0.6635262111642743,0.6635262111642743
svd,MinMaxScaler,False,lda,9,0.8294962062698439,0.8294962062698439
svd,MinMaxScaler,False,qda,9,0.7692807261784829,0.7687194950135664
svd,MinMaxScaler,False,dt,9,0.7913658916240841,0.7913658916240841
svd,MinMaxScaler,False,rf,9,0.8273265282151785,0.8273265282151785
svd,MinMaxScaler,False,adaboost,9,0.8065960304309827,0.8065960304309827
svd,MinMaxScaler,False,mlp,9,0.8198208549914605,0.8144445628058609
voiced,MinMaxScaler,False,svm,9,0.6119623640994609,0.639638123226833
voiced,MinMaxScaler,False,knn,9,0.5537384434561854,0.5681209784838817
voiced,MinMaxScaler,False,gaussianNB,9,0.58115626159981,0.58115626159981
voiced,MinMaxScaler,False,lda,9,0.5219726107226108,0.5219726107226108
voiced,MinMaxScaler,False,qda,9,0.513100609068351,0.505994811639973
voiced,MinMaxScaler,False,dt,9,0.6497095377740537,0.6497095377740537
voiced,MinMaxScaler,False,rf,9,0.5611219530171143,0.5611219530171143
voiced,MinMaxScaler,False,adaboost,9,0.6094851549287033,0.6094851549287033
voiced,MinMaxScaler,False,mlp,9,0.5918447278527923,0.6374350395721364
svd,MinMaxScaler,True,svm,10,0.8392925504157784,0.8472010704671555
svd,MinMaxScaler,True,knn,10,0.787292852549123,0.7910294285866805
svd,MinMaxScaler,True,gaussianNB,10,0.6624719319212231,0.6624719319212231
svd,MinMaxScaler,True,lda,10,0.8211440467929018,0.8211440467929018
svd,MinMaxScaler,True,qda,10,0.7590578886762093,0.7579539181284001
svd,MinMaxScaler,True,dt,10,0.7871263959595475,0.7871263959595475
svd,MinMaxScaler,True,rf,10,0.8210176991311124,0.8210176991311124
svd,MinMaxScaler,True,adaboost,10,0.8162100222569144,0.8162100222569144
svd,MinMaxScaler,True,mlp,10,0.8126446436151997,0.8164375773263451
voiced,MinMaxScaler,True,svm,10,0.5946920821114369,0.6037194525904204
voiced,MinMaxScaler,True,knn,10,0.5179569892473117,0.5393010752688172
voiced,MinMaxScaler,True,gaussianNB,10,0.5530351906158358,0.5530351906158358
voiced,MinMaxScaler,True,lda,10,0.5264369501466275,0.5264369501466275
voiced,MinMaxScaler,True,qda,10,0.5056060606060606,0.4678787878787879
voiced,MinMaxScaler,True,dt,10,0.6033284457478005,0.6033284457478005
voiced,MinMaxScaler,True,rf,10,0.5498240469208212,0.5498240469208212
voiced,MinMaxScaler,True,adaboost,10,0.6219452590420332,0.6219452590420332
voiced,MinMaxScaler,True,mlp,10,0.5397996089931574,0.5531329423264908
svd,MinMaxScaler,False,svm,10,0.8398409761032661,0.8363983771830521
svd,MinMaxScaler,False,knn,10,0.7815446776102567,0.7832495453221491
svd,MinMaxScaler,False,gaussianNB,10,0.6616269211569178,0.6611218706518673
svd,MinMaxScaler,False,lda,10,0.8243108873095618,0.8243108873095618
svd,MinMaxScaler,False,qda,10,0.7718210852257343,0.7733551483333038
svd,MinMaxScaler,False,dt,10,0.7873356642685854,0.7873356642685854
svd,MinMaxScaler,False,rf,10,0.8240056616604996,0.8253945505493885
svd,MinMaxScaler,False,adaboost,10,0.8119414785727395,0.8119414785727395
svd,MinMaxScaler,False,mlp,10,0.8126432868167368,0.8079030645592656
voiced,MinMaxScaler,False,svm,10,0.5779618768328446,0.6119648093841642
voiced,MinMaxScaler,False,knn,10,0.5785923753665689,0.5768817204301074
voiced,MinMaxScaler,False,gaussianNB,10,0.5436217008797655,0.5436217008797655
voiced,MinMaxScaler,False,lda,10,0.5616373411534702,0.5616373411534702
voiced,MinMaxScaler,False,qda,10,0.4690909090909091,0.5143939393939394
voiced,MinMaxScaler,False,dt,10,0.6226832844574781,0.6226832844574781
voiced,MinMaxScaler,False,rf,10,0.5762756598240469,0.5762756598240469
voiced,MinMaxScaler,False,adaboost,10,0.5912316715542522,0.5912316715542522
voiced,MinMaxScaler,False,mlp,10,0.5846480938416422,0.5620723362658847
svd,MinMaxScaler,True,svm,11,0.8298448843050806,0.8336566232749438
svd,MinMaxScaler,True,knn,11,0.7814893993683526,0.7852763721193383
svd,MinMaxScaler,True,gaussianNB,11,0.6594259738807176,0.6594259738807176
svd,MinMaxScaler,True,lda,11,0.8229102122886202,0.8229102122886202
svd,MinMaxScaler,True,qda,11,0.7705804282958045,0.7641593339412314
svd,MinMaxScaler,True,dt,11,0.788383964272732,0.788383964272732
svd,MinMaxScaler,True,rf,11,0.8111135102629106,0.8149246990740993
svd,MinMaxScaler,True,adaboost,11,0.8117096553028942,0.8117096553028942
svd,MinMaxScaler,True,mlp,11,0.8076542922726129,0.8129161133305083
voiced,MinMaxScaler,True,svm,11,0.5825904203323558,0.6042570869990225
voiced,MinMaxScaler,True,knn,11,0.539672531769306,0.5277908113391984
voiced,MinMaxScaler,True,gaussianNB,11,0.5462463343108503,0.5462463343108503
voiced,MinMaxScaler,True,lda,11,0.5168572825024438,0.5168572825024438
voiced,MinMaxScaler,True,qda,11,0.47808895405669605,0.47072825024437925
voiced,MinMaxScaler,True,dt,11,0.6492619745845553,0.6492619745845553
voiced,MinMaxScaler,True,rf,11,0.5554105571847507,0.5554105571847507
voiced,MinMaxScaler,True,adaboost,11,0.5896089931573802,0.5896089931573802
voiced,MinMaxScaler,True,mlp,11,0.5425904203323558,0.6054496578690127
svd,MinMaxScaler,False,svm,11,0.8300652402662706,0.8313213225331868
svd,MinMaxScaler,False,knn,11,0.7836348277163431,0.776879613382351
svd,MinMaxScaler,False,gaussianNB,11,0.6635992810577385,0.6635992810577385
svd,MinMaxScaler,False,lda,11,0.8107160951558559,0.8107160951558559
svd,MinMaxScaler,False,qda,11,0.7624946272752164,0.7604051588620306
svd,MinMaxScaler,False,dt,11,0.8012713534823345,0.8012713534823345
svd,MinMaxScaler,False,rf,11,0.819734974963087,0.819734974963087
svd,MinMaxScaler,False,adaboost,11,0.8148585068367021,0.8148585068367021
svd,MinMaxScaler,False,mlp,11,0.8008941676363067,0.8177892817555783
voiced,MinMaxScaler,False,svm,11,0.5912872161197098,0.6122053302636303
voiced,MinMaxScaler,False,knn,11,0.5223411601218642,0.5099351330860198
voiced,MinMaxScaler,False,gaussianNB,11,0.5373441332950264,0.5373441332950264
voiced,MinMaxScaler,False,lda,11,0.4804981219557874,0.4804981219557874
voiced,MinMaxScaler,False,qda,11,0.47090378803851285,0.4703978520552491
voiced,MinMaxScaler,False,dt,11,0.5385681625791552,0.5385681625791552
voiced,MinMaxScaler,False,rf,11,0.5065645544630365,0.5065645544630365
voiced,MinMaxScaler,False,adaboost,11,0.5922692119242208,0.5922692119242208
voiced,MinMaxScaler,False,mlp,11,0.5784563648962001,0.563281685210953
svd,MinMaxScaler,True,svm,12,0.8317079630656512,0.8334853968278179
svd,MinMaxScaler,True,knn,12,0.7757996746982571,0.7843745966864832
svd,MinMaxScaler,True,gaussianNB,12,0.6612726096150305,0.6612726096150305
svd,MinMaxScaler,True,lda,12,0.8211574267244931,0.8211574267244931
svd,MinMaxScaler,True,qda,12,0.7681249085338507,0.7677112291561583
svd,MinMaxScaler,True,dt,12,0.7939641129499362,0.7939641129499362
svd,MinMaxScaler,True,rf,12,0.8193510923827173,0.8193510923827173
svd,MinMaxScaler,True,adaboost,12,0.815074981361786,0.815074981361786
svd,MinMaxScaler,True,mlp,12,0.8013174593490842,0.8060591607592696
voiced,MinMaxScaler,True,svm,12,0.5619403714565004,0.5443010752688172
voiced,MinMaxScaler,True,knn,12,0.48748778103616813,0.5247165200391006
voiced,MinMaxScaler,True,gaussianNB,12,0.5443352883675465,0.5443352883675465
voiced,MinMaxScaler,True,lda,12,0.4995796676441838,0.4995796676441838
voiced,MinMaxScaler,True,qda,12,0.44071358748778106,0.4925317693059629
voiced,MinMaxScaler,True,dt,12,0.576446725317693,0.576446725317693
voiced,MinMaxScaler,True,rf,12,0.5264711632453568,0.5264711632453568
voiced,MinMaxScaler,True,adaboost,12,0.5540664711632453,0.5540664711632453
voiced,MinMaxScaler,True,mlp,12,0.5806647116324536,0.5522678396871946
svd,MinMaxScaler,False,svm,12,0.8371788334696626,0.8416842146035428
svd,MinMaxScaler,False,knn,12,0.7895739359640539,0.7930674063319042
svd,MinMaxScaler,False,gaussianNB,12,0.6610020496278989,0.6610020496278989
svd,MinMaxScaler,False,lda,12,0.8236029285484786,0.8236029285484786
svd,MinMaxScaler,False,qda,12,0.7718757715763397,0.7706572358163418
svd,MinMaxScaler,False,dt,12,0.7993722751636978,0.7993722751636978
svd,MinMaxScaler,False,rf,12,0.8224999448233541,0.8224999448233541
svd,MinMaxScaler,False,adaboost,12,0.8240489341640117,0.8240489341640117
svd,MinMaxScaler,False,mlp,12,0.8073157435504352,0.8163584193356916
voiced,MinMaxScaler,False,svm,12,0.5469090252690086,0.5526733214566919
voiced,MinMaxScaler,False,knn,12,0.5252818030751846,0.5125750989370288
voiced,MinMaxScaler,False,gaussianNB,12,0.5328005012383489,0.5328005012383489
voiced,MinMaxScaler,False,lda,12,0.4788098440615126,0.4788098440615126
voiced,MinMaxScaler,False,qda,12,0.4978554875787912,0.5124598238092398
voiced,MinMaxScaler,False,dt,12,0.6332455150676786,0.6332455150676786
voiced,MinMaxScaler,False,rf,12,0.5332026023815513,0.5332026023815513
voiced,MinMaxScaler,False,adaboost,12,0.5625769131066684,0.5625769131066684
voiced,MinMaxScaler,False,mlp,12,0.5872353162842595,0.5614059776893481
svd,MinMaxScaler,True,svm,13,0.8287104534868984,0.8327483203819082
svd,MinMaxScaler,True,knn,13,0.7866009998725374,0.7817535699487717
svd,MinMaxScaler,True,gaussianNB,13,0.6599814598342407,0.6599814598342407
svd,MinMaxScaler,True,lda,13,0.8209050001252838,0.8209050001252838
svd,MinMaxScaler,True,qda,13,0.769076664883644,0.7629182249956513
svd,MinMaxScaler,True,dt,13,0.7987223754072172,0.7987223754072172
svd,MinMaxScaler,True,rf,13,0.8236254930093535,0.8236254930093535
svd,MinMaxScaler,True,adaboost,13,0.8101542169208473,0.8101542169208473
svd,MinMaxScaler,True,mlp,13,0.8129651718692067,0.8167497061281139
voiced,MinMaxScaler,True,svm,13,0.5693010752688172,0.5593450635386119
voiced,MinMaxScaler,True,knn,13,0.510576735092864,0.5172434017595309
voiced,MinMaxScaler,True,gaussianNB,13,0.5524486803519061,0.5524486803519061
voiced,MinMaxScaler,True,lda,13,0.4791202346041056,0.4791202346041056
voiced,MinMaxScaler,True,qda,13,0.47727272727272724,0.46702834799609
voiced,MinMaxScaler,True,dt,13,0.5697311827956989,0.5697311827956989
voiced,MinMaxScaler,True,rf,13,0.5409921798631476,0.5409921798631476
voiced,MinMaxScaler,True,adaboost,13,0.5494183773216033,0.5494183773216033
voiced,MinMaxScaler,True,mlp,13,0.5824389051808406,0.596314760508309
svd,MinMaxScaler,False,svm,13,0.8256339756837912,0.8324996151711932
svd,MinMaxScaler,False,knn,13,0.7798924212663088,0.787946776715209
svd,MinMaxScaler,False,gaussianNB,13,0.6587106821176855,0.6587106821176855
svd,MinMaxScaler,False,lda,13,0.8183201628406638,0.8183201628406638
svd,MinMaxScaler,False,qda,13,0.7629033207639307,0.7661524163092701
svd,MinMaxScaler,False,dt,13,0.7867131420574578,0.7867131420574578
svd,MinMaxScaler,False,rf,13,0.8199184422019794,0.8199184422019794
svd,MinMaxScaler,False,adaboost,13,0.8135832591296197,0.8135832591296197
svd,MinMaxScaler,False,mlp,13,0.803422779816707,0.809365589302881
voiced,MinMaxScaler,False,svm,13,0.6033846541389645,0.624142033732551
voiced,MinMaxScaler,False,knn,13,0.5091725683320512,0.5269739838705355
voiced,MinMaxScaler,False,gaussianNB,13,0.5537280726935899,0.5537280726935899
voiced,MinMaxScaler,False,lda,13,0.47633446534308604,0.47633446534308604
voiced,MinMaxScaler,False,qda,13,0.4865718692227313,0.5136510041682455
voiced,MinMaxScaler,False,dt,13,0.5815460521279487,0.5815460521279487
voiced,MinMaxScaler,False,rf,13,0.5876329130639475,0.5876329130639475
voiced,MinMaxScaler,False,adaboost,13,0.5958095065853686,0.5958095065853686
voiced,MinMaxScaler,False,mlp,13,0.5572735214976594,0.566888918074263
svd,MinMaxScaler,True,svm,14,0.8392258904309069,0.8425811066432658
svd,MinMaxScaler,True,knn,14,0.7802443793937796,0.7827493898322688
svd,MinMaxScaler,True,gaussianNB,14,0.660706360161104,0.660706360161104
svd,MinMaxScaler,True,lda,14,0.8189172550459356,0.8189172550459356
svd,MinMaxScaler,True,qda,14,0.7650041597806047,0.7671562334430383
svd,MinMaxScaler,True,dt,14,0.7925958229338818,0.7925958229338818
svd,MinMaxScaler,True,rf,14,0.8167323261979751,0.8167323261979751
svd,MinMaxScaler,True,adaboost,14,0.8228339472232602,0.8228339472232602
svd,MinMaxScaler,True,mlp,14,0.8091606121976896,0.8152529277338436
voiced,MinMaxScaler,True,svm,14,0.5478983382209189,0.5760801564027371
voiced,MinMaxScaler,True,knn,14,0.5272287390029325,0.5474633431085045
voiced,MinMaxScaler,True,gaussianNB,14,0.55227761485826,0.55227761485826
voiced,MinMaxScaler,True,lda,14,0.48713587487781035,0.48713587487781035
voiced,MinMaxScaler,True,qda,14,0.45983870967741935,0.4910312805474096
voiced,MinMaxScaler,True,dt,14,0.590752688172043,0.590752688172043
voiced,MinMaxScaler,True,rf,14,0.5187878787878788,0.5187878787878788
voiced,MinMaxScaler,True,adaboost,14,0.5430303030303031,0.5430303030303031
voiced,MinMaxScaler,True,mlp,14,0.6009286412512219,0.5951710654936461
svd,MinMaxScaler,False,svm,14,0.8359378844493539,0.8374370720909694
svd,MinMaxScaler,False,knn,14,0.7841436171690495,0.786267829326634
svd,MinMaxScaler,False,gaussianNB,14,0.6655947335260718,0.6647538066957701
svd,MinMaxScaler,False,lda,14,0.8240262712272738,0.8240262712272738
svd,MinMaxScaler,False,qda,14,0.7619590567809016,0.7606672574541024
svd,MinMaxScaler,False,dt,14,0.7971631604515907,0.7971631604515907
svd,MinMaxScaler,False,rf,14,0.8168516829639071,0.8168516829639071
svd,MinMaxScaler,False,adaboost,14,0.8210753440314423,0.8210753440314423
svd,MinMaxScaler,False,mlp,14,0.8197338084599876,0.8200085505879473
voiced,MinMaxScaler,False,svm,14,0.5705181422520132,0.5901051070113918
voiced,MinMaxScaler,False,knn,14,0.5115597009590335,0.545152581937899
voiced,MinMaxScaler,False,gaussianNB,14,0.5466913915864138,0.5466913915864138
voiced,MinMaxScaler,False,lda,14,0.6123624079387427,0.6123624079387427
voiced,MinMaxScaler,False,qda,14,0.4985617176050992,0.4913491481636642
voiced,MinMaxScaler,False,dt,14,0.608126560746138,0.608126560746138
voiced,MinMaxScaler,False,rf,14,0.5931784353176177,0.5931784353176177
voiced,MinMaxScaler,False,adaboost,14,0.5668818540870821,0.5668818540870821
voiced,MinMaxScaler,False,mlp,14,0.5566777564142692,0.5830137500924486
svd,MinMaxScaler,True,svm,15,0.8310625216295883,0.8292766884151834
svd,MinMaxScaler,True,knn,15,0.7834905389049336,0.7834989383571717
svd,MinMaxScaler,True,gaussianNB,15,0.6622137967448763,0.6622137967448763
svd,MinMaxScaler,True,lda,15,0.8214692577506101,0.8214692577506101
svd,MinMaxScaler,True,qda,15,0.7667682735294514,0.7689644107255885
svd,MinMaxScaler,True,dt,15,0.7904003539172569,0.7904003539172569
svd,MinMaxScaler,True,rf,15,0.8151960652942115,0.8151960652942115
svd,MinMaxScaler,True,adaboost,15,0.8090974165783326,0.8090974165783326
svd,MinMaxScaler,True,mlp,15,0.8241619667137661,0.8215954855758563
voiced,MinMaxScaler,True,svm,15,0.5987145650048875,0.559731182795699
voiced,MinMaxScaler,True,knn,15,0.5264711632453569,0.5232013685239492
voiced,MinMaxScaler,True,gaussianNB,15,0.5405034213098728,0.5405034213098728
voiced,MinMaxScaler,True,lda,15,0.5340566959921799,0.5340566959921799
voiced,MinMaxScaler,True,qda,15,0.503592375366569,0.5128103616813294
voiced,MinMaxScaler,True,dt,15,0.6243695014662756,0.6243695014662756
voiced,MinMaxScaler,True,rf,15,0.5609677419354838,0.5609677419354838
voiced,MinMaxScaler,True,adaboost,15,0.5342375366568914,0.5342375366568914
voiced,MinMaxScaler,True,mlp,15,0.5470918866080157,0.5687145650048876
svd,MinMaxScaler,False,svm,15,0.8349673701450986,0.8370781472107955
svd,MinMaxScaler,False,knn,15,0.7816099777882306,0.7768755495590081
svd,MinMaxScaler,False,gaussianNB,15,0.662698833124136,0.662698833124136
svd,MinMaxScaler,False,lda,15,0.8137359058967573,0.8137359058967573
svd,MinMaxScaler,False,qda,15,0.7601722180626999,0.7615306598904075
svd,MinMaxScaler,False,dt,15,0.79524394415704,0.79524394415704
svd,MinMaxScaler,False,rf,15,0.8244819800545968,0.8244819800545968
svd,MinMaxScaler,False,adaboost,15,0.8124379376082734,0.8124379376082734
svd,MinMaxScaler,False,mlp,15,0.8043919871633152,0.7995468133761781
voiced,MinMaxScaler,False,svm,15,0.6095665859292111,0.5937088989369301
voiced,MinMaxScaler,False,knn,15,0.5544579274390176,0.5369617409328199
voiced,MinMaxScaler,False,gaussianNB,15,0.5600105616790823,0.5600105616790823
voiced,MinMaxScaler,False,lda,15,0.5294789116869205,0.5294789116869205
voiced,MinMaxScaler,False,qda,15,0.4940188687018498,0.49470625798212
voiced,MinMaxScaler,False,dt,15,0.5535363326575785,0.5535363326575785
voiced,MinMaxScaler,False,rf,15,0.5845285018199368,0.5845285018199368
voiced,MinMaxScaler,False,adaboost,15,0.5784403144747972,0.5784403144747972
voiced,MinMaxScaler,False,mlp,15,0.5805695816151879,0.5806741925318121
svd,MinMaxScaler,True,svm,16,0.8347753264547156,0.8421173446691441
svd,MinMaxScaler,True,knn,16,0.7898626636903627,0.7926994706493071
svd,MinMaxScaler,True,gaussianNB,16,0.6558958289983371,0.6558958289983371
svd,MinMaxScaler,True,lda,16,0.8216788246286612,0.8216788246286612
svd,MinMaxScaler,True,qda,16,0.7700295215507866,0.7727819327165021
svd,MinMaxScaler,True,dt,16,0.7849156314423491,0.7849156314423491
svd,MinMaxScaler,True,rf,16,0.8238925923222542,0.8238925923222542
svd,MinMaxScaler,True,adaboost,16,0.8192695962706867,0.8192695962706867
svd,MinMaxScaler,True,mlp,16,0.8218370742307494,0.8163054775104939
voiced,MinMaxScaler,True,svm,16,0.6103225806451613,0.6162512218963833
voiced,MinMaxScaler,True,knn,16,0.5172287390029325,0.5235434995112415
voiced,MinMaxScaler,True,gaussianNB,16,0.5736412512218964,0.570307917888563
voiced,MinMaxScaler,True,lda,16,0.5285826001955034,0.5285826001955034
voiced,MinMaxScaler,True,qda,16,0.4796969696969697,0.49393939393939396
voiced,MinMaxScaler,True,dt,16,0.629325513196481,0.629325513196481
voiced,MinMaxScaler,True,rf,16,0.5696089931573802,0.5696089931573802
voiced,MinMaxScaler,True,adaboost,16,0.6021603128054741,0.6021603128054741
voiced,MinMaxScaler,True,mlp,16,0.6031329423264907,0.5731769305962855
svd,MinMaxScaler,False,svm,16,0.8350555910439793,0.8353705847995482
svd,MinMaxScaler,False,knn,16,0.7873883783233804,0.7910399847501348
svd,MinMaxScaler,False,gaussianNB,16,0.6601894900520315,0.6601894900520315
svd,MinMaxScaler,False,lda,16,0.8148568885837619,0.8148568885837619
svd,MinMaxScaler,False,qda,16,0.7695945257983542,0.766546150042121
svd,MinMaxScaler,False,dt,16,0.7808198236412223,0.7808198236412223
svd,MinMaxScaler,False,rf,16,0.8166526159002006,0.8166526159002006
svd,MinMaxScaler,False,adaboost,16,0.81707412706282,0.81707412706282
svd,MinMaxScaler,False,mlp,16,0.8032344197404555,0.8126449204574915
voiced,MinMaxScaler,False,svm,16,0.5772132872957461,0.5392839943664531
voiced,MinMaxScaler,False,knn,16,0.5001478048854361,0.4897027418691586
voiced,MinMaxScaler,False,gaussianNB,16,0.5593045726553972,0.5593045726553972
voiced,MinMaxScaler,False,lda,16,0.41678290807975965,0.41678290807975965
voiced,MinMaxScaler,False,qda,16,0.4436000705940736,0.5201618305066581
voiced,MinMaxScaler,False,dt,16,0.6503749232609802,0.6503749232609802
voiced,MinMaxScaler,False,rf,16,0.5699979905152319,0.5639373844546258
voiced,MinMaxScaler,False,adaboost,16,0.6216945606450854,0.6216945606450854
voiced,MinMaxScaler,False,mlp,16,0.5532711849203602,0.5250038966530721
svd,MinMaxScaler,True,svm,17,0.8311708502330095,0.8323907317691397
svd,MinMaxScaler,True,knn,17,0.7893255671990678,0.7802074370558558
svd,MinMaxScaler,True,gaussianNB,17,0.6599109196873647,0.6599109196873647
svd,MinMaxScaler,True,lda,17,0.8160746814072878,0.8160746814072878
svd,MinMaxScaler,True,qda,17,0.7657249112210944,0.7668638758551517
svd,MinMaxScaler,True,dt,17,0.7811531416602299,0.7811531416602299
svd,MinMaxScaler,True,rf,17,0.8301664820094482,0.8296536614966277
svd,MinMaxScaler,True,adaboost,17,0.8166603298555316,0.8166603298555316
svd,MinMaxScaler,True,mlp,17,0.8048057413324589,0.8113944506965227
voiced,MinMaxScaler,True,svm,17,0.5688269794721407,0.5823118279569892
voiced,MinMaxScaler,True,knn,17,0.536661779081134,0.5390224828934507
voiced,MinMaxScaler,True,gaussianNB,17,0.556911045943304,0.556911045943304
voiced,MinMaxScaler,True,lda,17,0.5060459433040079,0.5060459433040079
voiced,MinMaxScaler,True,qda,17,0.4926979472140761,0.4715151515151515
voiced,MinMaxScaler,True,dt,17,0.575772238514174,0.575772238514174
voiced,MinMaxScaler,True,rf,17,0.5560606060606061,0.5560606060606061
voiced,MinMaxScaler,True,adaboost,17,0.5972922776148583,0.5972922776148583
voiced,MinMaxScaler,True,mlp,17,0.5908846529814271,0.5901270772238514
svd,MinMaxScaler,False,svm,17,0.8393776628973182,0.8399933205072868
svd,MinMaxScaler,False,knn,17,0.7754567312871543,0.7816243722497431
svd,MinMaxScaler,False,gaussianNB,17,0.659980760237497,0.6597862967280026
svd,MinMaxScaler,False,lda,17,0.8264398494867635,0.8264398494867635
svd,MinMaxScaler,False,qda,17,0.7648923854921903,0.7690954801247653
svd,MinMaxScaler,False,dt,17,0.7796149563390795,0.7796149563390795
svd,MinMaxScaler,False,rf,17,0.8120796838596609,0.8120796838596609
svd,MinMaxScaler,False,adaboost,17,0.815361701120392,0.815361701120392
svd,MinMaxScaler,False,mlp,17,0.8084407638633024,0.8063783402684382
voiced,MinMaxScaler,False,svm,17,0.6310173472572053,0.6265409413102111
voiced,MinMaxScaler,False,knn,17,0.5753663468039736,0.5332861062196763
voiced,MinMaxScaler,False,gaussianNB,17,0.5469884704544947,0.5469884704544947
voiced,MinMaxScaler,False,lda,17,0.4934205711462304,0.4934205711462304
voiced,MinMaxScaler,False,qda,17,0.5440274650974448,0.5387120232708468
voiced,MinMaxScaler,False,dt,17,0.6319380205663168,0.6319380205663168
voiced,MinMaxScaler,False,rf,17,0.49760260868273043,0.49760260868273043
voiced,MinMaxScaler,False,adaboost,17,0.5716518437613772,0.5716518437613772
voiced,MinMaxScaler,False,mlp,17,0.5915498294808639,0.5826393687448455
svd,MinMaxScaler,True,svm,18,0.8448760000450296,0.8415882154922505
svd,MinMaxScaler,True,knn,18,0.7868319448635697,0.7842860973995107
svd,MinMaxScaler,True,gaussianNB,18,0.6617364460330654,0.6617364460330654
svd,MinMaxScaler,True,lda,18,0.8267411287367669,0.8267411287367669
svd,MinMaxScaler,True,qda,18,0.76982711944544,0.7700154280470529
svd,MinMaxScaler,True,dt,18,0.7790861483118844,0.7790861483118844
svd,MinMaxScaler,True,rf,18,0.8258830718536281,0.8258830718536281
svd,MinMaxScaler,True,adaboost,18,0.8066627084293387,0.8066627084293387
svd,MinMaxScaler,True,mlp,18,0.8071259511117745,0.8111366132958281
voiced,MinMaxScaler,True,svm,18,0.5670967741935484,0.5522482893450636
voiced,MinMaxScaler,True,knn,18,0.4948240469208211,0.48547409579667644
voiced,MinMaxScaler,True,gaussianNB,18,0.5532942326490714,0.5532942326490714
voiced,MinMaxScaler,True,lda,18,0.5657282502443792,0.5657282502443792
voiced,MinMaxScaler,True,qda,18,0.488030303030303,0.5063636363636365
voiced,MinMaxScaler,True,dt,18,0.5597360703812316,0.5597360703812316
voiced,MinMaxScaler,True,rf,18,0.5372727272727273,0.5372727272727273
voiced,MinMaxScaler,True,adaboost,18,0.6009726295210167,0.6009726295210167
voiced,MinMaxScaler,True,mlp,18,0.5744134897360704,0.5478983382209188
svd,MinMaxScaler,False,svm,18,0.8337751636100073,0.8458661846002231
svd,MinMaxScaler,False,knn,18,0.7883595691902313,0.7870982604391417
svd,MinMaxScaler,False,gaussianNB,18,0.6625130673799824,0.6625130673799824
svd,MinMaxScaler,False,lda,18,0.8256017916959474,0.8256017916959474
svd,MinMaxScaler,False,qda,18,0.7658051826458318,0.7636672586464535
svd,MinMaxScaler,False,dt,18,0.7932877217979676,0.7932877217979676
svd,MinMaxScaler,False,rf,18,0.8157459765898321,0.8157459765898321
svd,MinMaxScaler,False,adaboost,18,0.8166119626429916,0.8166119626429916
svd,MinMaxScaler,False,mlp,18,0.8115689247494642,0.8150472912293505
voiced,MinMaxScaler,False,svm,18,0.5799498295821826,0.5777149810973341
voiced,MinMaxScaler,False,knn,18,0.5505042424895366,0.5438494593641653
voiced,MinMaxScaler,False,gaussianNB,18,0.5490364455805633,0.5490364455805633
voiced,MinMaxScaler,False,lda,18,0.4987248780631134,0.4987248780631134
voiced,MinMaxScaler,False,qda,18,0.4960236822001528,0.4968240093240093
voiced,MinMaxScaler,False,dt,18,0.5954855112208054,0.5954855112208054
voiced,MinMaxScaler,False,rf,18,0.5076660512689923,0.5076660512689923
voiced,MinMaxScaler,False,adaboost,18,0.5623592665504431,0.5623592665504431
voiced,MinMaxScaler,False,mlp,18,0.5777913997766939,0.5668039558480735
svd,MinMaxScaler,True,svm,19,0.8290723979764328,0.8349430304337611
svd,MinMaxScaler,True,knn,19,0.7888811606423383,0.787588970462471
svd,MinMaxScaler,True,gaussianNB,19,0.6604606389611842,0.6604606389611842
svd,MinMaxScaler,True,lda,19,0.8203481160787595,0.8203481160787595
svd,MinMaxScaler,True,qda,19,0.7670200900517149,0.7638641384061231
svd,MinMaxScaler,True,dt,19,0.7959632443165704,0.7959632443165704
svd,MinMaxScaler,True,rf,19,0.8177302123539855,0.8177302123539855
svd,MinMaxScaler,True,adaboost,19,0.8279693479911583,0.8279693479911583
svd,MinMaxScaler,True,mlp,19,0.8055411073840736,0.8075994507128639
voiced,MinMaxScaler,True,svm,19,0.522355816226784,0.5373118279569893
voiced,MinMaxScaler,True,knn,19,0.5262707722385142,0.5243890518084067
voiced,MinMaxScaler,True,gaussianNB,19,0.5559384164222875,0.5559384164222875
voiced,MinMaxScaler,True,lda,19,0.45964320625610944,0.45964320625610944
voiced,MinMaxScaler,True,qda,19,0.5114711632453568,0.5339149560117302
voiced,MinMaxScaler,True,dt,19,0.6215786901270772,0.6215786901270772
voiced,MinMaxScaler,True,rf,19,0.541642228739003,0.541642228739003
voiced,MinMaxScaler,True,adaboost,19,0.5561241446725318,0.5561241446725318
voiced,MinMaxScaler,True,mlp,19,0.5707526881720429,0.5723118279569892
svd,MinMaxScaler,False,svm,19,0.8319972226624934,0.838680128502026
svd,MinMaxScaler,False,knn,19,0.7888842456074936,0.7920828373732339
svd,MinMaxScaler,False,gaussianNB,19,0.6633293084531576,0.6633293084531576
svd,MinMaxScaler,False,lda,19,0.8250765933654505,0.8250765933654505
svd,MinMaxScaler,False,qda,19,0.7685035634225835,0.7668695674662042
svd,MinMaxScaler,False,dt,19,0.7853515624893463,0.7853515624893463
svd,MinMaxScaler,False,rf,19,0.8232739331621767,0.8232739331621767
svd,MinMaxScaler,False,adaboost,19,0.8172468573451557,0.8172468573451557
svd,MinMaxScaler,False,mlp,19,0.8149678460746902,0.8177614341756586
voiced,MinMaxScaler,False,svm,19,0.5573306528319042,0.5501362954651331
voiced,MinMaxScaler,False,knn,19,0.4983493832826425,0.5021283506537956
voiced,MinMaxScaler,False,gaussianNB,19,0.5419105630187387,0.5419105630187387
voiced,MinMaxScaler,False,lda,19,0.4965150218709729,0.4965150218709729
voiced,MinMaxScaler,False,qda,19,0.4723611111111111,0.46995857274291647
voiced,MinMaxScaler,False,dt,19,0.5756931377391611,0.5756931377391611
voiced,MinMaxScaler,False,rf,19,0.564868336613331,0.564868336613331
voiced,MinMaxScaler,False,adaboost,19,0.5705190720631488,0.5705190720631488
voiced,MinMaxScaler,False,mlp,19,0.5965433226549746,0.5777486116188841
svd,MinMaxScaler,True,svm,20,0.8394825240190562,0.8427648814290036
svd,MinMaxScaler,True,knn,20,0.7896751285791636,0.7926634942665476
svd,MinMaxScaler,True,gaussianNB,20,0.6609685080459343,0.6609685080459343
svd,MinMaxScaler,True,lda,20,0.8239152777429768,0.8239152777429768
svd,MinMaxScaler,True,qda,20,0.7664864415845877,0.7697210641049245
svd,MinMaxScaler,True,dt,20,0.7682966397470213,0.7682966397470213
svd,MinMaxScaler,True,rf,20,0.8239752613798415,0.8239752613798415
svd,MinMaxScaler,True,adaboost,20,0.8245980609721068,0.8245980609721068
svd,MinMaxScaler,True,mlp,20,0.8143840347220938,0.8136091099013673
voiced,MinMaxScaler,True,svm,20,0.6052346041055718,0.610019550342131
voiced,MinMaxScaler,True,knn,20,0.538743890518084,0.5536999022482894
voiced,MinMaxScaler,True,gaussianNB,20,0.5552003910068426,0.5552003910068426
voiced,MinMaxScaler,True,lda,20,0.5987976539589442,0.5987976539589442
voiced,MinMaxScaler,True,qda,20,0.45813782991202345,0.4628787878787879
voiced,MinMaxScaler,True,dt,20,0.6131378299120235,0.6131378299120235
voiced,MinMaxScaler,True,rf,20,0.5479863147605084,0.5479863147605084
voiced,MinMaxScaler,True,adaboost,20,0.603763440860215,0.603763440860215
voiced,MinMaxScaler,True,mlp,20,0.5680254154447703,0.6013147605083089
svd,MinMaxScaler,False,svm,20,0.8391158757022426,0.8374794796908466
svd,MinMaxScaler,False,knn,20,0.7836232173614691,0.7840402403807939
svd,MinMaxScaler,False,gaussianNB,20,0.6612072380535765,0.6612072380535765
svd,MinMaxScaler,False,lda,20,0.8252067768245006,0.8252067768245006
svd,MinMaxScaler,False,qda,20,0.766126585017654,0.7694173970885799
svd,MinMaxScaler,False,dt,20,0.7907933815165902,0.7907933815165902
svd,MinMaxScaler,False,rf,20,0.8147714894317335,0.8147714894317335
svd,MinMaxScaler,False,adaboost,20,0.810806502313843,0.810806502313843
svd,MinMaxScaler,False,mlp,20,0.8029312035109918,0.8051699690982537
voiced,MinMaxScaler,False,svm,20,0.6255132592739329,0.6200530944387681
voiced,MinMaxScaler,False,knn,20,0.5490658819359009,0.5229875852326042
voiced,MinMaxScaler,False,gaussianNB,20,0.5546633181808703,0.5546633181808703
voiced,MinMaxScaler,False,lda,20,0.5878677513188899,0.5878677513188899
voiced,MinMaxScaler,False,qda,20,0.4990058933002481,0.500299539170507
voiced,MinMaxScaler,False,dt,20,0.5876734887503389,0.5876734887503389
voiced,MinMaxScaler,False,rf,20,0.5933455621702776,0.5933455621702776
voiced,MinMaxScaler,False,adaboost,20,0.5732294034239006,0.5732294034239006
voiced,MinMaxScaler,False,mlp,20,0.6397890688533477,0.6305900077152449
svd,MinMaxScaler,True,svm,21,0.834427281188459,0.8404878273307936
svd,MinMaxScaler,True,knn,21,0.7759144091096107,0.7817182780868712
svd,MinMaxScaler,True,gaussianNB,21,0.6599501225782578,0.6591459267740619
svd,MinMaxScaler,True,lda,21,0.823722197468108,0.823722197468108
svd,MinMaxScaler,True,qda,21,0.7612438579232472,0.7654731400914606
svd,MinMaxScaler,True,dt,21,0.7808305180824264,0.7808305180824264
svd,MinMaxScaler,True,rf,21,0.8280852589794792,0.8280852589794792
svd,MinMaxScaler,True,adaboost,21,0.8047288534802167,0.8047288534802167
svd,MinMaxScaler,True,mlp,21,0.8071070114908719,0.807597444358622
voiced,MinMaxScaler,True,svm,21,0.5824193548387097,0.5795845552297165
voiced,MinMaxScaler,True,knn,21,0.5408602150537634,0.5408602150537634
voiced,MinMaxScaler,True,gaussianNB,21,0.5655718475073315,0.5655718475073315
voiced,MinMaxScaler,True,lda,21,0.5062023460410556,0.5062023460410556
voiced,MinMaxScaler,True,qda,21,0.4713147605083089,0.5028299120234605
voiced,MinMaxScaler,True,dt,21,0.579692082111437,0.579692082111437
voiced,MinMaxScaler,True,rf,21,0.5567497556207234,0.5567497556207234
voiced,MinMaxScaler,True,adaboost,21,0.5973118279569893,0.5973118279569893
voiced,MinMaxScaler,True,mlp,21,0.572375366568915,0.5590420332355817
svd,MinMaxScaler,False,svm,21,0.8273733837230359,0.8357351355114094
svd,MinMaxScaler,False,knn,21,0.7781765456208307,0.7771276332140904
svd,MinMaxScaler,False,gaussianNB,21,0.6595317870918087,0.6595317870918087
svd,MinMaxScaler,False,lda,21,0.814309574588434,0.814309574588434
svd,MinMaxScaler,False,qda,21,0.7652887497030136,0.764010678713627
svd,MinMaxScaler,False,dt,21,0.7790763449064086,0.7790763449064086
svd,MinMaxScaler,False,rf,21,0.8233190793838705,0.8233190793838705
svd,MinMaxScaler,False,adaboost,21,0.8181418818856947,0.8181418818856947
svd,MinMaxScaler,False,mlp,21,0.810988201716832,0.8117498730347167
voiced,MinMaxScaler,False,svm,21,0.612479768456998,0.6472179096467522
voiced,MinMaxScaler,False,knn,21,0.5171469218812673,0.5457698240335811
voiced,MinMaxScaler,False,gaussianNB,21,0.542272495934735,0.542272495934735
voiced,MinMaxScaler,False,lda,21,0.4790967294003347,0.4790967294003347
voiced,MinMaxScaler,False,qda,21,0.4848209331605916,0.46730451711476384
voiced,MinMaxScaler,False,dt,21,0.5809196095913363,0.5809196095913363
voiced,MinMaxScaler,False,rf,21,0.536640373471493,0.5194134827151904
voiced,MinMaxScaler,False,adaboost,21,0.5115311763224476,0.5115311763224476
voiced,MinMaxScaler,False,mlp,21,0.6557092152348319,0.65880445333007
svd,MinMaxScaler,True,svm,22,0.8288717062653813,0.8327268986920023
svd,MinMaxScaler,True,knn,22,0.790647578521079,0.7805032735348985
svd,MinMaxScaler,True,gaussianNB,22,0.6599346019302399,0.6599346019302399
svd,MinMaxScaler,True,lda,22,0.8165315763843571,0.8165315763843571
svd,MinMaxScaler,True,qda,22,0.7652121070496205,0.761059607422748
svd,MinMaxScaler,True,dt,22,0.7847052620226012,0.7847052620226012
svd,MinMaxScaler,True,rf,22,0.8259153914061221,0.8259153914061221
svd,MinMaxScaler,True,adaboost,22,0.8210826941143189,0.8210826941143189
svd,MinMaxScaler,True,mlp,22,0.8111412959995293,0.8089204216357979
voiced,MinMaxScaler,True,svm,22,0.5897360703812315,0.5764027370478984
voiced,MinMaxScaler,True,knn,22,0.5163831867057673,0.5221407624633432
voiced,MinMaxScaler,True,gaussianNB,22,0.536217008797654,0.536217008797654
voiced,MinMaxScaler,True,lda,22,0.505464320625611,0.505464320625611
voiced,MinMaxScaler,True,qda,22,0.4947751710654937,0.5340420332355816
voiced,MinMaxScaler,True,dt,22,0.5968377321603129,0.5968377321603129
voiced,MinMaxScaler,True,rf,22,0.5555180840664712,0.5555180840664712
voiced,MinMaxScaler,True,adaboost,22,0.5595161290322581,0.5595161290322581
voiced,MinMaxScaler,True,mlp,22,0.5409237536656892,0.5705571847507331
svd,MinMaxScaler,False,svm,22,0.8356431301884977,0.8369782766118237
svd,MinMaxScaler,False,knn,22,0.7774885839958202,0.7881385029603103
svd,MinMaxScaler,False,gaussianNB,22,0.6588615102282156,0.6588615102282156
svd,MinMaxScaler,False,lda,22,0.8266340080480656,0.8266340080480656
svd,MinMaxScaler,False,qda,22,0.7695152717122958,0.7659170900608314
svd,MinMaxScaler,False,dt,22,0.7876964298270315,0.7876964298270315
svd,MinMaxScaler,False,rf,22,0.8266438672553311,0.8266438672553311
svd,MinMaxScaler,False,adaboost,22,0.8238072571458254,0.8238072571458254
svd,MinMaxScaler,False,mlp,22,0.8114944229729664,0.8145249873284843
voiced,MinMaxScaler,False,svm,22,0.5807924816900476,0.5657609040722631
voiced,MinMaxScaler,False,knn,22,0.5047355095884507,0.5568458991988403
voiced,MinMaxScaler,False,gaussianNB,22,0.5365558478033122,0.5365558478033122
voiced,MinMaxScaler,False,lda,22,0.5416450587951602,0.5416450587951602
voiced,MinMaxScaler,False,qda,22,0.4798180386212841,0.5289611369023135
voiced,MinMaxScaler,False,dt,22,0.6125922184644295,0.6125922184644295
voiced,MinMaxScaler,False,rf,22,0.49565831058731663,0.49565831058731663
voiced,MinMaxScaler,False,adaboost,22,0.508935418874567,0.508935418874567
voiced,MinMaxScaler,False,mlp,22,0.5637587716543092,0.545590273485811
svd,MinMaxScaler,True,svm,23,0.8468730506135087,0.8489086340776636
svd,MinMaxScaler,True,knn,23,0.7850724103232283,0.7871129143484651
svd,MinMaxScaler,True,gaussianNB,23,0.6593825948678729,0.6588762854738863
svd,MinMaxScaler,True,lda,23,0.8265295990813983,0.8265295990813983
svd,MinMaxScaler,True,qda,23,0.7700569641191233,0.7714632060051907
svd,MinMaxScaler,True,dt,23,0.8049502405990955,0.8049502405990955
svd,MinMaxScaler,True,rf,23,0.8233637609210127,0.8233637609210127
svd,MinMaxScaler,True,adaboost,23,0.8186374603223022,0.8186374603223022
svd,MinMaxScaler,True,mlp,23,0.8178222050577558,0.8208198326573463
voiced,MinMaxScaler,True,svm,23,0.589843597262952,0.6131769305962854
voiced,MinMaxScaler,True,knn,23,0.5436999022482893,0.5477908113391984
voiced,MinMaxScaler,True,gaussianNB,23,0.5427761485826001,0.5427761485826001
voiced,MinMaxScaler,True,lda,23,0.5202932551319648,0.5202932551319648
voiced,MinMaxScaler,True,qda,23,0.48652981427174974,0.528939393939394
voiced,MinMaxScaler,True,dt,23,0.5866813294232649,0.5866813294232649
voiced,MinMaxScaler,True,rf,23,0.5513391984359727,0.5513391984359727
voiced,MinMaxScaler,True,adaboost,23,0.5763391984359727,0.5587634408602151
voiced,MinMaxScaler,True,mlp,23,0.6064222873900293,0.5657086999022483
svd,MinMaxScaler,False,svm,23,0.827248636108137,0.8276358493198295
svd,MinMaxScaler,False,knn,23,0.7821303378443514,0.7800013084543236
svd,MinMaxScaler,False,gaussianNB,23,0.6583339680134016,0.6583339680134016
svd,MinMaxScaler,False,lda,23,0.8297796650062873,0.8297796650062873
svd,MinMaxScaler,False,qda,23,0.7592392064639231,0.7683521096906967
svd,MinMaxScaler,False,dt,23,0.7775947686099306,0.7775947686099306
svd,MinMaxScaler,False,rf,23,0.8242526063781208,0.8242526063781208
svd,MinMaxScaler,False,adaboost,23,0.809693438087615,0.809693438087615
svd,MinMaxScaler,False,mlp,23,0.8144314646575712,0.8060763912049931
voiced,MinMaxScaler,False,svm,23,0.6184020544712981,0.5883805027471601
voiced,MinMaxScaler,False,knn,23,0.4991653183672094,0.499944445848923
voiced,MinMaxScaler,False,gaussianNB,23,0.5364397099470792,0.5364397099470792
voiced,MinMaxScaler,False,lda,23,0.5149166582397952,0.5149166582397952
voiced,MinMaxScaler,False,qda,23,0.5098925784541747,0.51125
voiced,MinMaxScaler,False,dt,23,0.6074015741396164,0.6074015741396164
voiced,MinMaxScaler,False,rf,23,0.5920103776923854,0.5920103776923854
voiced,MinMaxScaler,False,adaboost,23,0.5370328142380423,0.5370328142380423
voiced,MinMaxScaler,False,mlp,23,0.5748501702228064,0.586901734250177
svd,MinMaxScaler,True,svm,24,0.8394551849459155,0.8402386871579892
svd,MinMaxScaler,True,knn,24,0.7758688893803397,0.7809764009164227
svd,MinMaxScaler,True,gaussianNB,24,0.6604427996576306,0.6604427996576306
svd,MinMaxScaler,True,lda,24,0.8242266185286905,0.8242266185286905
svd,MinMaxScaler,True,qda,24,0.7662792387547022,0.7639002782023502
svd,MinMaxScaler,True,dt,24,0.7934698144458231,0.7934698144458231
svd,MinMaxScaler,True,rf,24,0.8180346098830287,0.8180346098830287
svd,MinMaxScaler,True,adaboost,24,0.8100514770580203,0.8100514770580203
svd,MinMaxScaler,True,mlp,24,0.8126501143349563,0.8139891025005529
voiced,MinMaxScaler,True,svm,24,0.5905376344086021,0.5755376344086021
voiced,MinMaxScaler,True,knn,24,0.5133088954056696,0.5324584555229717
voiced,MinMaxScaler,True,gaussianNB,24,0.5420821114369502,0.5420821114369502
voiced,MinMaxScaler,True,lda,24,0.4917448680351907,0.4917448680351907
voiced,MinMaxScaler,True,qda,24,0.5887390029325513,0.5346969696969698
voiced,MinMaxScaler,True,dt,24,0.6071603128054741,0.6071603128054741
voiced,MinMaxScaler,True,rf,24,0.540039100684262,0.540039100684262
voiced,MinMaxScaler,True,adaboost,24,0.5238954056695992,0.5238954056695992
voiced,MinMaxScaler,True,mlp,24,0.5368328445747801,0.5462903225806451
svd,MinMaxScaler,False,svm,24,0.8299809226695096,0.8376924167839567
svd,MinMaxScaler,False,knn,24,0.7825788662443343,0.7818983926223503
svd,MinMaxScaler,False,gaussianNB,24,0.6611447599944607,0.6619081187730866
svd,MinMaxScaler,False,lda,24,0.8157482085196136,0.8157482085196136
svd,MinMaxScaler,False,qda,24,0.7662625015547786,0.762568638722089
svd,MinMaxScaler,False,dt,24,0.7881051791695439,0.7881051791695439
svd,MinMaxScaler,False,rf,24,0.8150974359355757,0.8150974359355757
svd,MinMaxScaler,False,adaboost,24,0.8088675986419955,0.8088675986419955
svd,MinMaxScaler,False,mlp,24,0.8052562322234476,0.8034592116273277
voiced,MinMaxScaler,False,svm,24,0.54171962446156,0.5504946733374153
voiced,MinMaxScaler,False,knn,24,0.5022699813627234,0.4699645784323204
voiced,MinMaxScaler,False,gaussianNB,24,0.571489531973403,0.571489531973403
voiced,MinMaxScaler,False,lda,24,0.577024024362734,0.577024024362734
voiced,MinMaxScaler,False,qda,24,0.47454056695992186,0.5402022708474321
voiced,MinMaxScaler,False,dt,24,0.5782087468982631,0.5782087468982631
voiced,MinMaxScaler,False,rf,24,0.514795191367772,0.514795191367772
voiced,MinMaxScaler,False,adaboost,24,0.597237688386882,0.597237688386882
voiced,MinMaxScaler,False,mlp,24,0.5923487265422749,0.5822481282158701
svd,MinMaxScaler,True,svm,25,0.8460778461814449,0.8442694909597854
svd,MinMaxScaler,True,knn,25,0.7851663313059168,0.7810779496766411
svd,MinMaxScaler,True,gaussianNB,25,0.6599155588141412,0.6591579830565654
svd,MinMaxScaler,True,lda,25,0.8200984838498468,0.8200984838498468
svd,MinMaxScaler,True,qda,25,0.7627962168692812,0.7591613983980396
svd,MinMaxScaler,True,dt,25,0.780706906688368,0.780706906688368
svd,MinMaxScaler,True,rf,25,0.8163770998176669,0.8163770998176669
svd,MinMaxScaler,True,adaboost,25,0.8206880269857368,0.8206880269857368
svd,MinMaxScaler,True,mlp,25,0.802478840679495,0.8129281532716647
voiced,MinMaxScaler,True,svm,25,0.5617497556207234,0.5861192570869991
voiced,MinMaxScaler,True,knn,25,0.5374633431085044,0.5788709677419355
voiced,MinMaxScaler,True,gaussianNB,25,0.5513685239491691,0.5513685239491691
voiced,MinMaxScaler,True,lda,25,0.5234750733137831,0.5234750733137831
voiced,MinMaxScaler,True,qda,25,0.48568914956011733,0.48
voiced,MinMaxScaler,True,dt,25,0.5943939393939395,0.5943939393939395
voiced,MinMaxScaler,True,rf,25,0.5549315738025415,0.5549315738025415
voiced,MinMaxScaler,True,adaboost,25,0.6028787878787878,0.6028787878787878
voiced,MinMaxScaler,True,mlp,25,0.5625268817204301,0.5557526881720429
svd,MinMaxScaler,False,svm,25,0.8460434483589514,0.8476801181029521
svd,MinMaxScaler,False,knn,25,0.789649043863019,0.7859214722306225
svd,MinMaxScaler,False,gaussianNB,25,0.6570817514305267,0.6570817514305267
svd,MinMaxScaler,False,lda,25,0.8289180789381696,0.8289180789381696
svd,MinMaxScaler,False,qda,25,0.7687432353533303,0.7643694543755271
svd,MinMaxScaler,False,dt,25,0.7763231922462179,0.7763231922462179
svd,MinMaxScaler,False,rf,25,0.8275677354153741,0.8275677354153741
svd,MinMaxScaler,False,adaboost,25,0.8128540613779325,0.8128540613779325
svd,MinMaxScaler,False,mlp,25,0.8128912748565356,0.8066088101948502
voiced,MinMaxScaler,False,svm,25,0.5503910427807486,0.5671927114280055
voiced,MinMaxScaler,False,knn,25,0.5228039958407604,0.4986531491384433
voiced,MinMaxScaler,False,gaussianNB,25,0.5584290453555159,0.5584290453555159
voiced,MinMaxScaler,False,lda,25,0.5578513071895425,0.5578513071895425
voiced,MinMaxScaler,False,qda,25,0.45672138047138044,0.5070707070707071
voiced,MinMaxScaler,False,dt,25,0.638399138443256,0.638399138443256
voiced,MinMaxScaler,False,rf,25,0.5356181669637552,0.5356181669637552
voiced,MinMaxScaler,False,adaboost,25,0.5916412160823926,0.5916412160823926
voiced,MinMaxScaler,False,mlp,25,0.5883716825113884,0.5848018171915231
svd,MinMaxScaler,True,svm,26,0.8399005138808846,0.8427272109932961
svd,MinMaxScaler,True,knn,26,0.7779283929447507,0.7832767051196713
svd,MinMaxScaler,True,gaussianNB,26,0.662695011277345,0.662695011277345
svd,MinMaxScaler,True,lda,26,0.836884883564273,0.836884883564273
svd,MinMaxScaler,True,qda,26,0.7693055871790877,0.7696972638412115
svd,MinMaxScaler,True,dt,26,0.7592760765225324,0.7592760765225324
svd,MinMaxScaler,True,rf,26,0.8182403565173468,0.8182403565173468
svd,MinMaxScaler,True,adaboost,26,0.8233513469445857,0.8233513469445857
svd,MinMaxScaler,True,mlp,26,0.8100770621599411,0.8126584538689228
voiced,MinMaxScaler,True,svm,26,0.6433528836754643,0.6118377321603127
voiced,MinMaxScaler,True,knn,26,0.533743890518084,0.5514907135874878
voiced,MinMaxScaler,True,gaussianNB,26,0.5346383186705768,0.5346383186705768
voiced,MinMaxScaler,True,lda,26,0.59133431085044,0.59133431085044
voiced,MinMaxScaler,True,qda,26,0.45499999999999996,0.49303030303030304
voiced,MinMaxScaler,True,dt,26,0.5624193548387096,0.5624193548387096
voiced,MinMaxScaler,True,rf,26,0.5230303030303031,0.5230303030303031
voiced,MinMaxScaler,True,adaboost,26,0.5704740957966765,0.5704740957966765
voiced,MinMaxScaler,True,mlp,26,0.5801270772238514,0.5899755620723364
svd,MinMaxScaler,False,svm,26,0.8355857968216014,0.8358116343615853
svd,MinMaxScaler,False,knn,26,0.7830254944584737,0.7870286035141069
svd,MinMaxScaler,False,gaussianNB,26,0.6621630709179281,0.6621630709179281
svd,MinMaxScaler,False,lda,26,0.8194980920189959,0.8194980920189959
svd,MinMaxScaler,False,qda,26,0.7710058786571773,0.7716632567203439
svd,MinMaxScaler,False,dt,26,0.7841878514225575,0.7841878514225575
svd,MinMaxScaler,False,rf,26,0.8192472744521861,0.8192472744521861
svd,MinMaxScaler,False,adaboost,26,0.80564472553737,0.80564472553737
svd,MinMaxScaler,False,mlp,26,0.8197776314613453,0.8147904569731612
voiced,MinMaxScaler,False,svm,26,0.5921414320973145,0.5912530639295346
voiced,MinMaxScaler,False,knn,26,0.5344304894451953,0.5441665017988548
voiced,MinMaxScaler,False,gaussianNB,26,0.5474317594170535,0.5474317594170535
voiced,MinMaxScaler,False,lda,26,0.5064492713169184,0.5064492713169184
voiced,MinMaxScaler,False,qda,26,0.5382437823614294,0.5052221324427207
voiced,MinMaxScaler,False,dt,26,0.5051628616481557,0.5051628616481557
voiced,MinMaxScaler,False,rf,26,0.48430848073495136,0.48430848073495136
voiced,MinMaxScaler,False,adaboost,26,0.6051705435087789,0.6051705435087789
voiced,MinMaxScaler,False,mlp,26,0.6069502278766985,0.6204067501126325
svd,MinMaxScaler,True,svm,27,0.8430807269793092,0.8494602253435406
svd,MinMaxScaler,True,knn,27,0.7873133682021359,0.7975114144307165
svd,MinMaxScaler,True,gaussianNB,27,0.6634331716992568,0.6624075306736157
svd,MinMaxScaler,True,lda,27,0.8255031700397023,0.8255031700397023
svd,MinMaxScaler,True,qda,27,0.7672394690006469,0.766870343397061
svd,MinMaxScaler,True,dt,27,0.7981346752121017,0.7981346752121017
svd,MinMaxScaler,True,rf,27,0.8165532504572853,0.8165532504572853
svd,MinMaxScaler,True,adaboost,27,0.8168208835875139,0.8168208835875139
svd,MinMaxScaler,True,mlp,27,0.8167464796199801,0.8121990187202837
voiced,MinMaxScaler,True,svm,27,0.5865738025415445,0.6020527859237536
voiced,MinMaxScaler,True,knn,27,0.5508602150537636,0.5090029325513197
voiced,MinMaxScaler,True,gaussianNB,27,0.5439442815249267,0.5439442815249267
voiced,MinMaxScaler,True,lda,27,0.5086901270772237,0.5086901270772237
voiced,MinMaxScaler,True,qda,27,0.49255131964809384,0.4682013685239491
voiced,MinMaxScaler,True,dt,27,0.5389784946236559,0.5389784946236559
voiced,MinMaxScaler,True,rf,27,0.5648240469208211,0.5648240469208211
voiced,MinMaxScaler,True,adaboost,27,0.5583088954056696,0.5583088954056696
voiced,MinMaxScaler,True,mlp,27,0.5930254154447703,0.5722238514173998
svd,MinMaxScaler,False,svm,27,0.8291380025024857,0.8367604091809617
svd,MinMaxScaler,False,knn,27,0.7845210646074194,0.7795471681280252
svd,MinMaxScaler,False,gaussianNB,27,0.6590107275869326,0.6590107275869326
svd,MinMaxScaler,False,lda,27,0.8303118897062542,0.8303118897062542
svd,MinMaxScaler,False,qda,27,0.7624730091047255,0.7660698708488638
svd,MinMaxScaler,False,dt,27,0.7885870176840369,0.7885870176840369
svd,MinMaxScaler,False,rf,27,0.812480973790851,0.812480973790851
svd,MinMaxScaler,False,adaboost,27,0.8134658702594461,0.8134658702594461
svd,MinMaxScaler,False,mlp,27,0.8062880481761026,0.812345292021396
voiced,MinMaxScaler,False,svm,27,0.6070195109150485,0.5750498139453515
voiced,MinMaxScaler,False,knn,27,0.5312346865440172,0.5870591072213791
voiced,MinMaxScaler,False,gaussianNB,27,0.5386821066019849,0.5386821066019849
voiced,MinMaxScaler,False,lda,27,0.5368026591393731,0.5368026591393731
voiced,MinMaxScaler,False,qda,27,0.5069613658822584,0.5166310160427807
voiced,MinMaxScaler,False,dt,27,0.6023112124521861,0.6023112124521861
voiced,MinMaxScaler,False,rf,27,0.5360894929951725,0.5360894929951725
voiced,MinMaxScaler,False,adaboost,27,0.6120805188726082,0.6120805188726082
voiced,MinMaxScaler,False,mlp,27,0.6089268192929451,0.5951729835411376
svd,MinMaxScaler,True,svm,28,0.8435466895881291,0.843360848529878
svd,MinMaxScaler,True,knn,28,0.7809288149146382,0.7880596157749921
svd,MinMaxScaler,True,gaussianNB,28,0.6665601937139559,0.6670665031079426
svd,MinMaxScaler,True,lda,28,0.8356740115573267,0.8356740115573267
svd,MinMaxScaler,True,qda,28,0.7690680874922968,0.7648431593851441
svd,MinMaxScaler,True,dt,28,0.7942312867067501,0.7942312867067501
svd,MinMaxScaler,True,rf,28,0.8302176812645733,0.8302176812645733
svd,MinMaxScaler,True,adaboost,28,0.8141967828609049,0.8141967828609049
svd,MinMaxScaler,True,mlp,28,0.8187843672140291,0.8200765573938966
voiced,MinMaxScaler,True,svm,28,0.565058651026393,0.5636510263929619
voiced,MinMaxScaler,True,knn,28,0.5391935483870968,0.5360606060606061
voiced,MinMaxScaler,True,gaussianNB,28,0.5535777126099707,0.5535777126099707
voiced,MinMaxScaler,True,lda,28,0.545791788856305,0.545791788856305
voiced,MinMaxScaler,True,qda,28,0.4964711632453568,0.5174193548387096
voiced,MinMaxScaler,True,dt,28,0.5879814271749757,0.5879814271749757
voiced,MinMaxScaler,True,rf,28,0.5826392961876834,0.5826392961876834
voiced,MinMaxScaler,True,adaboost,28,0.5588514173998045,0.5588514173998045
voiced,MinMaxScaler,True,mlp,28,0.5739980449657869,0.5733479960899317
svd,MinMaxScaler,False,svm,28,0.8360629497421972,0.8319674723822523
svd,MinMaxScaler,False,knn,28,0.7755707624075086,0.7802089508984341
svd,MinMaxScaler,False,gaussianNB,28,0.652313335521056,0.652313335521056
svd,MinMaxScaler,False,lda,28,0.8221196781986377,0.8221196781986377
svd,MinMaxScaler,False,qda,28,0.766398980816583,0.7634745587403344
svd,MinMaxScaler,False,dt,28,0.7832437075833614,0.7832437075833614
svd,MinMaxScaler,False,rf,28,0.8201176435720603,0.8195885430429598
svd,MinMaxScaler,False,adaboost,28,0.8160395609781161,0.8160395609781161
svd,MinMaxScaler,False,mlp,28,0.8123008925039163,0.8124592494115948
voiced,MinMaxScaler,False,svm,28,0.6275934444886058,0.5866620103313651
voiced,MinMaxScaler,False,knn,28,0.4584847761259051,0.5101417765329056
voiced,MinMaxScaler,False,gaussianNB,28,0.5409342360148812,0.5409342360148812
voiced,MinMaxScaler,False,lda,28,0.5293789513950803,0.5293789513950803
voiced,MinMaxScaler,False,qda,28,0.49023148148148155,0.47875444149637697
voiced,MinMaxScaler,False,dt,28,0.5439150776045938,0.5439150776045938
voiced,MinMaxScaler,False,rf,28,0.5685894854846467,0.5460894854846468
voiced,MinMaxScaler,False,adaboost,28,0.5754258756476499,0.5754258756476499
voiced,MinMaxScaler,False,mlp,28,0.5644985211920696,0.5717584185527733
svd,MinMaxScaler,True,svm,29,0.8377085528066989,0.8427760153332672
svd,MinMaxScaler,True,knn,29,0.792860409310791,0.7897758148794136
svd,MinMaxScaler,True,gaussianNB,29,0.6640074792528445,0.6640074792528445
svd,MinMaxScaler,True,lda,29,0.823642351832101,0.823642351832101
svd,MinMaxScaler,True,qda,29,0.763886809301204,0.76434579960207
svd,MinMaxScaler,True,dt,29,0.7828197356986889,0.7828197356986889
svd,MinMaxScaler,True,rf,29,0.8169000301770204,0.8169000301770204
svd,MinMaxScaler,True,adaboost,29,0.8131060124898729,0.8131060124898729
svd,MinMaxScaler,True,mlp,29,0.8149165828718719,0.8141377633634995
voiced,MinMaxScaler,True,svm,29,0.5721603128054741,0.5664027370478983
voiced,MinMaxScaler,True,knn,29,0.5721847507331378,0.5574193548387096
voiced,MinMaxScaler,True,gaussianNB,29,0.5619550342130987,0.5619550342130987
voiced,MinMaxScaler,True,lda,29,0.5171749755620724,0.5171749755620724
voiced,MinMaxScaler,True,qda,29,0.508030303030303,0.5266666666666666
voiced,MinMaxScaler,True,dt,29,0.6049071358748779,0.6049071358748779
voiced,MinMaxScaler,True,rf,29,0.5722922776148582,0.5722922776148582
voiced,MinMaxScaler,True,adaboost,29,0.568049853372434,0.568049853372434
voiced,MinMaxScaler,True,mlp,29,0.6030694037145651,0.591295210166178
svd,MinMaxScaler,False,svm,29,0.8433533099855961,0.8449685823982994
svd,MinMaxScaler,False,knn,29,0.787144286180743,0.7755508752426168
svd,MinMaxScaler,False,gaussianNB,29,0.6595981596174882,0.6595981596174882
svd,MinMaxScaler,False,lda,29,0.826614718418495,0.826614718418495
svd,MinMaxScaler,False,qda,29,0.7676836236255872,0.7740487403520876
svd,MinMaxScaler,False,dt,29,0.7748685301670991,0.7748685301670991
svd,MinMaxScaler,False,rf,29,0.8199565516630202,0.8199565516630202
svd,MinMaxScaler,False,adaboost,29,0.811050348368109,0.811050348368109
svd,MinMaxScaler,False,mlp,29,0.8192405926195304,0.8221636069701734
voiced,MinMaxScaler,False,svm,29,0.5589163456193817,0.5778489831905391
voiced,MinMaxScaler,False,knn,29,0.5099893742932169,0.5500182326107372
voiced,MinMaxScaler,False,gaussianNB,29,0.5533503081095585,0.5533503081095585
voiced,MinMaxScaler,False,lda,29,0.5162721977842946,0.5162721977842946
voiced,MinMaxScaler,False,qda,29,0.5254508438272669,0.4875
voiced,MinMaxScaler,False,dt,29,0.6157700343089337,0.6157700343089337
voiced,MinMaxScaler,False,rf,29,0.5757924836601307,0.5757924836601307
voiced,MinMaxScaler,False,adaboost,29,0.5592484019512007,0.5592484019512007
voiced,MinMaxScaler,False,mlp,29,0.5539395376919095,0.5699327238226669
svd,MinMaxScaler,True,svm,30,0.8342974709768602,0.8392296071794437
svd,MinMaxScaler,True,knn,30,0.7854747597004959,0.7816907756002631
svd,MinMaxScaler,True,gaussianNB,30,0.6596610659424182,0.6596610659424182
svd,MinMaxScaler,True,lda,30,0.8236837989346167,0.8236837989346167
svd,MinMaxScaler,True,qda,30,0.7705394877750384,0.7673318611595603
svd,MinMaxScaler,True,dt,30,0.7867350915169891,0.7867350915169891
svd,MinMaxScaler,True,rf,30,0.8195119130233633,0.8195119130233633
svd,MinMaxScaler,True,adaboost,30,0.8159641067765386,0.8159641067765386
svd,MinMaxScaler,True,mlp,30,0.8283595539320731,0.8227772645384424
voiced,MinMaxScaler,True,svm,30,0.5610117302052786,0.5519208211143696
voiced,MinMaxScaler,True,knn,30,0.5116862170087976,0.5055131964809385
voiced,MinMaxScaler,True,gaussianNB,30,0.5647653958944281,0.5647653958944281
voiced,MinMaxScaler,True,lda,30,0.43516129032258066,0.43516129032258066
voiced,MinMaxScaler,True,qda,30,0.48178885630498536,0.5190615835777126
voiced,MinMaxScaler,True,dt,30,0.583763440860215,0.583763440860215
voiced,MinMaxScaler,True,rf,30,0.5421212121212122,0.5421212121212122
voiced,MinMaxScaler,True,adaboost,30,0.606080156402737,0.606080156402737
voiced,MinMaxScaler,True,mlp,30,0.5394086021505375,0.5526344086021505
svd,MinMaxScaler,False,svm,30,0.8269574664418029,0.8324780137796562
svd,MinMaxScaler,False,knn,30,0.7841803511982396,0.7924841416657749
svd,MinMaxScaler,False,gaussianNB,30,0.6534358664625811,0.6534358664625811
svd,MinMaxScaler,False,lda,30,0.8211469409878209,0.8211469409878209
svd,MinMaxScaler,False,qda,30,0.7701436990854231,0.7690604036608574
svd,MinMaxScaler,False,dt,30,0.7866814776119273,0.7866814776119273
svd,MinMaxScaler,False,rf,30,0.8229098803642174,0.8229098803642174
svd,MinMaxScaler,False,adaboost,30,0.8242972143739926,0.8242972143739926
svd,MinMaxScaler,False,mlp,30,0.8165570391190438,0.8191989624750164
voiced,MinMaxScaler,False,svm,30,0.5611601257937465,0.5803489470299816
voiced,MinMaxScaler,False,knn,30,0.4985938630335182,0.5174437846636122
voiced,MinMaxScaler,False,gaussianNB,30,0.5576982356723736,0.5576982356723736
voiced,MinMaxScaler,False,lda,30,0.47454696165903065,0.47454696165903065
voiced,MinMaxScaler,False,qda,30,0.5057575757575757,0.5145454545454545
voiced,MinMaxScaler,False,dt,30,0.6601853247327385,0.6601853247327385
voiced,MinMaxScaler,False,rf,30,0.5586248593360662,0.5586248593360662
voiced,MinMaxScaler,False,adaboost,30,0.5376765834739973,0.5376765834739973
voiced,MinMaxScaler,False,mlp,30,0.5741120589180934,0.5553444256892532
svd,MinMaxScaler,True,svm,31,0.8386746114663236,0.8443984114758379
svd,MinMaxScaler,True,knn,31,0.7782090646539938,0.7865578587170734
svd,MinMaxScaler,True,gaussianNB,31,0.6580669003842395,0.6580669003842395
svd,MinMaxScaler,True,lda,31,0.8317958649856141,0.8317958649856141
svd,MinMaxScaler,True,qda,31,0.7664699549814054,0.76408892815654
svd,MinMaxScaler,True,dt,31,0.7942339467148627,0.7942339467148627
svd,MinMaxScaler,True,rf,31,0.8171604840089028,0.8171604840089028
svd,MinMaxScaler,True,adaboost,31,0.8172053936612279,0.8172053936612279
svd,MinMaxScaler,True,mlp,31,0.816766800992537,0.8142278967851487
voiced,MinMaxScaler,True,svm,31,0.5971163245356793,0.6093695014662757
voiced,MinMaxScaler,True,knn,31,0.5155180840664713,0.4976588465298143
voiced,MinMaxScaler,True,gaussianNB,31,0.5373216031280548,0.5373216031280548
voiced,MinMaxScaler,True,lda,31,0.5399071358748777,0.5399071358748777
voiced,MinMaxScaler,True,qda,31,0.4475659824046921,0.5049266862170088
voiced,MinMaxScaler,True,dt,31,0.6124242424242424,0.6124242424242424
voiced,MinMaxScaler,True,rf,31,0.606080156402737,0.606080156402737
voiced,MinMaxScaler,True,adaboost,31,0.4775708699902248,0.4775708699902248
voiced,MinMaxScaler,True,mlp,31,0.6052346041055718,0.5988905180840665
svd,MinMaxScaler,False,svm,31,0.8369428875109234,0.8399605323893542
svd,MinMaxScaler,False,knn,31,0.7829161111095116,0.7793386096761706
svd,MinMaxScaler,False,gaussianNB,31,0.6574838467737508,0.6574838467737508
svd,MinMaxScaler,False,lda,31,0.8202474098775007,0.8202474098775007
svd,MinMaxScaler,False,qda,31,0.7699304811954366,0.7670013784918004
svd,MinMaxScaler,False,dt,31,0.8016096882149302,0.8016096882149302
svd,MinMaxScaler,False,rf,31,0.8253531068992279,0.8253531068992279
svd,MinMaxScaler,False,adaboost,31,0.8145073891834148,0.8145073891834148
svd,MinMaxScaler,False,mlp,31,0.8099855797231001,0.8137241244830875
voiced,MinMaxScaler,False,svm,31,0.5709176662117839,0.5715925237616414
voiced,MinMaxScaler,False,knn,31,0.4875362260288731,0.49184229033493737
voiced,MinMaxScaler,False,gaussianNB,31,0.5616176171323229,0.5616176171323229
voiced,MinMaxScaler,False,lda,31,0.5273820596614713,0.5273820596614713
voiced,MinMaxScaler,False,qda,31,0.5278151709401709,0.49812500000000004
voiced,MinMaxScaler,False,dt,31,0.5773875212478153,0.5773875212478153
voiced,MinMaxScaler,False,rf,31,0.4967527951351481,0.4967527951351481
voiced,MinMaxScaler,False,adaboost,31,0.5351679325576384,0.5351679325576384
voiced,MinMaxScaler,False,mlp,31,0.5786806004453062,0.5979376601067777
svd,MinMaxScaler,True,svm,32,0.8336327031746877,0.8316015645568534
svd,MinMaxScaler,True,knn,32,0.7956187523853827,0.790497608534686
svd,MinMaxScaler,True,gaussianNB,32,0.6590892713248221,0.6583316955672464
svd,MinMaxScaler,True,lda,32,0.8256854123702542,0.8256854123702542
svd,MinMaxScaler,True,qda,32,0.7679935059487949,0.7696917332031836
svd,MinMaxScaler,True,dt,32,0.7872698838783898,0.7872698838783898
svd,MinMaxScaler,True,rf,32,0.8156348068507283,0.8156348068507283
svd,MinMaxScaler,True,adaboost,32,0.8174340345223661,0.8174340345223661
svd,MinMaxScaler,True,mlp,32,0.8233376111347759,0.8227941814637563
voiced,MinMaxScaler,True,svm,32,0.6172678396871947,0.5740860215053762
voiced,MinMaxScaler,True,knn,32,0.5104692082111437,0.5362267839687195
voiced,MinMaxScaler,True,gaussianNB,32,0.5560654936461388,0.5560654936461388
voiced,MinMaxScaler,True,lda,32,0.5246920821114369,0.5246920821114369
voiced,MinMaxScaler,True,qda,32,0.4981524926686217,0.47651515151515145
voiced,MinMaxScaler,True,dt,32,0.5684359726295211,0.5684359726295211
voiced,MinMaxScaler,True,rf,32,0.595752688172043,0.595752688172043
voiced,MinMaxScaler,True,adaboost,32,0.5555180840664711,0.5555180840664711
voiced,MinMaxScaler,True,mlp,32,0.600772238514174,0.5834995112414466
svd,MinMaxScaler,False,svm,32,0.8392958751650419,0.8413960520479213
svd,MinMaxScaler,False,knn,32,0.7832526230181995,0.7918349127607284
svd,MinMaxScaler,False,gaussianNB,32,0.6625101997512906,0.6625101997512906
svd,MinMaxScaler,False,lda,32,0.8042134134300072,0.8042134134300072
svd,MinMaxScaler,False,qda,32,0.771191013430107,0.7575671811380356
svd,MinMaxScaler,False,dt,32,0.7924238716365343,0.7924238716365343
svd,MinMaxScaler,False,rf,32,0.8165869697616938,0.8165869697616938
svd,MinMaxScaler,False,adaboost,32,0.8179721567531116,0.8179721567531116
svd,MinMaxScaler,False,mlp,32,0.8032445792924238,0.8083727554804547
voiced,MinMaxScaler,False,svm,32,0.6173928998122546,0.5811759685953234
voiced,MinMaxScaler,False,knn,32,0.5150861921829664,0.540221880867042
voiced,MinMaxScaler,False,gaussianNB,32,0.576973886328725,0.576973886328725
voiced,MinMaxScaler,False,lda,32,0.4348864994026284,0.4348864994026284
voiced,MinMaxScaler,False,qda,32,0.4725652841781874,0.46568185697217956
voiced,MinMaxScaler,False,dt,32,0.5460752688172044,0.5460752688172044
voiced,MinMaxScaler,False,rf,32,0.5438410991636797,0.5438410991636797
voiced,MinMaxScaler,False,adaboost,32,0.566699948796723,0.566699948796723
voiced,MinMaxScaler,False,mlp,32,0.614484553678102,0.5814968424645844
svd,MinMaxScaler,True,svm,33,0.834560897118149,0.8378736258289148
svd,MinMaxScaler,True,knn,33,0.7872459202012092,0.7997722633600495
svd,MinMaxScaler,True,gaussianNB,33,0.6580862721429788,0.6580862721429788
svd,MinMaxScaler,True,lda,33,0.8175404021641753,0.8175404021641753
svd,MinMaxScaler,True,qda,33,0.7652378392236626,0.766379792508473
svd,MinMaxScaler,True,dt,33,0.7830454314859985,0.7830454314859985
svd,MinMaxScaler,True,rf,33,0.8176775714289345,0.8176775714289345
svd,MinMaxScaler,True,adaboost,33,0.8184235212261385,0.8184235212261385
svd,MinMaxScaler,True,mlp,33,0.8032172389587874,0.8011618679394032
voiced,MinMaxScaler,True,svm,33,0.6059286412512218,0.5863391984359726
voiced,MinMaxScaler,True,knn,33,0.5651026392961876,0.5341935483870968
voiced,MinMaxScaler,True,gaussianNB,33,0.5690078201368525,0.5690078201368525
voiced,MinMaxScaler,True,lda,33,0.4988856304985337,0.4988856304985337
voiced,MinMaxScaler,True,qda,33,0.4757086999022483,0.4833333333333333
voiced,MinMaxScaler,True,dt,33,0.5226783968719453,0.5226783968719453
voiced,MinMaxScaler,True,rf,33,0.5604105571847506,0.5604105571847506
voiced,MinMaxScaler,True,adaboost,33,0.607683284457478,0.607683284457478
voiced,MinMaxScaler,True,mlp,33,0.6111436950146627,0.5927468230694037
svd,MinMaxScaler,False,svm,33,0.8397560895104714,0.8396533700963829
svd,MinMaxScaler,False,knn,33,0.7816196473145014,0.7800454044829924
svd,MinMaxScaler,False,gaussianNB,33,0.6606789784336016,0.6606789784336016
svd,MinMaxScaler,False,lda,33,0.8218060018601754,0.8218060018601754
svd,MinMaxScaler,False,qda,33,0.7632762435679006,0.7596270082272201
svd,MinMaxScaler,False,dt,33,0.7898748434174659,0.7898748434174659
svd,MinMaxScaler,False,rf,33,0.8121269883509861,0.8121269883509861
svd,MinMaxScaler,False,adaboost,33,0.8039744081513188,0.8039744081513188
svd,MinMaxScaler,False,mlp,33,0.7958565146644043,0.7991044191320744
voiced,MinMaxScaler,False,svm,33,0.5956101143159966,0.5907277613748202
voiced,MinMaxScaler,False,knn,33,0.5300827466121584,0.6001307441895677
voiced,MinMaxScaler,False,gaussianNB,33,0.5679766068589597,0.5679766068589597
voiced,MinMaxScaler,False,lda,33,0.4933117571352866,0.4933117571352866
voiced,MinMaxScaler,False,qda,33,0.5034234234234234,0.46085214626391097
voiced,MinMaxScaler,False,dt,33,0.5929122567946097,0.5929122567946097
voiced,MinMaxScaler,False,rf,33,0.5945889923536981,0.5945889923536981
voiced,MinMaxScaler,False,adaboost,33,0.6149626769626769,0.6149626769626769
voiced,MinMaxScaler,False,mlp,33,0.5633938980997805,0.542939738057385
svd,MinMaxScaler,True,svm,34,0.8471694209098789,0.8456199434879915
svd,MinMaxScaler,True,knn,34,0.776982969774682,0.7757461113949663
svd,MinMaxScaler,True,gaussianNB,34,0.6617546866074674,0.6617546866074674
svd,MinMaxScaler,True,lda,34,0.832879336221757,0.832879336221757
svd,MinMaxScaler,True,qda,34,0.7661529818781727,0.7662479904682741
svd,MinMaxScaler,True,dt,34,0.7792002908033442,0.7792002908033442
svd,MinMaxScaler,True,rf,34,0.815711384217382,0.815711384217382
svd,MinMaxScaler,True,adaboost,34,0.8094424150912701,0.8094424150912701
svd,MinMaxScaler,True,mlp,34,0.8175910222093428,0.8201162941021174
voiced,MinMaxScaler,True,svm,34,0.6269452590420332,0.6029618768328445
voiced,MinMaxScaler,True,knn,34,0.5298875855327468,0.5117057673509285
voiced,MinMaxScaler,True,gaussianNB,34,0.553900293255132,0.553900293255132
voiced,MinMaxScaler,True,lda,34,0.5526099706744867,0.5526099706744867
voiced,MinMaxScaler,True,qda,34,0.5522287390029326,0.4847751710654936
voiced,MinMaxScaler,True,dt,34,0.6146236559139785,0.6146236559139785
voiced,MinMaxScaler,True,rf,34,0.5747605083088955,0.5747605083088955
voiced,MinMaxScaler,True,adaboost,34,0.5874193548387097,0.5874193548387097
voiced,MinMaxScaler,True,mlp,34,0.6327663734115347,0.6319648093841643
svd,MinMaxScaler,False,svm,34,0.8394456581109161,0.8400968903923569
svd,MinMaxScaler,False,knn,34,0.7796344143854101,0.7824794838130336
svd,MinMaxScaler,False,gaussianNB,34,0.6632785221250639,0.6632785221250639
svd,MinMaxScaler,False,lda,34,0.8226850915369901,0.8226850915369901
svd,MinMaxScaler,False,qda,34,0.7680705281336386,0.7644109161160314
svd,MinMaxScaler,False,dt,34,0.7958498175144264,0.7958498175144264
svd,MinMaxScaler,False,rf,34,0.8217851972541401,0.8217851972541401
svd,MinMaxScaler,False,adaboost,34,0.8148327245039944,0.8148327245039944
svd,MinMaxScaler,False,mlp,34,0.8118416610950092,0.8058889316697172
voiced,MinMaxScaler,False,svm,34,0.6026966866150927,0.6031489320293874
voiced,MinMaxScaler,False,knn,34,0.5269402277039847,0.5153244051963217
voiced,MinMaxScaler,False,gaussianNB,34,0.5489361650367343,0.5489361650367343
voiced,MinMaxScaler,False,lda,34,0.559177005789909,0.559177005789909
voiced,MinMaxScaler,False,qda,34,0.5277847516177687,0.49733408748114627
voiced,MinMaxScaler,False,dt,34,0.5869932613243808,0.5869932613243808
voiced,MinMaxScaler,False,rf,34,0.5391935483870967,0.5391935483870967
voiced,MinMaxScaler,False,adaboost,34,0.5959525373424804,0.5959525373424804
voiced,MinMaxScaler,False,mlp,34,0.5981963703595582,0.6019123728896025
svd,MinMaxScaler,True,svm,35,0.8409415557180007,0.840472188661938
svd,MinMaxScaler,True,knn,35,0.7903795132530138,0.7850144021736171
svd,MinMaxScaler,True,gaussianNB,35,0.6630142013566223,0.6630142013566223
svd,MinMaxScaler,True,lda,35,0.8246805248550068,0.8246805248550068
svd,MinMaxScaler,True,qda,35,0.7728619272403351,0.769765439939922
svd,MinMaxScaler,True,dt,35,0.7877966344814762,0.7877966344814762
svd,MinMaxScaler,True,rf,35,0.8233226696967154,0.8251064366386067
svd,MinMaxScaler,True,adaboost,35,0.8131231672725676,0.8131231672725676
svd,MinMaxScaler,True,mlp,35,0.8141904042885505,0.8172650831538508
voiced,MinMaxScaler,True,svm,35,0.6085239491691105,0.5669452590420332
voiced,MinMaxScaler,True,knn,35,0.5009481915933529,0.520039100684262
voiced,MinMaxScaler,True,gaussianNB,35,0.536911045943304,0.536911045943304
voiced,MinMaxScaler,True,lda,35,0.5268963831867057,0.5268963831867057
voiced,MinMaxScaler,True,qda,35,0.48879765395894426,0.49945747800586504
voiced,MinMaxScaler,True,dt,35,0.5967693059628543,0.5967693059628543
voiced,MinMaxScaler,True,rf,35,0.505019550342131,0.505019550342131
voiced,MinMaxScaler,True,adaboost,35,0.5581867057673511,0.5581867057673511
voiced,MinMaxScaler,True,mlp,35,0.5897996089931574,0.5696920821114368
svd,MinMaxScaler,False,svm,35,0.8333628573171351,0.8308496536792074
svd,MinMaxScaler,False,knn,35,0.783698996650229,0.7849033670008985
svd,MinMaxScaler,False,gaussianNB,35,0.6592657052876965,0.6592657052876965
svd,MinMaxScaler,False,lda,35,0.8222340507315297,0.8222340507315297
svd,MinMaxScaler,False,qda,35,0.7686605833853843,0.7680244891483586
svd,MinMaxScaler,False,dt,35,0.7798012613259713,0.7798012613259713
svd,MinMaxScaler,False,rf,35,0.8145661064527097,0.8145661064527097
svd,MinMaxScaler,False,adaboost,35,0.813285738559889,0.813285738559889
svd,MinMaxScaler,False,mlp,35,0.8059210575004695,0.8048910519188611
voiced,MinMaxScaler,False,svm,35,0.558739708004414,0.5736037328684388
voiced,MinMaxScaler,False,knn,35,0.5218153415212239,0.5816999014057836
voiced,MinMaxScaler,False,gaussianNB,35,0.5293400880165586,0.5293400880165586
voiced,MinMaxScaler,False,lda,35,0.5200710237474944,0.5200710237474944
voiced,MinMaxScaler,False,qda,35,0.5468307183013066,0.4788784744667097
voiced,MinMaxScaler,False,dt,35,0.59512531586061,0.59512531586061
voiced,MinMaxScaler,False,rf,35,0.5343975142504555,0.5343975142504555
voiced,MinMaxScaler,False,adaboost,35,0.5575878533231474,0.5575878533231474
voiced,MinMaxScaler,False,mlp,35,0.5689563051327757,0.5524951682304623
svd,MinMaxScaler,True,svm,36,0.8270798521725456,0.8336998987925923
svd,MinMaxScaler,True,knn,36,0.7824603931147006,0.7890576798701117
svd,MinMaxScaler,True,gaussianNB,36,0.660673134571717,0.6601629304900843
svd,MinMaxScaler,True,lda,36,0.8300713844497924,0.8300713844497924
svd,MinMaxScaler,True,qda,36,0.766994579393707,0.7643585694567155
svd,MinMaxScaler,True,dt,36,0.7808687695437968,0.7808687695437968
svd,MinMaxScaler,True,rf,36,0.8164503907579153,0.8164503907579153
svd,MinMaxScaler,True,adaboost,36,0.8078528868441627,0.8078528868441627
svd,MinMaxScaler,True,mlp,36,0.8095899302442378,0.8078098800508833
voiced,MinMaxScaler,True,svm,36,0.5772043010752689,0.5745210166177908
voiced,MinMaxScaler,True,knn,36,0.473049853372434,0.4947165200391007
voiced,MinMaxScaler,True,gaussianNB,36,0.5706304985337244,0.5706304985337244
voiced,MinMaxScaler,True,lda,36,0.5251857282502443,0.5251857282502443
voiced,MinMaxScaler,True,qda,36,0.47067937438905183,0.4920869990224829
voiced,MinMaxScaler,True,dt,36,0.5868817204301074,0.5868817204301074
voiced,MinMaxScaler,True,rf,36,0.5593890518084066,0.5593890518084066
voiced,MinMaxScaler,True,adaboost,36,0.5906011730205278,0.5906011730205278
voiced,MinMaxScaler,True,mlp,36,0.5366617790811339,0.5714027370478983
svd,MinMaxScaler,False,svm,36,0.8282275774454559,0.8289510076062706
svd,MinMaxScaler,False,knn,36,0.7832465129997204,0.7806269285745633
svd,MinMaxScaler,False,gaussianNB,36,0.6565701470663593,0.6565701470663593
svd,MinMaxScaler,False,lda,36,0.8198181545054869,0.8198181545054869
svd,MinMaxScaler,False,qda,36,0.7671699652574512,0.7629594432074065
svd,MinMaxScaler,False,dt,36,0.7730934083515577,0.7730934083515577
svd,MinMaxScaler,False,rf,36,0.8266052276750999,0.8266052276750999
svd,MinMaxScaler,False,adaboost,36,0.8121962534106769,0.8121962534106769
svd,MinMaxScaler,False,mlp,36,0.8012964117482871,0.8029026322090089
voiced,MinMaxScaler,False,svm,36,0.596449014221073,0.5829038461538462
voiced,MinMaxScaler,False,knn,36,0.5445526826115061,0.559561166774402
voiced,MinMaxScaler,False,gaussianNB,36,0.570293956043956,0.570293956043956
voiced,MinMaxScaler,False,lda,36,0.5875900129282482,0.5875900129282482
voiced,MinMaxScaler,False,qda,36,0.5382899159663865,0.49874999999999997
voiced,MinMaxScaler,False,dt,36,0.5991327569489334,0.5991327569489334
voiced,MinMaxScaler,False,rf,36,0.5612377181641888,0.5612377181641888
voiced,MinMaxScaler,False,adaboost,36,0.5696779250161603,0.5696779250161603
voiced,MinMaxScaler,False,mlp,36,0.6049385100193924,0.615902795733678
svd,MinMaxScaler,True,svm,37,0.8414905305526899,0.8471126910167259
svd,MinMaxScaler,True,knn,37,0.7775690340194157,0.7905440506421968
svd,MinMaxScaler,True,gaussianNB,37,0.658689776236123,0.6581769557233026
svd,MinMaxScaler,True,lda,37,0.8249886990508581,0.8249886990508581
svd,MinMaxScaler,True,qda,37,0.7669936134385427,0.7651093363198053
svd,MinMaxScaler,True,dt,37,0.7946204794841654,0.7946204794841654
svd,MinMaxScaler,True,rf,37,0.8163877598228743,0.8163877598228743
svd,MinMaxScaler,True,adaboost,37,0.81615573085584,0.81615573085584
svd,MinMaxScaler,True,mlp,37,0.8166925440971242,0.8162099768642843
voiced,MinMaxScaler,True,svm,37,0.6175953079178885,0.596989247311828
voiced,MinMaxScaler,True,knn,37,0.5264907135874878,0.5579618768328446
voiced,MinMaxScaler,True,gaussianNB,37,0.5602248289345064,0.5602248289345064
voiced,MinMaxScaler,True,lda,37,0.5944916911045943,0.5944916911045943
voiced,MinMaxScaler,True,qda,37,0.5228739002932551,0.5220332355816227
voiced,MinMaxScaler,True,dt,37,0.5708162267839687,0.5708162267839687
voiced,MinMaxScaler,True,rf,37,0.5332649071358749,0.5332649071358749
voiced,MinMaxScaler,True,adaboost,37,0.6246089931573803,0.6246089931573803
voiced,MinMaxScaler,True,mlp,37,0.560752688172043,0.5772482893450637
svd,MinMaxScaler,False,svm,37,0.8360956161562282,0.8371484638721081
svd,MinMaxScaler,False,knn,37,0.7848579060252554,0.7823531327613124
svd,MinMaxScaler,False,gaussianNB,37,0.6602649330422912,0.6597547289606585
svd,MinMaxScaler,False,lda,37,0.8238200217225586,0.8238200217225586
svd,MinMaxScaler,False,qda,37,0.7682109651939186,0.7654611447109483
svd,MinMaxScaler,False,dt,37,0.7972892246978601,0.7972892246978601
svd,MinMaxScaler,False,rf,37,0.810859603429002,0.810859603429002
svd,MinMaxScaler,False,adaboost,37,0.813556568288041,0.813556568288041
svd,MinMaxScaler,False,mlp,37,0.8183778997015672,0.8056935859200871
voiced,MinMaxScaler,False,svm,37,0.5882562598691631,0.6025444112339274
voiced,MinMaxScaler,False,knn,37,0.553326048951049,0.5256014549966163
voiced,MinMaxScaler,False,gaussianNB,37,0.5438578558538236,0.5438578558538236
voiced,MinMaxScaler,False,lda,37,0.5735371080532371,0.5735371080532371
voiced,MinMaxScaler,False,qda,37,0.4925806451612903,0.47316532258064514
voiced,MinMaxScaler,False,dt,37,0.6217082111436951,0.6217082111436951
voiced,MinMaxScaler,False,rf,37,0.5845574385292127,0.5845574385292127
voiced,MinMaxScaler,False,adaboost,37,0.5862711482066321,0.5862711482066321
voiced,MinMaxScaler,False,mlp,37,0.6076598804421385,0.6217947778028423
svd,MinMaxScaler,True,svm,38,0.8280876538946332,0.8285713813630935
svd,MinMaxScaler,True,knn,38,0.7848180209467015,0.7822384576528524
svd,MinMaxScaler,True,gaussianNB,38,0.660461470554164,0.660461470554164
svd,MinMaxScaler,True,lda,38,0.8173305829031019,0.8173305829031019
svd,MinMaxScaler,True,qda,38,0.7639264715655119,0.766895883106352
svd,MinMaxScaler,True,dt,38,0.789706019171668,0.789706019171668
svd,MinMaxScaler,True,rf,38,0.8128765836126796,0.8177134134495093
svd,MinMaxScaler,True,adaboost,38,0.8070674218547719,0.8070674218547719
svd,MinMaxScaler,True,mlp,38,0.8042938867748027,0.803217671096624
voiced,MinMaxScaler,True,svm,38,0.5634359726295209,0.5690860215053763
voiced,MinMaxScaler,True,knn,38,0.48690127077223855,0.5197556207233627
voiced,MinMaxScaler,True,gaussianNB,38,0.5485972629521016,0.5485972629521016
voiced,MinMaxScaler,True,lda,38,0.3886656891495601,0.3886656891495601
voiced,MinMaxScaler,True,qda,38,0.49564516129032254,0.4847116324535679
voiced,MinMaxScaler,True,dt,38,0.5147800586510265,0.5147800586510265
voiced,MinMaxScaler,True,rf,38,0.5845650048875854,0.5845650048875854
voiced,MinMaxScaler,True,adaboost,38,0.585366568914956,0.585366568914956
voiced,MinMaxScaler,True,mlp,38,0.6019648093841642,0.5756011730205278
svd,MinMaxScaler,False,svm,38,0.8391709510369403,0.829585534349242
svd,MinMaxScaler,False,knn,38,0.7923829109122409,0.7867413133662506
svd,MinMaxScaler,False,gaussianNB,38,0.6605156796190539,0.6614513053687541
svd,MinMaxScaler,False,lda,38,0.8245799088611891,0.8245799088611891
svd,MinMaxScaler,False,qda,38,0.7682428648009887,0.7665904444763962
svd,MinMaxScaler,False,dt,38,0.7984523652505731,0.7984523652505731
svd,MinMaxScaler,False,rf,38,0.822209613626774,0.822209613626774
svd,MinMaxScaler,False,adaboost,38,0.815861975326874,0.815861975326874
svd,MinMaxScaler,False,mlp,38,0.8154910492687139,0.8142947517513072
voiced,MinMaxScaler,False,svm,38,0.5680015722597758,0.5848698518296682
voiced,MinMaxScaler,False,knn,38,0.5088776525198939,0.5181444304212659
voiced,MinMaxScaler,False,gaussianNB,38,0.5514265316163258,0.5514265316163258
voiced,MinMaxScaler,False,lda,38,0.5162677547702575,0.5162677547702575
voiced,MinMaxScaler,False,qda,38,0.5257991607484099,0.5121454928553093
voiced,MinMaxScaler,False,dt,38,0.608112878269302,0.608112878269302
voiced,MinMaxScaler,False,rf,38,0.5932452368728788,0.5932452368728788
voiced,MinMaxScaler,False,adaboost,38,0.5993475478451842,0.5993475478451842
voiced,MinMaxScaler,False,mlp,38,0.6414773894070335,0.595789160320584
svd,MinMaxScaler,True,svm,39,0.8251847080582086,0.828048347508544
svd,MinMaxScaler,True,knn,39,0.7824649723232057,0.7799409187686177
svd,MinMaxScaler,True,gaussianNB,39,0.6611935665207203,0.6611935665207203
svd,MinMaxScaler,True,lda,39,0.8183158335666516,0.8183158335666516
svd,MinMaxScaler,True,qda,39,0.7677617892830544,0.7661364498823605
svd,MinMaxScaler,True,dt,39,0.7991292150234354,0.7991292150234354
svd,MinMaxScaler,True,rf,39,0.818545930623357,0.818545930623357
svd,MinMaxScaler,True,adaboost,39,0.8146998657467577,0.8146998657467577
svd,MinMaxScaler,True,mlp,39,0.7973743177941651,0.8046980209902784
voiced,MinMaxScaler,True,svm,39,0.5534995112414467,0.5684995112414468
voiced,MinMaxScaler,True,knn,39,0.5370332355816225,0.5290029325513196
voiced,MinMaxScaler,True,gaussianNB,39,0.5574486803519061,0.5574486803519061
voiced,MinMaxScaler,True,lda,39,0.5374389051808407,0.5374389051808407
voiced,MinMaxScaler,True,qda,39,0.4615102639296188,0.4963636363636363
voiced,MinMaxScaler,True,dt,39,0.58613880742913,0.58613880742913
voiced,MinMaxScaler,True,rf,39,0.5309677419354839,0.5309677419354839
voiced,MinMaxScaler,True,adaboost,39,0.5504887585532747,0.5504887585532747
voiced,MinMaxScaler,True,mlp,39,0.5843646138807429,0.5444086021505375
svd,MinMaxScaler,False,svm,39,0.8333059773785063,0.8373346836194511
svd,MinMaxScaler,False,knn,39,0.7709493797868925,0.781005064692862
svd,MinMaxScaler,False,gaussianNB,39,0.6583006549507754,0.6583006549507754
svd,MinMaxScaler,False,lda,39,0.8234986087649634,0.8234986087649634
svd,MinMaxScaler,False,qda,39,0.7652715069653302,0.7612141010712311
svd,MinMaxScaler,False,dt,39,0.7940370730611879,0.7940370730611879
svd,MinMaxScaler,False,rf,39,0.8256809552977545,0.8256809552977545
svd,MinMaxScaler,False,adaboost,39,0.8180425084953139,0.8180425084953139
svd,MinMaxScaler,False,mlp,39,0.8043764362355296,0.8013220437979888
voiced,MinMaxScaler,False,svm,39,0.5906613756613757,0.5914252645502646
voiced,MinMaxScaler,False,knn,39,0.5471825396825396,0.5400231481481481
voiced,MinMaxScaler,False,gaussianNB,39,0.5475066137566138,0.5475066137566138
voiced,MinMaxScaler,False,lda,39,0.5310449735449735,0.5310449735449735
voiced,MinMaxScaler,False,qda,39,0.5308333333333334,0.4912698412698413
voiced,MinMaxScaler,False,dt,39,0.5681712962962963,0.5681712962962963
voiced,MinMaxScaler,False,rf,39,0.5944940476190477,0.5944940476190477
voiced,MinMaxScaler,False,adaboost,39,0.5917526455026454,0.5917526455026454
voiced,MinMaxScaler,False,mlp,39,0.5867361111111111,0.5506316137566138
svd,MinMaxScaler,True,svm,40,0.8394739902046335,0.8399317912185961
svd,MinMaxScaler,True,knn,40,0.7931811754221787,0.7852836712542274
svd,MinMaxScaler,True,gaussianNB,40,0.6612044480419617,0.6604468722843858
svd,MinMaxScaler,True,lda,40,0.8299966373139765,0.8299966373139765
svd,MinMaxScaler,True,qda,40,0.7690265060275966,0.7656233606451709
svd,MinMaxScaler,True,dt,40,0.7736849864058152,0.7736849864058152
svd,MinMaxScaler,True,rf,40,0.8210305270883242,0.8210305270883242
svd,MinMaxScaler,True,adaboost,40,0.8334759842120804,0.8334759842120804
svd,MinMaxScaler,True,mlp,40,0.8139270217241865,0.8214831860251708
voiced,MinMaxScaler,True,svm,40,0.6086754643206256,0.5824828934506354
voiced,MinMaxScaler,True,knn,40,0.5158846529814272,0.5263782991202346
voiced,MinMaxScaler,True,gaussianNB,40,0.5669159335288367,0.5669159335288367
voiced,MinMaxScaler,True,lda,40,0.5857282502443792,0.5857282502443792
voiced,MinMaxScaler,True,qda,40,0.49454056695992177,0.4383528836754643
voiced,MinMaxScaler,True,dt,40,0.620386119257087,0.620386119257087
voiced,MinMaxScaler,True,rf,40,0.6092424242424243,0.6092424242424243
voiced,MinMaxScaler,True,adaboost,40,0.549130009775171,0.549130009775171
voiced,MinMaxScaler,True,mlp,40,0.5599511241446725,0.5749511241446725
svd,MinMaxScaler,False,svm,40,0.833448423362058,0.8351364155275066
svd,MinMaxScaler,False,knn,40,0.7786449737331015,0.7788433746625982
svd,MinMaxScaler,False,gaussianNB,40,0.6569221996455843,0.6569221996455843
svd,MinMaxScaler,False,lda,40,0.8267677920014878,0.8267677920014878
svd,MinMaxScaler,False,qda,40,0.7632660134649395,0.7655770033592403
svd,MinMaxScaler,False,dt,40,0.7879397063343495,0.7879397063343495
svd,MinMaxScaler,False,rf,40,0.8190383903316508,0.8190383903316508
svd,MinMaxScaler,False,adaboost,40,0.8150868474092923,0.8150868474092923
svd,MinMaxScaler,False,mlp,40,0.8063174358012052,0.8103624289551196
voiced,MinMaxScaler,False,svm,40,0.5640774838960323,0.5597833013760433
voiced,MinMaxScaler,False,knn,40,0.5133507531894629,0.5451587212071083
voiced,MinMaxScaler,False,gaussianNB,40,0.5597941261247712,0.5597941261247712
voiced,MinMaxScaler,False,lda,40,0.46257160626112237,0.46257160626112237
voiced,MinMaxScaler,False,qda,40,0.456192617866005,0.49230769230769234
voiced,MinMaxScaler,False,dt,40,0.629765897185252,0.629765897185252
voiced,MinMaxScaler,False,rf,40,0.5781892278868085,0.5781892278868085
voiced,MinMaxScaler,False,adaboost,40,0.5716682958618442,0.5716682958618442
voiced,MinMaxScaler,False,mlp,40,0.5761862734040154,0.5767708881620173
svd,MinMaxScaler,True,svm,41,0.8387980449212729,0.8418982780215059
svd,MinMaxScaler,True,knn,41,0.7947078494025059,0.795250313118361
svd,MinMaxScaler,True,gaussianNB,41,0.6601922613918252,0.6601922613918252
svd,MinMaxScaler,True,lda,41,0.8211644880020016,0.8211644880020016
svd,MinMaxScaler,True,qda,41,0.7682453388124053,0.769487831325345
svd,MinMaxScaler,True,dt,41,0.7833036574476051,0.7833036574476051
svd,MinMaxScaler,True,rf,41,0.8215737951615815,0.8215737951615815
svd,MinMaxScaler,True,adaboost,41,0.8073897349469868,0.8073897349469868
svd,MinMaxScaler,True,mlp,41,0.8122288398624278,0.8140286776110113
voiced,MinMaxScaler,True,svm,41,0.607702834799609,0.5863391984359725
voiced,MinMaxScaler,True,knn,41,0.526969696969697,0.547355816226784
voiced,MinMaxScaler,True,gaussianNB,41,0.5537292277614858,0.5537292277614858
voiced,MinMaxScaler,True,lda,41,0.5230156402737047,0.5230156402737047
voiced,MinMaxScaler,True,qda,41,0.48680840664711633,0.4583333333333333
voiced,MinMaxScaler,True,dt,41,0.5697360703812316,0.5697360703812316
voiced,MinMaxScaler,True,rf,41,0.5421212121212122,0.5421212121212122
voiced,MinMaxScaler,True,adaboost,41,0.594692082111437,0.594692082111437
voiced,MinMaxScaler,True,mlp,41,0.5557086999022482,0.5658162267839687
svd,MinMaxScaler,False,svm,41,0.8312031516782517,0.8352687185113569
svd,MinMaxScaler,False,knn,41,0.7813631891643735,0.7921895172771218
svd,MinMaxScaler,False,gaussianNB,41,0.6644497948678666,0.6644497948678666
svd,MinMaxScaler,False,lda,41,0.8208462171782995,0.8208462171782995
svd,MinMaxScaler,False,qda,41,0.7682145715151614,0.7686279480720625
svd,MinMaxScaler,False,dt,41,0.7712360881500095,0.7712360881500095
svd,MinMaxScaler,False,rf,41,0.8222493155359757,0.8222493155359757
svd,MinMaxScaler,False,adaboost,41,0.818556252399873,0.818556252399873
svd,MinMaxScaler,False,mlp,41,0.8084009058046482,0.8017899216363011
voiced,MinMaxScaler,False,svm,41,0.5696608157168502,0.5336880967053381
voiced,MinMaxScaler,False,knn,41,0.510891552572587,0.5458934839107253
voiced,MinMaxScaler,False,gaussianNB,41,0.5539763907867357,0.5539763907867357
voiced,MinMaxScaler,False,lda,41,0.4864261592494351,0.4864261592494351
voiced,MinMaxScaler,False,qda,41,0.49589225589225583,0.48575878144843665
voiced,MinMaxScaler,False,dt,41,0.5729425443649582,0.5729425443649582
voiced,MinMaxScaler,False,rf,41,0.5906129989104126,0.5906129989104126
voiced,MinMaxScaler,False,adaboost,41,0.6002963487661763,0.6002963487661763
voiced,MinMaxScaler,False,mlp,41,0.5778291982602328,0.5699436004608419
svd,MinMaxScaler,True,svm,42,0.8380086416673113,0.840817499476169
svd,MinMaxScaler,True,knn,42,0.7797131258418063,0.7799757803083865
svd,MinMaxScaler,True,gaussianNB,42,0.6594288426949277,0.6601864184525035
svd,MinMaxScaler,True,lda,42,0.8298498212075092,0.8298498212075092
svd,MinMaxScaler,True,qda,42,0.767255167587774,0.7679175259491509
svd,MinMaxScaler,True,dt,42,0.7965515999812619,0.7965515999812619
svd,MinMaxScaler,True,rf,42,0.8155410038888775,0.8155410038888775
svd,MinMaxScaler,True,adaboost,42,0.8155458645316879,0.8155458645316879
svd,MinMaxScaler,True,mlp,42,0.8036308457082721,0.8152366208854758
voiced,MinMaxScaler,True,svm,42,0.5258406647116324,0.537355816226784
voiced,MinMaxScaler,True,knn,42,0.5445210166177908,0.541080156402737
voiced,MinMaxScaler,True,gaussianNB,42,0.5463049853372434,0.5463049853372434
voiced,MinMaxScaler,True,lda,42,0.5147556207233627,0.5147556207233627
voiced,MinMaxScaler,True,qda,42,0.5334408602150538,0.5246676441837732
voiced,MinMaxScaler,True,dt,42,0.5436510263929619,0.5436510263929619
voiced,MinMaxScaler,True,rf,42,0.5538954056695993,0.5538954056695993
voiced,MinMaxScaler,True,adaboost,42,0.5817497556207234,0.5817497556207234
voiced,MinMaxScaler,True,mlp,42,0.5268768328445749,0.5192375366568915
svd,MinMaxScaler,False,svm,42,0.8376584522279037,0.8301912228563181
svd,MinMaxScaler,False,knn,42,0.7882847953393141,0.7901518892997199
svd,MinMaxScaler,False,gaussianNB,42,0.661113455136585,0.661113455136585
svd,MinMaxScaler,False,lda,42,0.8152108336498542,0.8152108336498542
svd,MinMaxScaler,False,qda,42,0.7657614624610287,0.7676129542756742
svd,MinMaxScaler,False,dt,42,0.7903527067535439,0.7903527067535439
svd,MinMaxScaler,False,rf,42,0.8202786786582756,0.8202786786582756
svd,MinMaxScaler,False,adaboost,42,0.8236590557298221,0.8236590557298221
svd,MinMaxScaler,False,mlp,42,0.7981504033388307,0.8010408028933209
voiced,MinMaxScaler,False,svm,42,0.5761363636363636,0.568080808080808
voiced,MinMaxScaler,False,knn,42,0.5559848484848484,0.5436616161616161
voiced,MinMaxScaler,False,gaussianNB,42,0.529715909090909,0.529715909090909
voiced,MinMaxScaler,False,lda,42,0.5132007575757576,0.5132007575757576
voiced,MinMaxScaler,False,qda,42,0.4573611111111111,0.5086553030303029
voiced,MinMaxScaler,False,dt,42,0.5633838383838384,0.5633838383838384
voiced,MinMaxScaler,False,rf,42,0.5494949494949495,0.5494949494949495
voiced,MinMaxScaler,False,adaboost,42,0.5610416666666667,0.5610416666666667
voiced,MinMaxScaler,False,mlp,42,0.5482007575757575,0.5613257575757575
svd,MinMaxScaler,True,svm,43,0.835744609806769,0.8375076831565382
svd,MinMaxScaler,True,knn,43,0.784001961324753,0.7801639835990981
svd,MinMaxScaler,True,gaussianNB,43,0.6589375037902846,0.6589375037902846
svd,MinMaxScaler,True,lda,43,0.8181077083585263,0.8181077083585263
svd,MinMaxScaler,True,qda,43,0.7660144744386839,0.7664275727907135
svd,MinMaxScaler,True,dt,43,0.7992859485116847,0.7992859485116847
svd,MinMaxScaler,True,rf,43,0.8187408828902832,0.8187408828902832
svd,MinMaxScaler,True,adaboost,43,0.8210923718230152,0.8210923718230152
svd,MinMaxScaler,True,mlp,43,0.8050862950208643,0.812902303076785
voiced,MinMaxScaler,True,svm,43,0.5606891495601174,0.5514907135874878
voiced,MinMaxScaler,True,knn,43,0.48839687194525905,0.5167937438905181
voiced,MinMaxScaler,True,gaussianNB,43,0.5557233626588465,0.5557233626588465
voiced,MinMaxScaler,True,lda,43,0.6410752688172042,0.6410752688172042
voiced,MinMaxScaler,True,qda,43,0.44458455522971646,0.513782991202346
voiced,MinMaxScaler,True,dt,43,0.5284799608993158,0.5284799608993158
voiced,MinMaxScaler,True,rf,43,0.5193695014662756,0.5193695014662756
voiced,MinMaxScaler,True,adaboost,43,0.5757771260997068,0.5757771260997068
voiced,MinMaxScaler,True,mlp,43,0.6050830889540567,0.6334604105571848
svd,MinMaxScaler,False,svm,43,0.8301376240259447,0.8412348588214247
svd,MinMaxScaler,False,knn,43,0.7859937177547176,0.7860663008139598
svd,MinMaxScaler,False,gaussianNB,43,0.6568465251107174,0.6568465251107174
svd,MinMaxScaler,False,lda,43,0.8202380788884337,0.8202380788884337
svd,MinMaxScaler,False,qda,43,0.7636591201988336,0.7644092655307053
svd,MinMaxScaler,False,dt,43,0.8041614391978748,0.8041614391978748
svd,MinMaxScaler,False,rf,43,0.8160196237188648,0.8160196237188648
svd,MinMaxScaler,False,adaboost,43,0.8189353773338883,0.8189353773338883
svd,MinMaxScaler,False,mlp,43,0.8164242546511506,0.8002732646205881
voiced,MinMaxScaler,False,svm,43,0.5437838481612609,0.5796518880582873
voiced,MinMaxScaler,False,knn,43,0.5329420056486077,0.5635867110054116
voiced,MinMaxScaler,False,gaussianNB,43,0.5405596513674117,0.5405596513674117
voiced,MinMaxScaler,False,lda,43,0.5344402930707975,0.5344402930707975
voiced,MinMaxScaler,False,qda,43,0.5146313511130628,0.5283160469707613
voiced,MinMaxScaler,False,dt,43,0.6068349206247524,0.5690197945743323
voiced,MinMaxScaler,False,rf,43,0.5868989758523881,0.5868989758523881
voiced,MinMaxScaler,False,adaboost,43,0.5611755368233154,0.5611755368233154
voiced,MinMaxScaler,False,mlp,43,0.5698888790330262,0.5834450245168037
svd,MinMaxScaler,True,svm,44,0.8334362184525762,0.8347066147229724
svd,MinMaxScaler,True,knn,44,0.7801757439216546,0.7868191005650113
svd,MinMaxScaler,True,gaussianNB,44,0.666000202995841,0.666000202995841
svd,MinMaxScaler,True,lda,44,0.8221738802818411,0.8221738802818411
svd,MinMaxScaler,True,qda,44,0.7664673984684891,0.7628318518994637
svd,MinMaxScaler,True,dt,44,0.7865026739890426,0.7865026739890426
svd,MinMaxScaler,True,rf,44,0.826635414748828,0.826635414748828
svd,MinMaxScaler,True,adaboost,44,0.8222869950841597,0.8222869950841597
svd,MinMaxScaler,True,mlp,44,0.8134279678881642,0.8159900041797533
voiced,MinMaxScaler,True,svm,44,0.5725268817204301,0.6187634408602151
voiced,MinMaxScaler,True,knn,44,0.5506891495601174,0.5576392961876833
voiced,MinMaxScaler,True,gaussianNB,44,0.5618670576735093,0.5618670576735093
voiced,MinMaxScaler,True,lda,44,0.543841642228739,0.543841642228739
voiced,MinMaxScaler,True,qda,44,0.5053030303030303,0.5
voiced,MinMaxScaler,True,dt,44,0.5845845552297165,0.5845845552297165
voiced,MinMaxScaler,True,rf,44,0.5405180840664712,0.5321847507331379
voiced,MinMaxScaler,True,adaboost,44,0.623782991202346,0.623782991202346
voiced,MinMaxScaler,True,mlp,44,0.6546920821114369,0.5974828934506353
svd,MinMaxScaler,False,svm,44,0.8342251990689776,0.8363786581449506
svd,MinMaxScaler,False,knn,44,0.7858220353845874,0.7778013463745368
svd,MinMaxScaler,False,gaussianNB,44,0.6604157727367019,0.6604157727367019
svd,MinMaxScaler,False,lda,44,0.8280351707156932,0.8280351707156932
svd,MinMaxScaler,False,qda,44,0.7636868219050876,0.7659762520172964
svd,MinMaxScaler,False,dt,44,0.7885103160049608,0.7885103160049608
svd,MinMaxScaler,False,rf,44,0.8065400278478702,0.8073596999790176
svd,MinMaxScaler,False,adaboost,44,0.8034248347916142,0.8034248347916142
svd,MinMaxScaler,False,mlp,44,0.817344172464059,0.8145909756856824
voiced,MinMaxScaler,False,svm,44,0.6026001411763369,0.6342018727780686
voiced,MinMaxScaler,False,knn,44,0.5371593096064731,0.5745410750416312
voiced,MinMaxScaler,False,gaussianNB,44,0.5233173037566808,0.5233173037566808
voiced,MinMaxScaler,False,lda,44,0.5536860111832304,0.5536860111832304
voiced,MinMaxScaler,False,qda,44,0.46059838011450915,0.48417050691244246
voiced,MinMaxScaler,False,dt,44,0.534516464872416,0.534516464872416
voiced,MinMaxScaler,False,rf,44,0.5518484487950561,0.5518484487950561
voiced,MinMaxScaler,False,adaboost,44,0.5335157383711333,0.5335157383711333
voiced,MinMaxScaler,False,mlp,44,0.5728094726926763,0.5852541643253546
svd,MinMaxScaler,True,svm,45,0.8354291963943,0.8327109622474944
svd,MinMaxScaler,True,knn,45,0.7861220894699629,0.7891671251322288
svd,MinMaxScaler,True,gaussianNB,45,0.6601692473284622,0.6601692473284622
svd,MinMaxScaler,True,lda,45,0.8223835216038051,0.8223835216038051
svd,MinMaxScaler,True,qda,45,0.7621879429185863,0.762352941496889
svd,MinMaxScaler,True,dt,45,0.7952264819876598,0.7952264819876598
svd,MinMaxScaler,True,rf,45,0.8223218711495701,0.8223218711495701
svd,MinMaxScaler,True,adaboost,45,0.8075947371421744,0.8075947371421744
svd,MinMaxScaler,True,mlp,45,0.8118859675402751,0.8025010667268028
voiced,MinMaxScaler,True,svm,45,0.5668768328445747,0.5519208211143696
voiced,MinMaxScaler,True,knn,45,0.50772238514174,0.49211632453567933
voiced,MinMaxScaler,True,gaussianNB,45,0.5561534701857282,0.5561534701857282
voiced,MinMaxScaler,True,lda,45,0.5362658846529814,0.5362658846529814
voiced,MinMaxScaler,True,qda,45,0.49147116324535683,0.4948484848484848
voiced,MinMaxScaler,True,dt,45,0.5764027370478984,0.5764027370478984
voiced,MinMaxScaler,True,rf,45,0.5378299120234604,0.5378299120234604
voiced,MinMaxScaler,True,adaboost,45,0.589672531769306,0.589672531769306
voiced,MinMaxScaler,True,mlp,45,0.5734995112414467,0.5603176930596285
svd,MinMaxScaler,False,svm,45,0.8321015298000555,0.8335586556090988
svd,MinMaxScaler,False,knn,45,0.7954670735569899,0.785885687762035
svd,MinMaxScaler,False,gaussianNB,45,0.6592532240389841,0.6587037734895336
svd,MinMaxScaler,False,lda,45,0.8259859800855809,0.8259859800855809
svd,MinMaxScaler,False,qda,45,0.7656286356716577,0.7653570602649825
svd,MinMaxScaler,False,dt,45,0.7940629036132867,0.7940629036132867
svd,MinMaxScaler,False,rf,45,0.8155714142674402,0.8155714142674402
svd,MinMaxScaler,False,adaboost,45,0.8166616259438216,0.8166616259438216
svd,MinMaxScaler,False,mlp,45,0.8209547062792483,0.8198870149808662
voiced,MinMaxScaler,False,svm,45,0.5944388040450659,0.5910174941721431
voiced,MinMaxScaler,False,knn,45,0.5474872858886142,0.5627796170727859
voiced,MinMaxScaler,False,gaussianNB,45,0.5442344467676536,0.5442344467676536
voiced,MinMaxScaler,False,lda,45,0.5182043781996344,0.5182043781996344
voiced,MinMaxScaler,False,qda,45,0.532912879340773,0.4975224253924444
voiced,MinMaxScaler,False,dt,45,0.5947397305414384,0.5947397305414384
voiced,MinMaxScaler,False,rf,45,0.558536182525746,0.558536182525746
voiced,MinMaxScaler,False,adaboost,45,0.5677935972243373,0.5677935972243373
voiced,MinMaxScaler,False,mlp,45,0.5787579145501346,0.5969562739249646
svd,MinMaxScaler,True,svm,46,0.8397252729095696,0.8349558747323197
svd,MinMaxScaler,True,knn,46,0.7774753490784025,0.7804769312839106
svd,MinMaxScaler,True,gaussianNB,46,0.6584687468111677,0.6584687468111677
svd,MinMaxScaler,True,lda,46,0.8297520164314058,0.8297520164314058
svd,MinMaxScaler,True,qda,46,0.7686010990100413,0.7664771215698152
svd,MinMaxScaler,True,dt,46,0.7912497135725053,0.7912497135725053
svd,MinMaxScaler,True,rf,46,0.8240683235339723,0.8240683235339723
svd,MinMaxScaler,True,adaboost,46,0.8266275654552645,0.8266275654552645
svd,MinMaxScaler,True,mlp,46,0.8105629902630993,0.8187237426332301
voiced,MinMaxScaler,True,svm,46,0.6061876832844575,0.5872043010752688
voiced,MinMaxScaler,True,knn,46,0.5376148582600195,0.5086754643206256
voiced,MinMaxScaler,True,gaussianNB,46,0.5428201368523949,0.5428201368523949
voiced,MinMaxScaler,True,lda,46,0.48195992179863156,0.48195992179863156
voiced,MinMaxScaler,True,qda,46,0.510733137829912,0.530039100684262
voiced,MinMaxScaler,True,dt,46,0.6061241446725317,0.609457478005865
voiced,MinMaxScaler,True,rf,46,0.5665347018572825,0.5665347018572825
voiced,MinMaxScaler,True,adaboost,46,0.5494525904203323,0.5527859237536658
voiced,MinMaxScaler,True,mlp,46,0.5785679374389051,0.5852346041055718
svd,MinMaxScaler,False,svm,46,0.8394758695619444,0.8384316354477
svd,MinMaxScaler,False,knn,46,0.7845795613340975,0.7800024857741316
svd,MinMaxScaler,False,gaussianNB,46,0.6596947300016609,0.6596947300016609
svd,MinMaxScaler,False,lda,46,0.8252780089960323,0.8252780089960323
svd,MinMaxScaler,False,qda,46,0.7692670746307967,0.7675011407822668
svd,MinMaxScaler,False,dt,46,0.7834270607902706,0.7834270607902706
svd,MinMaxScaler,False,rf,46,0.8191612254321854,0.8191612254321854
svd,MinMaxScaler,False,adaboost,46,0.8210973042306747,0.8210973042306747
svd,MinMaxScaler,False,mlp,46,0.8166138854544449,0.8175077589189877
voiced,MinMaxScaler,False,svm,46,0.5685581040822976,0.5627966201958137
voiced,MinMaxScaler,False,knn,46,0.5205262979254914,0.5254646697388633
voiced,MinMaxScaler,False,gaussianNB,46,0.5404815726388308,0.5404815726388308
voiced,MinMaxScaler,False,lda,46,0.5531024918928145,0.5531024918928145
voiced,MinMaxScaler,False,qda,46,0.48901707163803937,0.45486111111111105
voiced,MinMaxScaler,False,dt,46,0.6094484786420271,0.6094484786420271
voiced,MinMaxScaler,False,rf,46,0.5678677714161585,0.5668576704060575
voiced,MinMaxScaler,False,adaboost,46,0.6248805644773386,0.6248805644773386
voiced,MinMaxScaler,False,mlp,46,0.6442165898617511,0.5915477354187032
svd,MinMaxScaler,True,svm,47,0.8443240365595873,0.84408189774602
svd,MinMaxScaler,True,knn,47,0.7812221965602555,0.7871020164858769
svd,MinMaxScaler,True,gaussianNB,47,0.6617500783476792,0.6617500783476792
svd,MinMaxScaler,True,lda,47,0.8259714367784161,0.8259714367784161
svd,MinMaxScaler,True,qda,47,0.7688069491395555,0.7697292856180533
svd,MinMaxScaler,True,dt,47,0.7775149368987972,0.7775149368987972
svd,MinMaxScaler,True,rf,47,0.8142616580075686,0.8142616580075686
svd,MinMaxScaler,True,adaboost,47,0.8137178561169837,0.8137178561169837
svd,MinMaxScaler,True,mlp,47,0.8214757089511725,0.8133886469764333
voiced,MinMaxScaler,True,svm,47,0.5319843597262952,0.5600586510263931
voiced,MinMaxScaler,True,knn,47,0.4728739002932551,0.49793743890518094
voiced,MinMaxScaler,True,gaussianNB,47,0.5512170087976539,0.5512170087976539
voiced,MinMaxScaler,True,lda,47,0.4889931573802541,0.4889931573802541
voiced,MinMaxScaler,True,qda,47,0.4738465298142717,0.5
voiced,MinMaxScaler,True,dt,47,0.5269208211143696,0.5269208211143696
voiced,MinMaxScaler,True,rf,47,0.48114369501466275,0.48114369501466275
voiced,MinMaxScaler,True,adaboost,47,0.6011241446725317,0.6011241446725317
voiced,MinMaxScaler,True,mlp,47,0.525210166177908,0.5301661779081134
svd,MinMaxScaler,False,svm,47,0.8365621657103454,0.8347174146416976
svd,MinMaxScaler,False,knn,47,0.785308496443361,0.7776145364656573
svd,MinMaxScaler,False,gaussianNB,47,0.6605649902197256,0.6605649902197256
svd,MinMaxScaler,False,lda,47,0.8168928285206384,0.8168928285206384
svd,MinMaxScaler,False,qda,47,0.7621039686188518,0.7630576713055829
svd,MinMaxScaler,False,dt,47,0.7906027073437327,0.7906027073437327
svd,MinMaxScaler,False,rf,47,0.8134850563088744,0.8134850563088744
svd,MinMaxScaler,False,adaboost,47,0.8198455562152528,0.8198455562152528
svd,MinMaxScaler,False,mlp,47,0.8175584949413045,0.8196086418528126
voiced,MinMaxScaler,False,svm,47,0.5909368372327215,0.584770804989103
voiced,MinMaxScaler,False,knn,47,0.49550065232629203,0.5323262162229071
voiced,MinMaxScaler,False,gaussianNB,47,0.5773272407205944,0.5773272407205944
voiced,MinMaxScaler,False,lda,47,0.5430887095848164,0.5430887095848164
voiced,MinMaxScaler,False,qda,47,0.4411358715286691,0.47609977480806176
voiced,MinMaxScaler,False,dt,47,0.6207501750042074,0.6207501750042074
voiced,MinMaxScaler,False,rf,47,0.5740558717484467,0.5740558717484467
voiced,MinMaxScaler,False,adaboost,47,0.5832319935656975,0.5832319935656975
voiced,MinMaxScaler,False,mlp,47,0.5671464594761313,0.5504284791805649
svd,MinMaxScaler,True,svm,48,0.8364231878626643,0.8464476871728781
svd,MinMaxScaler,True,knn,48,0.784839339141411,0.7860992696870559
svd,MinMaxScaler,True,gaussianNB,48,0.6548655651872665,0.6548655651872665
svd,MinMaxScaler,True,lda,48,0.8254752372309625,0.8254752372309625
svd,MinMaxScaler,True,qda,48,0.7621359120704814,0.7668976679445599
svd,MinMaxScaler,True,dt,48,0.7762916509154241,0.7762916509154241
svd,MinMaxScaler,True,rf,48,0.8154199925846599,0.8154199925846599
svd,MinMaxScaler,True,adaboost,48,0.8022647999038404,0.8022647999038404
svd,MinMaxScaler,True,mlp,48,0.8172308171653864,0.8222793545966937
voiced,MinMaxScaler,True,svm,48,0.6017937438905181,0.5663391984359727
voiced,MinMaxScaler,True,knn,48,0.5354105571847507,0.5256451612903226
voiced,MinMaxScaler,True,gaussianNB,48,0.570307917888563,0.570307917888563
voiced,MinMaxScaler,True,lda,48,0.5845552297165201,0.5845552297165201
voiced,MinMaxScaler,True,qda,48,0.47900293255131965,0.5193939393939394
voiced,MinMaxScaler,True,dt,48,0.6240664711632453,0.6240664711632453
voiced,MinMaxScaler,True,rf,48,0.5539589442815249,0.5539589442815249
voiced,MinMaxScaler,True,adaboost,48,0.5520772238514174,0.5520772238514174
voiced,MinMaxScaler,True,mlp,48,0.5774193548387097,0.5995845552297164
svd,MinMaxScaler,False,svm,48,0.8296953894684649,0.8296964028243885
svd,MinMaxScaler,False,knn,48,0.784856988932677,0.785067598918941
svd,MinMaxScaler,False,gaussianNB,48,0.6582971638210714,0.6582971638210714
svd,MinMaxScaler,False,lda,48,0.8273494437660899,0.8273494437660899
svd,MinMaxScaler,False,qda,48,0.7678760172438732,0.7650496955726178
svd,MinMaxScaler,False,dt,48,0.7768072979630295,0.7768072979630295
svd,MinMaxScaler,False,rf,48,0.8239446959181729,0.8239446959181729
svd,MinMaxScaler,False,adaboost,48,0.8130069619946443,0.8130069619946443
svd,MinMaxScaler,False,mlp,48,0.811596429135194,0.8182703141578334
voiced,MinMaxScaler,False,svm,48,0.5699275989313939,0.5718142069470342
voiced,MinMaxScaler,False,knn,48,0.49742222076187925,0.49768255428596986
voiced,MinMaxScaler,False,gaussianNB,48,0.5527739443773598,0.5527739443773598
voiced,MinMaxScaler,False,lda,48,0.5996424578303137,0.5996424578303137
voiced,MinMaxScaler,False,qda,48,0.4711961852189557,0.4759925084403263
voiced,MinMaxScaler,False,dt,48,0.6257374367146664,0.6257374367146664
voiced,MinMaxScaler,False,rf,48,0.5461447126912022,0.5461447126912022
voiced,MinMaxScaler,False,adaboost,48,0.6163413661326376,0.6163413661326376
voiced,MinMaxScaler,False,mlp,48,0.5958687671875529,0.5754037894075844
svd,MinMaxScaler,True,svm,49,0.833381124509805,0.836457259570673
svd,MinMaxScaler,True,knn,49,0.7781443511050927,0.7852815450634425
svd,MinMaxScaler,True,gaussianNB,49,0.6558874731230239,0.6558874731230239
svd,MinMaxScaler,True,lda,49,0.8246911685188675,0.8246911685188675
svd,MinMaxScaler,True,qda,49,0.7654091255890602,0.7699298429669204
svd,MinMaxScaler,True,dt,49,0.7912487476173409,0.7912487476173409
svd,MinMaxScaler,True,rf,49,0.8185136546477878,0.8185136546477878
svd,MinMaxScaler,True,adaboost,49,0.8197381589693477,0.8197381589693477
svd,MinMaxScaler,True,mlp,49,0.8152059953859301,0.804052966299422
voiced,MinMaxScaler,True,svm,49,0.5758162267839687,0.5390860215053763
voiced,MinMaxScaler,True,knn,49,0.5048680351906158,0.4891104594330401
voiced,MinMaxScaler,True,gaussianNB,49,0.5462170087976539,0.5462170087976539
voiced,MinMaxScaler,True,lda,49,0.4995796676441838,0.4995796676441838
voiced,MinMaxScaler,True,qda,49,0.4833333333333333,0.5051026392961877
voiced,MinMaxScaler,True,dt,49,0.587375366568915,0.587375366568915
voiced,MinMaxScaler,True,rf,49,0.5269648093841642,0.5269648093841642
voiced,MinMaxScaler,True,adaboost,49,0.5655376344086022,0.5688709677419355
voiced,MinMaxScaler,True,mlp,49,0.5649511241446725,0.5772678396871946
svd,MinMaxScaler,False,svm,49,0.8271194907752335,0.8258499689364778
svd,MinMaxScaler,False,knn,49,0.7874457162262696,0.7774179072421571
svd,MinMaxScaler,False,gaussianNB,49,0.658296293086937,0.658296293086937
svd,MinMaxScaler,False,lda,49,0.823000328820725,0.823000328820725
svd,MinMaxScaler,False,qda,49,0.7714937938543264,0.7695024758857822
svd,MinMaxScaler,False,dt,49,0.7823286547362714,0.7823286547362714
svd,MinMaxScaler,False,rf,49,0.8169919930674088,0.8170148711273493
svd,MinMaxScaler,False,adaboost,49,0.8145610303636946,0.8145610303636946
svd,MinMaxScaler,False,mlp,49,0.8051003134811354,0.8071185644834227
voiced,MinMaxScaler,False,svm,49,0.5638246523591351,0.5673878707499397
voiced,MinMaxScaler,False,knn,49,0.5225303432199985,0.5557885218230046
voiced,MinMaxScaler,False,gaussianNB,49,0.5556195241540068,0.5556195241540068
voiced,MinMaxScaler,False,lda,49,0.4858530262840607,0.4858530262840607
voiced,MinMaxScaler,False,qda,49,0.46450064303512584,0.5076436781609195
voiced,MinMaxScaler,False,dt,49,0.5900717386062214,0.5900717386062214
voiced,MinMaxScaler,False,rf,49,0.5675419982316534,0.5675419982316534
voiced,MinMaxScaler,False,adaboost,49,0.6033335342818101,0.6033335342818101
voiced,MinMaxScaler,False,mlp,49,0.5752905714974681,0.578816212523109
svd,MinMaxScaler,True,svm,50,0.8430367233638772,0.835460415629445
svd,MinMaxScaler,True,knn,50,0.7792168663760812,0.7871330577819127
svd,MinMaxScaler,True,gaussianNB,50,0.6655691763707031,0.6655691763707031
svd,MinMaxScaler,True,lda,50,0.821708229974315,0.821708229974315
svd,MinMaxScaler,True,qda,50,0.771615629009304,0.7681978853571002
svd,MinMaxScaler,True,dt,50,0.8000074443913048,0.8000074443913048
svd,MinMaxScaler,True,rf,50,0.8123932283637846,0.8123932283637846
svd,MinMaxScaler,True,adaboost,50,0.8051412836527341,0.8051412836527341
svd,MinMaxScaler,True,mlp,50,0.8187349527971121,0.8141772041117734
voiced,MinMaxScaler,True,svm,50,0.5572482893450635,0.5903225806451613
voiced,MinMaxScaler,True,knn,50,0.5606891495601174,0.5539589442815249
voiced,MinMaxScaler,True,gaussianNB,50,0.5408308895405669,0.5408308895405669
voiced,MinMaxScaler,True,lda,50,0.5351417399804497,0.5351417399804497
voiced,MinMaxScaler,True,qda,50,0.5001906158357771,0.42769794721407617
voiced,MinMaxScaler,True,dt,50,0.5547800586510264,0.5547800586510264
voiced,MinMaxScaler,True,rf,50,0.5495454545454546,0.5495454545454546
voiced,MinMaxScaler,True,adaboost,50,0.5895650048875856,0.5895650048875856
voiced,MinMaxScaler,True,mlp,50,0.5507966764418377,0.5482209188660802
svd,MinMaxScaler,False,svm,50,0.833304289780244,0.832120654722716
svd,MinMaxScaler,False,knn,50,0.7840394094763294,0.7836535699134198
svd,MinMaxScaler,False,gaussianNB,50,0.6589684749308528,0.6589684749308528
svd,MinMaxScaler,False,lda,50,0.8284326082060985,0.8284326082060985
svd,MinMaxScaler,False,qda,50,0.7656819539630787,0.7636383540772356
svd,MinMaxScaler,False,dt,50,0.7924096289186875,0.7924096289186875
svd,MinMaxScaler,False,rf,50,0.8258330694775271,0.8258330694775271
svd,MinMaxScaler,False,adaboost,50,0.8207040094780623,0.8207040094780623
svd,MinMaxScaler,False,mlp,50,0.8153375890242499,0.8128527984476355
voiced,MinMaxScaler,False,svm,50,0.5797314754211306,0.573564574793023
voiced,MinMaxScaler,False,knn,50,0.4689042351326834,0.5101068399990815
voiced,MinMaxScaler,False,gaussianNB,50,0.5641462201591512,0.5641462201591512
voiced,MinMaxScaler,False,lda,50,0.5242144134601031,0.5242144134601031
voiced,MinMaxScaler,False,qda,50,0.4846452541711163,0.492230958696476
voiced,MinMaxScaler,False,dt,50,0.5917770447942863,0.5917770447942863
voiced,MinMaxScaler,False,rf,50,0.525678847015054,0.525678847015054
voiced,MinMaxScaler,False,adaboost,50,0.5353083626143971,0.5353083626143971
voiced,MinMaxScaler,False,mlp,50,0.5906786747735024,0.570283954551196
svd,MinMaxScaler,True,svm,51,0.8382207051400072,0.8364680375967181
svd,MinMaxScaler,True,knn,51,0.7923430259308122,0.7888145751013799
svd,MinMaxScaler,True,gaussianNB,51,0.6565961846223569,0.6565961846223569
svd,MinMaxScaler,True,lda,51,0.8236495166048057,0.8236495166048057
svd,MinMaxScaler,True,qda,51,0.770538668891995,0.7661354530602077
svd,MinMaxScaler,True,dt,51,0.78733352434552,0.78733352434552
svd,MinMaxScaler,True,rf,51,0.8116404533307477,0.8116404533307477
svd,MinMaxScaler,True,adaboost,51,0.8133964654030084,0.8133964654030084
svd,MinMaxScaler,True,mlp,51,0.8266224669550732,0.8233236665188682
voiced,MinMaxScaler,True,svm,51,0.605601173020528,0.5781769305962854
voiced,MinMaxScaler,True,knn,51,0.5669843597262952,0.5367253176930596
voiced,MinMaxScaler,True,gaussianNB,51,0.5556109481915933,0.5556109481915933
voiced,MinMaxScaler,True,lda,51,0.4985630498533724,0.4985630498533724
voiced,MinMaxScaler,True,qda,51,0.5311632453567938,0.44621212121212117
voiced,MinMaxScaler,True,dt,51,0.5856451612903226,0.5856451612903226
voiced,MinMaxScaler,True,rf,51,0.6054105571847507,0.6054105571847507
voiced,MinMaxScaler,True,adaboost,51,0.6196089931573802,0.6196089931573802
voiced,MinMaxScaler,True,mlp,51,0.6050146627565981,0.5966813294232649
svd,MinMaxScaler,False,svm,51,0.8355423077541632,0.8377655204459916
svd,MinMaxScaler,False,knn,51,0.7894845041360666,0.7863715022784021
svd,MinMaxScaler,False,gaussianNB,51,0.6628706402417436,0.6628706402417436
svd,MinMaxScaler,False,lda,51,0.8292077551136092,0.8292077551136092
svd,MinMaxScaler,False,qda,51,0.7696554681852437,0.7708391591658864
svd,MinMaxScaler,False,dt,51,0.8041732198649342,0.8041732198649342
svd,MinMaxScaler,False,rf,51,0.8238974059112353,0.8238974059112353
svd,MinMaxScaler,False,adaboost,51,0.8047080201915773,0.8047080201915773
svd,MinMaxScaler,False,mlp,51,0.7995239306080951,0.8109050536158252
voiced,MinMaxScaler,False,svm,51,0.585634958910821,0.6073930260352675
voiced,MinMaxScaler,False,knn,51,0.5742729971178246,0.5453248738809084
voiced,MinMaxScaler,False,gaussianNB,51,0.5477878204171307,0.5477878204171307
voiced,MinMaxScaler,False,lda,51,0.5062652266316059,0.5062652266316059
voiced,MinMaxScaler,False,qda,51,0.5176901044357941,0.4991134583806997
voiced,MinMaxScaler,False,dt,51,0.5667666983399743,0.5667666983399743
voiced,MinMaxScaler,False,rf,51,0.573417949387777,0.5503410263108539
voiced,MinMaxScaler,False,adaboost,51,0.5429650808961154,0.5429650808961154
voiced,MinMaxScaler,False,mlp,51,0.5353255939462837,0.5571832621401587
svd,MinMaxScaler,True,svm,52,0.8290409862765371,0.8324383776891956
svd,MinMaxScaler,True,knn,52,0.7758925117049436,0.780694465476363
svd,MinMaxScaler,True,gaussianNB,52,0.6577100707362431,0.6577100707362431
svd,MinMaxScaler,True,lda,52,0.8165940729572135,0.8165940729572135
svd,MinMaxScaler,True,qda,52,0.756855507269902,0.7575592528155233
svd,MinMaxScaler,True,dt,52,0.785756680614914,0.785756680614914
svd,MinMaxScaler,True,rf,52,0.8124277322096297,0.8124277322096297
svd,MinMaxScaler,True,adaboost,52,0.812198125393327,0.812198125393327
svd,MinMaxScaler,True,mlp,52,0.8102482758971309,0.8109301385637263
voiced,MinMaxScaler,True,svm,52,0.5955376344086021,0.5964027370478983
voiced,MinMaxScaler,True,knn,52,0.5042766373411535,0.5366568914956011
voiced,MinMaxScaler,True,gaussianNB,52,0.5388563049853372,0.5388563049853372
voiced,MinMaxScaler,True,lda,52,0.5094721407624633,0.5094721407624633
voiced,MinMaxScaler,True,qda,52,0.47707233626588463,0.5351515151515152
voiced,MinMaxScaler,True,dt,52,0.6204301075268817,0.6204301075268817
voiced,MinMaxScaler,True,rf,52,0.5588514173998045,0.5588514173998045
voiced,MinMaxScaler,True,adaboost,52,0.570948191593353,0.570948191593353
voiced,MinMaxScaler,True,mlp,52,0.5898435972629521,0.6095845552297166
svd,MinMaxScaler,False,svm,52,0.8290722352079569,0.8226732931969675
svd,MinMaxScaler,False,knn,52,0.7861353741302296,0.7872103192375974
svd,MinMaxScaler,False,gaussianNB,52,0.6609820482906384,0.6609820482906384
svd,MinMaxScaler,False,lda,52,0.8194808173291237,0.8194808173291237
svd,MinMaxScaler,False,qda,52,0.7645659853268183,0.7671665050139911
svd,MinMaxScaler,False,dt,52,0.778454700481779,0.778454700481779
svd,MinMaxScaler,False,rf,52,0.8267310416339123,0.8267310416339123
svd,MinMaxScaler,False,adaboost,52,0.8182475211771305,0.8182475211771305
svd,MinMaxScaler,False,mlp,52,0.8024727756936612,0.8102858360938512
voiced,MinMaxScaler,False,svm,52,0.5623456875952704,0.5923216382400198
voiced,MinMaxScaler,False,knn,52,0.526918978906604,0.5232913370823549
voiced,MinMaxScaler,False,gaussianNB,52,0.553107465084662,0.553107465084662
voiced,MinMaxScaler,False,lda,52,0.5101749629217649,0.5101749629217649
voiced,MinMaxScaler,False,qda,52,0.4900287356321839,0.4632471264367816
voiced,MinMaxScaler,False,dt,52,0.5994740812837309,0.5994740812837309
voiced,MinMaxScaler,False,rf,52,0.5564243449511803,0.5564243449511803
voiced,MinMaxScaler,False,adaboost,52,0.5587351687059696,0.5587351687059696
voiced,MinMaxScaler,False,mlp,52,0.5338032227165987,0.54598816071355
svd,MinMaxScaler,True,svm,53,0.8399187689809281,0.8330974205728839
svd,MinMaxScaler,True,knn,53,0.7821951222169325,0.7839888047249007
svd,MinMaxScaler,True,gaussianNB,53,0.6647271902942569,0.6626525982196647
svd,MinMaxScaler,True,lda,53,0.8234392216289708,0.8234392216289708
svd,MinMaxScaler,True,qda,53,0.7715379676666482,0.768109445988399
svd,MinMaxScaler,True,dt,53,0.7844741518023961,0.7844741518023961
svd,MinMaxScaler,True,rf,53,0.8176982051027851,0.8176982051027851
svd,MinMaxScaler,True,adaboost,53,0.8152124320608507,0.8152124320608507
svd,MinMaxScaler,True,mlp,53,0.8093606956475006,0.8035094186075649
voiced,MinMaxScaler,True,svm,53,0.5582844574780059,0.584692082111437
voiced,MinMaxScaler,True,knn,53,0.5002541544477028,0.511119257086999
voiced,MinMaxScaler,True,gaussianNB,53,0.5660019550342131,0.5660019550342131
voiced,MinMaxScaler,True,lda,53,0.4653372434017595,0.4653372434017595
voiced,MinMaxScaler,True,qda,53,0.49745845552297163,0.5
voiced,MinMaxScaler,True,dt,53,0.5866177908113392,0.5866177908113392
voiced,MinMaxScaler,True,rf,53,0.5300830889540568,0.5300830889540568
voiced,MinMaxScaler,True,adaboost,53,0.5965102639296187,0.5965102639296187
voiced,MinMaxScaler,True,mlp,53,0.5666177908113392,0.5874828934506354
svd,MinMaxScaler,False,svm,53,0.8265562158437973,0.8399155234414033
svd,MinMaxScaler,False,knn,53,0.7811123109056898,0.7769540910652182
svd,MinMaxScaler,False,gaussianNB,53,0.6623508492295953,0.6623508492295953
svd,MinMaxScaler,False,lda,53,0.824912054642304,0.824912054642304
svd,MinMaxScaler,False,qda,53,0.7669592678288147,0.7654558103090947
svd,MinMaxScaler,False,dt,53,0.7962348695567731,0.7962348695567731
svd,MinMaxScaler,False,rf,53,0.824180012921909,0.824180012921909
svd,MinMaxScaler,False,adaboost,53,0.8291598153762593,0.8291598153762593
svd,MinMaxScaler,False,mlp,53,0.8078164006459014,0.8095213637468808
voiced,MinMaxScaler,False,svm,53,0.557177107694349,0.537572440331061
voiced,MinMaxScaler,False,knn,53,0.49670384054004746,0.5010982775206914
voiced,MinMaxScaler,False,gaussianNB,53,0.542504841103979,0.542504841103979
voiced,MinMaxScaler,False,lda,53,0.5146620453301487,0.5146620453301487
voiced,MinMaxScaler,False,qda,53,0.46655202476323165,0.542210591133005
voiced,MinMaxScaler,False,dt,53,0.6271364092484782,0.6271364092484782
voiced,MinMaxScaler,False,rf,53,0.5554022366522366,0.5554022366522366
voiced,MinMaxScaler,False,adaboost,53,0.5515071279295417,0.5515071279295417
voiced,MinMaxScaler,False,mlp,53,0.5373652887661509,0.5366668532616808
svd,MinMaxScaler,True,svm,54,0.8391974819074056,0.8351401996767318
svd,MinMaxScaler,True,knn,54,0.7741422826537331,0.7800118747119837
svd,MinMaxScaler,True,gaussianNB,54,0.6573611339587349,0.6573611339587349
svd,MinMaxScaler,True,lda,54,0.8259811144871124,0.8259811144871124
svd,MinMaxScaler,True,qda,54,0.7713596200237421,0.7674098783804345
svd,MinMaxScaler,True,dt,54,0.7856094759475349,0.7856094759475349
svd,MinMaxScaler,True,rf,54,0.819746202543367,0.819746202543367
svd,MinMaxScaler,True,adaboost,54,0.8164945723124568,0.8164945723124568
svd,MinMaxScaler,True,mlp,54,0.8131715866830371,0.8131857691563253
voiced,MinMaxScaler,True,svm,54,0.5319208211143694,0.568651026392962
voiced,MinMaxScaler,True,knn,54,0.5484995112414468,0.5264858260019551
voiced,MinMaxScaler,True,gaussianNB,54,0.5537927663734116,0.5537927663734116
voiced,MinMaxScaler,True,lda,54,0.5433626588465298,0.5433626588465298
voiced,MinMaxScaler,True,qda,54,0.47092864125122186,0.5153030303030303
voiced,MinMaxScaler,True,dt,54,0.6063147605083088,0.6063147605083088
voiced,MinMaxScaler,True,rf,54,0.5342179863147606,0.5342179863147606
voiced,MinMaxScaler,True,adaboost,54,0.5708651026392962,0.5708651026392962
voiced,MinMaxScaler,True,mlp,54,0.5634995112414467,0.5538220918866081
svd,MinMaxScaler,False,svm,54,0.8383326760032359,0.8444567639233618
svd,MinMaxScaler,False,knn,54,0.7868668348323427,0.7861524867483405
svd,MinMaxScaler,False,gaussianNB,54,0.662033052724371,0.662033052724371
svd,MinMaxScaler,False,lda,54,0.8209749596478086,0.8209749596478086
svd,MinMaxScaler,False,qda,54,0.7696236867034569,0.7668692304831414
svd,MinMaxScaler,False,dt,54,0.7938747040919634,0.7938747040919634
svd,MinMaxScaler,False,rf,54,0.820450768052187,0.820450768052187
svd,MinMaxScaler,False,adaboost,54,0.8165813306910298,0.8165813306910298
svd,MinMaxScaler,False,mlp,54,0.7996006402803879,0.8131027830406973
voiced,MinMaxScaler,False,svm,54,0.5919458128078817,0.5764778325123153
voiced,MinMaxScaler,False,knn,54,0.5163546798029557,0.5389573070607553
voiced,MinMaxScaler,False,gaussianNB,54,0.5599178981937604,0.5599178981937604
voiced,MinMaxScaler,False,lda,54,0.5142610837438424,0.5142610837438424
voiced,MinMaxScaler,False,qda,54,0.479064039408867,0.5037192118226601
voiced,MinMaxScaler,False,dt,54,0.6395730706075533,0.6395730706075533
voiced,MinMaxScaler,False,rf,54,0.5621592775041051,0.5621592775041051
voiced,MinMaxScaler,False,adaboost,54,0.5232512315270936,0.5232512315270936
voiced,MinMaxScaler,False,mlp,54,0.5114860426929393,0.5257799671592774
svd,MinMaxScaler,True,svm,55,0.8282360605588522,0.8361598634008667
svd,MinMaxScaler,True,knn,55,0.7771192602381262,0.7862392623733955
svd,MinMaxScaler,True,gaussianNB,55,0.6594400528588097,0.6594400528588097
svd,MinMaxScaler,True,lda,55,0.825652424638248,0.825652424638248
svd,MinMaxScaler,True,qda,55,0.7649302151864857,0.7713905995858014
svd,MinMaxScaler,True,dt,55,0.7913389100902732,0.7913389100902732
svd,MinMaxScaler,True,rf,55,0.8146332638644525,0.8146332638644525
svd,MinMaxScaler,True,adaboost,55,0.8219698712773958,0.8219698712773958
svd,MinMaxScaler,True,mlp,55,0.819976551983095,0.8067937224534825
voiced,MinMaxScaler,True,svm,55,0.5422678396871946,0.5976588465298143
voiced,MinMaxScaler,True,knn,55,0.4604692082111437,0.4708846529814272
voiced,MinMaxScaler,True,gaussianNB,55,0.5482942326490714,0.5482942326490714
voiced,MinMaxScaler,True,lda,55,0.5092766373411534,0.5092766373411534
voiced,MinMaxScaler,True,qda,55,0.47787878787878785,0.5058162267839688
voiced,MinMaxScaler,True,dt,55,0.6122482893450635,0.6122482893450635
voiced,MinMaxScaler,True,rf,55,0.516642228739003,0.516642228739003
voiced,MinMaxScaler,True,adaboost,55,0.5973998044965787,0.5973998044965787
voiced,MinMaxScaler,True,mlp,55,0.5457086999022482,0.5138269794721407
svd,MinMaxScaler,False,svm,55,0.8288254738915946,0.8316050632536941
svd,MinMaxScaler,False,knn,55,0.7879047496598149,0.7909482469346291
svd,MinMaxScaler,False,gaussianNB,55,0.6574850958279688,0.6574850958279688
svd,MinMaxScaler,False,lda,55,0.8245396548824916,0.8245396548824916
svd,MinMaxScaler,False,qda,55,0.7668051983809661,0.7694827009587039
svd,MinMaxScaler,False,dt,55,0.8014564530611306,0.8014564530611306
svd,MinMaxScaler,False,rf,55,0.8245275686684458,0.8245275686684458
svd,MinMaxScaler,False,adaboost,55,0.8184401795687741,0.8184401795687741
svd,MinMaxScaler,False,mlp,55,0.803657551138864,0.8044888897358036
voiced,MinMaxScaler,False,svm,55,0.6168865397617933,0.5855816039943829
voiced,MinMaxScaler,False,knn,55,0.5090331304935767,0.5354623706246424
voiced,MinMaxScaler,False,gaussianNB,55,0.5627999687938836,0.5627999687938836
voiced,MinMaxScaler,False,lda,55,0.4733469860092578,0.4733469860092578
voiced,MinMaxScaler,False,qda,55,0.4754022988505747,0.5211892130857648
voiced,MinMaxScaler,False,dt,55,0.5433304727726634,0.5433304727726634
voiced,MinMaxScaler,False,rf,55,0.5415293597545119,0.5415293597545119
voiced,MinMaxScaler,False,adaboost,55,0.5824329068497425,0.5824329068497425
voiced,MinMaxScaler,False,mlp,55,0.5405254329848651,0.5460024964893119
svd,MinMaxScaler,True,svm,56,0.8391825713363337,0.8334081077047271
svd,MinMaxScaler,True,knn,56,0.7889299813236563,0.788101925337476
svd,MinMaxScaler,True,gaussianNB,56,0.65972643314519,0.65972643314519
svd,MinMaxScaler,True,lda,56,0.8264808528439935,0.8264808528439935
svd,MinMaxScaler,True,qda,56,0.7678208233061014,0.7694628708260114
svd,MinMaxScaler,True,dt,56,0.7782190237969955,0.7782190237969955
svd,MinMaxScaler,True,rf,56,0.820812086858979,0.820812086858979
svd,MinMaxScaler,True,adaboost,56,0.8083719225158703,0.8083719225158703
svd,MinMaxScaler,True,mlp,56,0.8192558749865185,0.818001905401033
voiced,MinMaxScaler,True,svm,56,0.5524633431085044,0.5997360703812317
voiced,MinMaxScaler,True,knn,56,0.5030938416422287,0.4910117302052786
voiced,MinMaxScaler,True,gaussianNB,56,0.5362609970674487,0.5362609970674487
voiced,MinMaxScaler,True,lda,56,0.48925219941348974,0.48925219941348974
voiced,MinMaxScaler,True,qda,56,0.4833333333333334,0.4944965786901271
voiced,MinMaxScaler,True,dt,56,0.6015298142717498,0.6015298142717498
voiced,MinMaxScaler,True,rf,56,0.5065786901270772,0.5065786901270772
voiced,MinMaxScaler,True,adaboost,56,0.538049853372434,0.538049853372434
voiced,MinMaxScaler,True,mlp,56,0.5337145650048877,0.5852297165200391
svd,MinMaxScaler,False,svm,56,0.833812727151168,0.8385230161755072
svd,MinMaxScaler,False,knn,56,0.7818003073483566,0.7802939226806017
svd,MinMaxScaler,False,gaussianNB,56,0.6548396934941406,0.6562995475087391
svd,MinMaxScaler,False,lda,56,0.8254203163354701,0.8254203163354701
svd,MinMaxScaler,False,qda,56,0.7622114946029515,0.764104028031656
svd,MinMaxScaler,False,dt,56,0.796728851071938,0.796728851071938
svd,MinMaxScaler,False,rf,56,0.8234631716801152,0.8234631716801152
svd,MinMaxScaler,False,adaboost,56,0.820714528287734,0.820714528287734
svd,MinMaxScaler,False,mlp,56,0.8209298832399547,0.815473390616084
voiced,MinMaxScaler,False,svm,56,0.6177639760745989,0.5877158656601092
voiced,MinMaxScaler,False,knn,56,0.5341712603920612,0.5363175073443427
voiced,MinMaxScaler,False,gaussianNB,56,0.5250880942997183,0.5250880942997183
voiced,MinMaxScaler,False,lda,56,0.5673492983657054,0.5673492983657054
voiced,MinMaxScaler,False,qda,56,0.4602863310524601,0.5185795924505602
voiced,MinMaxScaler,False,dt,56,0.6160731847870335,0.6160731847870335
voiced,MinMaxScaler,False,rf,56,0.5814342222170364,0.5814342222170364
voiced,MinMaxScaler,False,adaboost,56,0.6224856013934156,0.6224856013934156
voiced,MinMaxScaler,False,mlp,56,0.5605409862508027,0.6101679534931759
svd,MinMaxScaler,True,svm,57,0.8357006661096082,0.8339336381539217
svd,MinMaxScaler,True,knn,57,0.7838042582644544,0.7906022966491886
svd,MinMaxScaler,True,gaussianNB,57,0.6622190895255236,0.6622190895255236
svd,MinMaxScaler,True,lda,57,0.8262292741791107,0.8262292741791107
svd,MinMaxScaler,True,qda,57,0.7682646197858848,0.7707283901122507
svd,MinMaxScaler,True,dt,57,0.8019417151369168,0.8019417151369168
svd,MinMaxScaler,True,rf,57,0.8258493396824912,0.8258493396824912
svd,MinMaxScaler,True,adaboost,57,0.8164175065211051,0.8164175065211051
svd,MinMaxScaler,True,mlp,57,0.8233699306872697,0.8149467617079396
voiced,MinMaxScaler,True,svm,57,0.613978494623656,0.5542815249266861
voiced,MinMaxScaler,True,knn,57,0.5022287390029325,0.513743890518084
voiced,MinMaxScaler,True,gaussianNB,57,0.5513685239491691,0.5513685239491691
voiced,MinMaxScaler,True,lda,57,0.5290371456500489,0.5290371456500489
voiced,MinMaxScaler,True,qda,57,0.4867693059628544,0.4839980449657869
voiced,MinMaxScaler,True,dt,57,0.5525073313782991,0.5525073313782991
voiced,MinMaxScaler,True,rf,57,0.5572287390029326,0.5572287390029326
voiced,MinMaxScaler,True,adaboost,57,0.6128983382209189,0.6128983382209189
voiced,MinMaxScaler,True,mlp,57,0.5302981427174975,0.5006207233626588
svd,MinMaxScaler,False,svm,57,0.8429214154790948,0.8424306226791176
svd,MinMaxScaler,False,knn,57,0.7799071653023715,0.782247298673223
svd,MinMaxScaler,False,gaussianNB,57,0.6578336324961602,0.6578336324961602
svd,MinMaxScaler,False,lda,57,0.8214577734852148,0.8214577734852148
svd,MinMaxScaler,False,qda,57,0.7698108241650481,0.7674813509793703
svd,MinMaxScaler,False,dt,57,0.7904248340377641,0.7904248340377641
svd,MinMaxScaler,False,rf,57,0.8205160420012746,0.8205160420012746
svd,MinMaxScaler,False,adaboost,57,0.8132824622038068,0.8132824622038068
svd,MinMaxScaler,False,mlp,57,0.8134220567833268,0.8190383153666442
voiced,MinMaxScaler,False,svm,57,0.6013700302910536,0.6150463934779842
voiced,MinMaxScaler,False,knn,57,0.5931942214255896,0.5500629082942765
voiced,MinMaxScaler,False,gaussianNB,57,0.5551299355693127,0.5551299355693127
voiced,MinMaxScaler,False,lda,57,0.527112659926898,0.527112659926898
voiced,MinMaxScaler,False,qda,57,0.5329137911896533,0.48489410231345714
voiced,MinMaxScaler,False,dt,57,0.5466940080065775,0.5466940080065775
voiced,MinMaxScaler,False,rf,57,0.5159844561568698,0.5159844561568698
voiced,MinMaxScaler,False,adaboost,57,0.5323197411907089,0.5323197411907089
voiced,MinMaxScaler,False,mlp,57,0.6305451383371294,0.5960867614649594
svd,MinMaxScaler,True,svm,58,0.8372506337718988,0.8362425197485177
svd,MinMaxScaler,True,knn,58,0.7766802063803153,0.7819341781446469
svd,MinMaxScaler,True,gaussianNB,58,0.6650264747974671,0.6650264747974671
svd,MinMaxScaler,True,lda,58,0.8089733458108596,0.8089733458108596
svd,MinMaxScaler,True,qda,58,0.7690406885008848,0.7699923558811236
svd,MinMaxScaler,True,dt,58,0.7979596267055372,0.7979596267055372
svd,MinMaxScaler,True,rf,58,0.8198032883147388,0.8198032883147388
svd,MinMaxScaler,True,adaboost,58,0.8085452751537812,0.8085452751537812
svd,MinMaxScaler,True,mlp,58,0.8137290208882357,0.8139297725175586
voiced,MinMaxScaler,True,svm,58,0.637008797653959,0.6303421309872923
voiced,MinMaxScaler,True,knn,58,0.5042375366568914,0.5307526881720431
voiced,MinMaxScaler,True,gaussianNB,58,0.5735141739980449,0.5735141739980449
voiced,MinMaxScaler,True,lda,58,0.563108504398827,0.563108504398827
voiced,MinMaxScaler,True,qda,58,0.52183284457478,0.4846969696969697
voiced,MinMaxScaler,True,dt,58,0.6120527859237537,0.6120527859237537
voiced,MinMaxScaler,True,rf,58,0.5491739980449658,0.5491739980449658
voiced,MinMaxScaler,True,adaboost,58,0.5761827956989247,0.5761827956989247
voiced,MinMaxScaler,True,mlp,58,0.5631769305962855,0.6020527859237537
svd,MinMaxScaler,False,svm,58,0.8418296801179841,0.837231415039869
svd,MinMaxScaler,False,knn,58,0.7788421922313533,0.7821163233089579
svd,MinMaxScaler,False,gaussianNB,58,0.6633129004830968,0.6633129004830968
svd,MinMaxScaler,False,lda,58,0.828323544775533,0.828323544775533
svd,MinMaxScaler,False,qda,58,0.7666848709133921,0.7609096220675678
svd,MinMaxScaler,False,dt,58,0.7838093101290228,0.7838093101290228
svd,MinMaxScaler,False,rf,58,0.8117495971789669,0.8117495971789669
svd,MinMaxScaler,False,adaboost,58,0.8237975824876639,0.8237975824876639
svd,MinMaxScaler,False,mlp,58,0.8051008828752396,0.8073156424058612
voiced,MinMaxScaler,False,svm,58,0.6149310681902451,0.6060526848012944
voiced,MinMaxScaler,False,knn,58,0.5041657397107897,0.5226583409175177
voiced,MinMaxScaler,False,gaussianNB,58,0.536874978932821,0.536874978932821
voiced,MinMaxScaler,False,lda,58,0.5175427242390536,0.5175427242390536
voiced,MinMaxScaler,False,qda,58,0.5204929719890787,0.49574712643678165
voiced,MinMaxScaler,False,dt,58,0.5812336940034382,0.5812336940034382
voiced,MinMaxScaler,False,rf,58,0.5401314591970877,0.5401314591970877
voiced,MinMaxScaler,False,adaboost,58,0.5620841338861361,0.5620841338861361
voiced,MinMaxScaler,False,mlp,58,0.6399871911551556,0.6276630599656186
svd,MinMaxScaler,True,svm,59,0.82833205326117,0.8375258202357438
svd,MinMaxScaler,True,knn,59,0.7840803071882679,0.7913816663162355
svd,MinMaxScaler,True,gaussianNB,59,0.6601196549724359,0.6601196549724359
svd,MinMaxScaler,True,lda,59,0.8184066950860844,0.8184066950860844
svd,MinMaxScaler,True,qda,59,0.7680025154779789,0.7669455662476382
svd,MinMaxScaler,True,dt,59,0.7771359102547761,0.7771359102547761
svd,MinMaxScaler,True,rf,59,0.82637592687211,0.82637592687211
svd,MinMaxScaler,True,adaboost,59,0.8202750339446085,0.8202750339446085
svd,MinMaxScaler,True,mlp,59,0.8228240625241716,0.808096022479883
voiced,MinMaxScaler,True,svm,59,0.5315738025415444,0.5705571847507331
voiced,MinMaxScaler,True,knn,59,0.5067497556207233,0.5185679374389053
voiced,MinMaxScaler,True,gaussianNB,59,0.5360459433040078,0.5360459433040078
voiced,MinMaxScaler,True,lda,59,0.5537536656891495,0.5537536656891495
voiced,MinMaxScaler,True,qda,59,0.487683284457478,0.4954936461388074
voiced,MinMaxScaler,True,dt,59,0.5860997067448681,0.5860997067448681
voiced,MinMaxScaler,True,rf,59,0.4969012707722385,0.4969012707722385
voiced,MinMaxScaler,True,adaboost,59,0.5533284457478006,0.5533284457478006
voiced,MinMaxScaler,True,mlp,59,0.5684115347018572,0.5959433040078201
svd,MinMaxScaler,False,svm,59,0.8431390475724239,0.8385726081025714
svd,MinMaxScaler,False,knn,59,0.7744303300026486,0.7743272957588698
svd,MinMaxScaler,False,gaussianNB,59,0.6610770388230394,0.6610770388230394
svd,MinMaxScaler,False,lda,59,0.8247786673806761,0.8247786673806761
svd,MinMaxScaler,False,qda,59,0.7693587589483027,0.7646003014259823
svd,MinMaxScaler,False,dt,59,0.7969980207637523,0.7969980207637523
svd,MinMaxScaler,False,rf,59,0.8286887064319035,0.8286887064319035
svd,MinMaxScaler,False,adaboost,59,0.8108591272285697,0.8108591272285697
svd,MinMaxScaler,False,mlp,59,0.8141408576601137,0.8105824220891273
voiced,MinMaxScaler,False,svm,59,0.545686983739722,0.5580867163600429
voiced,MinMaxScaler,False,knn,59,0.5400738515203525,0.532831204461529
voiced,MinMaxScaler,False,gaussianNB,59,0.5546105145699467,0.5546105145699467
voiced,MinMaxScaler,False,lda,59,0.6131522166981093,0.6131522166981093
voiced,MinMaxScaler,False,qda,59,0.48263676316921755,0.49377913752913755
voiced,MinMaxScaler,False,dt,59,0.5664236253942136,0.5664236253942136
voiced,MinMaxScaler,False,rf,59,0.5584153262221214,0.5584153262221214
voiced,MinMaxScaler,False,adaboost,59,0.5903507230599014,0.5903507230599014
voiced,MinMaxScaler,False,mlp,59,0.5904968214679168,0.5804377751221057
svd,MinMaxScaler,True,svm,60,0.8414284497763234,0.8379190420629896
svd,MinMaxScaler,True,knn,60,0.7905964537098671,0.7938715119849252
svd,MinMaxScaler,True,gaussianNB,60,0.6611436019451287,0.6611436019451287
svd,MinMaxScaler,True,lda,60,0.8297874862324154,0.8297874862324154
svd,MinMaxScaler,True,qda,60,0.7684522293409971,0.7695782897582244
svd,MinMaxScaler,True,dt,60,0.7914403716966422,0.7914403716966422
svd,MinMaxScaler,True,rf,60,0.8235348094290297,0.8235348094290297
svd,MinMaxScaler,True,adaboost,60,0.8200360617209036,0.8200360617209036
svd,MinMaxScaler,True,mlp,60,0.8245506093325069,0.8177005400996677
voiced,MinMaxScaler,True,svm,60,0.599477028347996,0.5846285434995112
voiced,MinMaxScaler,True,knn,60,0.5454301075268816,0.566295210166178
voiced,MinMaxScaler,True,gaussianNB,60,0.5650293255131965,0.5650293255131965
voiced,MinMaxScaler,True,lda,60,0.5580449657869012,0.5580449657869012
voiced,MinMaxScaler,True,qda,60,0.4789393939393939,0.5008406647116324
voiced,MinMaxScaler,True,dt,60,0.610386119257087,0.610386119257087
voiced,MinMaxScaler,True,rf,60,0.5729423264907136,0.5729423264907136
voiced,MinMaxScaler,True,adaboost,60,0.5661241446725317,0.5661241446725317
voiced,MinMaxScaler,True,mlp,60,0.5827663734115347,0.63841642228739
svd,MinMaxScaler,False,svm,60,0.8405726647487748,0.8430087909080873
svd,MinMaxScaler,False,knn,60,0.7892698621885605,0.7863183733122815
svd,MinMaxScaler,False,gaussianNB,60,0.6619198421063837,0.6619198421063837
svd,MinMaxScaler,False,lda,60,0.8278881695221777,0.8278881695221777
svd,MinMaxScaler,False,qda,60,0.7680519727628944,0.7614029632451316
svd,MinMaxScaler,False,dt,60,0.7763070361804021,0.7763070361804021
svd,MinMaxScaler,False,rf,60,0.8212715161347279,0.8212715161347279
svd,MinMaxScaler,False,adaboost,60,0.8171093831362647,0.8171093831362647
svd,MinMaxScaler,False,mlp,60,0.8240474379988185,0.8166484766985768
voiced,MinMaxScaler,False,svm,60,0.5907146318860315,0.579202565521024
voiced,MinMaxScaler,False,knn,60,0.5049631791467492,0.5268488914736379
voiced,MinMaxScaler,False,gaussianNB,60,0.5733434280391684,0.5733434280391684
voiced,MinMaxScaler,False,lda,60,0.5115466767850135,0.5115466767850135
voiced,MinMaxScaler,False,qda,60,0.5171364605644524,0.47537252301451083
voiced,MinMaxScaler,False,dt,60,0.5724208735821312,0.5724208735821312
voiced,MinMaxScaler,False,rf,60,0.5872215917956283,0.5703098270897459
voiced,MinMaxScaler,False,adaboost,60,0.5377071897000902,0.5377071897000902
voiced,MinMaxScaler,False,mlp,60,0.6057084852267407,0.5786578060208892
svd,MinMaxScaler,True,svm,61,0.8366429826080862,0.8359476655659861
svd,MinMaxScaler,True,knn,61,0.7866128037720186,0.7896431068023215
svd,MinMaxScaler,True,gaussianNB,61,0.662209945634155,0.662209945634155
svd,MinMaxScaler,True,lda,61,0.8267674709877546,0.8267674709877546
svd,MinMaxScaler,True,qda,61,0.7606750955333289,0.766182445326393
svd,MinMaxScaler,True,dt,61,0.7799992955063838,0.7799992955063838
svd,MinMaxScaler,True,rf,61,0.8182135676028807,0.8182135676028807
svd,MinMaxScaler,True,adaboost,61,0.8237626913253958,0.8237626913253958
svd,MinMaxScaler,True,mlp,61,0.8236529065264071,0.8241217234237954
voiced,MinMaxScaler,True,svm,61,0.5517693059628543,0.5516177908113391
voiced,MinMaxScaler,True,knn,61,0.5282013685239492,0.5199755620723363
voiced,MinMaxScaler,True,gaussianNB,61,0.5593988269794722,0.5593988269794722
voiced,MinMaxScaler,True,lda,61,0.4975024437927663,0.4975024437927663
voiced,MinMaxScaler,True,qda,61,0.4857575757575757,0.5154545454545454
voiced,MinMaxScaler,True,dt,61,0.5313343108504399,0.5313343108504399
voiced,MinMaxScaler,True,rf,61,0.5802590420332356,0.5802590420332356
voiced,MinMaxScaler,True,adaboost,61,0.5828347996089932,0.5828347996089932
voiced,MinMaxScaler,True,mlp,61,0.5736705767350928,0.5604447702834799
svd,MinMaxScaler,False,svm,61,0.8283320630414146,0.8259184955451543
svd,MinMaxScaler,False,knn,61,0.7863794826951248,0.784940332555293
svd,MinMaxScaler,False,gaussianNB,61,0.6605733040733164,0.6605733040733164
svd,MinMaxScaler,False,lda,61,0.8143352648396188,0.8143352648396188
svd,MinMaxScaler,False,qda,61,0.7680646405606536,0.7652059921066894
svd,MinMaxScaler,False,dt,61,0.7850430246596342,0.7850430246596342
svd,MinMaxScaler,False,rf,61,0.8204147979162929,0.8222010551373329
svd,MinMaxScaler,False,adaboost,61,0.8177480718676051,0.8177480718676051
svd,MinMaxScaler,False,mlp,61,0.8114624500389922,0.8058161463812163
voiced,MinMaxScaler,False,svm,61,0.5810909514413408,0.558543853254643
voiced,MinMaxScaler,False,knn,61,0.5233166363978378,0.5274955436356994
voiced,MinMaxScaler,False,gaussianNB,61,0.5377454704484738,0.5377454704484738
voiced,MinMaxScaler,False,lda,61,0.5183493845173489,0.5183493845173489
voiced,MinMaxScaler,False,qda,61,0.4863858499676074,0.5024164650082337
voiced,MinMaxScaler,False,dt,61,0.5350363065435368,0.5350363065435368
voiced,MinMaxScaler,False,rf,61,0.5713024714748853,0.5713024714748853
voiced,MinMaxScaler,False,adaboost,61,0.576337705058506,0.576337705058506
voiced,MinMaxScaler,False,mlp,61,0.5892663781651546,0.5690569423161191
svd,MinMaxScaler,True,svm,62,0.8343835898743205,0.8382233215711951
svd,MinMaxScaler,True,knn,62,0.7898487935183682,0.7871048707744455
svd,MinMaxScaler,True,gaussianNB,62,0.6594476334280043,0.6586900576704285
svd,MinMaxScaler,True,lda,62,0.8218425740017888,0.8218425740017888
svd,MinMaxScaler,True,qda,62,0.767738522836669,0.7612290944242962
svd,MinMaxScaler,True,dt,62,0.7837182864391152,0.7837182864391152
svd,MinMaxScaler,True,rf,62,0.8223246655198674,0.8223246655198674
svd,MinMaxScaler,True,adaboost,62,0.81647004395096,0.81647004395096
svd,MinMaxScaler,True,mlp,62,0.8164290435119226,0.8083462484443945
voiced,MinMaxScaler,True,svm,62,0.5909042033235582,0.6049951124144674
voiced,MinMaxScaler,True,knn,62,0.49760997067448687,0.5378494623655914
voiced,MinMaxScaler,True,gaussianNB,62,0.5383626588465298,0.5383626588465298
voiced,MinMaxScaler,True,lda,62,0.49652492668621695,0.49652492668621695
voiced,MinMaxScaler,True,qda,62,0.5081818181818182,0.5022727272727273
voiced,MinMaxScaler,True,dt,62,0.5664027370478983,0.5936754643206256
voiced,MinMaxScaler,True,rf,62,0.5770332355816227,0.5770332355816227
voiced,MinMaxScaler,True,adaboost,62,0.55930596285435,0.55930596285435
voiced,MinMaxScaler,True,mlp,62,0.5899951124144673,0.5692375366568915
svd,MinMaxScaler,False,svm,62,0.838850337780093,0.8451709911017355
svd,MinMaxScaler,False,knn,62,0.7763777063600202,0.7832058661816894
svd,MinMaxScaler,False,gaussianNB,62,0.6545096662400136,0.6545096662400136
svd,MinMaxScaler,False,lda,62,0.8244029590254233,0.8244029590254233
svd,MinMaxScaler,False,qda,62,0.7646722268628829,0.7659974762734097
svd,MinMaxScaler,False,dt,62,0.7896258126649414,0.7896258126649414
svd,MinMaxScaler,False,rf,62,0.822931934038331,0.822931934038331
svd,MinMaxScaler,False,adaboost,62,0.8201419801753366,0.8201419801753366
svd,MinMaxScaler,False,mlp,62,0.8071484105420306,0.8067358667948934
voiced,MinMaxScaler,False,svm,62,0.6049551458514439,0.5225824036511157
voiced,MinMaxScaler,False,knn,62,0.516721602434077,0.4914876122862938
voiced,MinMaxScaler,False,gaussianNB,62,0.541310610451077,0.541310610451077
voiced,MinMaxScaler,False,lda,62,0.579469839660002,0.579469839660002
voiced,MinMaxScaler,False,qda,62,0.4930470032840722,0.466313689268811
voiced,MinMaxScaler,False,dt,62,0.6195140297498309,0.6195140297498309
voiced,MinMaxScaler,False,rf,62,0.5428782719984546,0.5428782719984546
voiced,MinMaxScaler,False,adaboost,62,0.5886600502269873,0.5886600502269873
voiced,MinMaxScaler,False,mlp,62,0.5559320366077465,0.5587891794648894
svd,MinMaxScaler,True,svm,63,0.8357377264683701,0.8402991919022454
svd,MinMaxScaler,True,knn,63,0.789297930350275,0.7971701181406743
svd,MinMaxScaler,True,gaussianNB,63,0.6645589361565369,0.6645589361565369
svd,MinMaxScaler,True,lda,63,0.8289860412215919,0.8289860412215919
svd,MinMaxScaler,True,qda,63,0.7675706409185145,0.7704910683645689
svd,MinMaxScaler,True,dt,63,0.7781310764844026,0.7781310764844026
svd,MinMaxScaler,True,rf,63,0.8172656024455371,0.8172656024455371
svd,MinMaxScaler,True,adaboost,63,0.8034536401439345,0.8034536401439345
svd,MinMaxScaler,True,mlp,63,0.8162671969978404,0.8147656777973026
voiced,MinMaxScaler,True,svm,63,0.6097800586510264,0.6065542521994135
voiced,MinMaxScaler,True,knn,63,0.4764711632453569,0.5224633431085044
voiced,MinMaxScaler,True,gaussianNB,63,0.5515200391006843,0.5515200391006843
voiced,MinMaxScaler,True,lda,63,0.5767644183773215,0.5767644183773215
voiced,MinMaxScaler,True,qda,63,0.5133333333333333,0.48500000000000004
voiced,MinMaxScaler,True,dt,63,0.6196920821114369,0.6196920821114369
voiced,MinMaxScaler,True,rf,63,0.5480498533724341,0.5480498533724341
voiced,MinMaxScaler,True,adaboost,63,0.6011241446725318,0.6011241446725318
voiced,MinMaxScaler,True,mlp,63,0.5806011730205278,0.5816177908113392
svd,MinMaxScaler,False,svm,63,0.8346621283356394,0.8427298810060908
svd,MinMaxScaler,False,knn,63,0.7881699006837597,0.7851750995642911
svd,MinMaxScaler,False,gaussianNB,63,0.6597979356477175,0.6597854959801054
svd,MinMaxScaler,False,lda,63,0.8256458520515503,0.8256458520515503
svd,MinMaxScaler,False,qda,63,0.7637454507928192,0.7606905147383698
svd,MinMaxScaler,False,dt,63,0.7816696427141003,0.7816696427141003
svd,MinMaxScaler,False,rf,63,0.8128917516619583,0.8128917516619583
svd,MinMaxScaler,False,adaboost,63,0.8096823867237702,0.8096823867237702
svd,MinMaxScaler,False,mlp,63,0.8109966673825371,0.8086555528542549
voiced,MinMaxScaler,False,svm,63,0.5787243043694656,0.5673282929734542
voiced,MinMaxScaler,False,knn,63,0.5233394622104298,0.5400697689407367
voiced,MinMaxScaler,False,gaussianNB,63,0.5558009433815886,0.5558009433815886
voiced,MinMaxScaler,False,lda,63,0.5051609382254544,0.5051609382254544
voiced,MinMaxScaler,False,qda,63,0.5110333752269236,0.4728563073724364
voiced,MinMaxScaler,False,dt,63,0.5673002923002923,0.5673002923002923
voiced,MinMaxScaler,False,rf,63,0.5301861937345808,0.5301861937345808
voiced,MinMaxScaler,False,adaboost,63,0.5294316137864525,0.5294316137864525
voiced,MinMaxScaler,False,mlp,63,0.5366967858903342,0.5223768047961597
svd,MinMaxScaler,True,svm,64,0.8374364748301499,0.8366788990725741
svd,MinMaxScaler,True,knn,64,0.7863193022898585,0.785278200534471
svd,MinMaxScaler,True,gaussianNB,64,0.662558288676064,0.6620480845944314
svd,MinMaxScaler,True,lda,64,0.8216560048457542,0.8216560048457542
svd,MinMaxScaler,True,qda,64,0.7644949960980496,0.7626325728070549
svd,MinMaxScaler,True,dt,64,0.7955226144266494,0.7955226144266494
svd,MinMaxScaler,True,rf,64,0.8147739283617147,0.8147739283617147
svd,MinMaxScaler,True,adaboost,64,0.8185308856901006,0.8185308856901006
svd,MinMaxScaler,True,mlp,64,0.8208475875269767,0.8296743260374667
voiced,MinMaxScaler,True,svm,64,0.5931329423264907,0.5970527859237537
voiced,MinMaxScaler,True,knn,64,0.47913000977517106,0.48685728250244387
voiced,MinMaxScaler,True,gaussianNB,64,0.5566911045943304,0.5566911045943304
voiced,MinMaxScaler,True,lda,64,0.4928690127077224,0.4928690127077224
voiced,MinMaxScaler,True,qda,64,0.4934408602150538,0.4977419354838709
voiced,MinMaxScaler,True,dt,64,0.6167888563049854,0.6167888563049854
voiced,MinMaxScaler,True,rf,64,0.5835483870967741,0.5835483870967741
voiced,MinMaxScaler,True,adaboost,64,0.5648240469208211,0.5648240469208211
voiced,MinMaxScaler,True,mlp,64,0.6161632453567938,0.6145405669599219
svd,MinMaxScaler,False,svm,64,0.8335319237815279,0.8337088863809197
svd,MinMaxScaler,False,knn,64,0.7804767325520505,0.7766985394395913
svd,MinMaxScaler,False,gaussianNB,64,0.6610405960561797,0.6610405960561797
svd,MinMaxScaler,False,lda,64,0.8222554811176112,0.8222554811176112
svd,MinMaxScaler,False,qda,64,0.7653360180055097,0.7601537897182599
svd,MinMaxScaler,False,dt,64,0.7899928954691956,0.7899928954691956
svd,MinMaxScaler,False,rf,64,0.8259830308160583,0.8259830308160583
svd,MinMaxScaler,False,adaboost,64,0.8226664117053876,0.8226664117053876
svd,MinMaxScaler,False,mlp,64,0.814645361840434,0.8197178600776429
voiced,MinMaxScaler,False,svm,64,0.5690254435107376,0.5947093837535014
voiced,MinMaxScaler,False,knn,64,0.5346321584189232,0.5292187986305633
voiced,MinMaxScaler,False,gaussianNB,64,0.5538700202303144,0.5538700202303144
voiced,MinMaxScaler,False,lda,64,0.5287778166822286,0.5287778166822286
voiced,MinMaxScaler,False,qda,64,0.4702215608465609,0.5002149470899471
voiced,MinMaxScaler,False,dt,64,0.5757008636788049,0.5757008636788049
voiced,MinMaxScaler,False,rf,64,0.5389192343604108,0.5389192343604108
voiced,MinMaxScaler,False,adaboost,64,0.591879474011827,0.591879474011827
voiced,MinMaxScaler,False,mlp,64,0.5323367958294428,0.5405610021786492
svd,MinMaxScaler,True,svm,65,0.8331713796926448,0.8393464695972874
svd,MinMaxScaler,True,knn,65,0.7777100543948963,0.7901319636379615
svd,MinMaxScaler,True,gaussianNB,65,0.6599685719587574,0.6599685719587574
svd,MinMaxScaler,True,lda,65,0.8201585746133183,0.8201585746133183
svd,MinMaxScaler,True,qda,65,0.7664989300049279,0.769214948991394
svd,MinMaxScaler,True,dt,65,0.7954535903936122,0.7954535903936122
svd,MinMaxScaler,True,rf,65,0.8184812170744559,0.8202644338576727
svd,MinMaxScaler,True,adaboost,65,0.8095826002423603,0.8095826002423603
svd,MinMaxScaler,True,mlp,65,0.8109090291751142,0.8147487009537173
voiced,MinMaxScaler,True,svm,65,0.5623118279569892,0.5665102639296188
voiced,MinMaxScaler,True,knn,65,0.561099706744868,0.5563587487781035
voiced,MinMaxScaler,True,gaussianNB,65,0.5562609970674486,0.5562609970674486
voiced,MinMaxScaler,True,lda,65,0.5724584555229717,0.5724584555229717
voiced,MinMaxScaler,True,qda,65,0.4998484848484848,0.49560117302052786
voiced,MinMaxScaler,True,dt,65,0.550386119257087,0.550386119257087
voiced,MinMaxScaler,True,rf,65,0.5787634408602151,0.5787634408602151
voiced,MinMaxScaler,True,adaboost,65,0.5481573802541544,0.5481573802541544
voiced,MinMaxScaler,True,mlp,65,0.567008797653959,0.5454936461388075
svd,MinMaxScaler,False,svm,65,0.8374109420187535,0.8409905990906882
svd,MinMaxScaler,False,knn,65,0.7798619509889247,0.776322177993112
svd,MinMaxScaler,False,gaussianNB,65,0.6631070233428569,0.6616218748280054
svd,MinMaxScaler,False,lda,65,0.8206402108252178,0.8206402108252178
svd,MinMaxScaler,False,qda,65,0.7578757158162398,0.7585980987513752
svd,MinMaxScaler,False,dt,65,0.7835234557615632,0.7835234557615632
svd,MinMaxScaler,False,rf,65,0.8253040176273366,0.8253040176273366
svd,MinMaxScaler,False,adaboost,65,0.820706464650933,0.820706464650933
svd,MinMaxScaler,False,mlp,65,0.8044341866628069,0.812086435904607
voiced,MinMaxScaler,False,svm,65,0.5964240716180371,0.569898872679045
voiced,MinMaxScaler,False,knn,65,0.5171835396404363,0.5140336722664309
voiced,MinMaxScaler,False,gaussianNB,65,0.5558650162098437,0.5558650162098437
voiced,MinMaxScaler,False,lda,65,0.4675624447391689,0.4675624447391689
voiced,MinMaxScaler,False,qda,65,0.454687039493074,0.4724137931034482
voiced,MinMaxScaler,False,dt,65,0.5533664898320072,0.5533664898320072
voiced,MinMaxScaler,False,rf,65,0.5413137341585618,0.5413137341585618
voiced,MinMaxScaler,False,adaboost,65,0.6249907898614795,0.6249907898614795
voiced,MinMaxScaler,False,mlp,65,0.6146877763041556,0.5850591290893015
svd,MinMaxScaler,True,svm,66,0.8323941362163826,0.8258000160508339
svd,MinMaxScaler,True,knn,66,0.7911966132740396,0.7873699637331043
svd,MinMaxScaler,True,gaussianNB,66,0.6600302060716456,0.6600302060716456
svd,MinMaxScaler,True,lda,66,0.820862334684581,0.820862334684581
svd,MinMaxScaler,True,qda,66,0.7655070647273481,0.7672642660865125
svd,MinMaxScaler,True,dt,66,0.7888840439821901,0.7888840439821901
svd,MinMaxScaler,True,rf,66,0.8119238613077219,0.8119238613077219
svd,MinMaxScaler,True,adaboost,66,0.8169692920674383,0.8169692920674383
svd,MinMaxScaler,True,mlp,66,0.7979799480780942,0.8065854356475949
voiced,MinMaxScaler,True,svm,66,0.5315933528836755,0.576661779081134
voiced,MinMaxScaler,True,knn,66,0.4932453567937438,0.47582111436950153
voiced,MinMaxScaler,True,gaussianNB,66,0.5661534701857283,0.5661534701857283
voiced,MinMaxScaler,True,lda,66,0.5298826979472141,0.5298826979472141
voiced,MinMaxScaler,True,qda,66,0.47760997067448685,0.5362756598240469
voiced,MinMaxScaler,True,dt,66,0.5739345063538612,0.5739345063538612
voiced,MinMaxScaler,True,rf,66,0.5490664711632454,0.5490664711632454
voiced,MinMaxScaler,True,adaboost,66,0.5534799608993157,0.5534799608993157
voiced,MinMaxScaler,True,mlp,66,0.5405767350928642,0.5653616813294233
svd,MinMaxScaler,False,svm,66,0.8356072300823458,0.8361454677309694
svd,MinMaxScaler,False,knn,66,0.7874003792984912,0.7776899095390803
svd,MinMaxScaler,False,gaussianNB,66,0.6604593405445269,0.6604593405445269
svd,MinMaxScaler,False,lda,66,0.8335301056120785,0.8335301056120785
svd,MinMaxScaler,False,qda,66,0.757875223902695,0.7541461178863751
svd,MinMaxScaler,False,dt,66,0.7987838717256355,0.7987838717256355
svd,MinMaxScaler,False,rf,66,0.8175372480673767,0.8175372480673767
svd,MinMaxScaler,False,adaboost,66,0.8112093638876405,0.8112093638876405
svd,MinMaxScaler,False,mlp,66,0.8120007420416109,0.8245902268843374
voiced,MinMaxScaler,False,svm,66,0.5489991919844861,0.540735698125404
voiced,MinMaxScaler,False,knn,66,0.5072335972850679,0.4875424208144796
voiced,MinMaxScaler,False,gaussianNB,66,0.5438904330963155,0.5398904330963155
voiced,MinMaxScaler,False,lda,66,0.5560730446024563,0.5560730446024563
voiced,MinMaxScaler,False,qda,66,0.5078970588235294,0.4945412087912088
voiced,MinMaxScaler,False,dt,66,0.5400979314802845,0.5400979314802845
voiced,MinMaxScaler,False,rf,66,0.5200099385908209,0.5200099385908209
voiced,MinMaxScaler,False,adaboost,66,0.5704452165481577,0.5704452165481577
voiced,MinMaxScaler,False,mlp,66,0.5438375080801551,0.5466999030381383
svd,MinMaxScaler,True,svm,67,0.8397956187759895,0.8389804070883677
svd,MinMaxScaler,True,knn,67,0.7901663331216222,0.7912184507604355
svd,MinMaxScaler,True,gaussianNB,67,0.6609152733852843,0.6609152733852843
svd,MinMaxScaler,True,lda,67,0.8239307983909946,0.8239307983909946
svd,MinMaxScaler,True,qda,67,0.770058718090343,0.765100862423654
svd,MinMaxScaler,True,dt,67,0.7891811423763441,0.7891811423763441
svd,MinMaxScaler,True,rf,67,0.8202782441113957,0.8243574981906499
svd,MinMaxScaler,True,adaboost,67,0.821651380244619,0.821651380244619
svd,MinMaxScaler,True,mlp,67,0.8070364713439959,0.8092624006309939
voiced,MinMaxScaler,True,svm,67,0.5921114369501467,0.5943646138807429
voiced,MinMaxScaler,True,knn,67,0.4988905180840665,0.5453616813294232
voiced,MinMaxScaler,True,gaussianNB,67,0.5494868035190617,0.5494868035190617
voiced,MinMaxScaler,True,lda,67,0.50613880742913,0.50613880742913
voiced,MinMaxScaler,True,qda,67,0.4723118279569892,0.4846627565982405
voiced,MinMaxScaler,True,dt,67,0.580058651026393,0.580058651026393
voiced,MinMaxScaler,True,rf,67,0.5101906158357771,0.5101906158357771
voiced,MinMaxScaler,True,adaboost,67,0.5603616813294232,0.5603616813294232
voiced,MinMaxScaler,True,mlp,67,0.5817448680351907,0.5594281524926685
svd,MinMaxScaler,False,svm,67,0.8363860682013119,0.8416139746516726
svd,MinMaxScaler,False,knn,67,0.7827745367133454,0.7786148464763019
svd,MinMaxScaler,False,gaussianNB,67,0.662570519165157,0.6605705191651569
svd,MinMaxScaler,False,lda,67,0.8202947119011869,0.8202947119011869
svd,MinMaxScaler,False,qda,67,0.7642200382891383,0.7658756712717139
svd,MinMaxScaler,False,dt,67,0.7948723765121251,0.7948723765121251
svd,MinMaxScaler,False,rf,67,0.8239117489851479,0.8239117489851479
svd,MinMaxScaler,False,adaboost,67,0.8151257620318152,0.8151257620318152
svd,MinMaxScaler,False,mlp,67,0.8049140054027244,0.8222660980168831
voiced,MinMaxScaler,False,svm,67,0.5624627921888359,0.5901413636174072
voiced,MinMaxScaler,False,knn,67,0.5294266608628563,0.5238760113226432
voiced,MinMaxScaler,False,gaussianNB,67,0.5692053688721146,0.5692053688721146
voiced,MinMaxScaler,False,lda,67,0.52270135225306,0.52270135225306
voiced,MinMaxScaler,False,qda,67,0.4209663865546219,0.4892857142857142
voiced,MinMaxScaler,False,dt,67,0.5791727615363763,0.5791727615363763
voiced,MinMaxScaler,False,rf,67,0.5446876629063536,0.5446876629063536
voiced,MinMaxScaler,False,adaboost,67,0.5615703651187521,0.5615703651187521
voiced,MinMaxScaler,False,mlp,67,0.532952228037617,0.5347448104551995
svd,MinMaxScaler,True,svm,68,0.8416089690026439,0.8433688757625507
svd,MinMaxScaler,True,knn,68,0.7909062783817419,0.7824859037727087
svd,MinMaxScaler,True,gaussianNB,68,0.6609309719724115,0.6609309719724115
svd,MinMaxScaler,True,lda,68,0.8239371315707193,0.8239371315707193
svd,MinMaxScaler,True,qda,68,0.766699071557305,0.7663478451755441
svd,MinMaxScaler,True,dt,68,0.7855049821134881,0.7855049821134881
svd,MinMaxScaler,True,rf,68,0.8147312030027406,0.8147312030027406
svd,MinMaxScaler,True,adaboost,68,0.8162717308137155,0.8162717308137155
svd,MinMaxScaler,True,mlp,68,0.8175126327689032,0.8190553612145759
voiced,MinMaxScaler,True,svm,68,0.5817693059628544,0.5998435972629521
voiced,MinMaxScaler,True,knn,68,0.5111827956989248,0.5297165200391006
voiced,MinMaxScaler,True,gaussianNB,68,0.5618670576735093,0.5618670576735093
voiced,MinMaxScaler,True,lda,68,0.5674389051808406,0.5674389051808406
voiced,MinMaxScaler,True,qda,68,0.5053030303030303,0.5018572825024438
voiced,MinMaxScaler,True,dt,68,0.6029814271749755,0.6029814271749755
voiced,MinMaxScaler,True,rf,68,0.5335923753665689,0.5335923753665689
voiced,MinMaxScaler,True,adaboost,68,0.5835923753665689,0.5835923753665689
voiced,MinMaxScaler,True,mlp,68,0.5933040078201369,0.6163782991202347
svd,MinMaxScaler,False,svm,68,0.8367740973978537,0.8408881320462795
svd,MinMaxScaler,False,knn,68,0.7812254493874018,0.7826064417815012
svd,MinMaxScaler,False,gaussianNB,68,0.6580998031843164,0.6580998031843164
svd,MinMaxScaler,False,lda,68,0.8263924547157572,0.8263924547157572
svd,MinMaxScaler,False,qda,68,0.7715488121630653,0.7737608628189232
svd,MinMaxScaler,False,dt,68,0.7876224046134622,0.7876224046134622
svd,MinMaxScaler,False,rf,68,0.8174564048654736,0.8174564048654736
svd,MinMaxScaler,False,adaboost,68,0.8148408974390315,0.8148408974390315
svd,MinMaxScaler,False,mlp,68,0.8130523513070234,0.8166445521979474
voiced,MinMaxScaler,False,svm,68,0.6121568738029838,0.5764546593507693
voiced,MinMaxScaler,False,knn,68,0.5687724530371588,0.5576812276907154
voiced,MinMaxScaler,False,gaussianNB,68,0.5268663112662164,0.5268663112662164
voiced,MinMaxScaler,False,lda,68,0.5667097813634816,0.5667097813634816
voiced,MinMaxScaler,False,qda,68,0.5096969696969698,0.5333333333333334
voiced,MinMaxScaler,False,dt,68,0.5543537937394674,0.5543537937394674
voiced,MinMaxScaler,False,rf,68,0.577625009399203,0.577625009399203
voiced,MinMaxScaler,False,adaboost,68,0.5582932263814616,0.5582932263814616
voiced,MinMaxScaler,False,mlp,68,0.5896611697916252,0.5594901042979791
svd,MinMaxScaler,True,svm,69,0.8334525870349208,0.8393013656645063
svd,MinMaxScaler,True,knn,69,0.7769265521828227,0.7736656763810525
svd,MinMaxScaler,True,gaussianNB,69,0.6596847481852934,0.6596847481852934
svd,MinMaxScaler,True,lda,69,0.825055656811382,0.825055656811382
svd,MinMaxScaler,True,qda,69,0.757336752669359,0.7626118192966611
svd,MinMaxScaler,True,dt,69,0.7789934583773188,0.7789934583773188
svd,MinMaxScaler,True,rf,69,0.8233575621034728,0.8233575621034728
svd,MinMaxScaler,True,adaboost,69,0.8140071651358458,0.8140071651358458
svd,MinMaxScaler,True,mlp,69,0.8064012450653673,0.8172843205504057
voiced,MinMaxScaler,True,svm,69,0.5716177908113392,0.5880694037145651
voiced,MinMaxScaler,True,knn,69,0.5452590420332355,0.5460166177908113
voiced,MinMaxScaler,True,gaussianNB,69,0.5456598240469208,0.5456598240469208
voiced,MinMaxScaler,True,lda,69,0.4686705767350928,0.4686705767350928
voiced,MinMaxScaler,True,qda,69,0.4739491691104595,0.49000000000000005
voiced,MinMaxScaler,True,dt,69,0.5633724340175953,0.5633724340175953
voiced,MinMaxScaler,True,rf,69,0.5623558162267839,0.5623558162267839
voiced,MinMaxScaler,True,adaboost,69,0.5691104594330401,0.5691104594330401
voiced,MinMaxScaler,True,mlp,69,0.6272238514173999,0.6049071358748778
svd,MinMaxScaler,False,svm,69,0.8354381200483484,0.8364402204996519
svd,MinMaxScaler,False,knn,69,0.786551665772331,0.7886925067112293
svd,MinMaxScaler,False,gaussianNB,69,0.6569184694502018,0.6569184694502018
svd,MinMaxScaler,False,lda,69,0.8180192293418335,0.8180192293418335
svd,MinMaxScaler,False,qda,69,0.7651519968592816,0.7686841235101864
svd,MinMaxScaler,False,dt,69,0.7969054348185642,0.7969054348185642
svd,MinMaxScaler,False,rf,69,0.8242495745294798,0.8242495745294798
svd,MinMaxScaler,False,adaboost,69,0.8128364828771868,0.8128364828771868
svd,MinMaxScaler,False,mlp,69,0.8192579408428463,0.8106659233154272
voiced,MinMaxScaler,False,svm,69,0.5663465491939123,0.5743781583893146
voiced,MinMaxScaler,False,knn,69,0.5259258148380868,0.5464639340932445
voiced,MinMaxScaler,False,gaussianNB,69,0.5729194341009757,0.5729194341009757
voiced,MinMaxScaler,False,lda,69,0.4680771611641287,0.4680771611641287
voiced,MinMaxScaler,False,qda,69,0.45501755431902496,0.47530405405405407
voiced,MinMaxScaler,False,dt,69,0.5517079849001755,0.5517079849001755
voiced,MinMaxScaler,False,rf,69,0.5417894388381204,0.5417894388381204
voiced,MinMaxScaler,False,adaboost,69,0.4966772619865926,0.4966772619865926
voiced,MinMaxScaler,False,mlp,69,0.5198731610179379,0.5012438387248225
svd,MinMaxScaler,True,svm,70,0.8349435805924355,0.834183388403672
svd,MinMaxScaler,True,knn,70,0.7704981732190019,0.7796779520007436
svd,MinMaxScaler,True,gaussianNB,70,0.6592007683338108,0.6592007683338108
svd,MinMaxScaler,True,lda,70,0.822680367614937,0.822680367614937
svd,MinMaxScaler,True,qda,70,0.7665093358114079,0.7669033910473386
svd,MinMaxScaler,True,dt,70,0.8015738387385062,0.8015738387385062
svd,MinMaxScaler,True,rf,70,0.8144308781004528,0.8144308781004528
svd,MinMaxScaler,True,adaboost,70,0.8041046267436671,0.8041046267436671
svd,MinMaxScaler,True,mlp,70,0.8043443579321442,0.8139881365453885
voiced,MinMaxScaler,True,svm,70,0.5413831867057673,0.5364907135874878
voiced,MinMaxScaler,True,knn,70,0.5253030303030303,0.529652981427175
voiced,MinMaxScaler,True,gaussianNB,70,0.5490566959921799,0.5490566959921799
voiced,MinMaxScaler,True,lda,70,0.4713734115347018,0.4713734115347018
voiced,MinMaxScaler,True,qda,70,0.5436999022482893,0.5087878787878788
voiced,MinMaxScaler,True,dt,70,0.5948240469208211,0.5948240469208211
voiced,MinMaxScaler,True,rf,70,0.554652981427175,0.554652981427175
voiced,MinMaxScaler,True,adaboost,70,0.5770332355816226,0.5770332355816226
voiced,MinMaxScaler,True,mlp,70,0.548435972629521,0.5582209188660802
svd,MinMaxScaler,False,svm,70,0.8333465437705143,0.8353674844839787
svd,MinMaxScaler,False,knn,70,0.790851961849919,0.7854260081469217
svd,MinMaxScaler,False,gaussianNB,70,0.6652718872139977,0.660804294621405
svd,MinMaxScaler,False,lda,70,0.8166647326417047,0.8166647326417047
svd,MinMaxScaler,False,qda,70,0.7618248397445966,0.7663968253920084
svd,MinMaxScaler,False,dt,70,0.7981913478723996,0.7981913478723996
svd,MinMaxScaler,False,rf,70,0.8184607516638712,0.8184607516638712
svd,MinMaxScaler,False,adaboost,70,0.8236874423837237,0.8236874423837237
svd,MinMaxScaler,False,mlp,70,0.8113688071709237,0.8101946354418278
voiced,MinMaxScaler,False,svm,70,0.5443886068886068,0.5889303151803151
voiced,MinMaxScaler,False,knn,70,0.5050213862713864,0.5065885578385578
voiced,MinMaxScaler,False,gaussianNB,70,0.5287478174978174,0.5287478174978174
voiced,MinMaxScaler,False,lda,70,0.553458410958411,0.553458410958411
voiced,MinMaxScaler,False,qda,70,0.4886581774081774,0.5033653846153847
voiced,MinMaxScaler,False,dt,70,0.6481914931914933,0.6481914931914933
voiced,MinMaxScaler,False,rf,70,0.5460019597519598,0.5460019597519598
voiced,MinMaxScaler,False,adaboost,70,0.5546663246663247,0.5546663246663247
voiced,MinMaxScaler,False,mlp,70,0.5881132156132157,0.5708134433134433
svd,MinMaxScaler,True,svm,71,0.8398067091033286,0.8486942501337268
svd,MinMaxScaler,True,knn,71,0.7865748954789303,0.7876057693669472
svd,MinMaxScaler,True,gaussianNB,71,0.6591888300721452,0.6591888300721452
svd,MinMaxScaler,True,lda,71,0.8222345048626402,0.8222345048626402
svd,MinMaxScaler,True,qda,71,0.764238556790356,0.7659546233482983
svd,MinMaxScaler,True,dt,71,0.7972882878662595,0.7972882878662595
svd,MinMaxScaler,True,rf,71,0.8213603771728091,0.8213603771728091
svd,MinMaxScaler,True,adaboost,71,0.8165125314525532,0.8165125314525532
svd,MinMaxScaler,True,mlp,71,0.823392096816306,0.8322274127181434
voiced,MinMaxScaler,True,svm,71,0.5523998044965788,0.5641739980449658
voiced,MinMaxScaler,True,knn,71,0.5587438905180842,0.5072922776148583
voiced,MinMaxScaler,True,gaussianNB,71,0.5494232649071359,0.5494232649071359
voiced,MinMaxScaler,True,lda,71,0.42572336265884647,0.42572336265884647
voiced,MinMaxScaler,True,qda,71,0.5226588465298143,0.5532209188660802
voiced,MinMaxScaler,True,dt,71,0.5243695014662756,0.5243695014662756
voiced,MinMaxScaler,True,rf,71,0.518939393939394,0.518939393939394
voiced,MinMaxScaler,True,adaboost,71,0.5920967741935483,0.5920967741935483
voiced,MinMaxScaler,True,mlp,71,0.5683284457478006,0.582570869990225
svd,MinMaxScaler,False,svm,71,0.8385425273923233,0.8398827265332329
svd,MinMaxScaler,False,knn,71,0.7858648021174937,0.7872607010224602
svd,MinMaxScaler,False,gaussianNB,71,0.6582117361021386,0.6582117361021386
svd,MinMaxScaler,False,lda,71,0.8205757667879588,0.8205757667879588
svd,MinMaxScaler,False,qda,71,0.7667108588788956,0.7658327243745078
svd,MinMaxScaler,False,dt,71,0.7906998263765154,0.7906998263765154
svd,MinMaxScaler,False,rf,71,0.8166100939948796,0.8173619736941278
svd,MinMaxScaler,False,adaboost,71,0.8106938127158909,0.8106938127158909
svd,MinMaxScaler,False,mlp,71,0.8189971605961572,0.8199532488511603
voiced,MinMaxScaler,False,svm,71,0.6046639816404016,0.6383205908358038
voiced,MinMaxScaler,False,knn,71,0.5240086206896553,0.5356262677484788
voiced,MinMaxScaler,False,gaussianNB,71,0.5622554545690954,0.5622554545690954
voiced,MinMaxScaler,False,lda,71,0.6043173987101472,0.6043173987101472
voiced,MinMaxScaler,False,qda,71,0.46169640999635925,0.4596120689655173
voiced,MinMaxScaler,False,dt,71,0.5698579146512717,0.5698579146512717
voiced,MinMaxScaler,False,rf,71,0.5565470757268425,0.5565470757268425
voiced,MinMaxScaler,False,adaboost,71,0.5870853487283508,0.5870853487283508
voiced,MinMaxScaler,False,mlp,71,0.5637731445363292,0.5572273365579654
svd,MinMaxScaler,True,svm,72,0.8407793969026247,0.836501457466561
svd,MinMaxScaler,True,knn,72,0.785263974484258,0.7822284385915793
svd,MinMaxScaler,True,gaussianNB,72,0.6624666391405759,0.6624666391405759
svd,MinMaxScaler,True,lda,72,0.8272681317228756,0.8272681317228756
svd,MinMaxScaler,True,qda,72,0.7667460638234903,0.7669063796980918
svd,MinMaxScaler,True,dt,72,0.7759173069751041,0.7759173069751041
svd,MinMaxScaler,True,rf,72,0.8215616789608067,0.8215616789608067
svd,MinMaxScaler,True,adaboost,72,0.8152486463009909,0.8152486463009909
svd,MinMaxScaler,True,mlp,72,0.8020358322157668,0.8088918787501121
voiced,MinMaxScaler,True,svm,72,0.5949951124144673,0.563435972629521
voiced,MinMaxScaler,True,knn,72,0.5285874877810361,0.5383528836754643
voiced,MinMaxScaler,True,gaussianNB,72,0.549594330400782,0.549594330400782
voiced,MinMaxScaler,True,lda,72,0.5480596285434995,0.5480596285434995
voiced,MinMaxScaler,True,qda,72,0.4723949169110459,0.4789393939393939
voiced,MinMaxScaler,True,dt,72,0.6106011730205279,0.6106011730205279
voiced,MinMaxScaler,True,rf,72,0.5314271749755621,0.5314271749755621
voiced,MinMaxScaler,True,adaboost,72,0.5502199413489737,0.5502199413489737
voiced,MinMaxScaler,True,mlp,72,0.5925268817204301,0.590210166177908
svd,MinMaxScaler,False,svm,72,0.8291383746271489,0.8395471131754222
svd,MinMaxScaler,False,knn,72,0.7813541149599297,0.7843423115951238
svd,MinMaxScaler,False,gaussianNB,72,0.6619638566330736,0.6619638566330736
svd,MinMaxScaler,False,lda,72,0.8232458772146801,0.8232458772146801
svd,MinMaxScaler,False,qda,72,0.7600069533919825,0.7649909744183636
svd,MinMaxScaler,False,dt,72,0.7913704934399003,0.7913704934399003
svd,MinMaxScaler,False,rf,72,0.8237965102759958,0.8237965102759958
svd,MinMaxScaler,False,adaboost,72,0.8205771118383666,0.8205771118383666
svd,MinMaxScaler,False,mlp,72,0.8004471769618731,0.8066473377709377
voiced,MinMaxScaler,False,svm,72,0.6054138066638066,0.60311355998856
voiced,MinMaxScaler,False,knn,72,0.4867850886600887,0.4964246389246389
voiced,MinMaxScaler,False,gaussianNB,72,0.5743497962247963,0.5743497962247963
voiced,MinMaxScaler,False,lda,72,0.5699521843271842,0.5699521843271842
voiced,MinMaxScaler,False,qda,72,0.4495341770341771,0.4928571428571429
voiced,MinMaxScaler,False,dt,72,0.5719531138281139,0.5719531138281139
voiced,MinMaxScaler,False,rf,72,0.5591243922493921,0.5591243922493921
voiced,MinMaxScaler,False,adaboost,72,0.5974184899184899,0.5974184899184899
voiced,MinMaxScaler,False,mlp,72,0.5861290755040754,0.579914468039468
svd,MinMaxScaler,True,svm,73,0.8333169774609251,0.8362125043259176
svd,MinMaxScaler,True,knn,73,0.7878423030985735,0.7837484943264659
svd,MinMaxScaler,True,gaussianNB,73,0.6637700667199031,0.6635072343142137
svd,MinMaxScaler,True,lda,73,0.8295141881019743,0.8295141881019743
svd,MinMaxScaler,True,qda,73,0.7682547477967325,0.7664467938459214
svd,MinMaxScaler,True,dt,73,0.7850449804648278,0.7850449804648278
svd,MinMaxScaler,True,rf,73,0.8204981732190021,0.8204981732190021
svd,MinMaxScaler,True,adaboost,73,0.8187104516711932,0.8187104516711932
svd,MinMaxScaler,True,mlp,73,0.8116188682273743,0.812746698957168
voiced,MinMaxScaler,True,svm,73,0.6353421309872923,0.6211436950146627
voiced,MinMaxScaler,True,knn,73,0.5041544477028348,0.48750244379276636
voiced,MinMaxScaler,True,gaussianNB,73,0.5677761485826003,0.5677761485826003
voiced,MinMaxScaler,True,lda,73,0.5396432062561095,0.5396432062561095
voiced,MinMaxScaler,True,qda,73,0.4707575757575758,0.5025708699902248
voiced,MinMaxScaler,True,dt,73,0.5676344086021505,0.5676344086021505
voiced,MinMaxScaler,True,rf,73,0.5515542521994135,0.5515542521994135
voiced,MinMaxScaler,True,adaboost,73,0.5647165200391007,0.5647165200391007
voiced,MinMaxScaler,True,mlp,73,0.6179814271749755,0.5796480938416423
svd,MinMaxScaler,False,svm,73,0.8356671255619789,0.8350666157386438
svd,MinMaxScaler,False,knn,73,0.7887226661288714,0.7900313129728049
svd,MinMaxScaler,False,gaussianNB,73,0.6632705821488003,0.6632705821488003
svd,MinMaxScaler,False,lda,73,0.8298353175579031,0.8298353175579031
svd,MinMaxScaler,False,qda,73,0.7634267626161716,0.7614398135442693
svd,MinMaxScaler,False,dt,73,0.7888215333769415,0.7888215333769415
svd,MinMaxScaler,False,rf,73,0.8150977285015303,0.8150977285015303
svd,MinMaxScaler,False,adaboost,73,0.7996009551902968,0.7996009551902968
svd,MinMaxScaler,False,mlp,73,0.8092992631833843,0.8128211300000807
voiced,MinMaxScaler,False,svm,73,0.5698033568266017,0.5439337545053864
voiced,MinMaxScaler,False,knn,73,0.5225472249831833,0.5106490956597692
voiced,MinMaxScaler,False,gaussianNB,73,0.538114978966497,0.538114978966497
voiced,MinMaxScaler,False,lda,73,0.5656568514502576,0.5656568514502576
voiced,MinMaxScaler,False,qda,73,0.47612337856289466,0.4890725806451613
voiced,MinMaxScaler,False,dt,73,0.598287162535265,0.598287162535265
voiced,MinMaxScaler,False,rf,73,0.504530592703031,0.504530592703031
voiced,MinMaxScaler,False,adaboost,73,0.5560288030983003,0.5560288030983003
voiced,MinMaxScaler,False,mlp,73,0.5466883841350161,0.5679120357820547
svd,MinMaxScaler,True,svm,74,0.8356920287999895,0.8413569146229996
svd,MinMaxScaler,True,knn,74,0.7857960160522864,0.786564429754179
svd,MinMaxScaler,True,gaussianNB,74,0.659615351932691,0.6591051478510584
svd,MinMaxScaler,True,lda,74,0.8214319431931209,0.8214319431931209
svd,MinMaxScaler,True,qda,74,0.7659817826666246,0.7628711728111945
svd,MinMaxScaler,True,dt,74,0.796967523570577,0.796967523570577
svd,MinMaxScaler,True,rf,74,0.8162270572030659,0.8162270572030659
svd,MinMaxScaler,True,adaboost,74,0.8134460741003817,0.8134460741003817
svd,MinMaxScaler,True,mlp,74,0.8163916853775086,0.8139215510044299
voiced,MinMaxScaler,True,svm,74,0.6308846529814273,0.5251906158357771
voiced,MinMaxScaler,True,knn,74,0.5199951124144672,0.5214467253176931
voiced,MinMaxScaler,True,gaussianNB,74,0.556217008797654,0.556217008797654
voiced,MinMaxScaler,True,lda,74,0.5508797653958944,0.5508797653958944
voiced,MinMaxScaler,True,qda,74,0.4841055718475074,0.4491006842619746
voiced,MinMaxScaler,True,dt,74,0.5744330400782014,0.5744330400782014
voiced,MinMaxScaler,True,rf,74,0.5306256109481916,0.5306256109481916
voiced,MinMaxScaler,True,adaboost,74,0.601989247311828,0.601989247311828
voiced,MinMaxScaler,True,mlp,74,0.596099706744868,0.5479618768328446
svd,MinMaxScaler,False,svm,74,0.8320979146682299,0.8385871124372608
svd,MinMaxScaler,False,knn,74,0.7854269427139138,0.7851353549454521
svd,MinMaxScaler,False,gaussianNB,74,0.6560147449180844,0.6560147449180844
svd,MinMaxScaler,False,lda,74,0.8207133547633495,0.8207133547633495
svd,MinMaxScaler,False,qda,74,0.766376490958748,0.7661394438169988
svd,MinMaxScaler,False,dt,74,0.7780912825674716,0.7780912825674716
svd,MinMaxScaler,False,rf,74,0.816110126854864,0.816110126854864
svd,MinMaxScaler,False,adaboost,74,0.8266592979826954,0.8266592979826954
svd,MinMaxScaler,False,mlp,74,0.8042307251442793,0.8082458421282765
voiced,MinMaxScaler,False,svm,74,0.6281905370615049,0.6211392550102228
voiced,MinMaxScaler,False,knn,74,0.5301194325387873,0.5443690717884266
voiced,MinMaxScaler,False,gaussianNB,74,0.5568658044464495,0.5568658044464495
voiced,MinMaxScaler,False,lda,74,0.54079567386019,0.54079567386019
voiced,MinMaxScaler,False,qda,74,0.4795482295482295,0.4639296187683284
voiced,MinMaxScaler,False,dt,74,0.5699720530365692,0.5699720530365692
voiced,MinMaxScaler,False,rf,74,0.5561572835766384,0.5459924484118032
voiced,MinMaxScaler,False,adaboost,74,0.5497568739504224,0.5497568739504224
voiced,MinMaxScaler,False,mlp,74,0.5577534472695763,0.5592754020173375
svd,MinMaxScaler,True,svm,75,0.8296561308556948,0.8357806461077999
svd,MinMaxScaler,True,knn,75,0.7729348750123014,0.7856160778516286
svd,MinMaxScaler,True,gaussianNB,75,0.6625453844592339,0.6625453844592339
svd,MinMaxScaler,True,lda,75,0.8280458509138988,0.8280458509138988
svd,MinMaxScaler,True,qda,75,0.7635414712513949,0.7697972093337415
svd,MinMaxScaler,True,dt,75,0.8015832204872553,0.8015832204872553
svd,MinMaxScaler,True,rf,75,0.8142568572830295,0.8142568572830295
svd,MinMaxScaler,True,adaboost,75,0.8167359848439455,0.8167359848439455
svd,MinMaxScaler,True,mlp,75,0.807647781153779,0.818030330265881
voiced,MinMaxScaler,True,svm,75,0.5613391984359726,0.551989247311828
voiced,MinMaxScaler,True,knn,75,0.5397165200391008,0.5392375366568914
voiced,MinMaxScaler,True,gaussianNB,75,0.5583186705767351,0.5583186705767351
voiced,MinMaxScaler,True,lda,75,0.4994281524926686,0.4994281524926686
voiced,MinMaxScaler,True,qda,75,0.4778299120234604,0.45914956011730207
voiced,MinMaxScaler,True,dt,75,0.5655767350928642,0.5655767350928642
voiced,MinMaxScaler,True,rf,75,0.5603030303030303,0.5603030303030303
voiced,MinMaxScaler,True,adaboost,75,0.6019892473118279,0.6019892473118279
voiced,MinMaxScaler,True,mlp,75,0.580557184750733,0.5564222873900293
svd,MinMaxScaler,False,svm,75,0.8405149573076806,0.8357534131996364
svd,MinMaxScaler,False,knn,75,0.7929132721026011,0.7949432689967898
svd,MinMaxScaler,False,gaussianNB,75,0.6650718618246378,0.6650718618246378
svd,MinMaxScaler,False,lda,75,0.8159385289561566,0.8159385289561566
svd,MinMaxScaler,False,qda,75,0.7684311449168668,0.7695574802669275
svd,MinMaxScaler,False,dt,75,0.7867795633311826,0.7867795633311826
svd,MinMaxScaler,False,rf,75,0.8269421719785808,0.8269421719785808
svd,MinMaxScaler,False,adaboost,75,0.8179907541828341,0.8179907541828341
svd,MinMaxScaler,False,mlp,75,0.802892354873386,0.8034779136816249
voiced,MinMaxScaler,False,svm,75,0.5555466468397503,0.5553235940304907
voiced,MinMaxScaler,False,knn,75,0.5150798578815821,0.5393954488997592
voiced,MinMaxScaler,False,gaussianNB,75,0.5601033497154188,0.5601033497154188
voiced,MinMaxScaler,False,lda,75,0.49998880429914905,0.49998880429914905
voiced,MinMaxScaler,False,qda,75,0.45696254655306384,0.5018681318681318
voiced,MinMaxScaler,False,dt,75,0.5886850936419903,0.571513376470273
voiced,MinMaxScaler,False,rf,75,0.5219014486471384,0.5219014486471384
voiced,MinMaxScaler,False,adaboost,75,0.6248822035244449,0.6248822035244449
voiced,MinMaxScaler,False,mlp,75,0.6189772200979097,0.5552973152326601
svd,MinMaxScaler,True,svm,76,0.829410631171809,0.8316833584445362
svd,MinMaxScaler,True,knn,76,0.7797844376633908,0.7876235778035123
svd,MinMaxScaler,True,gaussianNB,76,0.6635324326709278,0.6630222285892952
svd,MinMaxScaler,True,lda,76,0.8260190227802007,0.8260190227802007
svd,MinMaxScaler,True,qda,76,0.7693526829404692,0.7643933710782129
svd,MinMaxScaler,True,dt,76,0.7908593750851113,0.7908593750851113
svd,MinMaxScaler,True,rf,76,0.82232940814184,0.82232940814184
svd,MinMaxScaler,True,adaboost,76,0.8195935870745032,0.8195935870745032
svd,MinMaxScaler,True,mlp,76,0.8149545510832314,0.8177162386867949
voiced,MinMaxScaler,True,svm,76,0.606989247311828,0.5970967741935483
voiced,MinMaxScaler,True,knn,76,0.4987390029325514,0.4969648093841643
voiced,MinMaxScaler,True,gaussianNB,76,0.5550928641251222,0.5550928641251222
voiced,MinMaxScaler,True,lda,76,0.5824584555229716,0.5824584555229716
voiced,MinMaxScaler,True,qda,76,0.47647116324535677,0.5016666666666667
voiced,MinMaxScaler,True,dt,76,0.5381573802541545,0.5381573802541545
voiced,MinMaxScaler,True,rf,76,0.5569208211143695,0.5569208211143695
voiced,MinMaxScaler,True,adaboost,76,0.5754105571847508,0.5754105571847508
voiced,MinMaxScaler,True,mlp,76,0.609843597262952,0.5904301075268817
svd,MinMaxScaler,False,svm,76,0.8332728308840458,0.8321517654595793
svd,MinMaxScaler,False,knn,76,0.7859441105980102,0.7830112515378154
svd,MinMaxScaler,False,gaussianNB,76,0.6602322845163676,0.6602322845163676
svd,MinMaxScaler,False,lda,76,0.8185715655328487,0.8185715655328487
svd,MinMaxScaler,False,qda,76,0.7667942592057034,0.764398359674675
svd,MinMaxScaler,False,dt,76,0.7942064975275989,0.7942064975275989
svd,MinMaxScaler,False,rf,76,0.8133472795620051,0.8133472795620051
svd,MinMaxScaler,False,adaboost,76,0.813219854187347,0.813219854187347
svd,MinMaxScaler,False,mlp,76,0.8188303061988472,0.8110146900226447
voiced,MinMaxScaler,False,svm,76,0.5783704789833821,0.5789491691104593
voiced,MinMaxScaler,False,knn,76,0.5263709677419355,0.5230344574780059
voiced,MinMaxScaler,False,gaussianNB,76,0.5599149560117301,0.5599149560117301
voiced,MinMaxScaler,False,lda,76,0.5091402737047899,0.5091402737047899
voiced,MinMaxScaler,False,qda,76,0.4841642228739003,0.5236314760508309
voiced,MinMaxScaler,False,dt,76,0.600367302052786,0.600367302052786
voiced,MinMaxScaler,False,rf,76,0.5254039589442815,0.5254039589442815
voiced,MinMaxScaler,False,adaboost,76,0.6009293743890518,0.6009293743890518
voiced,MinMaxScaler,False,mlp,76,0.5493172043010753,0.5568597262952102
svd,MinMaxScaler,True,svm,77,0.8402374833454441,0.8383260614340223
svd,MinMaxScaler,True,knn,77,0.7776158919234164,0.780122358557473
svd,MinMaxScaler,True,gaussianNB,77,0.6617136861684298,0.6617136861684298
svd,MinMaxScaler,True,lda,77,0.8168290905750013,0.8168290905750013
svd,MinMaxScaler,True,qda,77,0.7670042571024032,0.7683877990421065
svd,MinMaxScaler,True,dt,77,0.799667159449057,0.799667159449057
svd,MinMaxScaler,True,rf,77,0.8212119233002548,0.8212119233002548
svd,MinMaxScaler,True,adaboost,77,0.818939746186202,0.818939746186202
svd,MinMaxScaler,True,mlp,77,0.8136891498178302,0.8171742652113426
voiced,MinMaxScaler,True,svm,77,0.5606451612903226,0.6354936461388074
voiced,MinMaxScaler,True,knn,77,0.5130009775171065,0.518802541544477
voiced,MinMaxScaler,True,gaussianNB,77,0.5457820136852395,0.5457820136852395
voiced,MinMaxScaler,True,lda,77,0.5444281524926686,0.5444281524926686
voiced,MinMaxScaler,True,qda,77,0.49631476050830897,0.5089980449657869
voiced,MinMaxScaler,True,dt,77,0.6053421309872923,0.6053421309872923
voiced,MinMaxScaler,True,rf,77,0.556969696969697,0.556969696969697
voiced,MinMaxScaler,True,adaboost,77,0.5689149560117301,0.5689149560117301
voiced,MinMaxScaler,True,mlp,77,0.6029374389051808,0.624496578690127
svd,MinMaxScaler,False,svm,77,0.830991172663618,0.8366767308264228
svd,MinMaxScaler,False,knn,77,0.7859226020254408,0.7828525667892888
svd,MinMaxScaler,False,gaussianNB,77,0.6597736006798812,0.6597736006798812
svd,MinMaxScaler,False,lda,77,0.8160997059914873,0.8160997059914873
svd,MinMaxScaler,False,qda,77,0.7649615964199636,0.7590842187796071
svd,MinMaxScaler,False,dt,77,0.8047527608913787,0.8047527608913787
svd,MinMaxScaler,False,rf,77,0.8112513549534885,0.8154985459647243
svd,MinMaxScaler,False,adaboost,77,0.8216284372264646,0.8216284372264646
svd,MinMaxScaler,False,mlp,77,0.8042715707035264,0.8006490051496655
voiced,MinMaxScaler,False,svm,77,0.5806554795264472,0.5640523514717064
voiced,MinMaxScaler,False,knn,77,0.5445351363093299,0.5276558596719887
voiced,MinMaxScaler,False,gaussianNB,77,0.5506932225480614,0.5506932225480614
voiced,MinMaxScaler,False,lda,77,0.5426520582165744,0.5426520582165744
voiced,MinMaxScaler,False,qda,77,0.4572330835234061,0.4959921798631476
voiced,MinMaxScaler,False,dt,77,0.5801493428912784,0.5801493428912784
voiced,MinMaxScaler,False,rf,77,0.5141310959052895,0.5141310959052895
voiced,MinMaxScaler,False,adaboost,77,0.5592049527533398,0.5592049527533398
voiced,MinMaxScaler,False,mlp,77,0.5452017486694907,0.5377335179754534
svd,MinMaxScaler,True,svm,78,0.8366505940442689,0.844577741415255
svd,MinMaxScaler,True,knn,78,0.7820384504626599,0.7828096585348494
svd,MinMaxScaler,True,gaussianNB,78,0.6609805806697846,0.6609805806697846
svd,MinMaxScaler,True,lda,78,0.8259932306878872,0.8259932306878872
svd,MinMaxScaler,True,qda,78,0.7677813825578275,0.7686824752855286
svd,MinMaxScaler,True,dt,78,0.7921211939641601,0.7921211939641601
svd,MinMaxScaler,True,rf,78,0.8165636562637653,0.8165636562637653
svd,MinMaxScaler,True,adaboost,78,0.8102187361892923,0.8102187361892923
svd,MinMaxScaler,True,mlp,78,0.8101704366153657,0.8175206164246512
voiced,MinMaxScaler,True,svm,78,0.623782991202346,0.5921163245356794
voiced,MinMaxScaler,True,knn,78,0.5191544477028348,0.5524437927663735
voiced,MinMaxScaler,True,gaussianNB,78,0.5584261974584555,0.5584261974584555
voiced,MinMaxScaler,True,lda,78,0.5520723362658847,0.5520723362658847
voiced,MinMaxScaler,True,qda,78,0.493030303030303,0.4785434995112414
voiced,MinMaxScaler,True,dt,78,0.5849511241446725,0.5849511241446725
voiced,MinMaxScaler,True,rf,78,0.5639589442815249,0.5639589442815249
voiced,MinMaxScaler,True,adaboost,78,0.5706451612903225,0.5706451612903225
voiced,MinMaxScaler,True,mlp,78,0.5982404692082113,0.600772238514174
svd,MinMaxScaler,False,svm,78,0.8409203103511708,0.8392101980127993
svd,MinMaxScaler,False,knn,78,0.7882526608089988,0.7892997328713175
svd,MinMaxScaler,False,gaussianNB,78,0.6616454827069955,0.6616454827069955
svd,MinMaxScaler,False,lda,78,0.827437100724936,0.827437100724936
svd,MinMaxScaler,False,qda,78,0.7701319858438127,0.7708048803956267
svd,MinMaxScaler,False,dt,78,0.8040544590950832,0.8040544590950832
svd,MinMaxScaler,False,rf,78,0.8247696407061456,0.8247696407061456
svd,MinMaxScaler,False,adaboost,78,0.8135316777274992,0.8135316777274992
svd,MinMaxScaler,False,mlp,78,0.8105266451859059,0.820458479318982
voiced,MinMaxScaler,False,svm,78,0.6151558499743983,0.580657002048131
voiced,MinMaxScaler,False,knn,78,0.5190725806451614,0.5734872631848438
voiced,MinMaxScaler,False,gaussianNB,78,0.5585512672811059,0.5585512672811059
voiced,MinMaxScaler,False,lda,78,0.5596569380440348,0.5596569380440348
voiced,MinMaxScaler,False,qda,78,0.49086693548387095,0.47562499999999996
voiced,MinMaxScaler,False,dt,78,0.6388360855094726,0.6388360855094726
voiced,MinMaxScaler,False,rf,78,0.543247567844342,0.543247567844342
voiced,MinMaxScaler,False,adaboost,78,0.60905273937532,0.60905273937532
voiced,MinMaxScaler,False,mlp,78,0.5902998591909882,0.5751708909370199
svd,MinMaxScaler,True,svm,79,0.8402184838062701,0.8417867664868754
svd,MinMaxScaler,True,knn,79,0.7832193070470062,0.7880837138143573
svd,MinMaxScaler,True,gaussianNB,79,0.663441749090604,0.663441749090604
svd,MinMaxScaler,True,lda,79,0.8246779084238189,0.8246779084238189
svd,MinMaxScaler,True,qda,79,0.7685485615801864,0.7640828328341961
svd,MinMaxScaler,True,dt,79,0.781688916318142,0.781688916318142
svd,MinMaxScaler,True,rf,79,0.8098068997523742,0.8098068997523742
svd,MinMaxScaler,True,adaboost,79,0.8180040007248295,0.8180040007248295
svd,MinMaxScaler,True,mlp,79,0.8174539564397797,0.8146552665800213
voiced,MinMaxScaler,True,svm,79,0.5830058651026393,0.6060801564027372
voiced,MinMaxScaler,True,knn,79,0.5678347996089932,0.51272238514174
voiced,MinMaxScaler,True,gaussianNB,79,0.5430351906158357,0.5430351906158357
voiced,MinMaxScaler,True,lda,79,0.4753372434017595,0.4753372434017595
voiced,MinMaxScaler,True,qda,79,0.4539393939393939,0.4871212121212121
voiced,MinMaxScaler,True,dt,79,0.604843597262952,0.604843597262952
voiced,MinMaxScaler,True,rf,79,0.5572482893450635,0.5572482893450635
voiced,MinMaxScaler,True,adaboost,79,0.5652101661779081,0.5652101661779081
voiced,MinMaxScaler,True,mlp,79,0.5562952101661779,0.5685483870967741
svd,MinMaxScaler,False,svm,79,0.8302771778416421,0.8341693409421428
svd,MinMaxScaler,False,knn,79,0.7829699193091317,0.7829375056956475
svd,MinMaxScaler,False,gaussianNB,79,0.6590901633621737,0.6590901633621737
svd,MinMaxScaler,False,lda,79,0.8262520294460195,0.8262520294460195
svd,MinMaxScaler,False,qda,79,0.7696400464419322,0.775132278166938
svd,MinMaxScaler,False,dt,79,0.7884033427686958,0.7884033427686958
svd,MinMaxScaler,False,rf,79,0.8223797524578057,0.8203605291417837
svd,MinMaxScaler,False,adaboost,79,0.8237995026020954,0.8237995026020954
svd,MinMaxScaler,False,mlp,79,0.8097859487956924,0.8189157123537922
voiced,MinMaxScaler,False,svm,79,0.5937082809663455,0.5739498673369641
voiced,MinMaxScaler,False,knn,79,0.5581964809384165,0.5660068426197459
voiced,MinMaxScaler,False,gaussianNB,79,0.54309104873621,0.54309104873621
voiced,MinMaxScaler,False,lda,79,0.5594763301214914,0.5594763301214914
voiced,MinMaxScaler,False,qda,79,0.5511227482195225,0.47806451612903234
voiced,MinMaxScaler,False,dt,79,0.599661360145231,0.599661360145231
voiced,MinMaxScaler,False,rf,79,0.5729143974305264,0.5729143974305264
voiced,MinMaxScaler,False,adaboost,79,0.5631140902108644,0.5631140902108644
voiced,MinMaxScaler,False,mlp,79,0.6079932970255552,0.5887487781036169
svd,MinMaxScaler,True,svm,80,0.8283096492747528,0.8318818658622366
svd,MinMaxScaler,True,knn,80,0.7892984805089494,0.7839598460427248
svd,MinMaxScaler,True,gaussianNB,80,0.6622032565762119,0.6622032565762119
svd,MinMaxScaler,True,lda,80,0.8262311025942433,0.8262311025942433
svd,MinMaxScaler,True,qda,80,0.769859854794424,0.7684443346548036
svd,MinMaxScaler,True,dt,80,0.7891815726984757,0.7891815726984757
svd,MinMaxScaler,True,rf,80,0.8180581141867946,0.8180581141867946
svd,MinMaxScaler,True,adaboost,80,0.8106715421982598,0.8106715421982598
svd,MinMaxScaler,True,mlp,80,0.8069239212259932,0.803601142586966
voiced,MinMaxScaler,True,svm,80,0.5939784946236559,0.5406891495601174
voiced,MinMaxScaler,True,knn,80,0.5386510263929619,0.5533724340175953
voiced,MinMaxScaler,True,gaussianNB,80,0.5775610948191593,0.5775610948191593
voiced,MinMaxScaler,True,lda,80,0.5520234604105572,0.5520234604105572
voiced,MinMaxScaler,True,qda,80,0.49803030303030305,0.5066666666666666
voiced,MinMaxScaler,True,dt,80,0.5778739002932551,0.5778739002932551
voiced,MinMaxScaler,True,rf,80,0.5627663734115348,0.5627663734115348
voiced,MinMaxScaler,True,adaboost,80,0.5718475073313783,0.5718475073313783
voiced,MinMaxScaler,True,mlp,80,0.5988269794721408,0.5796285434995112
svd,MinMaxScaler,False,svm,80,0.828283407062874,0.8314631201870231
svd,MinMaxScaler,False,knn,80,0.7790217073989718,0.7827676529462421
svd,MinMaxScaler,False,gaussianNB,80,0.6601298547644374,0.6601298547644374
svd,MinMaxScaler,False,lda,80,0.82529276744374,0.82529276744374
svd,MinMaxScaler,False,qda,80,0.768133628127097,0.7659056282145077
svd,MinMaxScaler,False,dt,80,0.7849834218306873,0.7849834218306873
svd,MinMaxScaler,False,rf,80,0.8127396740301249,0.8127396740301249
svd,MinMaxScaler,False,adaboost,80,0.8029595733178094,0.8029595733178094
svd,MinMaxScaler,False,mlp,80,0.8192519900967306,0.8220561900754173
voiced,MinMaxScaler,False,svm,80,0.5989384226884227,0.5804598873348874
voiced,MinMaxScaler,False,knn,80,0.4908532439782439,0.4686956099456099
voiced,MinMaxScaler,False,gaussianNB,80,0.567693278943279,0.567693278943279
voiced,MinMaxScaler,False,lda,80,0.5423217754467753,0.5423217754467753
voiced,MinMaxScaler,False,qda,80,0.5008119658119659,0.482016317016317
voiced,MinMaxScaler,False,dt,80,0.62872668997669,0.62872668997669
voiced,MinMaxScaler,False,rf,80,0.5943536324786324,0.5943536324786324
voiced,MinMaxScaler,False,adaboost,80,0.5818235236985236,0.5818235236985236
voiced,MinMaxScaler,False,mlp,80,0.5567492229992229,0.5653792735042735
svd,MinMaxScaler,True,svm,81,0.8366259458462295,0.833330193979049
svd,MinMaxScaler,True,knn,81,0.7733837264153512,0.7794915026812518
svd,MinMaxScaler,True,gaussianNB,81,0.6586782101940226,0.6586782101940226
svd,MinMaxScaler,True,lda,81,0.8241813366568002,0.8241813366568002
svd,MinMaxScaler,True,qda,81,0.7698398457231608,0.7634172352547488
svd,MinMaxScaler,True,dt,81,0.7754861768547701,0.7754861768547701
svd,MinMaxScaler,True,rf,81,0.8211018116743307,0.8211018116743307
svd,MinMaxScaler,True,adaboost,81,0.8195318785177019,0.8195318785177019
svd,MinMaxScaler,True,mlp,81,0.8050402087915719,0.804540842654256
voiced,MinMaxScaler,True,svm,81,0.5997800586510265,0.5597800586510264
voiced,MinMaxScaler,True,knn,81,0.5124877810361681,0.5332649071358749
voiced,MinMaxScaler,True,gaussianNB,81,0.5432062561094819,0.5432062561094819
voiced,MinMaxScaler,True,lda,81,0.4802932551319648,0.4802932551319648
voiced,MinMaxScaler,True,qda,81,0.4374584555229717,0.46333333333333326
voiced,MinMaxScaler,True,dt,81,0.6310361681329424,0.6310361681329424
voiced,MinMaxScaler,True,rf,81,0.5165347018572826,0.5165347018572826
voiced,MinMaxScaler,True,adaboost,81,0.6000635386119257,0.6000635386119257
voiced,MinMaxScaler,True,mlp,81,0.5685874877810362,0.5676783968719452
svd,MinMaxScaler,False,svm,81,0.8287416758293833,0.8322738566001068
svd,MinMaxScaler,False,knn,81,0.7835046439953431,0.7951433583604167
svd,MinMaxScaler,False,gaussianNB,81,0.6594398862581986,0.6594398862581986
svd,MinMaxScaler,False,lda,81,0.8226768991433809,0.8226768991433809
svd,MinMaxScaler,False,qda,81,0.7624690328540549,0.7656851351263757
svd,MinMaxScaler,False,dt,81,0.7957023157584041,0.7957023157584041
svd,MinMaxScaler,False,rf,81,0.8163326554025481,0.8163326554025481
svd,MinMaxScaler,False,adaboost,81,0.8160522066726896,0.8160522066726896
svd,MinMaxScaler,False,mlp,81,0.813221866494912,0.8108091827384992
voiced,MinMaxScaler,False,svm,81,0.5954496578690127,0.580772238514174
voiced,MinMaxScaler,False,knn,81,0.5222727272727272,0.5597556207233627
voiced,MinMaxScaler,False,gaussianNB,81,0.5470381231671554,0.5470381231671554
voiced,MinMaxScaler,False,lda,81,0.44291300097751707,0.44291300097751707
voiced,MinMaxScaler,False,qda,81,0.503030303030303,0.47984848484848486
voiced,MinMaxScaler,False,dt,81,0.6143890518084066,0.6143890518084066
voiced,MinMaxScaler,False,rf,81,0.5576392961876833,0.5576392961876833
voiced,MinMaxScaler,False,adaboost,81,0.569843597262952,0.569843597262952
voiced,MinMaxScaler,False,mlp,81,0.5706011730205278,0.5830254154447703
svd,MinMaxScaler,True,svm,82,0.8339263390190327,0.8385469564967929
svd,MinMaxScaler,True,knn,82,0.7852350593790071,0.7905820932974695
svd,MinMaxScaler,True,gaussianNB,82,0.6621727654388506,0.6621727654388506
svd,MinMaxScaler,True,lda,82,0.8242464060839196,0.8242464060839196
svd,MinMaxScaler,True,qda,82,0.7655010438489175,0.7631084509819516
svd,MinMaxScaler,True,dt,82,0.7939361946668381,0.7939361946668381
svd,MinMaxScaler,True,rf,82,0.8259754059099753,0.8259754059099753
svd,MinMaxScaler,True,adaboost,82,0.8145386728865465,0.8145386728865465
svd,MinMaxScaler,True,mlp,82,0.8122597613219205,0.8081326089395884
voiced,MinMaxScaler,True,svm,82,0.5750635386119257,0.6058211143695014
voiced,MinMaxScaler,True,knn,82,0.5506256109481915,0.544652981427175
voiced,MinMaxScaler,True,gaussianNB,82,0.5531427174975562,0.5531427174975562
voiced,MinMaxScaler,True,lda,82,0.494535679374389,0.494535679374389
voiced,MinMaxScaler,True,qda,82,0.5137878787878788,0.49318181818181817
voiced,MinMaxScaler,True,dt,82,0.587683284457478,0.587683284457478
voiced,MinMaxScaler,True,rf,82,0.5472922776148582,0.5472922776148582
voiced,MinMaxScaler,True,adaboost,82,0.6111681329423264,0.6111681329423264
voiced,MinMaxScaler,True,mlp,82,0.5527028347996089,0.5892179863147604
svd,MinMaxScaler,False,svm,82,0.8327377884626506,0.8329313817667992
svd,MinMaxScaler,False,knn,82,0.7846543348402498,0.7840250409145484
svd,MinMaxScaler,False,gaussianNB,82,0.6630468113178726,0.6630468113178726
svd,MinMaxScaler,False,lda,82,0.8255250522978089,0.8255250522978089
svd,MinMaxScaler,False,qda,82,0.7659120908756305,0.7667679666377044
svd,MinMaxScaler,False,dt,82,0.7846643351616138,0.7846643351616138
svd,MinMaxScaler,False,rf,82,0.8217124161935164,0.8217124161935164
svd,MinMaxScaler,False,adaboost,82,0.8125431148783798,0.8125431148783798
svd,MinMaxScaler,False,mlp,82,0.8033251486773144,0.8050050878770179
voiced,MinMaxScaler,False,svm,82,0.5556466968535935,0.5789318472077094
voiced,MinMaxScaler,False,knn,82,0.5435667014977359,0.5674277255311738
voiced,MinMaxScaler,False,gaussianNB,82,0.5683710669917567,0.5683710669917567
voiced,MinMaxScaler,False,lda,82,0.5497132241959829,0.5497132241959829
voiced,MinMaxScaler,False,qda,82,0.5531522117729014,0.49649076976663187
voiced,MinMaxScaler,False,dt,82,0.5326024613955649,0.5326024613955649
voiced,MinMaxScaler,False,rf,82,0.5375287356321838,0.5375287356321838
voiced,MinMaxScaler,False,adaboost,82,0.6058034366655056,0.6058034366655056
voiced,MinMaxScaler,False,mlp,82,0.565349471728782,0.5995413909207012
svd,MinMaxScaler,True,svm,83,0.8333801585546405,0.8328571101744492
svd,MinMaxScaler,True,knn,83,0.7842719149262225,0.7891048500754062
svd,MinMaxScaler,True,gaussianNB,83,0.6624421688816454,0.6624421688816454
svd,MinMaxScaler,True,lda,83,0.8244354573089578,0.8244354573089578
svd,MinMaxScaler,True,qda,83,0.7649488425060944,0.7666323371285204
svd,MinMaxScaler,True,dt,83,0.7925084838825297,0.7925084838825297
svd,MinMaxScaler,True,rf,83,0.8235704135922239,0.8235704135922239
svd,MinMaxScaler,True,adaboost,83,0.8212510662728765,0.8212510662728765
svd,MinMaxScaler,True,mlp,83,0.8059597654254143,0.8166538332623393
voiced,MinMaxScaler,True,svm,83,0.5861876832844575,0.600019550342131
voiced,MinMaxScaler,True,knn,83,0.5332649071358748,0.485366568914956
voiced,MinMaxScaler,True,gaussianNB,83,0.5546383186705768,0.5546383186705768
voiced,MinMaxScaler,True,lda,83,0.5185190615835777,0.5185190615835777
voiced,MinMaxScaler,True,qda,83,0.5254740957966765,0.4787878787878787
voiced,MinMaxScaler,True,dt,83,0.5461632453567937,0.5461632453567937
voiced,MinMaxScaler,True,rf,83,0.5264711632453568,0.5264711632453568
voiced,MinMaxScaler,True,adaboost,83,0.5442179863147606,0.5442179863147606
voiced,MinMaxScaler,True,mlp,83,0.5720527859237536,0.5811436950146628
svd,MinMaxScaler,False,svm,83,0.8328166718584654,0.8251058309463852
svd,MinMaxScaler,False,knn,83,0.7787885589305756,0.7795745229794961
svd,MinMaxScaler,False,gaussianNB,83,0.665440711146579,0.665440711146579
svd,MinMaxScaler,False,lda,83,0.8242076737318502,0.8242076737318502
svd,MinMaxScaler,False,qda,83,0.7609409123900017,0.7602915508868263
svd,MinMaxScaler,False,dt,83,0.7752245990319945,0.7752245990319945
svd,MinMaxScaler,False,rf,83,0.8251703293422186,0.8251703293422186
svd,MinMaxScaler,False,adaboost,83,0.8066971490080315,0.8066971490080315
svd,MinMaxScaler,False,mlp,83,0.8034123288893806,0.8055014411226826
voiced,MinMaxScaler,False,svm,83,0.588798117591221,0.5914451114020081
voiced,MinMaxScaler,False,knn,83,0.47946748175196446,0.535462078630182
voiced,MinMaxScaler,False,gaussianNB,83,0.5641506458101286,0.5641506458101286
voiced,MinMaxScaler,False,lda,83,0.525281179548421,0.525281179548421
voiced,MinMaxScaler,False,qda,83,0.536953570854433,0.505
voiced,MinMaxScaler,False,dt,83,0.5517246092030575,0.5517246092030575
voiced,MinMaxScaler,False,rf,83,0.5891665996838411,0.5891665996838411
voiced,MinMaxScaler,False,adaboost,83,0.5510268467165018,0.5510268467165018
voiced,MinMaxScaler,False,mlp,83,0.5679898310501759,0.5952617712747024
svd,MinMaxScaler,True,svm,84,0.8320838957480179,0.828054428305246
svd,MinMaxScaler,True,knn,84,0.7827541469798831,0.7923502651474299
svd,MinMaxScaler,True,gaussianNB,84,0.6624704739099505,0.6624704739099505
svd,MinMaxScaler,True,lda,84,0.8249376341579178,0.8249376341579178
svd,MinMaxScaler,True,qda,84,0.763689462119124,0.7676294352684756
svd,MinMaxScaler,True,dt,84,0.8103646172075833,0.8103646172075833
svd,MinMaxScaler,True,rf,84,0.8225033853823385,0.8225033853823385
svd,MinMaxScaler,True,adaboost,84,0.8152325754942986,0.8152325754942986
svd,MinMaxScaler,True,mlp,84,0.8139068782907387,0.8233232507223782
voiced,MinMaxScaler,True,svm,84,0.5539149560117302,0.5570967741935484
voiced,MinMaxScaler,True,knn,84,0.501622678396872,0.4901270772238514
voiced,MinMaxScaler,True,gaussianNB,84,0.5438367546432062,0.5438367546432062
voiced,MinMaxScaler,True,lda,84,0.5305767350928641,0.5305767350928641
voiced,MinMaxScaler,True,qda,84,0.4922287390029325,0.5001661779081134
voiced,MinMaxScaler,True,dt,84,0.5492375366568915,0.5492375366568915
voiced,MinMaxScaler,True,rf,84,0.5277663734115347,0.5124437927663734
voiced,MinMaxScaler,True,adaboost,84,0.5649315738025414,0.5649315738025414
voiced,MinMaxScaler,True,mlp,84,0.5649511241446726,0.5491495601173021
svd,MinMaxScaler,False,svm,84,0.8364257631938219,0.8345988939148976
svd,MinMaxScaler,False,knn,84,0.7931071345332734,0.7923046744535929
svd,MinMaxScaler,False,gaussianNB,84,0.6616727492762544,0.6616727492762544
svd,MinMaxScaler,False,lda,84,0.819403711052661,0.819403711052661
svd,MinMaxScaler,False,qda,84,0.7642741884463808,0.7692388194110519
svd,MinMaxScaler,False,dt,84,0.7909643489866256,0.7909643489866256
svd,MinMaxScaler,False,rf,84,0.8226744436327433,0.8226744436327433
svd,MinMaxScaler,False,adaboost,84,0.8184608402438643,0.8184608402438643
svd,MinMaxScaler,False,mlp,84,0.8080077276363907,0.8123846584294672
voiced,MinMaxScaler,False,svm,84,0.5968206441735854,0.6695666594196006
voiced,MinMaxScaler,False,knn,84,0.5681108370814253,0.5200552815258698
voiced,MinMaxScaler,False,gaussianNB,84,0.5645950588597648,0.5645950588597648
voiced,MinMaxScaler,False,lda,84,0.5463648603354485,0.5463648603354485
voiced,MinMaxScaler,False,qda,84,0.5315661702426409,0.4817567567567568
voiced,MinMaxScaler,False,dt,84,0.623007147418912,0.623007147418912
voiced,MinMaxScaler,False,rf,84,0.5993890723302489,0.5993890723302489
voiced,MinMaxScaler,False,adaboost,84,0.5930796860208625,0.5930796860208625
voiced,MinMaxScaler,False,mlp,84,0.5842239184886242,0.6401806104747281
svd,MinMaxScaler,True,svm,85,0.8346543314918451,0.8342049299301209
svd,MinMaxScaler,True,knn,85,0.7799301407425725,0.7832245544350233
svd,MinMaxScaler,True,gaussianNB,85,0.6601862405133943,0.6601862405133943
svd,MinMaxScaler,True,lda,85,0.8117669208290801,0.8117669208290801
svd,MinMaxScaler,True,qda,85,0.767494139811479,0.7684324127344848
svd,MinMaxScaler,True,dt,85,0.7824580581178181,0.7824580581178181
svd,MinMaxScaler,True,rf,85,0.823077440552904,0.823077440552904
svd,MinMaxScaler,True,adaboost,85,0.8137708093433285,0.8137708093433285
svd,MinMaxScaler,True,mlp,85,0.7958671354091201,0.7941739322110095
voiced,MinMaxScaler,True,svm,85,0.595058651026393,0.5641739980449658
voiced,MinMaxScaler,True,knn,85,0.5198240469208211,0.5264907135874878
voiced,MinMaxScaler,True,gaussianNB,85,0.5420136852394917,0.5420136852394917
voiced,MinMaxScaler,True,lda,85,0.5260703812316715,0.5260703812316715
voiced,MinMaxScaler,True,qda,85,0.4864662756598241,0.4676979472140762
voiced,MinMaxScaler,True,dt,85,0.591793743890518,0.591793743890518
voiced,MinMaxScaler,True,rf,85,0.5447605083088954,0.5447605083088954
voiced,MinMaxScaler,True,adaboost,85,0.5589149560117302,0.5589149560117302
voiced,MinMaxScaler,True,mlp,85,0.5674193548387098,0.5639345063538612
svd,MinMaxScaler,False,svm,85,0.8448637381981017,0.8413190010769268
svd,MinMaxScaler,False,knn,85,0.7808459376440746,0.7879923967388871
svd,MinMaxScaler,False,gaussianNB,85,0.6601598377817769,0.6601598377817769
svd,MinMaxScaler,False,lda,85,0.8199763928008353,0.8199763928008353
svd,MinMaxScaler,False,qda,85,0.7675403204756013,0.7663526503172401
svd,MinMaxScaler,False,dt,85,0.7694222459097546,0.7694222459097546
svd,MinMaxScaler,False,rf,85,0.8241252878247198,0.8256290472232163
svd,MinMaxScaler,False,adaboost,85,0.8133220114688552,0.8133220114688552
svd,MinMaxScaler,False,mlp,85,0.8105523453878659,0.8154431315248154
voiced,MinMaxScaler,False,svm,85,0.5924389547234374,0.5816216470311297
voiced,MinMaxScaler,False,knn,85,0.5287884242194587,0.5422215787086476
voiced,MinMaxScaler,False,gaussianNB,85,0.5363497206816172,0.5363497206816172
voiced,MinMaxScaler,False,lda,85,0.5246631601157462,0.5246631601157462
voiced,MinMaxScaler,False,qda,85,0.4869462864721486,0.5121077198663405
voiced,MinMaxScaler,False,dt,85,0.5465677426022253,0.5465677426022253
voiced,MinMaxScaler,False,rf,85,0.5518688064808754,0.5518688064808754
voiced,MinMaxScaler,False,adaboost,85,0.5666897255043807,0.5666897255043807
voiced,MinMaxScaler,False,mlp,85,0.5483362040258591,0.5724374619633241
svd,MinMaxScaler,True,svm,86,0.8295769533991999,0.8298625456695248
svd,MinMaxScaler,True,knn,86,0.7883414477198556,0.7883362148574797
svd,MinMaxScaler,True,gaussianNB,86,0.6619844277859545,0.6619844277859545
svd,MinMaxScaler,True,lda,86,0.8183511254285518,0.8183511254285518
svd,MinMaxScaler,True,qda,86,0.7675167217370052,0.7668859239633503
svd,MinMaxScaler,True,dt,86,0.7765896698721126,0.7765896698721126
svd,MinMaxScaler,True,rf,86,0.8169734990563781,0.8169734990563781
svd,MinMaxScaler,True,adaboost,86,0.8167602753480617,0.8167602753480617
svd,MinMaxScaler,True,mlp,86,0.8152673644058595,0.8063649128043894
voiced,MinMaxScaler,True,svm,86,0.5463587487781036,0.5493206256109482
voiced,MinMaxScaler,True,knn,86,0.5228934506353862,0.5835434995112414
voiced,MinMaxScaler,True,gaussianNB,86,0.5419745845552297,0.5419745845552297
voiced,MinMaxScaler,True,lda,86,0.5488025415444769,0.5488025415444769
voiced,MinMaxScaler,True,qda,86,0.4920283479960899,0.5312121212121212
voiced,MinMaxScaler,True,dt,86,0.5511192570869989,0.5511192570869989
voiced,MinMaxScaler,True,rf,86,0.511099706744868,0.511099706744868
voiced,MinMaxScaler,True,adaboost,86,0.59930596285435,0.59930596285435
voiced,MinMaxScaler,True,mlp,86,0.5784555229716519,0.6248191593352884
svd,MinMaxScaler,False,svm,86,0.8321905758220419,0.8352982050691977
svd,MinMaxScaler,False,knn,86,0.7916397725272634,0.7763458493826862
svd,MinMaxScaler,False,gaussianNB,86,0.6625783119325789,0.6625783119325789
svd,MinMaxScaler,False,lda,86,0.818028009081542,0.818028009081542
svd,MinMaxScaler,False,qda,86,0.7674447496261175,0.7657508508881199
svd,MinMaxScaler,False,dt,86,0.7759019183048071,0.7759019183048071
svd,MinMaxScaler,False,rf,86,0.8166683764111541,0.8161757655737156
svd,MinMaxScaler,False,adaboost,86,0.8085310926232943,0.8085310926232943
svd,MinMaxScaler,False,mlp,86,0.7920903243216795,0.8075785033290485
voiced,MinMaxScaler,False,svm,86,0.5889003806650865,0.6089494002729297
voiced,MinMaxScaler,False,knn,86,0.524368371280136,0.522463310110369
voiced,MinMaxScaler,False,gaussianNB,86,0.5504575163398693,0.5504575163398693
voiced,MinMaxScaler,False,lda,86,0.5335411429529076,0.5335411429529076
voiced,MinMaxScaler,False,qda,86,0.5279847494553377,0.5051470588235294
voiced,MinMaxScaler,False,dt,86,0.6141691804927099,0.6141691804927099
voiced,MinMaxScaler,False,rf,86,0.5941029830735712,0.5941029830735712
voiced,MinMaxScaler,False,adaboost,86,0.5772588522588523,0.5772588522588523
voiced,MinMaxScaler,False,mlp,86,0.5794349876702818,0.61022965596495
svd,MinMaxScaler,True,svm,87,0.8334232561331797,0.8438956408912789
svd,MinMaxScaler,True,knn,87,0.7828062540876063,0.7904397656142477
svd,MinMaxScaler,True,gaussianNB,87,0.6561480613170908,0.6561480613170908
svd,MinMaxScaler,True,lda,87,0.8201212600558293,0.8201212600558293
svd,MinMaxScaler,True,qda,87,0.7703633098998421,0.7684840877043712
svd,MinMaxScaler,True,dt,87,0.7994336434194668,0.7994336434194668
svd,MinMaxScaler,True,rf,87,0.8235914794039113,0.8235914794039113
svd,MinMaxScaler,True,adaboost,87,0.8160410981239771,0.8160410981239771
svd,MinMaxScaler,True,mlp,87,0.8132322711821075,0.8210495574944865
voiced,MinMaxScaler,True,svm,87,0.5878543499511241,0.6088269794721407
voiced,MinMaxScaler,True,knn,87,0.5563782991202346,0.5315933528836755
voiced,MinMaxScaler,True,gaussianNB,87,0.5575610948191594,0.5575610948191594
voiced,MinMaxScaler,True,lda,87,0.4422629521016618,0.4422629521016618
voiced,MinMaxScaler,True,qda,87,0.5252541544477027,0.4395601173020528
voiced,MinMaxScaler,True,dt,87,0.5593695014662756,0.5593695014662756
voiced,MinMaxScaler,True,rf,87,0.5180938416422287,0.5180938416422287
voiced,MinMaxScaler,True,adaboost,87,0.552878787878788,0.552878787878788
voiced,MinMaxScaler,True,mlp,87,0.5710361681329423,0.5622043010752688
svd,MinMaxScaler,False,svm,87,0.8425179850284884,0.8324169754904563
svd,MinMaxScaler,False,knn,87,0.7825498519641474,0.7847574397499868
svd,MinMaxScaler,False,gaussianNB,87,0.6576342227892356,0.6576342227892356
svd,MinMaxScaler,False,lda,87,0.8233551574068526,0.8233551574068526
svd,MinMaxScaler,False,qda,87,0.7683684333479983,0.7647800594280558
svd,MinMaxScaler,False,dt,87,0.790778707574075,0.790778707574075
svd,MinMaxScaler,False,rf,87,0.8236288716077386,0.8241443355252646
svd,MinMaxScaler,False,adaboost,87,0.8165118850760414,0.8165118850760414
svd,MinMaxScaler,False,mlp,87,0.8174827435303029,0.815561795597915
voiced,MinMaxScaler,False,svm,87,0.5178860232586595,0.5376625586747945
voiced,MinMaxScaler,False,knn,87,0.5158217261665538,0.5303643878059896
voiced,MinMaxScaler,False,gaussianNB,87,0.5524005749534115,0.5524005749534115
voiced,MinMaxScaler,False,lda,87,0.5401640634732959,0.5401640634732959
voiced,MinMaxScaler,False,qda,87,0.4591928094152788,0.47774193548387095
voiced,MinMaxScaler,False,dt,87,0.5717493531064164,0.5717493531064164
voiced,MinMaxScaler,False,rf,87,0.5179907467393564,0.5179907467393564
voiced,MinMaxScaler,False,adaboost,87,0.5661211400143548,0.5661211400143548
voiced,MinMaxScaler,False,mlp,87,0.5812024386440404,0.5786263656007816
svd,MinMaxScaler,True,svm,88,0.8311834421485458,0.8334632306987814
svd,MinMaxScaler,True,knn,88,0.780016067175282,0.7962888420194855
svd,MinMaxScaler,True,gaussianNB,88,0.6607479852027289,0.6607479852027289
svd,MinMaxScaler,True,lda,88,0.820718430969249,0.820718430969249
svd,MinMaxScaler,True,qda,88,0.76167030533988,0.7671959701512592
svd,MinMaxScaler,True,dt,88,0.7976273853373089,0.7976273853373089
svd,MinMaxScaler,True,rf,88,0.8158010855011945,0.8158010855011945
svd,MinMaxScaler,True,adaboost,88,0.820153577792618,0.820153577792618
svd,MinMaxScaler,True,mlp,88,0.812193591577452,0.8111305179734842
voiced,MinMaxScaler,True,svm,88,0.5806011730205279,0.5889784946236559
voiced,MinMaxScaler,True,knn,88,0.5283284457478006,0.5358602150537635
voiced,MinMaxScaler,True,gaussianNB,88,0.5532062561094819,0.5532062561094819
voiced,MinMaxScaler,True,lda,88,0.47468719452590413,0.47468719452590413
voiced,MinMaxScaler,True,qda,88,0.5029569892473119,0.4402297165200391
voiced,MinMaxScaler,True,dt,88,0.6031329423264907,0.6031329423264907
voiced,MinMaxScaler,True,rf,88,0.599672531769306,0.599672531769306
voiced,MinMaxScaler,True,adaboost,88,0.5752785923753667,0.5752785923753667
voiced,MinMaxScaler,True,mlp,88,0.5449511241446725,0.5697996089931573
svd,MinMaxScaler,False,svm,88,0.8350231172302849,0.8440527577691566
svd,MinMaxScaler,False,knn,88,0.7807432542498463,0.781381502399906
svd,MinMaxScaler,False,gaussianNB,88,0.6583737173046508,0.6583737173046508
svd,MinMaxScaler,False,lda,88,0.827910919819639,0.827910919819639
svd,MinMaxScaler,False,qda,88,0.7713069626582372,0.7698910529257482
svd,MinMaxScaler,False,dt,88,0.8006643165201609,0.8006643165201609
svd,MinMaxScaler,False,rf,88,0.8167897736946191,0.8167897736946191
svd,MinMaxScaler,False,adaboost,88,0.8181515053954161,0.8181515053954161
svd,MinMaxScaler,False,mlp,88,0.8222924856308029,0.8150160633585435
voiced,MinMaxScaler,False,svm,88,0.5907224179828136,0.58553915789717
voiced,MinMaxScaler,False,knn,88,0.4988501412943604,0.5085936010124652
voiced,MinMaxScaler,False,gaussianNB,88,0.5572173859965442,0.5572173859965442
voiced,MinMaxScaler,False,lda,88,0.47994511840987497,0.47994511840987497
voiced,MinMaxScaler,False,qda,88,0.45572561083083396,0.4840790836670655
voiced,MinMaxScaler,False,dt,88,0.5209387153771028,0.5209387153771028
voiced,MinMaxScaler,False,rf,88,0.5247529624139664,0.5247529624139664
voiced,MinMaxScaler,False,adaboost,88,0.6171825355547466,0.6171825355547466
voiced,MinMaxScaler,False,mlp,88,0.5373568888946678,0.5396237315291575
svd,MinMaxScaler,True,svm,89,0.8364763190281183,0.8367423180236703
svd,MinMaxScaler,True,knn,89,0.7857527405346382,0.7885214894157098
svd,MinMaxScaler,True,gaussianNB,89,0.6596571712547721,0.6596571712547721
svd,MinMaxScaler,True,lda,89,0.8152264819876598,0.8152264819876598
svd,MinMaxScaler,True,qda,89,0.7679991110307359,0.7686438824715814
svd,MinMaxScaler,True,dt,89,0.789821142143934,0.789821142143934
svd,MinMaxScaler,True,rf,89,0.8268729307769658,0.8268729307769658
svd,MinMaxScaler,True,adaboost,89,0.8157008422330124,0.8157008422330124
svd,MinMaxScaler,True,mlp,89,0.8131595903188051,0.8124518011977118
voiced,MinMaxScaler,True,svm,89,0.604477028347996,0.6061436950146628
voiced,MinMaxScaler,True,knn,89,0.5290029325513197,0.5997360703812317
voiced,MinMaxScaler,True,gaussianNB,89,0.5577761485826002,0.5577761485826002
voiced,MinMaxScaler,True,lda,89,0.5561827956989248,0.5561827956989248
voiced,MinMaxScaler,True,qda,89,0.5144086021505376,0.4880303030303031
voiced,MinMaxScaler,True,dt,89,0.5645210166177907,0.5645210166177907
voiced,MinMaxScaler,True,rf,89,0.5346480938416422,0.5346480938416422
voiced,MinMaxScaler,True,adaboost,89,0.5577077223851419,0.5577077223851419
voiced,MinMaxScaler,True,mlp,89,0.6318572825024438,0.6145405669599219
svd,MinMaxScaler,False,svm,89,0.8327326991156688,0.8375911827033523
svd,MinMaxScaler,False,knn,89,0.7894266419303383,0.7921973779152596
svd,MinMaxScaler,False,gaussianNB,89,0.6569292490303505,0.6566174227291495
svd,MinMaxScaler,False,lda,89,0.8278932783864514,0.8278932783864514
svd,MinMaxScaler,False,qda,89,0.763272290437414,0.7621571983262807
svd,MinMaxScaler,False,dt,89,0.7965168787782562,0.7965168787782562
svd,MinMaxScaler,False,rf,89,0.8203128555737835,0.8203128555737835
svd,MinMaxScaler,False,adaboost,89,0.8075919880967586,0.8075919880967586
svd,MinMaxScaler,False,mlp,89,0.8101834265032704,0.8221321091929358
voiced,MinMaxScaler,False,svm,89,0.5760290571497468,0.5482153765774456
voiced,MinMaxScaler,False,knn,89,0.5270764006108835,0.5279139538622297
voiced,MinMaxScaler,False,gaussianNB,89,0.5508849770918737,0.5508849770918737
voiced,MinMaxScaler,False,lda,89,0.5160421188007394,0.5160421188007394
voiced,MinMaxScaler,False,qda,89,0.47903665300217024,0.5023872679045093
voiced,MinMaxScaler,False,dt,89,0.528176794469898,0.528176794469898
voiced,MinMaxScaler,False,rf,89,0.5348559199421269,0.5348559199421269
voiced,MinMaxScaler,False,adaboost,89,0.5518929346515554,0.5518929346515554
voiced,MinMaxScaler,False,mlp,89,0.5680363314846073,0.575759384293867
svd,MinMaxScaler,True,svm,90,0.840593928063939,0.8418643243343352
svd,MinMaxScaler,True,knn,90,0.7998072737876447,0.7934500595732875
svd,MinMaxScaler,True,gaussianNB,90,0.6606841504551428,0.6606841504551428
svd,MinMaxScaler,True,lda,90,0.823915649962542,0.823915649962542
svd,MinMaxScaler,True,qda,90,0.7725372664413014,0.766166508881885
svd,MinMaxScaler,True,dt,90,0.7898339265242209,0.7898339265242209
svd,MinMaxScaler,True,rf,90,0.8195144695362797,0.8195144695362797
svd,MinMaxScaler,True,adaboost,90,0.8112887657598673,0.8112887657598673
svd,MinMaxScaler,True,mlp,90,0.8142351523431131,0.8068882571445275
voiced,MinMaxScaler,True,svm,90,0.5862316715542522,0.5476783968719452
voiced,MinMaxScaler,True,knn,90,0.5105620723362658,0.536275659824047
voiced,MinMaxScaler,True,gaussianNB,90,0.5520185728250244,0.5520185728250244
voiced,MinMaxScaler,True,lda,90,0.5450537634408602,0.5450537634408602
voiced,MinMaxScaler,True,qda,90,0.48618768328445744,0.4802150537634409
voiced,MinMaxScaler,True,dt,90,0.5406451612903226,0.5406451612903226
voiced,MinMaxScaler,True,rf,90,0.5267497556207233,0.5267497556207233
voiced,MinMaxScaler,True,adaboost,90,0.5722922776148582,0.5722922776148582
voiced,MinMaxScaler,True,mlp,90,0.5448875855327466,0.5471603128054741
svd,MinMaxScaler,False,svm,90,0.8307806525887583,0.8325657283418547
svd,MinMaxScaler,False,knn,90,0.7863250442182329,0.7877606419459194
svd,MinMaxScaler,False,gaussianNB,90,0.6603704331976396,0.6603704331976396
svd,MinMaxScaler,False,lda,90,0.8221484077588308,0.8221484077588308
svd,MinMaxScaler,False,qda,90,0.7661385627997329,0.7687442342282946
svd,MinMaxScaler,False,dt,90,0.7926219894408373,0.7926219894408373
svd,MinMaxScaler,False,rf,90,0.8211629551212644,0.8211629551212644
svd,MinMaxScaler,False,adaboost,90,0.8203325482532774,0.8203325482532774
svd,MinMaxScaler,False,mlp,90,0.8100249187656571,0.816420747327312
voiced,MinMaxScaler,False,svm,90,0.5914550264550265,0.5715575396825396
voiced,MinMaxScaler,False,knn,90,0.48392857142857143,0.558501984126984
voiced,MinMaxScaler,False,gaussianNB,90,0.5406514550264551,0.5406514550264551
voiced,MinMaxScaler,False,lda,90,0.5077116402116402,0.5077116402116402
voiced,MinMaxScaler,False,qda,90,0.48010912698412705,0.48364417989417985
voiced,MinMaxScaler,False,dt,90,0.5732936507936508,0.5732936507936508
voiced,MinMaxScaler,False,rf,90,0.5499272486772486,0.5499272486772486
voiced,MinMaxScaler,False,adaboost,90,0.6032275132275132,0.6032275132275132
voiced,MinMaxScaler,False,mlp,90,0.5623445767195767,0.5727910052910052
svd,MinMaxScaler,True,svm,91,0.8369678358718708,0.8399858447622897
svd,MinMaxScaler,True,knn,91,0.7725876322877413,0.7814641574347136
svd,MinMaxScaler,True,gaussianNB,91,0.6617055245735726,0.6617055245735726
svd,MinMaxScaler,True,lda,91,0.8257222366873403,0.8257222366873403
svd,MinMaxScaler,True,qda,91,0.7654773180291174,0.7705160887821737
svd,MinMaxScaler,True,dt,91,0.8090109853795786,0.8090109853795786
svd,MinMaxScaler,True,rf,91,0.8197642797043014,0.8197642797043014
svd,MinMaxScaler,True,adaboost,91,0.8088467602916893,0.8088467602916893
svd,MinMaxScaler,True,mlp,91,0.8143969988571952,0.8065887801765665
voiced,MinMaxScaler,True,svm,91,0.5680254154447703,0.5904496578690127
voiced,MinMaxScaler,True,knn,91,0.48702834799609,0.505210166177908
voiced,MinMaxScaler,True,gaussianNB,91,0.5507233626588465,0.5507233626588465
voiced,MinMaxScaler,True,lda,91,0.4830205278592376,0.4830205278592376
voiced,MinMaxScaler,True,qda,91,0.48891006842619744,0.4804007820136853
voiced,MinMaxScaler,True,dt,91,0.6470723362658847,0.6470723362658847
voiced,MinMaxScaler,True,rf,91,0.5083528836754643,0.5083528836754643
voiced,MinMaxScaler,True,adaboost,91,0.5908406647116324,0.5908406647116324
voiced,MinMaxScaler,True,mlp,91,0.586466275659824,0.5542570869990225
svd,MinMaxScaler,False,svm,91,0.8306072754976241,0.8334566659249749
svd,MinMaxScaler,False,knn,91,0.7888333844036441,0.7793281247974755
svd,MinMaxScaler,False,gaussianNB,91,0.6606416901256809,0.6606416901256809
svd,MinMaxScaler,False,lda,91,0.8131308255119778,0.8131308255119778
svd,MinMaxScaler,False,qda,91,0.7632380404332091,0.7681746283770299
svd,MinMaxScaler,False,dt,91,0.7783079757481878,0.7783079757481878
svd,MinMaxScaler,False,rf,91,0.814765301618485,0.814765301618485
svd,MinMaxScaler,False,adaboost,91,0.810787379563021,0.810787379563021
svd,MinMaxScaler,False,mlp,91,0.8105656114621939,0.8069094299574889
voiced,MinMaxScaler,False,svm,91,0.5517901787754729,0.576969574543104
voiced,MinMaxScaler,False,knn,91,0.4975261176731765,0.5221546753899695
voiced,MinMaxScaler,False,gaussianNB,91,0.5332154202007143,0.5332154202007143
voiced,MinMaxScaler,False,lda,91,0.4782916919681625,0.4782916919681625
voiced,MinMaxScaler,False,qda,91,0.5058309745809746,0.46565077079782957
voiced,MinMaxScaler,False,dt,91,0.5321314959550254,0.5321314959550254
voiced,MinMaxScaler,False,rf,91,0.5021311123517006,0.5021311123517006
voiced,MinMaxScaler,False,adaboost,91,0.5421143725555491,0.5421143725555491
voiced,MinMaxScaler,False,mlp,91,0.5294004851357792,0.5121248441101383
svd,MinMaxScaler,True,svm,92,0.8354777646925957,0.832962898606301
svd,MinMaxScaler,True,knn,92,0.7884246978031056,0.7828418582508004
svd,MinMaxScaler,True,gaussianNB,92,0.6588906458862838,0.6588906458862838
svd,MinMaxScaler,True,lda,92,0.8242037406432173,0.8242037406432173
svd,MinMaxScaler,True,qda,92,0.765765764588011,0.7689785931988767
svd,MinMaxScaler,True,dt,92,0.7802954297610787,0.7802954297610787
svd,MinMaxScaler,True,rf,92,0.8223444530750965,0.8223444530750965
svd,MinMaxScaler,True,adaboost,92,0.8215565060167023,0.8215565060167023
svd,MinMaxScaler,True,mlp,92,0.804519733265644,0.8057280487596735
voiced,MinMaxScaler,True,svm,92,0.6209481915933528,0.6401906158357772
voiced,MinMaxScaler,True,knn,92,0.48222873900293256,0.5005816226783969
voiced,MinMaxScaler,True,gaussianNB,92,0.5568035190615837,0.5568035190615837
voiced,MinMaxScaler,True,lda,92,0.5275464320625611,0.5275464320625611
voiced,MinMaxScaler,True,qda,92,0.4906060606060606,0.51
voiced,MinMaxScaler,True,dt,92,0.567375366568915,0.567375366568915
voiced,MinMaxScaler,True,rf,92,0.5761241446725318,0.5761241446725318
voiced,MinMaxScaler,True,adaboost,92,0.5753665689149561,0.5753665689149561
voiced,MinMaxScaler,True,mlp,92,0.5879374389051809,0.5920723362658846
svd,MinMaxScaler,False,svm,92,0.8415048638786914,0.8430994225249441
svd,MinMaxScaler,False,knn,92,0.7871271343638072,0.7879711684918168
svd,MinMaxScaler,False,gaussianNB,92,0.6595530125558089,0.6595530125558089
svd,MinMaxScaler,False,lda,92,0.8241373643586349,0.8241373643586349
svd,MinMaxScaler,False,qda,92,0.7674434385880052,0.7693002767911731
svd,MinMaxScaler,False,dt,92,0.7863624254036223,0.7863624254036223
svd,MinMaxScaler,False,rf,92,0.8213443821984037,0.8213443821984037
svd,MinMaxScaler,False,adaboost,92,0.8115036648681855,0.8115036648681855
svd,MinMaxScaler,False,mlp,92,0.8156438198407585,0.8112133552933495
voiced,MinMaxScaler,False,svm,92,0.591052176719585,0.6014551071225153
voiced,MinMaxScaler,False,knn,92,0.5326290376290377,0.5452413678275747
voiced,MinMaxScaler,False,gaussianNB,92,0.5687229770600183,0.5687229770600183
voiced,MinMaxScaler,False,lda,92,0.49682139205498493,0.49682139205498493
voiced,MinMaxScaler,False,qda,92,0.5193048170467526,0.5011728803886757
voiced,MinMaxScaler,False,dt,92,0.5912343422243311,0.5912343422243311
voiced,MinMaxScaler,False,rf,92,0.5807707525449463,0.5807707525449463
voiced,MinMaxScaler,False,adaboost,92,0.5704904772646708,0.5704904772646708
voiced,MinMaxScaler,False,mlp,92,0.5857094833234988,0.5653990373734534
svd,MinMaxScaler,True,svm,93,0.8358521213428519,0.8412235656019733
svd,MinMaxScaler,True,knn,93,0.7844784495765957,0.7857753224601642
svd,MinMaxScaler,True,gaussianNB,93,0.6615040448464657,0.6615040448464657
svd,MinMaxScaler,True,lda,93,0.8215651433263211,0.8215651433263211
svd,MinMaxScaler,True,qda,93,0.7664641719603551,0.766858465053667
svd,MinMaxScaler,True,dt,93,0.793944221899511,0.793944221899511
svd,MinMaxScaler,True,rf,93,0.8276260017699494,0.8276260017699494
svd,MinMaxScaler,True,adaboost,93,0.8237804870520247,0.8237804870520247
svd,MinMaxScaler,True,mlp,93,0.810148404848514,0.812366112622383
voiced,MinMaxScaler,True,svm,93,0.5776344086021504,0.5725268817204301
voiced,MinMaxScaler,True,knn,93,0.5310997067448681,0.5444525904203324
voiced,MinMaxScaler,True,gaussianNB,93,0.5511974584555229,0.5511974584555229
voiced,MinMaxScaler,True,lda,93,0.4968328445747801,0.4968328445747801
voiced,MinMaxScaler,True,qda,93,0.49347996089931573,0.4870478983382209
voiced,MinMaxScaler,True,dt,93,0.5589345063538612,0.5791691104594331
voiced,MinMaxScaler,True,rf,93,0.5483724340175953,0.5366422287390029
voiced,MinMaxScaler,True,adaboost,93,0.48758064516129035,0.48758064516129035
voiced,MinMaxScaler,True,mlp,93,0.5720478983382209,0.5938660801564027
svd,MinMaxScaler,False,svm,93,0.8440197919604371,0.8464776936180691
svd,MinMaxScaler,False,knn,93,0.7837011162061761,0.786750394441675
svd,MinMaxScaler,False,gaussianNB,93,0.6604272712551289,0.6604272712551289
svd,MinMaxScaler,False,lda,93,0.8145039447849548,0.8145039447849548
svd,MinMaxScaler,False,qda,93,0.7646669917769409,0.7634720889588074
svd,MinMaxScaler,False,dt,93,0.786515699055675,0.786515699055675
svd,MinMaxScaler,False,rf,93,0.8207414660953741,0.8148533724063695
svd,MinMaxScaler,False,adaboost,93,0.8185883420085516,0.8185883420085516
svd,MinMaxScaler,False,mlp,93,0.8145199886705198,0.8035810920352906
voiced,MinMaxScaler,False,svm,93,0.5769710996688684,0.5609027236004923
voiced,MinMaxScaler,False,knn,93,0.5072895320816213,0.5291996064561987
voiced,MinMaxScaler,False,gaussianNB,93,0.5684830143374768,0.5684830143374768
voiced,MinMaxScaler,False,lda,93,0.46045333385343523,0.46045333385343523
voiced,MinMaxScaler,False,qda,93,0.497518940378981,0.4758974358974359
voiced,MinMaxScaler,False,dt,93,0.6009443317556908,0.6009443317556908
voiced,MinMaxScaler,False,rf,93,0.5348190695376294,0.5348190695376294
voiced,MinMaxScaler,False,adaboost,93,0.6039927142386574,0.6039927142386574
voiced,MinMaxScaler,False,mlp,93,0.5708903495085036,0.5642903642447253
svd,MinMaxScaler,True,svm,94,0.8349666382327234,0.8349897103986524
svd,MinMaxScaler,True,knn,94,0.7830346262243755,0.7847680563711098
svd,MinMaxScaler,True,gaussianNB,94,0.660729967960066,0.6602171474472456
svd,MinMaxScaler,True,lda,94,0.823746117568364,0.823746117568364
svd,MinMaxScaler,True,qda,94,0.7677897075661525,0.7666518123824557
svd,MinMaxScaler,True,dt,94,0.7935262175120409,0.7935262175120409
svd,MinMaxScaler,True,rf,94,0.8104734669183958,0.8104734669183958
svd,MinMaxScaler,True,adaboost,94,0.8172865938133114,0.8172865938133114
svd,MinMaxScaler,True,mlp,94,0.7980615785523091,0.8052033952960889
voiced,MinMaxScaler,True,svm,94,0.5712952101661779,0.5938269794721407
voiced,MinMaxScaler,True,knn,94,0.5413831867057673,0.5520772238514173
voiced,MinMaxScaler,True,gaussianNB,94,0.5787976539589443,0.5787976539589443
voiced,MinMaxScaler,True,lda,94,0.5670234604105572,0.5670234604105572
voiced,MinMaxScaler,True,qda,94,0.547047898338221,0.4966666666666667
voiced,MinMaxScaler,True,dt,94,0.581099706744868,0.581099706744868
voiced,MinMaxScaler,True,rf,94,0.5844574780058651,0.5844574780058651
voiced,MinMaxScaler,True,adaboost,94,0.5877908113391983,0.5877908113391983
voiced,MinMaxScaler,True,mlp,94,0.5950146627565982,0.6204496578690126
svd,MinMaxScaler,False,svm,94,0.8385078300694463,0.835303458429754
svd,MinMaxScaler,False,knn,94,0.7952383108418091,0.7904906656392175
svd,MinMaxScaler,False,gaussianNB,94,0.6606360377983724,0.6606360377983724
svd,MinMaxScaler,False,lda,94,0.8222542953961505,0.8222542953961505
svd,MinMaxScaler,False,qda,94,0.769707416470893,0.7708500232790568
svd,MinMaxScaler,False,dt,94,0.7843822247499006,0.7843822247499006
svd,MinMaxScaler,False,rf,94,0.8148921175107136,0.8148921175107136
svd,MinMaxScaler,False,adaboost,94,0.8127266200126035,0.8127266200126035
svd,MinMaxScaler,False,mlp,94,0.8073392624755981,0.8100651573253707
voiced,MinMaxScaler,False,svm,94,0.6073948083506908,0.6139074133927076
voiced,MinMaxScaler,False,knn,94,0.5333915403768346,0.5023746528525941
voiced,MinMaxScaler,False,gaussianNB,94,0.544991396131102,0.544991396131102
voiced,MinMaxScaler,False,lda,94,0.5241147741147741,0.5241147741147741
voiced,MinMaxScaler,False,qda,94,0.5363974478680361,0.4987321937321937
voiced,MinMaxScaler,False,dt,94,0.5573079766094471,0.5573079766094471
voiced,MinMaxScaler,False,rf,94,0.5341184700375876,0.5341184700375876
voiced,MinMaxScaler,False,adaboost,94,0.558481918408389,0.558481918408389
voiced,MinMaxScaler,False,mlp,94,0.5897195438004262,0.567779767890062
svd,MinMaxScaler,True,svm,95,0.836886652061134,0.8389353176812282
svd,MinMaxScaler,True,knn,95,0.7860622529052191,0.7883213478633325
svd,MinMaxScaler,True,gaussianNB,95,0.6632467369054065,0.6632467369054065
svd,MinMaxScaler,True,lda,95,0.827497544258722,0.827497544258722
svd,MinMaxScaler,True,qda,95,0.7667215935645598,0.7668664487094149
svd,MinMaxScaler,True,dt,95,0.8096940082817946,0.8096940082817946
svd,MinMaxScaler,True,rf,95,0.82835989528465,0.82835989528465
svd,MinMaxScaler,True,adaboost,95,0.8170087310000069,0.8170087310000069
svd,MinMaxScaler,True,mlp,95,0.8070465212722574,0.8224996395825185
voiced,MinMaxScaler,True,svm,95,0.5721554252199413,0.5843841642228739
voiced,MinMaxScaler,True,knn,95,0.5160997067448679,0.5519208211143696
voiced,MinMaxScaler,True,gaussianNB,95,0.5647018572825024,0.5647018572825024
voiced,MinMaxScaler,True,lda,95,0.4907673509286413,0.4907673509286413
voiced,MinMaxScaler,True,qda,95,0.49113880742912996,0.5054545454545455
voiced,MinMaxScaler,True,dt,95,0.5756011730205278,0.5756011730205278
voiced,MinMaxScaler,True,rf,95,0.5258846529814272,0.5258846529814272
voiced,MinMaxScaler,True,adaboost,95,0.5776783968719453,0.5776783968719453
voiced,MinMaxScaler,True,mlp,95,0.582375366568915,0.5667888563049853
svd,MinMaxScaler,False,svm,95,0.8399920633010577,0.835089148246726
svd,MinMaxScaler,False,knn,95,0.7893479772845244,0.7918052297960134
svd,MinMaxScaler,False,gaussianNB,95,0.6628177351702178,0.6628177351702178
svd,MinMaxScaler,False,lda,95,0.8266796917448204,0.8266796917448204
svd,MinMaxScaler,False,qda,95,0.76117557202981,0.7678146077860943
svd,MinMaxScaler,False,dt,95,0.78344292279027,0.78344292279027
svd,MinMaxScaler,False,rf,95,0.824235075567983,0.824235075567983
svd,MinMaxScaler,False,adaboost,95,0.8022957468222597,0.8022957468222597
svd,MinMaxScaler,False,mlp,95,0.8101083183223402,0.8118217576423777
voiced,MinMaxScaler,False,svm,95,0.5640278068705488,0.5935821740719749
voiced,MinMaxScaler,False,knn,95,0.5268124009134446,0.5507462244428563
voiced,MinMaxScaler,False,gaussianNB,95,0.5546619967635149,0.5546619967635149
voiced,MinMaxScaler,False,lda,95,0.500202501088412,0.500202501088412
voiced,MinMaxScaler,False,qda,95,0.5010325281138849,0.46128482404692084
voiced,MinMaxScaler,False,dt,95,0.6072776970025547,0.6072776970025547
voiced,MinMaxScaler,False,rf,95,0.5629154293682281,0.5629154293682281
voiced,MinMaxScaler,False,adaboost,95,0.5493327367603933,0.5493327367603933
voiced,MinMaxScaler,False,mlp,95,0.5601910316912688,0.5941351386595695
svd,MinMaxScaler,True,svm,96,0.8265101837457344,0.8374980054478419
svd,MinMaxScaler,True,knn,96,0.7929292554047189,0.7961901312064888
svd,MinMaxScaler,True,gaussianNB,96,0.6643071196342734,0.6643071196342734
svd,MinMaxScaler,True,lda,96,0.8133038662537027,0.8133038662537027
svd,MinMaxScaler,True,qda,96,0.7644907291908382,0.7643881527414786
svd,MinMaxScaler,True,dt,96,0.7749840599240818,0.7749840599240818
svd,MinMaxScaler,True,rf,96,0.8243209879905626,0.8250843467691886
svd,MinMaxScaler,True,adaboost,96,0.8139277952146001,0.8139277952146001
svd,MinMaxScaler,True,mlp,96,0.8176841134147569,0.8098397404122595
voiced,MinMaxScaler,True,svm,96,0.5681133919843597,0.5706891495601173
voiced,MinMaxScaler,True,knn,96,0.5019843597262953,0.5192570869990224
voiced,MinMaxScaler,True,gaussianNB,96,0.5647458455522971,0.5647458455522971
voiced,MinMaxScaler,True,lda,96,0.5377370478983382,0.5377370478983382
voiced,MinMaxScaler,True,qda,96,0.45077223851417403,0.5173753665689149
voiced,MinMaxScaler,True,dt,96,0.5940860215053764,0.5940860215053764
voiced,MinMaxScaler,True,rf,96,0.5833088954056697,0.5833088954056697
voiced,MinMaxScaler,True,adaboost,96,0.5551270772238514,0.5551270772238514
voiced,MinMaxScaler,True,mlp,96,0.5875268817204302,0.5974193548387097
svd,MinMaxScaler,False,svm,96,0.8351728004336835,0.8424075782561633
svd,MinMaxScaler,False,knn,96,0.7866027840955541,0.7894248023178603
svd,MinMaxScaler,False,gaussianNB,96,0.663886167055023,0.663886167055023
svd,MinMaxScaler,False,lda,96,0.813736349116828,0.813736349116828
svd,MinMaxScaler,False,qda,96,0.7704864996456484,0.7653827597164772
svd,MinMaxScaler,False,dt,96,0.7989003827837168,0.7989003827837168
svd,MinMaxScaler,False,rf,96,0.8226896810559085,0.8226896810559085
svd,MinMaxScaler,False,adaboost,96,0.8157281151350556,0.8157281151350556
svd,MinMaxScaler,False,mlp,96,0.8115205428262247,0.8180180366626937
voiced,MinMaxScaler,False,svm,96,0.541891370278467,0.5631796876958167
voiced,MinMaxScaler,False,knn,96,0.5164185277088503,0.5377005789909016
voiced,MinMaxScaler,False,gaussianNB,96,0.5479389427776524,0.5479389427776524
voiced,MinMaxScaler,False,lda,96,0.5515201644233902,0.5515201644233902
voiced,MinMaxScaler,False,qda,96,0.5144020853698273,0.5041958041958041
voiced,MinMaxScaler,False,dt,96,0.5913369426272652,0.5913369426272652
voiced,MinMaxScaler,False,rf,96,0.6031561270270948,0.6031561270270948
voiced,MinMaxScaler,False,adaboost,96,0.5766100208035692,0.5796403238338722
voiced,MinMaxScaler,False,mlp,96,0.5506845126199964,0.5218099105195879
svd,MinMaxScaler,True,svm,97,0.8353788595991432,0.835129599589796
svd,MinMaxScaler,True,knn,97,0.7801626617657152,0.7782344409498172
svd,MinMaxScaler,True,gaussianNB,97,0.656553875059873,0.656553875059873
svd,MinMaxScaler,True,lda,97,0.8295721962515856,0.8295721962515856
svd,MinMaxScaler,True,qda,97,0.7672054989721293,0.7574826917902164
svd,MinMaxScaler,True,dt,97,0.7828128087833649,0.7828128087833649
svd,MinMaxScaler,True,rf,97,0.8261264889236536,0.8256136684108331
svd,MinMaxScaler,True,adaboost,97,0.8203007661186505,0.8203007661186505
svd,MinMaxScaler,True,mlp,97,0.8084122239084071,0.8175036831579907
voiced,MinMaxScaler,True,svm,97,0.5706011730205278,0.588782991202346
voiced,MinMaxScaler,True,knn,97,0.5688074291300097,0.5098680351906159
voiced,MinMaxScaler,True,gaussianNB,97,0.5534701857282502,0.5534701857282502
voiced,MinMaxScaler,True,lda,97,0.5141055718475073,0.5141055718475073
voiced,MinMaxScaler,True,qda,97,0.5015151515151516,0.4790909090909091
voiced,MinMaxScaler,True,dt,97,0.5551026392961876,0.5551026392961876
voiced,MinMaxScaler,True,rf,97,0.5383528836754643,0.5383528836754643
voiced,MinMaxScaler,True,adaboost,97,0.5364125122189639,0.5364125122189639
voiced,MinMaxScaler,True,mlp,97,0.5805571847507331,0.5854496578690126
svd,MinMaxScaler,False,svm,97,0.843090782396373,0.8402520875470454
svd,MinMaxScaler,False,knn,97,0.7981747007340105,0.7939080936885562
svd,MinMaxScaler,False,gaussianNB,97,0.6597885300185025,0.6597885300185025
svd,MinMaxScaler,False,lda,97,0.8296590339183154,0.8296590339183154
svd,MinMaxScaler,False,qda,97,0.7683365108348931,0.7664813314496303
svd,MinMaxScaler,False,dt,97,0.7984310654406321,0.7984310654406321
svd,MinMaxScaler,False,rf,97,0.8218793290639855,0.8218793290639855
svd,MinMaxScaler,False,adaboost,97,0.8160158840525511,0.8160158840525511
svd,MinMaxScaler,False,mlp,97,0.8096583476749432,0.8112763515918371
voiced,MinMaxScaler,False,svm,97,0.6611821750531428,0.6286840757808501
voiced,MinMaxScaler,False,knn,97,0.5350555477974832,0.5039653834815125
voiced,MinMaxScaler,False,gaussianNB,97,0.5700849508914025,0.5700849508914025
voiced,MinMaxScaler,False,lda,97,0.522421682260392,0.522421682260392
voiced,MinMaxScaler,False,qda,97,0.5021506927958541,0.483782991202346
voiced,MinMaxScaler,False,dt,97,0.564354993871123,0.564354993871123
voiced,MinMaxScaler,False,rf,97,0.5375760678986485,0.5375760678986485
voiced,MinMaxScaler,False,adaboost,97,0.5260489689521947,0.5260489689521947
voiced,MinMaxScaler,False,mlp,97,0.6069648093841642,0.639132725100467
svd,MinMaxScaler,True,svm,98,0.8370350314897752,0.8400569350678403
svd,MinMaxScaler,True,knn,98,0.7838785750781389,0.7828814769381836
svd,MinMaxScaler,True,gaussianNB,98,0.6617147120418658,0.6617147120418658
svd,MinMaxScaler,True,lda,98,0.829367194056398,0.829367194056398
svd,MinMaxScaler,True,qda,98,0.7637587839278134,0.7604272790096127
svd,MinMaxScaler,True,dt,98,0.7775126926871747,0.7775126926871747
svd,MinMaxScaler,True,rf,98,0.8297192810824218,0.8297192810824218
svd,MinMaxScaler,True,adaboost,98,0.8178217583942775,0.8178217583942775
svd,MinMaxScaler,True,mlp,98,0.8148261680159173,0.8142807319906555
voiced,MinMaxScaler,True,svm,98,0.6004936461388075,0.6403421309872923
voiced,MinMaxScaler,True,knn,98,0.5626832844574781,0.535366568914956
voiced,MinMaxScaler,True,gaussianNB,98,0.5510019550342131,0.5510019550342131
voiced,MinMaxScaler,True,lda,98,0.5241006842619745,0.5241006842619745
voiced,MinMaxScaler,True,qda,98,0.5039736070381232,0.5245454545454546
voiced,MinMaxScaler,True,dt,98,0.596080156402737,0.596080156402737
voiced,MinMaxScaler,True,rf,98,0.5860606060606061,0.5860606060606061
voiced,MinMaxScaler,True,adaboost,98,0.5456695992179863,0.5456695992179863
voiced,MinMaxScaler,True,mlp,98,0.6036314760508308,0.5884604105571848
svd,MinMaxScaler,False,svm,98,0.8369269959051062,0.8370088390269481
svd,MinMaxScaler,False,knn,98,0.783994982055906,0.781324915064608
svd,MinMaxScaler,False,gaussianNB,98,0.6597089427072971,0.6597089427072971
svd,MinMaxScaler,False,lda,98,0.8106249251393413,0.8106249251393413
svd,MinMaxScaler,False,qda,98,0.7649956867404981,0.7658449853508023
svd,MinMaxScaler,False,dt,98,0.7818027724039176,0.7818027724039176
svd,MinMaxScaler,False,rf,98,0.8255662160430223,0.8255662160430223
svd,MinMaxScaler,False,adaboost,98,0.8123304499438884,0.8123304499438884
svd,MinMaxScaler,False,mlp,98,0.817684445648516,0.8184238428649765
voiced,MinMaxScaler,False,svm,98,0.6000719412433408,0.5906280602426647
voiced,MinMaxScaler,False,knn,98,0.5218637853019191,0.5193386718082458
voiced,MinMaxScaler,False,gaussianNB,98,0.5544462028843368,0.5544462028843368
voiced,MinMaxScaler,False,lda,98,0.5568805957396221,0.5568805957396221
voiced,MinMaxScaler,False,qda,98,0.505162996232976,0.4957780725022104
voiced,MinMaxScaler,False,dt,98,0.6468794812354649,0.6468794812354649
voiced,MinMaxScaler,False,rf,98,0.5874609180542244,0.5874609180542244
voiced,MinMaxScaler,False,adaboost,98,0.5995962337189518,0.5995962337189518
voiced,MinMaxScaler,False,mlp,98,0.597433909903484,0.5709969796937342
svd,MinMaxScaler,True,svm,99,0.8269716851668869,0.8377345391794682
svd,MinMaxScaler,True,knn,99,0.785771665629899,0.7883012643481563
svd,MinMaxScaler,True,gaussianNB,99,0.660683838153849,0.660683838153849
svd,MinMaxScaler,True,lda,99,0.8264987956427433,0.8264987956427433
svd,MinMaxScaler,True,qda,99,0.7664901583331245,0.7650902187597934
svd,MinMaxScaler,True,dt,99,0.7804149213200468,0.7804149213200468
svd,MinMaxScaler,True,rf,99,0.819743019612158,0.819743019612158
svd,MinMaxScaler,True,adaboost,99,0.8045331404328131,0.8045331404328131
svd,MinMaxScaler,True,mlp,99,0.8093662843880945,0.8174895606029737
voiced,MinMaxScaler,True,svm,99,0.5704936461388075,0.556989247311828
voiced,MinMaxScaler,True,knn,99,0.4890469208211144,0.515366568914956
voiced,MinMaxScaler,True,gaussianNB,99,0.5534701857282502,0.5534701857282502
voiced,MinMaxScaler,True,lda,99,0.5157673509286413,0.5157673509286413
voiced,MinMaxScaler,True,qda,99,0.5187438905180841,0.5195454545454545
voiced,MinMaxScaler,True,dt,99,0.6144965786901271,0.6144965786901271
voiced,MinMaxScaler,True,rf,99,0.5760606060606062,0.5760606060606062
voiced,MinMaxScaler,True,adaboost,99,0.6249315738025416,0.6249315738025416
voiced,MinMaxScaler,True,mlp,99,0.5314027370478984,0.5347360703812317
svd,MinMaxScaler,False,svm,99,0.8303955253133418,0.8278061801850984
svd,MinMaxScaler,False,knn,99,0.7762272072364474,0.788156419841633
svd,MinMaxScaler,False,gaussianNB,99,0.6542317285698764,0.6542317285698764
svd,MinMaxScaler,False,lda,99,0.8108147903518306,0.8108147903518306
svd,MinMaxScaler,False,qda,99,0.7674786656485809,0.7648423308915653
svd,MinMaxScaler,False,dt,99,0.799508741833244,0.799508741833244
svd,MinMaxScaler,False,rf,99,0.825845270717094,0.825845270717094
svd,MinMaxScaler,False,adaboost,99,0.8197286080614751,0.8197286080614751
svd,MinMaxScaler,False,mlp,99,0.7986853366680193,0.813836997874035
voiced,MinMaxScaler,False,svm,99,0.5350051233887442,0.5748006048868117
voiced,MinMaxScaler,False,knn,99,0.5023166313252521,0.5265417237615513
voiced,MinMaxScaler,False,gaussianNB,99,0.5298683340924721,0.5298683340924721
voiced,MinMaxScaler,False,lda,99,0.5287930173275001,0.5287930173275001
voiced,MinMaxScaler,False,qda,99,0.4674273451644141,0.4955556512453064
voiced,MinMaxScaler,False,dt,99,0.5866936559608973,0.5866936559608973
voiced,MinMaxScaler,False,rf,99,0.5076696698894975,0.5076696698894975
voiced,MinMaxScaler,False,adaboost,99,0.5310316774540913,0.5310316774540913
voiced,MinMaxScaler,False,mlp,99,0.536142088275709,0.5567700020286226
